:020000022000DC
:1060000000000420358104007581040077810400BC
:10601000798104007B8104007D8104000000000080
:1060200000000000000000000000000021800400CB
:10603000818104000000000041800400858104008B
:106040009583040087810400878104008781040010
:1060500087810400878104009D4E0400878104002D
:106060008781040087810400878104008781040000
:1060700087810400878104008781040087810400F0
:1060800087810400A57D04008781040087810400C6
:10609000878104008781040045390400878104005A
:1060A00087810400878104008781040087810400C0
:1060B00087810400878104000000000000000000C8
:1060C000878104008781040087810400818904009E
:1060D000878104008781040087810400496C0200E5
:1060E000878104008781040087810400000000008C
:1060F000000000008781040000000000F98904000E
:10610000000000000000000000000000000000008F
:10611000000000000000000000000000000000007F
:10612000000000000000000000000000000000006F
:10613000000000000000000000000000000000005F
:10614000000000000000000000000000000000004F
:10615000000000000000000000000000000000003F
:10616000000000000000000000000000000000002F
:10617000000000000000000000000000000000001F
:10618000000000000000000000000000000000000F
:1061900000000000000000000000000000000000FF
:1061A00000000000000000000000000000000000EF
:1061B00000000000000000000000000000000000DF
:1061C00000000000000000000000000000000000CF
:1061D00000000000000000000000000000000000BF
:1061E00000000000000000000000000000000000AF
:1061F000000000000000000000000000000000009F
:10620000F1EE103A43F08073E1EE103A704700BFB0
:1062100010B5054C237833B9044B13B10448AFF3E0
:1062200000800123237010BD7C630020000000006B
:106230003C80050008B5034B1BB103490348AFF38D
:10624000008008BD00000000806300203C80050045
:10625000154B002B08BF134B9D46A3F5803A002138
:106260008B460F461348144A121A2AF07EFF0F4B32
:10627000002B00D098470E4B002B00D098470020F1
:10628000002104000D000D48002802D00C48AFF397
:1062900000802AF0EDFE2000290021F09DFF2AF069
:1062A000C1FE00BF00000800000004200000000044
:1062B000000000007C630020509C002000000000D3
:1062C000000000000146014800F08EBAB4630020CF
:1062D00038B5064B1D783DB100242046013400F04E
:1062E000EBFDE0B28542F9D838BD00BFB0630020B5
:1062F000407DFF2806D010B500F034FD044618B1EB
:10630000204610BD0020704722F094FC204610BDAE
:10631000407DFF280ED000B583B00DF1070100F0DD
:106320006BFD20B19DF8070003B05DF804FB4FF052
:10633000FF30F9E74FF0FF30704700BF407DFF2886
:1063400011D000B583B001220DF1070100F016FD58
:1063500020B94FF0FF3003B05DF804FB9DF8070053
:1063600003B05DF804FB4FF0FF307047407DFF281D
:1063700001D000F0A1BD7047407DFF2801D000F0A2
:10638000E1BD0020704700BFF8B50646407DFF28FC
:106390001CD017465AB10D46144600F0BDFC2946E4
:1063A000224680B1707D00F031FD241A01D13846BB
:1063B000F8BD054422F03EFC707D00F0ADFC29469E
:1063C00022460028EED13F1B3846F1E70020F8BDF9
:1063D0000AB32DE9F043524991F81C6191F81D511F
:1063E00091F81E7193B0994614467B1CAA1C8046F6
:1063F000B01C81F81C0181F81D2181F81E3101A813
:10640000422200212AF0B1FEB9F1410F05D8002047
:1064100013B0BDE8F083422070478DF806608DF818
:106420000E608DF82660721C40F20126D2B2ADF8E3
:106430001060DFF8F0C08DF81E20242640F6083EDC
:106440006B1C8DF827208DF83120ADF804E08DF815
:1064500016608DF820608DF82460CDF818C00426F1
:1064600065F07F0540F209424FF0010E4FF0060C37
:1064700098F81410ADF80C208DF81CE005228DF86A
:106480001F608DF830608DF825C040F207568DF8FA
:106490002A5020464FF0030E63F07F044FF0080CA3
:1064A00002234FF411658DF814108DF807308DF824
:1064B00008308DF809308DF812308DF821308DF8C4
:1064C00022308DF815208DF823208DF82BE08DF8E3
:1064D0002CC04FF00A0EADF82E504FF0400C01A921
:1064E000ADF8286007258DF833308DF840208DF801
:1064F0004140422244F20204ADF838608DF83B304E
:106500008DF83A708DF834E08DF83CC08DF83F502E
:10651000ADF842402AF005FE422013B0BDE8F083FA
:10652000B463002020010524A0F11000FFF750BF44
:1065300070B50368184A5B6882B093428DF8071003
:1065400024D10546407DFF281DD000F0E5FB0DF16C
:10655000070601243146224688B1687D00F056FCCA
:10656000241A02D1012002B070BD064422F062FB61
:10657000687D00F0D1FB314622460028EDD1C4F100
:10658000010002B070BD002002B070BD01220DF10B
:106590000701984702B070BD89630200437DFF2B5D
:1065A00000D07047094B1A78002AFAD110B500F1D3
:1065B000100442750649204601221A7000F0E0F9E5
:1065C00021460448BDE8104000F0F0B8B063002058
:1065D000EC3E0500B4630020407DFF2807D000B5E5
:1065E00083B000F099FB20B103B05DF804FB0020FC
:1065F0007047019022F01EFB019803B05DF804FB88
:1066000001B900B1704700B583B0694600F09AFB4C
:10661000009BB3F5966F02D003B05DF804FB00F069
:1066200029FBF9E730B4084B084A4FF47F4102F1E7
:106630000805002430324FF47A7099821D60C3E956
:1066400001401A6130BC704798630020FC3E050091
:106650002DE9F0410024484E2546435D4719A3B17A
:1066600003F14002D2B2012A0AD9F42B08D81A0643
:106670000ED44FF0010EA3F55842B2F5006F56D27A
:1066800001354719435D002BEAD12046BDE8F08172
:1066900003F0E002C02A57D003F0F002E02A66D0EF
:1066A00003F0F802F02AEBD103F007024FF0040EDA
:1066B0007B7803F0C00CBCF1800FE1D197F802C0E9
:1066C0000CF0C00803F03F03B8F1800F43EA8213D7
:1066D000D6D10CF03F0CBEF1030F4CEA83132DD042
:1066E000FA7802F0C007802FCAD102F03F0242EAD6
:1066F0008313A3F58032B242C2D8A3F55847B7F549
:10670000006FBDD3B3F5803F05F1040510D31E2CF7
:10671000BBDC6300970A0B44C2F30902A7F52057BC
:10672000A2F5105221F814705A80023495E775448E
:10673000202CAAD021F8143001348EE7A3F5006292
:10674000B2F5784F97D39BE77A7802F0C007802F95
:1067500003F01F0394D102F03F0242EA8313A3F136
:106760008002B2F5F06F8BD24FF0020E83E703F098
:106770000F024FF0030E9BE7FFFF0F0090F8503120
:106780000B2B0CD871B103F1480210B45C1C80F8DB
:10679000504140F822105DF8044B18467047002322
:1067A000184670470B461846704700BF70B5044640
:1067B0000E68B4F81821B4F81A31656936689B1A66
:1067C00008469BB294F81C112A44B04758B1B4F85B
:1067D00018216369104480B2A4F81801588094F815
:1067E0001C211A71012070BD2DE9F043284DDFF8FE
:1067F000B090AC4604468846BCE80F0089B003AFB1
:106800000FC703AE0FCE05F1140E25460FC59EE847
:106810000700DCF800303B806B4636682E8003C3EF
:106820006B4603CB012504F118034FF480766361B6
:10683000A061E16184F8202004F59870C4F81891F3
:106840002022A4F81C61002184F81E512AF08DFC3E
:1068500040F20947042240F2EF230E4E0E48C4F8DE
:1068600028010021C4F82C1184F85021A3804FF492
:10687000E131A571C4F82071C4F824610748FFF71D
:106880008DFE404600F0E4F9284609B0BDE8F083EB
:10689000303F0500603F05006C3F05009863002015
:1068A0000900000100487047B4630020014B58699B
:1068B000704700BFB46300202DE9F04F89B0F8B1F4
:1068C000032816D02B4C94F8503183424FD94830CE
:1068D00004F5AA7154F82000FFF7BAFEC0B20130E7
:1068E000400040F44070A4F85201234809B0BDE8CC
:1068F000F08F204CD4F82C0150B104F5AA71EBE7CD
:106900001C4CD4F82031A4F854314FF44170EAE71C
:10691000684600F0B1F9054610B300F1FF3A0DF1F9
:106920000103164FE94653FA8AFAA64604AE97E8E1
:106930000F0019F801CB86E80F000CF00F080DF1DD
:10694000200BD8440BEB1C1C18F8108C1CF8103CC6
:10695000AEF85681D145AEF854310EF1040EE6D1B1
:106960006800C0B20130400040F44070BBE7002036
:10697000BCE700BFB463002006650020503F05005F
:1069800010B504460248FFF7F9FE207110BD00BFA4
:10699000B4630020024B53F8200000B1C068704778
:1069A0004865002030B4094CBDF8085054F8204028
:1069B00044B1246934B10846A44611461A462B4610
:1069C00030BC6047002030BC704700BF48650020E5
:1069D00030B4084CBDF8085054F8204044B1646904
:1069E00034B10846A44611461A462B4630BC6047CF
:1069F00030BC70474865002000207047024B186883
:106A000008B190F860007047506500202DE9F84308
:106A1000234C2568002D3CD01E462C2303FB00533D
:106A20001746D3F8209088460446B9F1000F32D0BB
:106A300048462BF0AFFA2C2303FB0454D4E9095445
:106A4000DFF864C0174B08280246494628BF0822D1
:106A50004046002D08BF6546002C08BF1C462AF0A2
:106A600060FB28462BF096FA10280246294628BFDC
:106A7000102238462AF055FB20462BF08BFA0428CA
:106A800002462146304628BF0422BDE8F8432AF0DA
:106A900048BBBDE8F883DFF814900820CBE700BFBF
:106AA00050650020983F0500883F0500603F0500C5
:106AB00070B5104E3368D3B12C2404FB0034054666
:106AC00062691AB19047336884F832002C2202FBC5
:106AD000053393F8324014B10124204670BD284696
:106AE00023463A22022101F049F8204670BD1C4697
:106AF000204670BD50650020074B1B6853B110B491
:106B00002C2404FB0030C46A038E0C6013805DF8F3
:106B1000044B7047704700BF5065002008B5202225
:106B20000023052101F02AF84FF0FF3008BD00BF17
:106B300030B4094C24685CB10D4611462C2202FB8E
:106B40000044E46924B11A462846234630BC18475D
:106B5000012030BC704700BF5065002030B4094CA4
:106B6000029A246854B10D462C2101FB0044A4680C
:106B700024B119462846234630BC18474FF0FF3051
:106B800030BC70475065002030B4094C029A24682C
:106B900054B10D462C2101FB0044E46824B1194690
:106BA0002846234630BC18474FF0FF3030BC7047B2
:106BB00050650020044B1B682BB12C2202FB0030D7
:106BC000036903B11847704750650020054B1B68E7
:106BD0002BB12C2202FB0030836903B1184701203E
:106BE000704700BF5065002004F02ABE00B5144B6A
:106BF000402283B083F82723002002F03DFE4FF0AF
:106C0000804302A80024D3F8385400F8084D21F03E
:106C100043FB02A80B4B40F8043D21F08DFB21F013
:106C20009DFBEB0707D400214FF0FF3003F0C8F8BD
:106C3000FFF74EFBF7E7204604F002FEF3E700BF44
:106C400000E100E0E96B0200002004F055BA00BF4B
:106C500000B5002383B00322CDE900230349044893
:106C6000C8221FF0A3FD03B05DF804FB9C3F0500A4
:106C7000ED6B020022F0DCB94FF08052536E1BBA6C
:106C80000360136E1BBA43600820704700487047CA
:106C9000A43F050070B51E4C2368D3B1012901D073
:106CA000012070BD1578C5F34115012D13D0022DBB
:106CB0000FD15478012C21D0022CF1D19388072BCD
:106CC00007D1144C114623892246BDE8704003F0D9
:106CD00053BD002070BD51782229E1D11146528860
:106CE000003218BF01225A7503F02EFD2268D369C5
:106CF000002BD5D0507D9847284670BD9C69002C4C
:106D0000E7D0114623782246BDE8704003F034BD39
:106D1000546500200460002010B5044602F094FD84
:106D200008B9002010BD02F097FD0028F9D1044BEE
:106D30004FF4567202FB0434207900F0010010BDBC
:106D400058650020064A4FF4567303FB00230833AE
:106D5000186808609A889B798B718A80704700BF99
:106D60005865002008B5044A4FF4567303FB002011
:106D7000103002F0C9FB08BD586500202DE9F04134
:106D80004FF4567505FB00F51A4E4FF6FF734FF69C
:106D9000FE7005F11004824288BF1A46344492B254
:106DA000204602F0DBFB0746204602F0C5FB3F28E9
:106DB00002D83846BDE8F08106EB0508002098F8B7
:106DC000031002F05DFF0028F3D0204602F0B4FB70
:106DD0003F2805D898F80310002002F061FFE8E78B
:106DE00005F53672324498F803104023002002F073
:106DF00067FFDEE758650020034A4FF4567303FB34
:106E00000020103002F014BC586500202DE9F84332
:106E10004FF4567606FB00F6254F4FF6FF734FF6FC
:106E2000FE7006F12404824288BF1A463C4492B2A6
:106E3000204602F037FC0546204602F065FB3F285D
:106E400002D82846BDE8F88302F0FEFC0028F8D0FE
:106E500002F002FD80460028F3D1204602F054FBE8
:106E60000028EED007EB0609404699F8021002F020
:106E700007FF0028E5D006F5467637442046394618
:106E8000402202F06BFB034668B13A4699F80210C3
:106E9000404602F015FF0028D3D1064B1B68DB07E4
:106EA000CFD500BECDE799F8021002F0F9FEC8E791
:106EB00058650020F0ED00E02DE9F041054602F0B4
:106EC000C3FC10B90020BDE8F08102F0C5FC064605
:106ED0000028F7D14FF4567404FB05F4174F04F162
:106EE00024053D44284602F00FFB0028EAD007EBBA
:106EF0000408304698F8021002F0C2FE0028E1D0E3
:106F000004F54674274428463946402202F026FB01
:106F1000044668B13A4698F802103046234602F01B
:106F2000CFFE48B9064B1B68DB07CBD500BECAE7CE
:106F300098F8021002F0B4FE2046C4E7586500201D
:106F4000F0ED00E008B5044A4FF4567303FB00204F
:106F5000243002F0F1FA08BD58650020F0B51A4C53
:106F600083B000214FF4567220460E4601252AF0C8
:106F7000FCF8FF234FF4E13204F138016371A260A1
:106F80002B460827009604F110004FF48072A77377
:106F900002F07EFA2B464FF4807204F59C7104F1E6
:106FA0002400009502F074FA04F50E7128461EF0D4
:106FB000CFFC04F5227120622846E6611EF0C8FC71
:106FC000C4E90C0603B0F0BD5865002010B5094BAC
:106FD000002203F1240403F110001A601A7102F078
:106FE000EDFB204602F0EAFB20460121BDE81040FF
:106FF00002F004BC586500202DE9F0414B79022BCA
:1070000082B004D00025284602B0BDE8F0818B791B
:10701000022BF7D1304EB3782BB1304B1B68DB0716
:10702000F0D500BEEEE78B7833700C780C44074641
:107030006378242B4FF009050BD1082A02D822E0EF
:10704000AA4220D323781C441D446378242BADB27C
:10705000F6D0052B2CD0042B15D163790A2B12D135
:107060001F4A94F8008001920223013200923846B0
:1070700004EB08011A4602F053FD0028CDD00E356E
:1070800018FA85F5ADB2174802F056FA3F28BAD97A
:10709000F178002002F0F4FD0028B4D0114802F08D
:1070A0004BFA3F28F17811D8002002F0F9FDAAE749
:1070B0002146384602F0C0FD0028AED0A378737098
:1070C00023781C441D44ADB26378C4E7064A4023CC
:1070D000002002F0F5FD96E758650020F0ED00E095
:1070E0005A650020686500203068002038B51378A4
:1070F00003F06003202B01D0002038BD264C93887C
:1071000025789D42F8D15378203B032BF4D8DFE853
:1071100003F029200802012931D0032934D00120AD
:1071200038BD01292BD00329F9D155881B48257179
:10713000E94301F0010102F061FB194B002BEED095
:10714000C5F3400205F001010020FFF759FA0120C4
:1071500038BD0129E3D111460723124A03F00CFB85
:10716000012038BD0129F6D00329D8D10E4B002BC0
:10717000D5D00C490020AFF30080012038BD114666
:1071800003F0E2FA012038BD084B002BC7D051882C
:107190000020AFF30080C2E7586500207C65002026
:1071A0000166020060650020000000000000000091
:1071B0002DE9F047574CE2788A420D4607461E46B5
:1071C00056D19AB204F5367104F1100002F06AFA51
:1071D000514BD3B16379FF2B17D0B6B104F2D72846
:1071E00008EB060AA8F2C72902E0C2450DD0637970
:1071F00018F8012F9A42F8D1484602F095F9002874
:10720000F3D16179AFF30080EFE7444B23B14448F9
:1072100002F08AF900285DD0414802F08DF93F283C
:107220005BD8A378AB4203D001252846BDE8F087A0
:107230003C4B13B10020AFF3008002F005FB20BBF4
:10724000394802F061F90028EED1002EECD016F09A
:107250003F06E9D1A178384602F012FD0546002824
:10726000E2D0A17838463346324602F029FDDCE709
:10727000A3788B42DCD02D4B1D6815F00105D4D0CE
:1072800000BE00252846BDE8F08702F0E5FA054675
:107290000028D5D1244802F037F90028D0D0A178B1
:1072A000284602F0EDFC0028CAD021494022A1F571
:1072B0003D7002F053F9034638B328461C4AA178C2
:1072C00002F0FEFC0028AFD1184B1B68DB07B7D5D6
:1072D00000BEB5E7AFF300809EE7E178002002F042
:1072E000CFFC00289DD00E4802F026F93F2804D894
:1072F000E178002002F0D4FC93E740230D4AE178C6
:10730000002002F0DDFCA3788CE7A17802F0C8FC35
:1073100096E700BF58650020000000000000000054
:1073200068650020000000007C650020F0ED00E0B2
:1073300070680020306800204FF48C7200210148F2
:1073400029F013BFB06800204FF48C72002101486F
:1073500029F00BBFB06800202DE9F04F4B79032BCB
:1073600083B004D00024204603B0BDE8F08F0B7931
:10737000C3EBC3041234A4B2944206D8304E7778DB
:10738000002F57D096F88D202AB12E4B1B68DA07B4
:10739000E8D500BEE6E74FF08D0B4FF08E0E8C2740
:1073A0004FF001080A7801EB020C9CF80150212DE6
:1073B000EBD14FF08C0909FB08698A46C9F888C0EF
:1073C000895C054606EB0E0206EB0B00019000926D
:1073D00061441A462846032302F0A2FB0028D4D0B9
:1073E0009AF80630012B04BF9AF8073089F8033069
:1073F0008C2303FB08F806EB080301221A719AF8A4
:10740000022006F80820D3F888209978B2F80720DF
:10741000DA800029A7D007F14802324428464023E9
:1074200002F04EFC00289ED1064B1B68DB079AD564
:1074300000BE98E7B8464FF0010B4FF0020EB1E7DF
:10744000B0680020F0ED00E02DE9F04F137803F074
:107450001F06012E83B003D0002003B0BDE8F08FDB
:10746000DFF81482978898F80040FFB2BC4200F021
:10747000B58098F88C40BC42EED13746B4464FF008
:10748000900A4FF094094FF0D40E4FF0910B13F087
:1074900060030C460546164604D1012900F0A98078
:1074A0000120DAE7202BD7D15378013B0A2BD3D820
:1074B00001A252F823F000BF917502008775020007
:1074C0007175020059740200597402005974020067
:1074D00059740200597402003375020009750200E4
:1074E000E574020001291ED00329D9D171885F4BB0
:1074F0008C2606FB0786C9B23171002BD0D06046BE
:10750000AFF300800120A8E70129C9D17188584A4A
:107510008C2303FB0787090A797122B16046AFF318
:107520000080002898D03146284603F00DF901204C
:1075300093E7012900F085800329B1D1F48871888F
:10754000402C4FEA1122204628BF402011F0FF01B5
:1075500008EB0E0307D0012C05D91C788C4202D110
:10756000013880B2013300906046FFF731FA97E7A7
:10757000012995D108EB0A0231462846234603F03B
:10758000FBF8204669E701298AD108EB0B02F3E7F3
:10759000012985D1F3887188402B4FEA11221846C2
:1075A00028BF402011F0FF01C84455D0012B53D90A
:1075B000013880B288F8001008F10103009060469D
:1075C000FFF7F0F90444A3B2002B48D1294A12680E
:1075D000D2077FF541AF00BE18463EE70027BC4604
:1075E0004FF0040A4FF008094FF0480E4FF0050B1A
:1075F0004DE75378062B7FF42FAF53881B0A212BBE
:1076000010D0222B7FF428AF6046FFF7C3F98C23FC
:1076100003FB0787024631462846FB8803F0ACF897
:1076200020461AE78C2303FB0787D7F88820002A17
:107630003FF412AF1378314603B0BDE8F04F03F0CA
:107640009BB8F388402B3FF607AF08EB0E0231469C
:1076500003F092F8204600E743460024AEE7424696
:107660003146284603F088F80120F6E600000000C5
:1076700000000000F0ED00E0B0680020F0B5224C02
:10768000A67865788E4283B0074612D0A94235D0DD
:1076900094F88E0094F88D50884231D08D4221D0DC
:1076A0001A4B1B68DA0702D4002003B0F0BD00BEFD
:1076B000FAE700208D4217D000229BB204F1480562
:1076C000114600932B46FFF783F92A46A1783846E6
:1076D000402302F0F5FA70B90C4B1B68DB07E3D5C9
:1076E00000BEE2E78C340120094A22B19AB204F1CB
:1076F0000801AFF30080012003B0F0BD0020F3E7E4
:107700008C340120D6E700BFB0680020F0ED00E027
:107710000000000030B5154C83B000210D464FF439
:107720001672204629F021FD04F1380104F1100001
:1077300000950123802201F0ABFE0123802204F199
:10774000B801009504F1240001F0A2FE04F59C713B
:1077500001201EF0FDF804F5C47120620120E561EE
:107760001EF0F6F8C4E90C0503B030BD9C9900206A
:1077700010B5084C002304F11000C4E90033C4E93B
:10778000023302F01BF804F12400BDE8104002F0BF
:1077900015B800BF9C9900202DE9F0474B79012BCB
:1077A00003D000242046BDE8F0878B79012BF8D167
:1077B000CB79002BF5D10B78CD1899B26C78242CAD
:1077C0000BD1914202D9ECE78A42EAD32B781D44CF
:1077D0000B446C78242C99B2F6D0042CE1D16B794F
:1077E000012BDED1AB79032BDBD1EB79002BD8D188
:1077F000DFF8B88098F8013013B998F802702FB10B
:10780000274B1B68DB07CCD500BECAE7AB7888F8EE
:1078100000302E7892462A798B1981469CB22E44EC
:1078200032B91FE0337897421C44A4B21E4419D2E7
:10783000A24517D37378052BF4D13146484602F0A0
:10784000FBF90028DCD0B378DA0914BF88F80130DE
:1078500088F8023033782A7901371C44FFB2A4B289
:107860001E44DFE70F4801F067FE3F289AD998F8D9
:107870000210002002F004FA002893D0094801F019
:107880005BFE3F2898F8021003D8002002F008FAA7
:1078900088E7054A4023002002F012FA82E700BF81
:1078A000F0ED00E0AC990020749B00209C99002032
:1078B00000207047F8B53D4CA2788A421F4613D18C
:1078C0009AB204F5EC7104F1100001F0EBFE384BB4
:1078D00013B10020AFF30080364801F02DFE3F28A1
:1078E0002CD801252846F8BD63788B4208D0324B4E
:1078F0001D6815F00105F5D000BE00252846F8BD2D
:10790000064604F1240001F0FFFD40BB2B4801F0C6
:10791000FBFD0028E5D1002FE3D017F03F07E0D1B1
:107920006178304602F0ACF905460028D9D061787C
:1079300030463B463A4602F0C3F9D3E7A17800202F
:1079400002F09EF905460028CBD01A4801F0F4FD5C
:107950003F28A17820D8002002F0A2F9C2E7617880
:10796000002002F08DF90028D0D0402204F50671E5
:1079700004F1240001F0F2FD034698B104F506720B
:107980006178002002F09CF90028AAD10A4B1B68FC
:10799000DB07BBD500BEB9E7094A4023002002F04F
:1079A0008FF99FE7617802F07BF9AFE79C9900209F
:1079B00000000000AC990020F0ED00E0C09900202C
:1079C000749B002030B4114B9C689A6B93F83C5028
:1079D00083F82C10A21A022183F830109A6225B97C
:1079E00042F2050183F83E50998744B13AB11A7BBF
:1079F000D20906D193F82F1030BC02F0A1B930BCE7
:107A0000704793F82E1030BC02F09AB9C86B002072
:107A100038B5214B214C05461BB1607BFFF7D6F8EA
:107A2000A8B1A06BA36894F82F101D4A1B1AB3F5D8
:107A3000007F28BF4FF4007328469BB202F040F944
:107A400020B9184B1B68DB0700D500BE38BDA26803
:107A5000A36B84F83E0042F20771D31A0120A1877C
:107A60000221A36284F82C0084F83010002AEDD0A3
:107A7000002BEBD0237BDB0906D194F82F1028468E
:107A8000BDE8384002F05CB994F82E102846BDE8F5
:107A9000384002F055B900BFCD6B0200C86B002022
:107AA000C8690020F0ED00E070B5314CE28AA368AF
:107AB00052BA92B286B0054612B1B3FBF2F292B25C
:107AC000A66BD4F81110607B9B1BB3F5007F28BF19
:107AD0004FF4007309BA0093B6FBF2F302FB136292
:107AE0001944244BFFF73AF8031E22DB94F82E20AA
:107AF0000DD011469BB228461E4A02F0E1F8B0B9FB
:107B00001D4B1B68DB0712D500BE06B070BD0724F5
:107B1000194603A8CDF80E30ADF812308DF80C5090
:107B20008DF8102005938DF80D4001F02FFF06B061
:107B300070BDA268A36B43F602200021D31AA08770
:107B400084F83E1001200221A36284F82C0084F8FE
:107B50003010002AEBD0002BE9D0237BDB0914BFC7
:107B600094F82E1094F82F10284602F0E9F8DEE77A
:107B7000C86B0020C8690020F0ED00E010B4054C8F
:107B8000012084F83C1084F83D2084F83E305DF8F4
:107B9000044B7047C86B002040220021014829F0A7
:107BA000E4BA00BFC86B002040220021014829F040
:107BB000DCBA00BFC86B00204B79082B01D0002035
:107BC00070478B79062BFAD1CB79502BF7D1162A37
:107BD00006D81C4B1B68D907F1D500BE00207047A2
:107BE00070B5194D8B7885F82D300B7882B005F182
:107BF0002F0205F12E0619440223CDE900261A466C
:107C0000044601F08DFF48B90E4B1B68DA0702D518
:107C100000BE02B070BD002002B070BD20461F2320
:107C200000242A4695F82F1085F8304002F048F8D5
:107C300030B9044B1B68DB0702D500BE1720E8E70C
:107C40001720E6E7F0ED00E0C86B0020012901D025
:107C50000120704770B5137803F07F01022984B0CA
:107C6000054606D003F06003202B1AD0002004B094
:107C700070BD5478012CF5D15388002BF6D1404EBD
:107C8000918896F83030042BC9B272D096F82E2025
:107C90008A423DD096F82F408C4250D0012004B04B
:107CA00070BD5378FE2B16D0FF2BDFD15388002BED
:107CB000DCD1D488A3B2002BD8D1314E114628464E
:107CC00086F83030C6E90D33B48786F83E3002F0CE
:107CD0003BFD0120CBE75388002BC7D1D388012B74
:107CE000C4D128498DF80F30002946D00192FEF703
:107CF00085FE019A0028B9D0431EDBB204AC1146C0
:107D000004F8013D28462246012302F035FDC5E76F
:107D1000022BC3D1B46BB3681B1B11460324B3629F
:107D200006F120020D2386F8304001F0C9FF00283B
:107D3000B4D1154B1B68DB0798D500BE97E7002B25
:107D4000ACD1214601F0EEFF0028A7D121462846FC
:107D500002F0B8FC0028A1D1002386F83030284674
:107D600096F82F10064A1F2301F0AAFF0028E0D042
:107D700094E701F0E5FF204679E70B46BEE700BF38
:107D8000C86B0020FD690200F0ED00E02DE9F04134
:107D9000AB4C94F83050012D8EB01E46074645D0AE
:107DA0002BD3032D05D0022D60D001200EB0BDE8ED
:107DB000F08194F82E308B42F7D10D2EF5D1E37B74
:107DC000282B00F035812A2B40F028819D4B13B1E0
:107DD000607BFEF7EFFE002084F830001F23984AF6
:107DE00094F82F10384601F06BFF002878D1964B9D
:107DF0001B68DA0777D500BED8E794F82F208A42AF
:107E0000D3D11F2B03D1914B216899426DD004230C
:107E100094F82E1084F83030384601F091FF38463F
:107E200094F82F1001F08CFF0020BFE7E27BA36BDA
:107E3000282A12D02A2A00F09180217B626B1E44EE
:107E4000CB09A6637DD096420DD27F4B1B68DB0722
:107E500046D500BE94F83050A5E7626B1E449642AA
:107E6000A663C0F0CB80022384F8303094F82E1043
:107E7000384602F027FC002897D1A368A26B94F83B
:107E80002E10934202D9207BC00956D19A1A03259D
:107E9000A26238460D236E4A84F8305001F010FF7C
:107EA0000028A4D081E76B4B002B00F0FF81E17C20
:107EB0003046C1F3400301F001020909FEF738FE24
:107EC000002840F0F38194F83C302BB943F60222AD
:107ED0000023A28784F83E3001213846FFF772FD67
:107EE00094F830505FE7002060E75B4BE07B61680F
:107EF000236200236162A362012184F82C30A36312
:107F00002828A36884F83010636300F0CE802A2804
:107F100060D0002B00F02281217BC90940F01E8136
:107F2000B3F5007FD8D811469BB24C4A384601F0D1
:107F3000C7FE00283FF45BAFD2E7384601F000FFF0
:107F400033E793B2607B454A04F10F01FEF7E6FD8B
:107F50000028C0F28980A66B626B74E7E28A52BA8D
:107F600092B21AB1A168B1FBF2F292B2D4F8111038
:107F70003A4DB3FBF2FC09BA02FB1C32607B00965F
:107F800061442B46FEF700FE0028C0F2C380864203
:107F900039D9361A40B1A36B291813FA80F3324647
:107FA0002846A36329F0C8F80023CDF816301946F7
:107FB00094F82F20ADF81A3005A807238DF8147017
:107FC00007968DF818208DF8153001F0DFFC94F835
:107FD0003050E8E6E18A49BA89B2002B69D0257BA6
:107FE000ED0940F08C80002900F00082B3FBF1F134
:107FF000002900F02382282838460CD1FFF754FDD1
:1080000094F83050CFE6D4E90D231E449642A6637F
:10801000BFF429AF3846FFF7FBFC61E7104B002B9C
:108020003FF4D9AE04F10F01607BAFF30080D2E6DC
:108030000C4B002B3FF4CFAE607BAFF30080CAE661
:10804000C86B0020B56B0200F0ED00E055534243D1
:10805000E86B0020316B020055534253C869002081
:108060000000000000000000A368A66B94F83C101C
:1080700084F82C509A1B0220A26284F8300021B9A7
:1080800042F2050084F83E10A087002B3FF464AF55
:10809000002A3FF461AF237BDB0940F0BC8194F8F8
:1080A0002F10384601F04CFE55E7E18A49BA89B2F3
:1080B0000BBB00293FF4D7AE94F83C00A362022129
:1080C00084F82C1084F8301000287FF4CFAE42F2F0
:1080D00005000021A08784F83E10002B3FF4C6AEB7
:1080E000237BDB0940F08F811146384601F028FEE2
:1080F00094F8305057E6257BED097FF474AF94F87F
:108100003C00A362022184F82C1084F8301000286F
:10811000DDD0E5E7A36BA2681E4443F602200021F0
:10812000931BA08784F83E1001200221A663A3625E
:1081300084F82C0084F83010002A3FF497AE002B0E
:108140003FF494AE237BDB0940F05D8194F82F105F
:10815000384601F0F5FD94F8305024E6667B25287A
:1081600000F2328101A353F820F000BFA182020087
:10817000C9830200C98302004F830200C983020041
:10818000C9830200C9830200C9830200C9830200B7
:10819000C9830200C9830200C9830200C9830200A7
:1081A000C9830200C9830200C9830200C983020097
:1081B000C9830200FF820200C9830200C983020052
:1081C000C9830200C9830200C9830200C983020077
:1081D000C9830200B7820200A77E0200C9830200A1
:1081E000C9830200C9830200C9830200C983020057
:1081F000C9830200C983020055820200C9830200BC
:1082000005820200304604AA05A9FEF775FC059B0D
:10821000002B00F00881BDF81020002A00F0038137
:10822000013B8B491BBA12BAC1E900320820A3688E
:10823000002B3FF451AE984228BF184683B26063CA
:10824000834A94F82E10384601F03AFD00283FF496
:10825000CEAD45E605AD00230DF10E02304604A972
:108260006B600593AB60FEF747FC049A002A00F0B0
:10827000DA80BDF80E30002B00F0D58012BA5BBA60
:1082800008200221ADF81E3006928DF817008DF8F7
:108290001C1095E807006E4B83E807000C20C6E72A
:1082A0003046FEF705FC00283FF40DAEA368002B16
:1082B0003FF4D9AD10E69DF816306649002203F070
:1082C000800362F3C7138DF8163003238DF8152051
:1082D0008DF817208DF81430002900F0B180304659
:1082E000FEF774FC9DF81630594A80F0010060F3E7
:1082F000C7138DF81630059B1360042097E74FF0E5
:10830000203302250022CDE90522304607A909AA1B
:1083100008934FF0800C079309930D93CDE90A332E
:108320000C931F260DAB8DF816508DF8175005AD28
:108330008DF818608DF815C0FEF768FB0FCD444E20
:108340000FC60FCD0FC62B68336024206FE794F85B
:108350003C2094F83D0094F83E10DFF8F4C0DFF8BC
:10836000FCE04FF000084FF00003CDE90588CDE9AF
:10837000078862F303038DF81630F0220A23ADF864
:1083800024808DF820008DF821108DF814208DF8B0
:108390001B3005AD0FCDACE80F002B68ACF80030FA
:1083A000BEF1000F4ED0ACF1100130464FF4007218
:1083B000AFF300800028A4F83C8084F83E8008DBFE
:1083C00000283FF473AF32E794F83C30002B7FF481
:1083D00083ADA38E1E4A2049607BFEF79FFB0028D9
:1083E000FFF67AAD00283FF461AF20E7012194F851
:1083F0003C0084F82C100221A36284F8301000287D
:108400007FF46BAE63E694F82E10384601F098FCCA
:1084100094F83050C7E494F82E10384601F090FCE0
:10842000D4E90D260FE594F83C30002B7FF454ADD1
:1084300043F6022284F83E30A2874DE50221D6E7BA
:1084400001204FE7A4F83CE084F83EE01220EEE67D
:10845000C8690020CD6B0200D76B0020000000002F
:108460002DE9F041054601F0EFF910B90020BDE813
:10847000F08101F0F1F906460028F7D14FF4E674D7
:1084800004FB05F4174F04F118053D44284601F09C
:108490003BF80028EAD007EB0408304698F80110B2
:1084A00001F0EEFB0028E1D004F5C674274428460D
:1084B0003946402201F052F8044668B13A4698F82D
:1084C00001103046234601F0FBFB48B9064B1B6800
:1084D000DB07CBD500BECAE798F8011001F0E0FB3E
:1084E0002046C4E7086C0020F0ED00E030B5154CE4
:1084F00083B000210D464FF4E672204628F035FE89
:1085000004F12C01201D00950123402200F0C0FF42
:108510000123402204F16C01009504F1180000F0E1
:10852000B7FF04F1AC0101201DF012FA04F1FC01C7
:108530006061012025611DF00BFAC4E9090503B053
:1085400030BD00BF086C002010B5064C204600234B
:1085500040F8043B01F032F904F11800BDE8104086
:1085600001F02CB9086C00204B79FF2B01D00020C2
:1085700070472DE9F0412C4E737882B00BB9B37877
:108580001BB1002002B0BDE8F0810C780F798B7828
:1085900033700D460C44002F39D06378052B0AD078
:1085A000A3189C4202D306E0A34204D921780C44CC
:1085B00061780529F8D1DFF87880CDF8048008F1DA
:1085C000010300933A460223214601F0A9FA28B993
:1085D000164B1B68DB07D4D500BED3E72B79B178E7
:1085E000C3EBC3031C4469B1002001F049FB48B14F
:1085F00008F1030000F0A0FF3F280DD8B17800205B
:1086000001F04EFB737813B10020FFF729FF601BC8
:1086100080B202B0BDE8F08108F24B124023B1787D
:10862000002001F04DFBEDE7086C0020F0ED00E0CC
:10863000096C002070B5304CA078884210D0627868
:108640008A420BD12D4A1AB199B20020AFF30080B3
:1086500001F0FAF800BB0125284670BD0025FBE7B4
:108660009AB204F5A671201D01F01CF8244B13B139
:108670000020AFF30080A178002001F001FB054647
:108680000028E8D01F4800F057FF3F28A17829D8DC
:10869000002001F005FBDFE701F0DEF806460028C8
:1086A000D9D1194800F030FF0028D4D06178304685
:1086B00001F0E6FA05460028CDD014494022A1F584
:1086C000BA7000F04BFF6178034688B10F4A30461C
:1086D00001F0F6FA0028BED10D4B1B68DB07BAD5B6
:1086E00000BEB9E70B4A4023002001F0E9FAB3E7E6
:1086F00001F0D6FAB0E700BF086C002000000000CF
:10870000000000000C6C0020206C0020946D002004
:10871000F0ED00E0546D0020F8B50E688D88B77854
:108720003544AE420BD23B469F42344603D10BE068
:108730006378042B05D023781C44A542F8D8002088
:10874000F8BDA3789F42F6D1E3789A42F3D1A542CF
:10875000F5D9237D012B06D9144B1B68DA07EED51A
:1087600000BE0020ECE723790D46DBB1012BE6D1FA
:108770002278E389617A13441144234421449942C5
:1087800004D3DCE70A7811448B42D8D94A78052A09
:10879000F8D101F051FA28B9044B1B68DB07CED59C
:1087A00000BEF8BDA41BEC800120F8BDF0ED00E098
:1087B000C28832B9634B1B68DB0700D500BE0020BE
:1087C0007047F0B40378604803EB830403EB440381
:1087D000C058831803D08E781C7BA64207D9594B0A
:1087E0001B68D90700D500BE0020F0BC70472EB929
:1087F000012C01D90120F8E701268E7001248C603C
:10880000C1F80E404C7700256FF03F0481F82250EC
:108810008C766FF003056FF06404CD760C774B4DCA
:10882000C1F81E50082481F82340825CB3F80D4043
:1088300014441C441344A342D1D2454F9D78112DBA
:108840000CD827FA05F0C04310F0010006D1DA7801
:10885000964203D107E05A78242AEFD01A781344BD
:108860009C42F8D8BBE79C42B9D0042D5AD0062DC3
:10887000BBD1CF781A79974218D81FB9012AB9D835
:108880000127CF701A781A44A2420FD2967806F0C8
:10889000FD0CBCF1050F0FD0112E03D10CE0567862
:1088A000242EF3D0167832449442F8D8254B1B6816
:1088B000DA0799D500BE98E7D678B742F2D194424C
:1088C000F4D0D1F812406CB9042D2FD0062D07D169
:1088D000B2F80530B2F8074004FB03F42401E408C1
:1088E000C1F812404B685BB9557E012D82D8D2F891
:1088F0001A3025B9D2F81E209A427FF47BAF4B6024
:10890000144AA2FB03235A0BD0D0631E1344B3FBBB
:10891000F2F30233B3F5807F28BF4FF48073C1F8C0
:10892000163067E7012248730A73A2E7B2F80560C0
:10893000B2F807505C7D05FB06F304FB03F4E40882
:10894000CEE700BFF0ED00E0D46D0020030101018F
:10895000501002005917B7D12DE9F84F0B78574C3A
:1089600003EB8305894603EB45030989E65817465F
:10897000804681B131440024897801F0B1FEB9F814
:108980000A30A9F8084033B133444046997801F0E1
:10899000A7FEA9F80A400023B9F80240B9F804502C
:1089A000C9F81430C9E9033334443544A278AC42E1
:1089B00038BF134609D29A4203D10CE06378042BE6
:1089C00006D023781C44A542F8D80020BDE8F88FD3
:1089D000A3789A42F5D1E3789F42F2D1A542F4D927
:1089E00094F804A0BAF1020F36D8A31BA9F80630F8
:1089F000002F37D023781C44BAF1000F27D04FF056
:108A0000000BAC4206D327E0042B25D023781C446E
:108A1000A54221D96378052BF6D1E37803F003034F
:108A2000002F3AD0012B3BD02146404601F004F9FB
:108A300000283DD009EB4B03A21B1A8122780BF1D1
:108A400001039A4514444FF0010BDAD817B1022301
:108A500089F81D300120B9E7194B1B68DA07B4D536
:108A600000BEB2E799F81D30012B10D009F11E03AA
:108A7000394689F81D70C9F818701846302228F058
:108A800074FB01464846FFF793FE00289DD02378EB
:108A90001C44BAF1000FB2D1DCE7022BC4D094E73A
:108AA000A388D9F81820C3F30A039342BCD28CE7F9
:108AB000034B1B68DB0788D500BE87E7D46D002019
:108AC000F0ED00E010B4064C06480023C4E9003382
:108AD0001946C4F8073050225DF8044B28F045BB16
:108AE000D46D0020E06D002010B4064C0648002331
:108AF000C4E900331946C4F8073050225DF8044B2E
:108B000028F033BBD46D0020E06D00202DE9F0414A
:108B10004B790E2B04D04FF000084046BDE8F081A1
:108B20008B79012BF7D1CB79012BF4D13E4E3368F1
:108B30002BB13E4B1B68DB07EDD500BEEBE71446BF
:108B40000F461A46314605463760B480FFF7E4FD0C
:108B50000028E0D0F2883368B97813443C44A74237
:108B600093F814C03B4605D308E05A78042A4DD048
:108B70000B2A4BD01A7813449C42F6D8BCF1000F54
:108B80004ED02B494A88002AD3D1D81B1FFA80F82F
:108B90003272A1F802809C4293F802E00A8098BFEA
:108BA000034605D80BE05A78042A2BD00B2A29D08B
:108BB0001A7813449C42F6D8DB1B1FFA83F8002274
:108BC000BCF1010FA1F804804A77B2D117FA80F006
:108BD00017FA83F3984281780AD282788A4203D1C5
:108BE00018E04278042AF8D0027810448342F8D87A
:108BF000284600220E49FFF7AFFE00288BD0A6F8CA
:108C000004808AE79A787245D2D0D5E79A788A426A
:108C1000B0D0B3E7C278012AE6D18342EFD1E7E7CB
:108C2000DB1B1FFA83F8EAE7D46D0020F0ED00E0CB
:108C3000E06D00202DE9F047167806F01F04012CA6
:108C40008CB004D0002420460CB0BDE8F087DFF8DB
:108C5000F892B2F804C0D9F80070804615465FFA61
:108C60008CF317B1BA789A422CD0B44F7C88002C80
:108C7000E9D03A7802EB820002EB400259F802E0B8
:108C80007444A2789A42DDD1C6F34116F3B2002BA8
:108C900000F09C80012B12D15FEA1C2C0FD16B8855
:108CA0001B0A022B00F02E81062B00F01781012BEE
:108CB00000F0F580A24B1B68DB0700D500BE072340
:108CC0003B77BFE7C6F34116F4B2002C47D0012C26
:108CD00025D15FEA1C2C26D0B9F80620BB18B95C58
:108CE000DA89114419448B420ED29A78023A052A45
:108CF00006D8DA78624503D107E05A78242AF4D0FE
:108D00001A7813449942F8D849B1002389F80930F8
:108D1000012498E78A4B1B68D90700D500BE0723BA
:108D200089F809308EE76B881B0A012B00F09580CB
:108D3000022BEFD16B78812B00F04781862BE9D194
:108D40000129E2D10B46404629467E4A01F014FD36
:108D50000028DAD1FF2389F80930002473E76B7803
:108D60000A2B4AD00B2B3ED10129CED1EB88002B08
:108D7000F0D1B9F80630FA181179A9B1F85CD189A7
:108D8000537A0144034413440A44934205D395E1C2
:108D900019780B449A4240F2918159780529F7D10C
:108DA0009978404601F09CFC0026A9F806606A8884
:108DB00065494046FFF7B0FC04460028CAD0294662
:108DC000404601F0C1FC89F809603CE76B780A2B4A
:108DD00027D00B2B7FF46EAF012900F0BD8000235C
:108DE0003B7701242FE7564B1B6813F001032FD16B
:108DF00007221C4689F8092025E7012985D1EB883F
:108E0000012BA7D1B9F80620BF18A3D00CAAF97876
:108E100002F8301D294601F0AFFC04460028D2D1EB
:108E200098E70129DBD1EB88012B35D1FB889BB377
:108E30001EEB030330D00CAADB7802F8303D40462D
:108E40000B46294601F098FC044628B33E77FAE623
:108E500000BE072389F80930F5E66B78812B00F016
:108E6000D180862B00F0BE80012B7FF453AF012907
:108E700000F0CB8002297FF448AF344B002B3FF445
:108E800044AF99F80A100020AFF30080B0FA80F4E4
:108E900089F809006409D6E6FF233B77D2E67B7F99
:108EA0000BB187F81DC06C78842C61D8822C65D2F8
:108EB000012C00F00A81812C7FF4FCAE01298ED1B7
:108EC000EB883BB1294640463023214A01F054FC4F
:108ED000002884D1FF233B770024B4E66B78812BF4
:108EE00000F0A180862B7FF4E5AE01297FF477AFF7
:108EF000294640460123134A01F03EFC00287FF436
:108F00006EAFE7E76B78812BD8D040F2B080852B2D
:108F100000F09780862B7FF4CDAE01297FF45FAF00
:108F2000EB88012BD6D10B4640462946094A01F071
:108F300023FC00287FF453AFCCE700BFE06D002096
:108F4000F0ED00E0DD3F0500D46D002000000000E2
:108F5000FE6D0020DE3F05006A8839464046FFF777
:108F6000FBFC002898D02946404601F0EDFB36E78F
:108F7000862CD2D065D3872C7FF49CAE01297FF458
:108F80002EAFEB88002BA5D0B44EE94606F1300A8F
:108F900030687168B268F368CC46ACE80F001036F0
:108FA0005645E146F4D19DF80210002940F09F801B
:108FB000832C00F07D81872C00F05E81822C00F0F4
:108FC0005B8108233B7700243DE601297FF49DAEB9
:108FD000294640460123A24A01F0CEFB00287FF437
:108FE00094AEB7E601297FF490AEEB88012B7FF4B5
:108FF000B1AE294640469B4A01F0BEFB00287FF4F3
:1090000084AEA7E601297FF480AEEB88012B7FF4C4
:10901000A1AE294640460123934A01F0ADFB00284A
:109020007FF473AE96E601297FF4D9AE0B46404635
:10903000294607F11C0201F09FFB00287FF4CFAE08
:1090400048E701297FF4CBAEEB88022B7FF442AFD7
:109050000CAA302122F8301D4046294601F08CFB35
:10906000044600283FF436AF00233B77EBE5012BA5
:109070007FF420AE01293FF425AF02297FF4AFAE83
:109080007649A1F11E00FFF793FB044660B3774BCE
:109090007A6BBA613BB1714A79783878AFF3008066
:1090A00000287FF49CAE002302214FF48072C7E9B0
:1090B00003337B61A7F85010BA83C4E56C4B1B687F
:1090C000D8077FF547AE00BE44E601293FF4FAAE6B
:1090D00002297FF484AE6149A1F11E00FFF768FB0D
:1090E000044600287FF47BAE08233B77ABE59DF870
:1090F000030000287BD1FA88002A3AD01EEB020335
:1091000037D01EF80220B3F80D005A4E1044184410
:10911000134498420FD99A78112A04D826FA02F2F9
:10912000D20700F1CF801A7813449842F1D95A78C7
:10913000242AF8D1EDE70346832C54D0872C4AD05B
:10914000822C7FF43EAF01218DF803101A781A4467
:10915000904233D9947804F0FD06052E10D0112CDE
:109160000ED0147822449042F2D95478242CF8D1AD
:10917000EEE73F4B1B68D9077FF523AF00BE20E722
:10918000D478A142EDD19978042919D006297FF429
:1091900018AFB2F80510B2F8073003FB01F31B015A
:1091A000DB08CDF812306A4629464046302301F0EC
:1091B000E3FA044600283FF48DAE55E70246E2E7A5
:1091C000B2F80510B2F807205B7D02FB01F203FB49
:1091D00002F3DB08E5E79A78042A06D0062A7FF432
:1091E000F0AE9979B0E71979AEE7997DACE7019BCC
:1091F000002BD8D1FA88002ABBD01EEB0203B8D0CE
:109200001EF802E0B3F80D20DFF868C072449E1823
:1092100073449E420ED99A78112A03D82CFA02F28E
:10922000D20754D41A7813449E42F2D95A78242A89
:10923000F8D1EEE733461A7813449E4262D99A7801
:1092400002F0FD01052946D0112A44D01A781344B2
:109250009E42F2D95A78242AF8D1EEE7FE6D00201A
:10926000DD6D0020DE3F0500DE6D00200000000007
:10927000F0ED00E05010020001238DF802300123D0
:109280004FF00112029300230392ADF810304FF615
:10929000C0428DF8223040F29B13ADF81A20ADF891
:1092A0001C30404ACDF81E2008238DF823307AE781
:1092B000FB88002BE3D01EEB0303E0D01B7B8DF873
:1092C0000230DCE7DA7891427FF42DAF34E7DA78C8
:1092D0009142A7D1AFE7DA789042B7D1823C052C12
:1092E0003FF66FAE01A252F824F000BF6D9302006A
:1092F0005193020033930200C38F0200C38F020018
:10930000099302003346E9E7D3F8151042F21073CF
:10931000B1FBF3F3019100293ED0DDF812208BB9A7
:10932000931CB3F5807F28BF4FF48073CDF81630BF
:1093300039E75A7E72BBD3F8221042F21073B1FBA8
:10934000F3F3E7E7013A1A44B2FBF3F30233E8E739
:109350005A7ECAB1053203EB8202D2F80210D3F86A
:109360001A3042F21072B3FBF2F3D3E75A7E72B1B5
:10937000053203EB8202D2F80220D3F81A1042F22F
:109380001073B2FBF3F3C5E7D3F81E10E7E7D3F889
:109390001E20F2E7002301930023ADF81630ADF84C
:1093A000183000E7030101012DE9F843334C23890C
:1093B00053B12278324F02EB820502EB45057D590D
:1093C0002B449F788F420AD02E4B1B68DB0703D5B6
:1093D00000BE0020BDE8F8830020BDE8F883D4E992
:1093E00004369E4205460BD327490023C4E90333C4
:1093F000636119B161781046AFF300800120E9E79D
:1094000000F03EFC0028E7D0D4E9040194F8503085
:10941000A269A0EB010808EB0306964228BF164696
:10942000B34213D9174B1B6813F0010301D000BEE0
:10943000002339462846154A00F042FC0028DDD1B9
:10944000104B1B68DA07C7D500BEC3E7E268A6EB7E
:10945000030950331144E0184A4627F062FE63695D
:10946000C84503EB09026261B3B2E2D194F851201E
:1094700042F0020284F85120DBE700BFE06D0020DB
:10948000D46D0020F0ED00E000000000306E002000
:109490002DE9F041B2F5004F9DF8188030D8044610
:1094A000C0681E460F46154618B14FF0FF311CF03C
:1094B000BDFC206918B14FF0FF311CF0B7FCE28809
:1094C000E068276066F30E02C2F30721002368F309
:1094D000C711E2806381A580E171238118B11A462A
:1094E00019461CF05BF8206938B100231A4619466A
:1094F0001CF054F80120BDE8F0810120BDE8F081A6
:109500000020BDE8F08100BF03894289808892B2C3
:109510009BB2934236BFC2EB40029B1A9B189BB290
:10952000984228BF18467047028943899BB2981A0F
:10953000B0FA80F04009704703894289808892B26E
:109540009BB2934236BFC2EB40029B1A9B189BB260
:10955000984286BFC01A80B2002070472DE9F843B8
:10956000054600690E46174618B14FF0FF311CF052
:109570005DFC2B896989A8889BB289B28B4236BF72
:10958000C1EB40045C1AE418A4B2002C4AD0A042FB
:1095900006D283422CBF191A191889B26981044670
:1095A000BC4228BF3C468842A4B203D8091A89B2FB
:1095B0008842FBD9EA882B68401AC2F30E0887B2AA
:1095C0001FFA88F2BC4202FB013125D917FB08F9CA
:1095D0001FFA89F94A46304627F0A3FDE21B12FB29
:1095E00008F206EB090092B2296827F09AFD6A8911
:1095F000A88892B211198BB29A4215D940001B1A51
:109600009BB228696B8120B100231A4619461BF0D2
:10961000C5FF2046BDE8F88302FB04F2304627F080
:1096200080FDE4E769898BB240008342E9DBE6E72D
:1096300038B5054600690C4618B14FF0FF311CF0F3
:10964000F5FB29896B89AA8889B29BB2994236BFFA
:10965000C3EB4200C81A401880B200B3824209D25C
:1096600091422CBF8B1A8B189BB29A426B8103D804
:109670009B1A9BB29A42FBD9EA882968C2F30E0270
:10968000204602FB031127F04CFD0124286920B17C
:1096900000231A4619461BF081FF204638BD0446B8
:1096A000F4E700BF2DE9F047144612B92046BDE8A3
:1096B000F0870546C0680F4618B14FF0FF311CF027
:1096C000B5FBE9792E896A89AB88C909B6B292B22D
:1096D00031D1964236BFC2EB4302B21A921992B20E
:1096E0009A4231D29A1A92B29442E98828BF14461B
:1096F000C1F30E089E42304603D3C01A80B298428E
:10970000FBD21B1A2A681FFA83F9A14508FB002027
:1097100026D308FB04F2394627F003FDA3199BB2B8
:10972000AA88B3424FEA420201D3934201DB9B1A5B
:109730009BB22B8109E0E9889C42C1F30E0822D339
:10974000E41A08FB0477ABBB0024E8680028ADD01E
:1097500000231A4619461BF021FF2046BDE8F0877A
:1097600019FB08FA1FFA8AFA5246394627F0D9FC43
:10977000A4EB090212FB08F207EB0A0192B2286877
:1097800027F0CFFCCAE7964210D25800811A314424
:1097900089B221448142ADDBD618361BB6B2B24243
:1097A00001D8B042A6DC361AB6B2A3E7B11A89B224
:1097B0005800EEE716461C469AE700BF10B504466F
:1097C000C06818B14FF0FF311CF030FB206918B1B0
:1097D0004FF0FF311CF02AFBE068002363812381F6
:1097E00018B11A4619461BF0D9FE206920B1002392
:1097F0001A4619461BF0D2FE012010BD38B50446AA
:10980000C0680D4618B14FF0FF311CF00FFB206906
:1098100018B14FF0FF311CF009FBE379E06865F304
:10982000C713E37120B100231A4619461BF0B6FE98
:10983000206920B100231A4619461BF0AFFE012013
:1098400038BD00BF704700BF024B5878003018BFCA
:1098500001207047886F0020024B1878C0F3800009
:10986000704700BF886F0020024B1878FF3818BF80
:1098700001207047146100202DE9F043384C237813
:10988000FF2B83B003D0012003B0BDE8F083382262
:1098900000210546334827F068FC334901201CF0BD
:1098A00057F8324B186000283AD0314F3B4600261B
:1098B00033F80C0B7A68798800961BF0CBFDB968F9
:1098C00006461CF08DFC2B4B1E60002E40D02A4B10
:1098D00023B12A48AFF30080294B1860274EDFF8E8
:1098E000A8803278264F4FF000094B460EE03868CA
:1098F00010EBC10325D01B689847327809F10109A4
:109900005FFA89F9511D49454B4611DB9B1A4A45BF
:1099100009EB490103EB4303E9D808EBC303EAE78A
:10992000184B1B68DC0701D500BEADE70020ABE794
:109930002846257001F04EF9284601F04DF9012026
:10994000A2E7104A1268D207F0D500BE18469BE77E
:109950000C4B1B68D907E9D500BE304694E700BF21
:1099600014610020886F0020386F0020C06F002035
:10997000B8600020C46F002000000000346F002099
:10998000306F0020F0ED00E0E03F05002DE9F041F0
:109990004378023B84B005460C46042B0CD8DFE824
:1099A00003F03A4E03A23000574B1A78D00711D576
:1099B0001A7842F004021A70544B18686CB92346A6
:1099C0004FF0FF3229461BF0E9FD224669782878DE
:1099D000FFF738FF04B0BDE8F08104AA002342F885
:1099E0000C3D29461BF0EAFF019B002BEDD0484BB4
:1099F0004FF080525A6040BFBFF34F8FBFF36F8F5D
:109A0000E3E7414AD3780133DBB2D3703F4B1868A8
:109A1000002CE2D1D3E73C4B1A786FF300021A70A6
:109A20001A7800216FF341021A7059701A7861F3A5
:109A300082021A70354B1868002CCED1BFE7324B2A
:109A40001A7852072CD51A7830496FF382021A70AF
:109A500003788DF8043005220023CDF80A30CDF8C4
:109A60000630ADF80E3008688DF80520002C44D083
:109A700004AA01A942F8103D1BF0A0FF009B43B1CE
:109A8000234B4FF080525A6040BFBFF34F8FBFF35C
:109A90006F8F22469DF805109DF80400FFF7D2FE57
:109AA0001C4EDFF8788031781B4F0024224609E0F5
:109AB0003B6813EBC0030ED10134E4B24B1DA3424B
:109AC000224687DBA14204EB4400F1D8521A02EB94
:109AD000420208EBC2035B69002BEDD0696828786D
:109AE00098473178E8E7084B1A78D1077FF572AFCD
:109AF0001A786FF382021A705EE723464FF0FF3246
:109B000001A91BF04BFDC4E7886F0020C46F002043
:109B100000ED00E0346F0020306F0020E03F0500D2
:109B20002DE9F84F0A9F002A4BD00C4649780529A9
:109B30000ED1E67806F00306B34209D1A37803F00C
:109B40007F03082B0DD9204B1B68DA0700D500BE18
:109B50001D4B1B68DB0702D40020BDE8F88F00BE58
:109B6000FAE7DFF868A0DFF868909AF800B090464E
:109B700000250EE06378052BEAD1E37803F00303B8
:109B8000B342E5D1A37803F07F03082BDBD89AF822
:109B900000B099F80210204602F072F80028D2D0E6
:109BA0005846214601F030F80028D1D0A378DA09D0
:109BB00016BF0B9A3B7013702378013545451C4442
:109BC000D8D10120BDE8F88FF0ED00E0146100204D
:109BD000886F002030B5164D85B008240023029010
:109BE000019303918DF8054028681446CAB104AA70
:109BF00001A942F8103D1BF0E1FE009B43B10D4B63
:109C00004FF080525A6040BFBFF34F8FBFF36F8F4A
:109C100022469DF805109DF80400FFF713FE05B0DD
:109C200030BD134601A94FF0FF321BF0B7FCEFE740
:109C3000C46F002000ED00E038B58B7803F07F039F
:109C4000082B06D90B4B1B68DB0700D500BE002094
:109C500038BD094A094B0C46204691781D7802F020
:109C60000FF80028EED021462846BDE8384000F025
:109C7000CBBF00BFF0ED00E0886F00201461002032
:109C8000CB09263301F07F010348044A03EB41016D
:109C90000844116801F0AABF886F0020C06F00203F
:109CA000CB09263301F07F010348044A03EB41014D
:109CB0000844116801F0C6BF886F0020C06F002003
:109CC00038B5154C01F07F0504EB450404EBD114C5
:109CD0002034A079C00706D5104B1B68DA0700D5E1
:109CE00000BE002038BDA5790D4845F0010500787B
:109CF000A57101F0C5F80028F4D1A379074A60F3F3
:109D00000003A371A37960F38203A3711368DB07D7
:109D1000E7D500BE38BD00BF886F0020F0ED00E041
:109D200014610020054B01F07F0203EB420303EBBB
:109D3000D11191F8260000F001007047886F0020D3
:109D400010B50D4C01F07F0204EB420404EBD1147A
:109D500094F826309B0700D510BD084B20341878A6
:109D600001F088F9A37943F00203A371A37943F0CA
:109D70000103A37110BD00BF886F00201461002093
:109D800010B50D4C01F07F0204EB420404EBD1143A
:109D900094F826309B0700D410BD084B2034187867
:109DA00001F090F9A3796FF34103A371A3796FF3E5
:109DB0000003A37110BD00BF886F00201461002054
:109DC000C04B1B78FF2B00F0AF812DE9F04F04460C
:109DD0008DB04FF47A7200238002A10D26F054FF5B
:109DE000B94DDFF808B3B94F8246631C286800F00C
:109DF0002F81002C00F02C81BAF1000F14BF5246C5
:109E0000012209A91BF080FEC0B19DF82530013B5D
:109E1000072B00F21681DFE813F0F000CB001401ED
:109E2000BC00B0004300140008000A9B0BB10B9863
:109E3000984728681CF0A6F90028D6D10DB0BDE8D7
:109E4000F08F9DF82810A24B01F07F0603EB46032C
:109E500003EBD11393F826006FF3000083F826007C
:109E600093F826006FF3820083F82600002E00F09E
:109E70005381984A1B7D12789342C0F03F81501D58
:109E80009842C0F242819B1A03EB43030BEBC303DE
:109E90001E699DF829200B9B9DF82400B047C8E758
:109EA0008B4EF378013BDBB2F370F37803F0FF00E5
:109EB000002BBED133789DF8249043F0010333701A
:109EC00096F8263060F3000386F8263096F82630A0
:109ED00060F3820386F8263096F8273060F300039B
:109EE00086F8273096F8273060F3820386F827300B
:109EF00000F0ACFC9DF8283003F06002602A00F00E
:109F00002F81402A00F0118103F01F03012B00F084
:109F1000DC81C0F03581022B40F022819DF82C10AD
:109F200001F07F03082B00F21B815B00F0184FEA61
:109F3000D11C6044DFF89CE190F814809EF800008A
:109F4000804580F05382386808EB480800EBC80869
:109F5000002A00F01C82B8F1000F00F00681D8F84A
:109F60000C0000F073FCD8F80C3048460AAA012116
:109F7000984700287FF45DAFF7E0554B1B78D90771
:109F80007FF557AF544B002B3FF453AFAFF3008036
:109F90004FE74F4B1A78D0077FF54BAF4F4A002A57
:109FA0003FF447AF1878C0F3C000AFF3008040E73C
:109FB000DFF820819DF8246098F80010002399466E
:109FC00011E03B6813EBC20300F092805B683046FF
:109FD000984798F8001009F101095FFA89F94A1DBC
:109FE00091454B464EDC5B1A894509EB490203EB70
:109FF0004303E6D30BEBC303E8E7DFF8D8809DF813
:10A00000246098F800100023994610E03B6813EB99
:10A01000C20351D05B683046984798F8001009F1A8
:10A0200001095FFA89F94A1D91454B4612DC5B1A1A
:10A03000894509EB490203EB4303E7D30BEBC30369
:10A04000E8E7274B1B68DA077FF5F3AE00BEF0E6C2
:10A050002246D6E6382200211D4827F086F8214AFC
:10A060004FF0FF33C2E90533C2E90033C2E90233DE
:10A07000D3611384136100F0DFFB154B9DF828209A
:10A080009A70D6E638220021114827F06EF8154A5A
:10A090004FF0FF33C2E90533C2E90033C2E90233AE
:10A0A000D3611384136100F0C7FB0F4B002B3FF407
:10A0B000C0AEAFF30080BCE6094B1B68DE07DAD503
:10A0C00000BED8E714610020C46F0020306F00206C
:10A0D000886F0020346F00200000000000000000A6
:10A0E000F0ED00E08C6F002000000000E03F050074
:10A0F000BA4B1B68D807D6D500BED4E73A6803EB45
:10A10000430312EBC3037FF4C3AEB44B1B68DC07FD
:10A110007FF594AE00BE91E60B9B9DF829209DF83B
:10A12000240000F0A9FB84E67047AD48E8B100F0D8
:10A130008DFB48460AAA0121FCF7ACFD00287FF4FC
:10A1400078AE12E0581EC0B2FCF7B0FB18B14378ED
:10A15000022B00F0B281A14B1B68DB0700D500BECB
:10A160009E4B1B68DE0700D500BE9DF82400002131
:10A1700000F080FF80219DF8240000F07BFF58E66E
:10A18000202A00F0D780002AEAD19DF82930092B37
:10A19000E6D801A252F823F08FA2020073A20200B7
:10A1A00061A10200AFA2020061A1020059A2020057
:10A1B00009A2020061A10200F5A10200C1A10200F2
:10A1C0009DF82A3003931A4673789A420AD073781E
:10A1D000002B40F04A81039B002BB3D1814B0BB184
:10A1E000AFF300809DF80C30737048460AA900F068
:10A1F000ABFA1EE60CAA737802F80E3D484601231E
:10A200000AA900F0B9FA14E6BDF82A00030A5A1E9A
:10A21000C0B20E2AA9D801A151F822F077A60200F7
:10A220005DA602004DA602006BA102006BA1020018
:10A2300027A602005DA602006BA102006BA102002E
:10A240006BA102006BA102006BA102006BA10200D6
:10A250006BA1020033A402000AA800F0FDFA4846F0
:10A260009DF82A1000F0BEFC337843F002033370EF
:10A27000DFE5BDF82A30012B7FF477AF337848460D
:10A280006FF3C3030AA9337000F05EFAD1E53378A7
:10A29000990801F00201C3F340130CAA0B4322F802
:10A2A0000E3D484602230AA900F066FAC1E5BDF852
:10A2B0002A30012B7FF459AF3378484643F0080326
:10A2C0000AA9337000F040FAB3E59DF82C300F2B4B
:10A2D0003FF64BAF3344444A1B791278934247D23E
:10A2E0003E6803EB430316EBC3063FF43EAFF06852
:10A2F00000F0ACFAF3680AAA012148469847002802
:10A300007FF497AD9DF8283013F060067FF42DAFF1
:10A310009DF829300A3B012B3FF627AF00F096FA53
:10A320009DF829300A2B00F097800AA9484600F0D2
:10A330000BFA7EE59DF82C300F2B3FF616AF334419
:10A34000294A1B79127893425ED23E6803EB43039D
:10A3500016EBC3063FF409AFF06800F077FAF36834
:10A3600048460AAA0121984700287FF462ADFCE61E
:10A37000511D9942FFF6F9AE9B1A03EB43030BEB19
:10A38000C306B4E7002A7FF4F0AE4FF000089DF852
:10A390002920012A03D041D3032A7FF4E1AEBDF87E
:10A3A0002A3023B9012A484640D0FFF7C9FCB8F14A
:10A3B000000F3FF43EADD8F80C0000F047FAD8F893
:10A3C0000C300AAA012148469847002000F03EFAC6
:10A3D00096F82730DB073FF52CADA6E7F0ED00E05F
:10A3E000956C020000000000346F002000F1050EA3
:10A3F000C645C7DBA8EB000808EB48080BEBC8080C
:10A40000002A7FF4ACADC2E7511D9942FFF6ADAE14
:10A410009B1A03EB43030BEBC3069DE733446344F2
:10A4200020330CAA9B79C3F3400338E7FFF7A8FC5D
:10A43000BDE7994B002B3FF498AEFCF727FC024692
:10A4400000283FF48DAE484653880AA900F094F9DD
:10A4500000287FF4EEAC88E60CAA0AA902F80E6D7B
:10A460004846012300F088F9E3E4484600F05AFC2E
:10A47000DFF82882B37802930023019498F8000053
:10A480001C4610E03B6813EBC10300F0C5805B681D
:10A490004846984798F800000134E4B2411D8C42C8
:10A4A000234600F3A3801B1A844204EB440103EB10
:10A4B0004303E7D30BEBC303E9E7C27933785111C8
:10A4C00061F30413921162F3451333704388CDF89E
:10A4D0001890CDE901A4C318059300F10908059B64
:10A4E000434557D998F801300B2B03BF98F800303B
:10A4F00098F803A098444FF0010A98F80130042B13
:10A500002FD1059B654ACDF81CA0A3EB08030021C1
:10A510009BB20491127889469A4617E03C6814EB86
:10A52000C1041ED0524641460698A36898470828A1
:10A5300009F1010201D9824537D2584B5FFA82F9FD
:10A540001A78CDF81090511D894520DC049B914567
:10A5500009EB4901A3EB0202E0D3182303FB02B489
:10A56000E0E74F4B1B68DA07DDE901A47FF5F8ADA2
:10A57000F5E502464B46044641464A4801F0B2FB27
:10A58000464B049A1B7805339342A044A7DADDE9D1
:10A5900001A4E0E5444BDDF81890DDE901A4002BAF
:10A5A0003FF420AEAFF300801CE6DDF81CA0BAF14A
:10A5B000010F0AD1A3683D493D4A8B4208BF4FF0C5
:10A5C000020A934208BF4FF0020A0021CBB2534562
:10A5D00001F10101CDD298F80220134456FA83F319
:10A5E0001A79FF2ABDD183F80490EFE738220021C1
:10A5F0003048019C26F0B9FD2F4A4FF0FF33C2E9E5
:10A600000533C2E90033C2E90233D3611384136115
:10A610009DF80830B370DEE5214B019C1B68D9071B
:10A62000F6D500BEF4E7254B002B3FF49EADAFF30B
:10A630000080024600283FF498AD484613780AA9E6
:10A6400000F09AF800287FF4F4AB8EE5BDF82C10EA
:10A65000FCF732F902460028EFD186E5022B16D02E
:10A66000174B002B3FF481ADAFF300800246002A68
:10A670003FF476ADE7E6FCF715F9122302460AA986
:10A68000484600F079F800287FF4D3AB6DE5FCF77D
:10A690000DF90246EBE700BF8D6C0200346F00201D
:10A6A000F0ED00E09C6F002000000000F96F020058
:10A6B00099770200886F00208C6F00200000000056
:10A6C00000000000054B01F07F0203EB420303EBA7
:10A6D000D11191F82600C0F340007047886F002028
:10A6E000144BFBB110B5144B18780C4600F064FB0A
:10A6F000124904F07F0301EB430101EBD41191F8FF
:10A7000026306FF3410381F8263091F826306FF33D
:10A71000000381F8263091F826306FF3820381F828
:10A72000263010BD064B1B68DB0701D500BE704705
:10A73000704700BFB9AD020014610020886F00208F
:10A74000F0ED00E0704700BF0A4630B4094C49689C
:10A7500005461068234603C30023C4E9023392F977
:10A7600000209A422846ACBF802119461A4630BCC8
:10A77000FFF7A6BA88700020F0B50E462B4C49684A
:10A7800007463068A260254603C50021E181F588AF
:10A79000AB4228BF2B4683B0A381ADB13BB3002AA7
:10A7A0003DD094F90000402B28BF402300282CDB2B
:10A7B0001F4A3846FFF784FA98B91E4B1B68DB071F
:10A7C00012D500BE03B0F0BD96F90030002BACBF2F
:10A7D0008021002138462B462A46FFF771FA0028CF
:10A7E000EBD0012003B0F0BD002003B0F0BD94F920
:10A7F0000020002AACBF194680211A463846FFF7D0
:10A800005FFA0028D9D00120ECE7114608480193EF
:10A810001A4626F086FC064A019B8021EEE7054B8E
:10A820001B68D907E0D500BE1046CBE78870002032
:10A830009C700020F0ED00E0034B0022C3E90022F1
:10A84000C3E902221A61704788700020014B186129
:10A85000704700BF887000200346064A59680068A8
:10A8600010B41346002403C3C2E902445DF8044B4C
:10A87000704700BF8870002070B5404C2278C9092D
:10A88000B1EBD21F82B0064615D03BB13C4B1B68E2
:10A89000DA0700D500BE002002B070BD2146FFF7E8
:10A8A00051FF2369002B40D02246304603219847B0
:10A8B000012002B070BD94F90020A068002A08DBD6
:10A8C0000028E8D01A462F49019326F02AFCA068F8
:10A8D000019BE589E2881D44ADB21844AA42A060FC
:10A8E000E58101D03F2B23D8236923B1234A0221DC
:10A8F0003046984788B194F9002000239A42ACBFB3
:10A900008021194630461A46FFF7DAF968B91C4B20
:10A910001B68DB07BFD500BEBEE70146304600F02E
:10A92000A9FB3046802100F0A5FB012002B070BDDC
:10A93000A28994F90010531B9BB2402B28BF4023DF
:10A9400000290ADB95424FF0000112D00D4A304633
:10A95000FFF7B6F90028DAD0E7E795420BD00146B9
:10A960001A460848019326F0DCFB8021054A019B2A
:10A97000EDE70A46EBE780210022E8E78870002037
:10A98000F0ED00E09C70002042DF704743DF70472D
:10A9900044DF704712DF7047F0B5334CBFF35B8F75
:10A9A000014604F590730125D3E84F2FC3E8405FBB
:10A9B0000028F9D1BFF35B8F12F0FF0F48D10829AF
:10A9C00029D04E01A21954F806C028489388284F70
:10A9D00001F5947601EB810E50F82660D2889A1A20
:10A9E00093B2B6B200EB8E0209B2B34228BF33462F
:10A9F000C2F800C707EB8100C2F8043747F82150BE
:10AA0000BFF36F8FBFF34F8F1A4B984218D0043BA0
:10AA1000984215D0F0BD154BD3F8C024D1030FD404
:10AA200094F80B1161B11449D4F80001C3F8A007E0
:10AA3000C3F8A4270D60BFF36F8FBFF34F8FF0BD36
:10AA40000023BFF35B8F84F82031BFF35B8FF0BD31
:10AA50000A4B0B485A68C2F30802003218BF0122A1
:10AA6000BDE8F040FFF7B6B8DC700020007002408F
:10AA700028700240507002404870024000ED00E033
:10AA8000E9AA0200144BBFF35B8F0122D3E84F1FEA
:10AA9000C3E84C2FBCF1000FF8D1BFF35B8F11F06E
:10AAA000FF0F14D10260BFF36F8FBFF34F8F0B4BBB
:10AAB000984203D0043B984200D07047084BBFF344
:10AAC0005B8F002283F82021BFF35B8F7047014624
:10AAD0000448FFF77FB800BFFC71002050700240AF
:10AAE000DC70002085AA0200F0B5334CBFF35B8F09
:10AAF000C1B204F590730126D3E84F2FC3E8406F2D
:10AB00000028F9D1BFF35B8F12F0FF0F47D108295E
:10AB100028D04D01621954F805E028489388DFF8E1
:10AB2000B0C001F5947550F82570D2888D009A1A3E
:10AB300093B2BFB26A1800EB8202BB4228BF3B4609
:10AB4000C2F800E76544C2F804374CF82160BFF34F
:10AB50006F8FBFF34F8F1A4B9D4218D0043B9D421D
:10AB600015D0F0BD154BD3F8C024D1030FD494F801
:10AB70000B1161B11349D4F80001C3F8A007C3F861
:10AB8000A4270E60BFF36F8FBFF34F8FF0BD00237C
:10AB9000BFF35B8F84F82031BFF35B8FF0BD0A4BAE
:10ABA0000A485A68C2F30802003218BF0122BDE801
:10ABB000F040FFF70FB800BFDC70002000700240CB
:10ABC000507002404870024000ED00E0E9AA020027
:10ABD00028700240704700BF014B80225A607047C6
:10ABE00000E100E0074BD3F80014D3F80024002064
:10ABF0000A434FF48001C3F80024C3F85801C3F896
:10AC0000041370470070024070B48A788C88414EFB
:10AC1000C97802F07F03D50905EB430006EB00106D
:10AC200001F00301C4F30A04012904812BD001219E
:10AC300001FA03F4BDB1384802339940C0F8041357
:10AC4000D0F810352343C0F81035334B42F48071EF
:10AC5000C3F81825C3F80C15BFF36F8FBFF34F8FE0
:10AC6000012070BC70472C4803F10C06B140C0F8BD
:10AC70000413D0F8141503F594730C43C0F814456D
:10AC800040F82350E1E7082B08D0244B186810F057
:10AC90000100E6D000BE002070BC7047EDB9B6F8E8
:10ACA00018311BB11C4B8022C3F81C251A4A002303
:10ACB000C2F85031D2F8003313F4001308BFC2F8C1
:10ACC0005431154B4FF44012C3F80423D3F8142524
:10ACD00042F48072C3F81425BEE7B6F808210E4B83
:10ACE0000021C3F82C1112B18022C3F81C250A4A96
:10ACF000D2F8003313F4001308BFC2F85431064BE6
:10AD0000074AC3F80423D3F8102542F48072C3F82D
:10AD10001025A1E7DC70002000700240F0ED00E09B
:10AD2000000820001F4B80222DE9F041C3F8842049
:10AD3000BFF34F8FBFF36F8F01241B4D1B4FA046F6
:10AD40000026A30004F10C02A11C03F1804303F5CB
:10AD50001C3308FA01F108FA02F20A43C7F8082383
:10AD600028465E60013420229E62002126F0FDF913
:10AD7000082C05F12005E4D10D4BC7F8083320223B
:10AD8000C7F81C6500217E620A48BE6426F0EDF912
:10AD9000C7F81485C7F81085024B80225A60BDE8B9
:10ADA000F08100BF00E100E0FC7000200070024074
:10ADB00000083000DC71002001F07F02082A70B426
:10ADC0004FEAD11128D0012303FA02F0C043B1B1F8
:10ADD000294C951CAB40C4F80833D4F81055274BC8
:10ADE0002840C4F8100501EB420103EB01110023D8
:10ADF000CB72BFF36F8FBFF34F8F70BC70471E4C89
:10AE000002F10C05AB40C4F80833D4F814551B4BC1
:10AE10002840C4F81405E6E7184B03EB01100024A2
:10AE2000A0F808411448D1B14FF40064C0F80843B9
:10AE3000D0F8104524F48074C0F81045B3F81841D8
:10AE4000B3F808510C48EC424FF0000608BF4FF42D
:10AE50000014C0F81C6508BFC0F80843C3E74FF4EE
:10AE60008014C0F80843D0F8144524F48074C0F866
:10AE70001445C0F85011E1E700700240DC7000207A
:10AE800001F07F004FEAD11CF0B50CEB4005704F8C
:10AE90002D017E1985B0F47A4CB16E4B1C6814F00C
:10AEA000010401D000BE0024204605B0F0BD04F02E
:10AEB000FF0E7A510C46B380A6F806E0002840D178
:10AEC000002B54D1644BD3F88034C3F3C0136345D3
:10AED0004DD0BFF35B8F07F590710122D1E84F3F52
:10AEE000C1E8402F0028F9D1BFF35B8FDBB2002B04
:10AEF00040F09F8059490A60BFF36F8FBFF34F8FB7
:10AF0000BFF35B8F87F82031BFF35B8F544B5968D9
:10AF1000C1F3080100314FF000034FF4E06201A8D3
:10AF200018BF0121CDF8063003938DF80840ADF825
:10AF30000A30ADF80420FEF729FD0124204605B0B3
:10AF4000F0BDBCF1000F15D107EB40170123FB72D8
:10AF5000BFF36F8FBFF34F8FBB7A23B1FB7A03F040
:10AF6000FF04002B6ED10124204605B0F0BDBCF1DA
:10AF7000000F3CD007EB401100EB8003CD8A8A8A9A
:10AF80000C8B0969521B9B0092B203F1804303F5BD
:10AF90001C33A24228BF2246324DC3F8001600B22D
:10AFA000C3F80426304BBFF35B8F05EB8001012211
:10AFB000D3E84F4FC3E8462F002EF9D1BFF35B8F84
:10AFC000E4B2002C3AD145F82020BFF36F8FBFF3D5
:10AFD0004F8F224B994202D0043B9942C3D1BFF319
:10AFE0005B8F002387F82031BFF35B8FBBE7012223
:10AFF0001D4BFA72BFF35B8FD3E84F4FC3E8412F6D
:10B000000029F9D1BFF35B8FE4B26CB9174B1A601A
:10B01000BFF36F8FBFF34F8FBFF35B8F87F820C1F4
:10B020001446BFF35B8F3FE710491148FEF7D2FD8E
:10B030003AE70A490E48FEF7CDFD67E70C48FEF7F0
:10B04000C9FD31E787F80AC0FFF7A6FC2CE700BF6F
:10B05000DC700020F0ED00E0007002405070024013
:10B0600000ED00E004700240FC7100204C700240D2
:10B0700085AA020011F07F0008B512D008280BD075
:10B080000E4B41F48072C909C3F8182504D10C4B4A
:10B0900003EB40139A7A62B9BFF36F8FBFF34F8F00
:10B0A00008BD064B01225A65BFF36F8FBFF34F8F68
:10B0B00008BD9972FFF770FCEEE700BF0070024018
:10B0C000DC70002011F0770F12D00A4B41F480722F
:10B0D000C3F80C15C3F80C25CA09C3F8181504BF2A
:10B0E00001F5947143F82120BFF36F8FBFF34F8FA9
:10B0F000704700BF007002402DE9F04FAA4BAB4CE7
:10B10000D3F80003002389B01E461F46012520FA0C
:10B1100003F11A19C9074FEA820209D5116839B13A
:10B1200005FA03F117600E43BFF36F8FBFF34F8F24
:10B130000133192BEBD1F20700F14A829C4D330504
:10B1400008D5994BD3F8A83601229BB2A5F8163141
:10B1500085F81C21B70206F4800429D5924BD3F858
:10B160001425D00540F10582002C00F0C182D3F8EF
:10B170000024D20740F1BC82D3F81035DB0540F142
:10B18000018295F81C310DF116070DF11408002B02
:10B1900040F0DA820023CDF8163003227B603B8139
:10B1A000404601218DF814308DF81520FEF7EEFB96
:10B1B00004B37D4AD2F8004440F201732340E7050E
:10B1C000C2F8003400F16D82600510D5764B012283
:10B1D000C3F808259A65D3F8002312F4001208BFBB
:10B1E000C3F85421704B4FF40012C3F80423A10597
:10B1F00000F14682320240D56B4BD3F88024D3F85D
:10B200008414D3F888C4D3F88C74D3F89084D3F81A
:10B210009444D3F89804D3F89C34D2B25FFA80FAFD
:10B22000D8B25306C9B25FFA8CFCFFB25FFA88F855
:10B230005FFA84FE01D105291FD04FF000094B466B
:10B240004C4662F3070368F3070461F30F236EF3C0
:10B250000F246CF317436AF3174460F31F6467F31A
:10B260001F634FF4C062012105A8ADF81690CDE927
:10B270000634ADF81420FEF789FB4E4B3340002B0B
:10B2800040F09681DFF82891474F4D46CA4609F5B0
:10B29000907800241FE02B44DA7A002A00F0E48141
:10B2A000DA88AAF804200022DA72DB8807930121E9
:10B2B0004FF4E06305A8CDF81620ADF81A208DF8FC
:10B2C00018B0ADF81430FEF761FBBBF1080F47D0A2
:10B2D00001340AF1200A04F10C0326FA03F3D8071B
:10B2E0005FFA84FBF1D504EB840307EB8303DAF800
:10B2F0000020D3F80807630112FA80F2E918CAF8AF
:10B300000020CA8880B2024492B2082CCA80C2D0FF
:10B31000BAF808208242BED1CA88BAF80410914215
:10B32000B9D9BBF1000FD0D10122BFF35B8FD8E8B0
:10B330004F3FC8E8412F0029F9D1BFF35B8F13F0CD
:10B34000FF0F1D4940F06C820A60BFF36F8FBFF39F
:10B350004F8FBFF35B8F85F82031BFF35B8FB7E76B
:10B36000164B3340002B00F001810F4BD3F86CA437
:10B37000C3F86CA4BFF36F8FBFF34F8F16F48066D2
:10B3800000F07B81D3F88024D3F8803483F08003ED
:10B39000C3F3C0130393C2F3C0130293D046DFF884
:10B3A00008B00024AA4613E000700240409C001040
:10B3B000DC700020FCFB1F004C7002400004000108
:10B3C000002C00F01082072F50D0013409F1200921
:10B3D00028FA04F204EB8403D2070BEB83030AEB95
:10B3E0004415E7B2ECD5D3F80816D9F81020C9B245
:10B3F0000A44C9F81020E88A014489B2E982B449B4
:10B40000E88AB9F8146061188900864200914FF00B
:10B41000010E67F07F0101914FF0000C714605A805
:10B4200040F2B580E88AB9F81810C3F80026361A39
:10B43000B6B28E4228BF0E46A64AC3F80466BFF3D2
:10B440005B8FD2E84F3FC2E841EF0029F9D1BFF34B
:10B450005B8F13F0FF0F40F00181009BC3F800E009
:10B46000BFF36F8FBFF34F8F072FAED118F4803F1C
:10B470005546C24601D1039B43B1EB7A23B1EB8819
:10B48000AA889A4200F293810123AB721AF4003F1A
:10B490000AD095F82B3023B1EB8CAA8C9A4200F29B
:10B4A000A781012385F82A301AF4802F0CD095F853
:10B4B0004B3033B1B5F84630B5F844209A4200F22B
:10B4C0009B81012385F84A301AF4002F0CD095F89F
:10B4D0006B3033B1B5F86630B5F864209A4200F2AB
:10B4E0009B81012385F86A301AF4801F0CD095F8EF
:10B4F0008B3033B1B5F88630B5F884209A4200F22B
:10B500005A81012385F88A301AF4001F0CD095F86F
:10B51000AB3033B1B5F8A630B5F8A4209A4200F2AA
:10B520004E81012385F8AA301AF4800F0CD095F8CB
:10B53000CB3033B1B5F8C630B5F8C4209A4200F22A
:10B540004281012385F8CA301AF4000F0ED095F815
:10B55000EB30002B00F00D81B5F8E630B5F8E420B3
:10B560009A4240F206810720FFF716FA09B0BDE8BB
:10B57000F08FD3F81025D1053FF503AE4FF400123C
:10B58000C3F808230DF116070DF1140802E6EB8A43
:10B5900007934FF4E063ADF814309DF80430CDF814
:10B5A00016C0ADF81AC08DF81830FEF7EFF90AE7AB
:10B5B000BFF35B8F95F82031BFF35B8F002B40F01A
:10B5C000DC80454B1B68DC077FF55CAE00BE59E6AE
:10B5D000424B434A434D444800244FF00109C2F80E
:10B5E0001495C2F81095546094625C609C629C60F3
:10B5F000DC62DC601C631C615C635C619C639C615D
:10B60000DC63DC611C6454629464C2F85841D2F873
:10B610000034D2F800140B43C2F80034D2F80033DF
:10B62000C2F808332146C2F804030DF116070DF1E4
:10B63000200828464FF4927225F097FD4FF480734E
:10B64000CDF816407C603C8128F80C3D40234946EB
:10B6500040462B832B81FEF799F970E572460099DD
:10B660002248FEF7B7FAAEE61B4B1B68D9077FF5F9
:10B670007DAF00BE09B0BDE8F08FCDE902668DE672
:10B6800000230522012105A8CDF81A30CDF8163087
:10B69000ADF81E308DF814308DF81520FEF776F9D0
:10B6A000A8E50121C2F82C150023042205A8CDF835
:10B6B0001A30CDF81630ADF81E308DF814308DF8F4
:10B6C0001520FEF763F960057FF591AD7EE500BFBB
:10B6D000019C0010FC710020F0ED00E004700240BD
:10B6E00000700240DC7000200514C00185AA020031
:10B6F0004D4BBFF35B8F0122D3E84F1FC3E8402FB0
:10B700000028F9D1BFF35B8F11F0FF0F3DD1474BFC
:10B71000D3F8C004C7035AD495F80B1101F0FF0702
:10B7200000296DD04249D5F80071C3F8A077C3F85D
:10B73000A4070A60BFF36F8FBFF34F8FD3F81035A4
:10B74000D9053FF51EAD1DE70023B5F81611CDF85C
:10B75000163085F81C31BB804FF4E06207918823D6
:10B7600040460121ADF814208DF81830FEF70EF98F
:10B7700010E5012385F8EA30F8E60023BFF35B8F7C
:10B7800085F82031BFF35B8F7CE52A4B2A485A6845
:10B79000C2F30802003218BF01220821FEF71AFA8C
:10B7A000224BD3F81035DB053FF5EBACEAE6002081
:10B7B000FFF7F2F86AE60420FFF7EEF8A4E60520AA
:10B7C000FFF7EAF8B0E60620FFF7E6F8BCE6BFF3BD
:10B7D0005B8F85F82011BFF35B8FD3F81035D80548
:10B7E0003FF5CFACCEE6029A002A3FF4EEADFAE583
:10B7F0000120FFF7D1F857E60220FFF7CDF863E606
:10B80000BFF35B8F85F82071BFF35B8FD3F81035E2
:10B81000DA053FF5B6ACB5E60320FFF7BDF863E601
:10B820000648FEF7D7F953E5FC710020007002408E
:10B830004870024000ED00E0E9AA020085AA02007B
:10B8400030B5012885B000F09F8057D3022840D141
:10B85000B94BD3F80435002B40F0DD80B64AD2F85E
:10B8600000341C05FBD54FF40063C2F80034BFF36D
:10B870006F8FBFF34F8FB14AB14B12681B68082A14
:10B8800000F0DD80AC4BAF4D80240122C3F81C4595
:10B89000C3F80423C5F88441FDF7E6FF002840F013
:10B8A000FF80A94D43F204044FF080432268AA426E
:10B8B00011D0D3F80C14D3F80C24D003F6D5CA0752
:10B8C000F4D59D4B0122C3F80425BFF36F8FBFF35E
:10B8D0004F8F05B030BD04AA002102F80C1D1046A0
:10B8E000FFF758F89DF804000028E2D010460191B7
:10B8F000FFF74EF8019A002AD8D0E2E78E4BD3F832
:10B900000025002AE5D14FF480014FF40062C3F80E
:10B910000813C3F80024BFF36F8FBFF34F8F874B1B
:10B920001B68082B00F0BE80834B0122C3F8002562
:10B93000BFF36F8FBFF34F8F43F2040203F18D53B8
:10B9400003F57723126803F2DB539A4200F0D180AB
:10B950004FF08043D3F80C24D3F80C34D90301D52D
:10B96000D207B6D443F20402774B12689A4200F031
:10B970001E81764B00221A601B6801934FF08043B2
:10B98000012201991A60A4E76B4BD3F80025002A25
:10B990009FD00022C3F80425BFF36F8FBFF34F8FF2
:10B9A00068498020C1F88400BFF34F8FBFF36F8FC9
:10B9B000D3F80013C3F80813C3F80025BFF36F8F43
:10B9C000BFF34F8F43F2040103F18D5303F5772347
:10B9D000096803F2DB53994200F0A08001AB5C4A96
:10B9E000012111605B4A5168C1F30801003118461A
:10B9F0004FF002024FF0000318BF0121CDF80A30CA
:10BA0000CDF80630ADF80E308DF804308DF80520F5
:10BA1000FDF7BCFF5DE743F204024B4B12689A420C
:10BA200000F0B0804FF08043D3F80C24D3F80C34EE
:10BA3000DB037FF513AFD5077FF510AF49E7032B85
:10BA40000AD8454A1168002940F09880434C49F2D1
:10BA500075301060216010605A1E022A11D83E4ACB
:10BA60001168002940F082803D4D3448344B006815
:10BA70001B6849F2753414602960146008287FF44B
:10BA800001AF032B3FF6FEAE3649374B40F2E37071
:10BA9000402208601A60BFF36F8FBFF34F8FF1E64B
:10BAA0006C60FEE6264B1B685A1E022A12D82A4BEF
:10BAB0001A68002A40F08D80294949F27532032026
:10BAC0001A6008601A601D4A1D4B12681B68082A1C
:10BAD0007FF42AAF032B3FF627AF1F4B1A68002ACB
:10BAE00073D11E4949F27532C0201A6008601A608D
:10BAF0001AE704AB002203F80C2D1846FEF74AFFA4
:10BB00009DF8041000293FF423AF18460192FEF778
:10BB10003FFF019B002B7FF4DCAE23E704AB03F86F
:10BB20000C2D1846FEF736FF9DF80420002A3FF43E
:10BB300056AFFEF72BFF55E70070024030010010B2
:10BB40003401001000E100E0DBE5B15100010040EC
:10BB50000400004000ED00E000EC064014EC06405C
:10BB600014ED064000780240047802401B491C4B4B
:10BB70001C4A08681B68002111607FE71A4A0021EF
:10BB8000116069E704AB002203F80C2D1846FEF79C
:10BB900001FF9DF8041000293FF444AF18460192BC
:10BBA000FEF7F6FE019B002B7FF493AE56E604A849
:10BBB000002300F80C3DFEF7EDFE9DF80430002B4D
:10BBC0003FF4D7AEFEF7E0FE83E6074BC0221A60D3
:10BBD000AAE6044B03221A6075E700BF300100108B
:10BBE0003401001014ED064014EC0640F8B503785B
:10BBF00013F0010405D10678C6F3800626B120466D
:10BC0000F8BD00242046F8BD0F4605464FF0FF3131
:10BC100038461AF00BF92A7812F001040FD12B786C
:10BC20005B0704D42B7843F004032B70012400231A
:10BC300038461A46194619F0B1FC2046F8BD34467C
:10BC4000F5E700BF70B505460E4608464FF0FF31D8
:10BC50001AF0ECF82878C0F3800444B900240023DB
:10BC600030461A46194619F099FC204670BD2B78CB
:10BC700013F00102F2D12B7862F382032B70EEE70E
:10BC8000C378828803F003000228C2F30A021DD0A1
:10BC900013D801280FD1022940F2FF3308BF4FF417
:10BCA0008063934211D20E4B186810F001000CD043
:10BCB00000BE002070470020704702290CBF4FF4DF
:10BCC000806340239342EED301207047022902D0C3
:10BCD000402AE8D8F8E7B2F5007FE4D1F4E700BFE6
:10BCE000F0ED00E00A44914216D230B44C78052CB5
:10BCF00005D00C7821448A42F8D830BC70478C7843
:10BD000004F07F0500EB4505E4092B550C78214430
:10BD10008A42EBD830BC7047704700BF142006F051
:10BD20003BBA00BF00F0B4B800F0E6B870B500212F
:10BD30002DED048B002814BF06460126142006F0C2
:10BD40003FFA04201DF07EF905201DF0F7F90420CC
:10BD50001DF0A8F90E201DF06FF914201DF020FA37
:10BD60000A2019F0F1FA00249FED1D9ADFED1D8ADB
:10BD70002546B0EE048A14201DF012FA80B207EEB8
:10BD8000900AF8EE677A013467EEA87AB1EE027A8B
:10BD9000F4EEC87AF1EE10FAE3B208D4F4EEC77A02
:10BDA000F1EE10FA03DC013539EE279AEDB29E422E
:10BDB000E1D80D4B0022C3F80025142006F0ECF961
:10BDC00045B107EE905AF8EE677A89EE270ABDEC86
:10BDD000048B70BDBDEC048B9FED010A70BD00BFEC
:10BDE000000000009B0AAD390070004000B5DFED97
:10BDF000137A9FED137A30EE670A83B020EE070ABC
:10BE000022F04AF8F7EE007A9FED0E7A30EE270A1C
:10BE1000F6EE006AC7EE007AF4EEC77AF1EE10FA99
:10BE200088BFF0EE477A77EEA67AFCEEE77ACDEDA2
:10BE3000017A9DF8040003B05DF804FBE3A56B40B4
:10BE40001904FEC00000C84210B50F4C0EE064207B
:10BE5000FFF76CFFFFF7CAFF0146204617F0CEFD43
:10BE60004FF4962101201BF047FB28B90021012047
:10BE70001BF042FB0028EAD00023044A1846BDE824
:10BE8000104013601AF00CBD1C72002000720020DC
:10BE900030B5164C206883B0A0B1002319460222A9
:10BEA0001BF0FEFB1AF0D2FE054607E01AF0F2FF87
:10BEB0001AF0CCFE401BB0F5806F12D82368012029
:10BEC000002BF3D10025CDE900542B464FF400722E
:10BED000074908481AF06AFC012800D0256003B021
:10BEE00030BD2368002BEDD003B030BD00720020C0
:10BEF0007C40050049BE020038B50C4C2068A0B15A
:10BF00000023194602221BF0CBFB1AF09FFE0546C8
:10BF100007E01AF0BFFF1AF099FE401BB0F5806FE2
:10BF200003D823680120002BF3D138BD0072002014
:10BF300030B50146C1B0214817F0FCFCF922044697
:10BF4000002101A825F011F9F92201A9204615F0D8
:10BF5000E5FF204615F07EFE00210546204615F03F
:10BF6000BBFE00222046114615F096FEF62D03D8A2
:10BF7000F721204615F088FE502140F61C43272269
:10BF8000204615F091FE40F2E24019F0DDF920461E
:10BF900015F060FE0A4BC21E20461A8015F062FEA4
:10BFA000204615F05DFE204615F056FE204615F0A1
:10BFB00055FEFFF7B7FE41B030BD00BF60860020E0
:10BFC00016610020FFF7B0BE70B5364C364D374EC7
:10BFD00084B001A80EF0FAFD2046002117F06AFC9B
:10BFE0002046042117F022FA00222046012117F0F2
:10BFF00053FA20466FF0030117F00AFC019920461E
:10C0000017F0DEFB04F2846014F0F4FE20462849A9
:10C0100016F062F92046274916F060F9264817F015
:10C0200027FE28461022254917F094FE28460E22A6
:10C03000234917F087FE05222249284617F086FE7D
:10C04000284617F0C1FE304604F5C86417F0FEFC20
:10C050000021304617F0CAFC00F00AF906212046FC
:10C0600014F00EFF204614F0F3FE2046164914F09B
:10C07000ABFE2046012114F03BFF4FF4A072204696
:10C08000302114F031FF20461E2114F02BFF002137
:10C09000204614F097FF00F04DFA01A818F0FAFFBF
:10C0A00004B070BD60860020FC7200201C7200206D
:10C0B00031BF0200C5BF02008C720020A440050001
:10C0C000B84005008C4005000472002010B5044BF8
:10C0D000044640F8083B16F0B9FE204610BD00BFEC
:10C0E0005457050010B5044B044640F8083B16F0C1
:10C0F000ADFE204610BD00BF5457050070B5184E68
:10C100001849194C194D84B0684616F0BFFE6946AF
:10C11000304616F07BFE684616F098FE224614491B
:10C12000304621F08FFE134E284617F017FE2246A8
:10C130001149284621F086FE104D304617F062FC6A
:10C1400022460F49304621F07DFE284617F06AFD51
:10C15000224628460B4921F075FE04B070BD00BF91
:10C16000047200209440050000600020FC72002052
:10C17000CDC002001C720020E5C002008C720020BD
:10C18000B1C1020089C1020010B5074B044640F856
:10C19000183B15F001F82046044B40F8083B16F018
:10C1A00055FE204610BD00BF385805005457050005
:10C1B00010B5074B044640F8183B14F0EDFF20463D
:10C1C000044B40F8083B16F041FE204610BD00BF6E
:10C1D000E45705005457050012B1591EF32902D93E
:10C1E000012006F0FFBA1946104606F091B900BFCB
:10C1F00002B370B55D1EADB2F62D84B018D81E46E0
:10C200000D4901A8144618F08BFE314601A818F01C
:10C2100049FF2544013C14F8011F01A818F0D2FF82
:10C22000AC42F8D101A80EF009FD01A818F032FFC8
:10C2300004B070BD704700BF4C5B050042B1012BDC
:10C2400006D11378012B104605D0012106F036BA2D
:10C25000012006F0C7BA00B583B0019200F0B8F92A
:10C260000198012103B05DF804EB06F027BA00BF86
:10C2700070B53C4D3C483D4C3D4E84B016F0AAFD97
:10C280002846022115F04EFA00222846112115F009
:10C2900061FA2846012115F04BFA284614F096FF62
:10C2A0002846002115F0B8FA20460A2115F03AFA7E
:10C2B00011221146204615F04DFAF821204615F0BE
:10C2C00035FA204614F082FF01A80EF07FFC019998
:10C2D000284D204615F066FA01A818F0DBFE20462E
:10C2E00001222549254C15F03BFA30460C2115F06A
:10C2F00019FA11223046002115F02CFA304601219E
:10C3000015F016FA304614F061FF304601221C4940
:10C3100015F026FA28460C2115F004FA11222846B9
:10C32000002115F017FA2846F42115F0FFF92846E8
:10C3300014F04CFF28460122124915F011FA20464C
:10C34000122115F0EFF900222046112115F002FA12
:10C350002046F42115F0EAF9204614F037FF04B026
:10C3600070BD00BFA474002004720020447300203C
:10C370009C7300204C740020F1C10200F473002073
:10C380003DC20200D9C10200F0B52D4E2D492E4DFF
:10C390002E4C2F4F85B0684616F078FD6946304622
:10C3A00015F078F9684616F051FD2A4621463046C8
:10C3B00021F048FD68462749274E16F067FD69467B
:10C3C000384615F067F9684616F040FD2A462146C2
:10C3D000384621F037FD68462049214F16F056FDBA
:10C3E0006946304615F056F9684616F02FFD2A4684
:10C3F0002146304621F026FD68461A491A4E16F0AD
:10C4000045FD6946384615F045F9684616F01EFDAB
:10C410002A462146384621F015FD6846134916F094
:10C4200035FD6946304615F035F9684616F00EFDC3
:10C430002A462146304621F005FD05B0F0BD00BF7B
:10C44000A4740020C8400500006000209911040079
:10C4500044730020D84005009C730020E84005008C
:10C46000F4730020F84005004C74002008410500DA
:10C470002DE9F0472A4DDFF8B4A02A4FC0B04FF0A5
:10C48000FF3101201BF038F82A7802F0FF03002A60
:10C4900037D1BAF80080DFF89890B8F5807F28BFD0
:10C4A0004FF480784246D9F80000694619F0DCFF65
:10C4B00020B32B7813BB84B21AF0C8FB06466CB9C4
:10C4C00012E015F015FA30BB1AF0C0FB801BB0F576
:10C4D000007F4FF00A0007D81AF0DCFC2B782246C8
:10C4E00069463846002BECD02B78D9F800000023A1
:10C4F0004246694619F0B8FF0028DAD12B78002BA4
:10C50000BDD00023084A2B70184613601AF0C8F9F2
:10C5100040B0BDE8F08733201AF0BCFCE5E700BF6F
:10C5200000750020F4730020FC74002016610020C8
:10C530000475002030B5124C236883B00BB103B0F2
:10C5400030BD104A104D13702A687AB10123CDE92D
:10C5500000344FF4006200230C490D481AF026F90C
:10C560000128ECD00023236003B030BD01214FF43B
:10C57000005019F0ADFE28600028E7D1DFE700BFCA
:10C58000FC7400200075002004750020184105008F
:10C5900071C4020010B50C4C23689BB10B4B1B6897
:10C5A00083B1D0E900128A420CD0521A18461423E3
:10C5B00019F0ACFE0023206819460222BDE81040A5
:10C5C0001BF06EB810BD00BFFC7400200475002085
:10C5D00010B5084C2068C0B008B908E020680023F6
:10C5E0004FF48072694619F03FFF0028F6D140B041
:10C5F00010BD00BF0475002030B583B0044605F0BF
:10C60000DBFA202301A9684601228DF8003005F0ED
:10C610000FFB230A01A9684602228DF800308DF82D
:10C62000014005F005FB05F0C3FA05F0C5FA6D23DE
:10C6300001A9684601228DF80030002505F0F8FABE
:10C64000A4F5805401A9684601228DF80050A4B2D7
:10C6500005F0EEFA42F214039C4201A968460FD994
:10C660000222ADF8005005F0E3FA9DF804009DF8B1
:10C67000054044EA002405F09BFA204603B030BD93
:10C680000422009505F0D4FA019C05F091FA24BA31
:10C69000204603B030BD00BF0B4BD9685A6910B4B7
:10C6A0005C680A44944205D86FF003029A615DF811
:10C6B000044B70479A685DF8044B42F82100DA6831
:10C6C0000132DA60704700BFF49B0020012911D9C4
:10C6D00001F18042084B013A10B400EB82020024C1
:10C6E000DC60C3E905441C701A61C3E901105DF800
:10C6F000044B7047704700BFF49B0020044B08B107
:10C700009A68026009B1DA680A609869704700BFE8
:10C71000F49B0020034B18B10022DA609A610120DB
:10C7200018707047F49B00200F4B5869D8B19B6874
:10C7300003EB800010B4043B041F002006E0C9078F
:10C740000AD422F040429C42104409D053F8042FEE
:10C75000910F11F0020FF2D09C4200F10100F5D1CF
:10C760005DF8044B70477047F49B002030B4C368F9
:10C77000012B84B025D0FBB902680379022A4FD07F
:10C78000344A009202F00502334C02940B25062035
:10C790009A428DF804508DF80C004DD09DF8012080
:10C7A0009A4253D09DF802209A424BD09DF8032024
:10C7B0009A4249D0AB423DD00020087004B030BC52
:10C7C00070470268022A33D0244C0279009440F664
:10C7D000082004F00304224DADF8040094424FF405
:10C7E00041700295ADF80C0026D09DF801009042F2
:10C7F0000DD09DF80230934224D09DF8033093422F
:10C8000022D0082A16D00A2A08BF0523D4D104AAA8
:10C810001344012013F8083C0B7004B030BC70477F
:10C82000092B15D00A2B09D00B2BC5D10C2306E000
:10C830000379A5E70423EAE70023E8E70F230B7059
:10C840000120BBE70223E2E70323E0E70123DEE761
:10C850001223F4E7050708090F0C0A09030405066B
:10C86000120C0605C368012B0DD04BB90268037981
:10C87000022A35D0072B37D00B2B08BF052334D025
:10C880000020087070470268022A31D030B4214C71
:10C890000279214D84B040F60930009404F003047D
:10C8A000ADF80400944240F203200295ADF80C006C
:10C8B00020D09DF8010090421DD09DF80230934297
:10C8C00022D09DF80330934220D0092A20D00B2A91
:10C8D00008BF05230FD00020087004B030BC70479B
:10C8E000092B0FD00B2BCBD10A230B7001207047E3
:10C8F0000379BFE7002304AA1344012013F8083C7E
:10C900000B70EAE70F23F0E70223F4E70323F2E7D3
:10C910000423F0E7030405070F0A0504F0B5614C92
:10C920000F4606460FCC99B00BAD0FC50FCC0FC507
:10C930000FCC0FC554F8043B2B6094E80F00002582
:10C9400002AC019584E80F003D6016B1F3680B2B33
:10C9500001D919B0F0BDB268022AFAD831690329A9
:10C96000F7D83068042800F29A80DFE800F04D5EC6
:10C97000362F0300069206A8327E07930DF10201BE
:10C980000992FFF7F3FE002800F085809DF8024031
:10C99000013CE4B206A80DF10301FFF763FF20B1EB
:10C9A0009DF80330013B1C44E4B273680222234427
:10C9B000C6E9002301A93046FFF7B0FF7268019B6A
:10C9C000121B0421C6E900123B60C2E77369032B06
:10C9D00063D8DFE803F05A58564618AA02EB8303DF
:10C9E000726853F8343C18A902FB03330133012267
:10C9F000C6E9002341F85C3D3046FFF78FFF019BFD
:10CA000002220F333260DFE7736896ED077A03EB9B
:10CA100083039B0007EE903AF8EE677A67EE877A19
:10CA2000FCEEE77A17EE903ACEE77368D6ED076A28
:10CA300018A901EB820203EB830352F8582C9B00E8
:10CA4000283302FB03F3143307EE903AB8EE677A0B
:10CA5000F6EE007AE7EE267AFCEEE77A17EE903AE9
:10CA6000B2E77368013103FA01F1716001233360A9
:10CA700001A93046FFF752FF019B193303223260B0
:10CA8000A2E70023F3E70123F1E7737E002B0CBF3D
:10CA900004230223EBE704467CE71923EEE7002397
:10CAA00092E700BF204105002DE9F0432DED028BF8
:10CAB000C568D0ED018A90ED028A037C044683B0FC
:10CAC0000F4640696E1EF4EEC88A002B43D0F1EE8B
:10CAD00010FA40F19C80C8EE287A0130A8420ABFC3
:10CAE00000236061636117EE900A23F02DFD41EC95
:10CAF000100B21F0BBFA53EC102B6069CDE9002339
:10CB000023F000FDDDE9002323F076FD04463046E6
:10CB10000D4623F0F7FC02460B462046294623F03B
:10CB200095FE9FED5F0B41EC110B21F021FB53ECC7
:10CB3000102B18EE900ACDE9002323F005FDDDE966
:10CB4000002323F059FD24F04FF8386003B0BDEC0A
:10CB5000028BBDE8F083F1EE10FA34D40138A8421C
:10CB600032BF60616661304623F0CCFC78EEC87A53
:10CB7000044617EE900A0D4623F0E6FC02460B46EB
:10CB80002046294623F038FD044630460D4623F062
:10CB9000B9FC02460B462046294623F057FE0446C0
:10CBA00018EE100A0D4623F0CFFC02460B46204635
:10CBB000294623F06BFB24F017F8386003B0BDEC76
:10CBC000028BBDE8F0830130A84262D0606123F09F
:10CBD00099FC78EE687A044617EE900A0D4623F029
:10CBE000B3FC02460B462046294623F005FD80464D
:10CBF0008946304623F086FC02460B4640464946AD
:10CC000023F024FE04460D4618EE900ACBE7C8EE4A
:10CC1000887A0138A84234BF05463546656117EE6B
:10CC2000900A23F091FC41EC100B21F01FFA2846EA
:10CC30008DED000B23F066FC044630460D4623F0D4
:10CC400061FC9DED000B02460B4651EC100B23F0EE
:10CC5000FDFD02460B462046294623F0CDFC9FED04
:10CC6000100B41EC110B21F083FA53EC102B18EE52
:10CC7000100ACDE9002323F067FCDDE9002323F04F
:10CC8000BBFC23F0B1FF386003B0BDEC028BBDE804
:10CC9000F0834FF000084FF000096361A9E700BF7F
:10CCA00000000000000024400A46002124F05DBA84
:10CCB000A0F5004007EE900A0139F8EEE77A032963
:10CCC00007D8DFE801F023180D029FED167A67EE12
:10CCD000877A9FED157A20EE070A20EE270A704723
:10CCE000B5EE007A67EE877A9FED0F7A20EE070A9D
:10CCF00020EE270A7047B6EE007A67EE877A9FED3E
:10CD00000A7A20EE070A20EE270A70479FED077A7D
:10CD100067EE877A9FED047A20EE070A20EE270A55
:10CD2000704700BF398EE33D110E0138ABAA2A3F90
:10CD30002DE9F047022982B00F46804601AE6D46CC
:10CD40003BD804F039FF20233146284601228DF8D4
:10CD5000003004F06DFF46F620433146284602229B
:10CD6000ADF8003004F064FF04F022FF17B308EBC5
:10CD700087074FF06D09002404F01EFF01223146A1
:10CD800028468DF8009004F053FF012231462846D2
:10CD90008DF8004004F04CFF0422314628460094F0
:10CDA00004F046FF019B1BBA48F8043B04F000FF67
:10CDB0004745E1D102B0BDE8F08704F0FDFE5F23F6
:10CDC0003146284601228DF8003004F031FF062458
:10CDD0004FF000090122314628468DF8009004F0FA
:10CDE00027FF013CF6D1BF00A8F10C09B944A8F116
:10CDF000040A042231462846009404F019FF019BDE
:10CE00001BBA4AF8043FCA45F3D14FF044343146C7
:10CE100028460422009404F00BFF019B0094A7F124
:10CE200008021BBA48F8023031462846042204F0B2
:10CE3000FFFE019B043F1BBA48F8073004F0B8FE20
:10CE400002B0BDE8F08700BFF0B5584A1378012B57
:10CE500083B049D004460D4604F0AEFE202301A95C
:10CE6000684601228DF8003004F0E2FE230A01A991
:10CE7000684602228DF800308DF8014004F0D8FE9B
:10CE8000A4F5805404F094FE04F096FE2D230122B4
:10CE900001A968468DF80030A4B204F0C9FE42F240
:10CEA00014029442EBB20ED9C5F3072501A96846D6
:10CEB00002228DF800508DF8013004F0B9FE04F024
:10CEC00077FE03B0F0BD2E0E2C0C01A92D0A68468A
:10CED00004228DF803308DF800608DF801408DF844
:10CEE000025004F0A5FEEAE7B0F5085F2ED25769BC
:10CEF00080085FFA80FC7FB1166933789C452AD0A0
:10CF0000341D002302E03578AC4524D001339F4224
:10CF1000264604F10404F6D1D6685468F319A342F6
:10CF200080B234D36FF0030595619C422BD9000683
:10CF300021F07F4100F0FE4341F0004190680B4337
:10CF400040F82630D3680133D360BAE76FF00403AA
:10CF5000936103B0F0BDD46833685568274461F32A
:10CF60001F23AF4233600ED2000621F07F4100F054
:10CF7000FE4341F0004190680B4340F82430D368F1
:10CF80000133D3609DE76FF00303936199E7136961
:10CF90001D1F156103F8040C53F8045C013761F39D
:10CFA0001F2543F8045CF3195761BEE7F49B00208A
:10CFB00070B53D4E3378012B82B0044642D004F068
:10CFC000FBFD202501A9684601228DF8005004F0E0
:10CFD0002FFE01A968460222ADF8005004F028FE99
:10CFE00004F0E6FD04F0E8FD6D2301A96846012286
:10CFF0008DF80030002504F01BFE01A968460122CF
:10D000008DF8005004F014FE01A968460422009532
:10D0100004F00EFE019D2DBA04F0CAFDA20644BF25
:10D0200024F0200425F02005230344BF25F4002527
:10D0300024F4002444EA05014FF40050FFF704FFF4
:10D0400002B070BD756965B131690B78C3B10A1D55
:10D05000002302E00878043290B10133AB4211465C
:10D06000F8D14FF40050FFF7C7FA7269F36871689E
:10D0700013448B42054607D36FF00303B361CDE73A
:10D080000D68C5F31725C9E733690021181F306102
:10D0900003F8041C53F8041C013265F31F2143F804
:10D0A000041C7261BAE700BFF49B0020F8B58A4CFB
:10D0B0000546042143F20400FFF7C6FE2378012B46
:10D0C00000F090804FF40050FFF796FA40F4803162
:10D0D00041F480714FF40050FFF7B6FE6FF0030685
:10D0E000012004F075FD2378012B1ED043F21400BB
:10D0F000FFF782FA10F0040737D12B685A1CEFD0E3
:10D10000013B2B60002BEBD12378012B38D04FF45F
:10D110000050FFF771FA20F4803121F480714FF450
:10D120000050FFF791FE3846F8BD67697FB121696D
:10D130000B78052B43D00A1D002302E00878052850
:10D140003DD001339F42114602F10402F6D143F271
:10D150001400FFF751FA6269E368616813448B4277
:10D1600031D310F00407A661C7D02378012B58D023
:10D170004FF40250FFF740FA2378012B0746C6D13F
:10D18000656975B121690B78002B6BD00A1D0023EE
:10D1900003E008780432002864D001339D42114630
:10D1A000F7D14FF40050FFF727FA6269E36861682E
:10D1B00013448B4262D36FF00303A361ABE70868AB
:10D1C000C0F3172096E7236905211F1F276103F885
:10D1D000041C53F8041C013260F31F2143F8041CA3
:10D1E000626187E7666976B121690B78002B3DD0D3
:10D1F0000A1D002303E008780432002836D00133EA
:10D20000B3421146F7D14FF40050FFF7F5F96269C8
:10D21000E368616813448B423FD36FF00303A3615B
:10D2200054E765697DB121690B78202B22D00A1D56
:10D23000002302E0087820281CD001339D421146CB
:10D2400002F10402F6D14FF40250FFF7D5F96269FA
:10D25000E368616813448B4207462DD36FF00303E4
:10D26000A36151E70868C0F3172054E70868C0F3CA
:10D2700017202BE70F68C7F3172783E723690021DF
:10D280001D1F256103F8041C53F8041C013260F3D0
:10D290001F2143F8041C62613DE7236900211E1F22
:10D2A000266103F8041C53F8041C013260F31F21AB
:10D2B00043F8041C626109E723692021181F2061DB
:10D2C00003F8041C53F8041C013267F31F2143F8D0
:10D2D000041C626118E700BFF49B00202DE9F041B7
:10D2E0001F4C2378012B03D0BDE8F041FFF784B930
:10D2F00066694FEA900884465FFA88F77EB1216933
:10D300000B789F4219D00A1D002302E00D78AF422E
:10D3100013D001339E42114602F10402F6D1604659
:10D32000FFF76AF96269E368616813448B4209D3C5
:10D330006FF00303A361BDE8F0810868C0F3172014
:10D34000BDE8F0812369191F216103F8048C53F8AB
:10D35000041C013260F31F2143F8041C6261EAE7F8
:10D36000F49B00202DE9F0479EB0934F9349702223
:10D3700002A823F0D6FE0023FB60C7E905333B700B
:10D3800002AD04F015FC0DF1780838784FF0200953
:10D3900010E0C6F30726022201A968468DF8006056
:10D3A0008DF8013004F044FC04F002FC38780835B4
:10D3B000A8457AD001282C886E6839D004F0FCFB8F
:10D3C000012201A968468DF8009004F031FC230A7F
:10D3D000022201A968468DF800308DF8014004F062
:10D3E00027FCA4F5805404F0E3FB04F0E5FB2D23B7
:10D3F000012201A968468DF80030A4B204F018FC9F
:10D4000042F214029442F3B2C3D804224FEA166CDB
:10D41000340C0DEB0201360A68468DF803308DF8A6
:10D4200000C08DF801408DF8026004F001FCBBE7FC
:10D43000B4F5085F4AD2D7F814E0A4085FFA84FA7A
:10D44000BEF1000F10D039690B789A4542D00A1D01
:10D45000002303E091F800C0E2453BD0013373455F
:10D46000114602F10402F5D1F9687A6801EB0E0366
:10D470009342A4B247D23B69181F386103F8044CA9
:10D4800053F8040C0EF1010E66F31F2043F8040C50
:10D4900001EB0E039A42C7F814E039D808356FF053
:10D4A0000303A845BB61387884D101284AD040F2F3
:10D4B0000440FFF7A1F8A0F5AA43013B012B3BD99B
:10D4C000B0F5AA4F5ED01EB0BDE8F0876FF0040340
:10D4D000BB616CE7D7F80CC00B687A68E64466F36A
:10D4E0001F2396450B6023D2240626F07F4604F0C6
:10D4F000FE4346F00046BA68334342F82C30FB68DE
:10D500000133FB6053E76FF003009A42B861C5D95D
:10D51000240626F07F4604F0FE4346F00046BA6833
:10D520003878334342F82130FB680133FB603EE733
:10D530006FF00303BB613AE7214B01221A701EB062
:10D54000BDE8F0877C697CB139690B78012B1FD06D
:10D550000A1D002302E00878012819D001339C42FB
:10D56000114602F10402F6D140F20440FFF744F8FC
:10D570007A69FB68796813448B420DD36FF003031B
:10D58000BB6198E70E4B00221A701EB0BDE8F08711
:10D590000868C0F317208EE73B6901211C1F3C611E
:10D5A00003F8041C53F8041C013260F31F2143F8F4
:10D5B000041C7A617FE700BFF49B002098410500BE
:10D5C00008750020F0B5494F3B78012B83B0054624
:10D5D0000E4659D004F0F0FA202401A96846012231
:10D5E0008DF8004004F024FB01A968460222ADF842
:10D5F000004004F01DFB04F0DBFA04F0DDFA6D23BB
:10D6000001A9684601228DF80030002404F010FBC7
:10D6100001A9684601228DF8004004F009FB01A928
:10D6200068460422009404F003FB019C24BA04F031
:10D63000BFFA012E05F0200313D06BB92B0344BFB2
:10D6400044F4002425F4002524EA05014FF4005099
:10D65000FFF7FAFB03B0F0BD44F0200425F02005ED
:10D66000ECE71BB124F0200425F020052A0344BF79
:10D6700024F4002425F4002545EA04014FF4005069
:10D68000FFF7E2FB03B0F0BD7C6964B139690B7848
:10D69000C3B10A1D002302E00878043290B10133BF
:10D6A000A3421146F8D14FF40050FEF7A5FF7A6966
:10D6B000FB68796813448B42044607D36FF0030379
:10D6C000BB61B6E70C68C4F31724B2E73B690021DD
:10D6D000181F386103F8041C53F8041C013264F36A
:10D6E0001F2143F8041C7A61A3E700BFF49B0020CC
:10D6F0001F4B1A78012A36D070B582B040EA8104F7
:10D7000004F05AFA01A96846202301228DF800305E
:10D7100004F08EFA01A968464FF222030222ADF806
:10D72000003004F085FA04F043FA04F045FA01A948
:10D7300068462D2301228DF80030260E04F078FA79
:10D74000250C230A01A9684604228DF802308DF8C1
:10D7500003408DF800608DF8015004F069FA04F080
:10D7600027FA02B070BD6FF004029A61704700BFE3
:10D77000F49B002070B5644D2B78012B04465DD0DE
:10D780004FF40050FEF738FF237820F020010BB94A
:10D7900041F020014FF40050FFF756FB2B78012B8E
:10D7A0006AD04FF40650FEF727FF01466378012B3D
:10D7B000A37808BF41F00101012BE37808BF41F0D5
:10D7C0001001012B237908BF41F00401012B637A7A
:10D7D00008BF41F02001012BA37A08BF41F48071FA
:10D7E000012BE37A08BF41F00201012B237B08BF24
:10D7F00041F00801012B4FF4065008BF41F04001F1
:10D80000FFF722FBA3796579E179002B1FBF042480
:10D8100005220123002001BF062407220323022042
:10D82000002D1CBF2246034601290CBF1146194694
:10D8300042F25000BDE87040FFF706BB6E696EB162
:10D8400029690B78002B38D00A1D002302E00878E4
:10D85000043290B30133B3421146F8D14FF4005073
:10D86000FEF7CAFE6A69EB68696813448B422CD3E1
:10D870006FF00303AB6187E76E697EB129690B78AE
:10D88000602B1ED00A1D002302E00878602818D003
:10D8900001339E42114602F10402F6D14FF40650C4
:10D8A000FEF7AAFE6A69EB68014668681344834282
:10D8B0001AD36FF00303AB6178E70868C0F3172051
:10D8C00062E70968C1F3172170E72B6900211E1F69
:10D8D0002E6103F8041C53F8041C013260F31F216D
:10D8E00043F8041C6A614FE72B6960201E1F2E61FC
:10D8F00003F8040C53F8040C013261F31F2043F8C1
:10D90000040C6A6152E700BFF49B002070B5044626
:10D9100082B042F250102168FFF796FA616842F235
:10D920005810FFF791FAA16842F25410FFF78CFAF1
:10D9300042F25C10E168FFF787FA3E480378012B5A
:10D940002AD004F039F9202301A9684601228DF874
:10D95000003004F06DF94FF4426301A968460222D9
:10D96000ADF8003004F064F904F022F904F024F971
:10D970002D2301A9684601228DF8003004F058F9E2
:10D980004FF4807301A968460422009304F050F913
:10D9900004F00EF902B070BD45697DB101690B78E4
:10D9A000032B28D00A1D002302E00C78032C22D080
:10D9B00001339D42114602F10402F6D1C16842686A
:10D9C0004B1993422AD2036903241E1F066103F8F0
:10D9D000044C53F8044C4FF48036013566F31F2491
:10D9E00043F8044C4B1945619A421BD86FF003036E
:10D9F000836102B070BDC2680B6844684FF4803622
:10DA0000154466F31F23A5420B60EFD283680A49D1
:10DA100043F82210C3680133C360BBE76FF003040F
:10DA20008461E1E78368044A43F82120C368013335
:10DA3000C360AFE7F49B0020000001830368022B62
:10DA400010B5044639D0032B18D0016B42F24800C0
:10DA5000FFF7FAF9237960792168012B0BBF302396
:10DA6000102320220022012818BF134643EA410157
:10DA700042F21400BDE81040FFF7E6B9816842F2B7
:10DA80001800FFF7E1F9E16842F21C00FFF7DCF94A
:10DA9000216942F22000FFF7D7F9616942F22800BC
:10DAA000FFF7D2F9A16942F22400FFF7CDF9E1694D
:10DAB00042F22C00FFF7C8F9CCE7016A42F23000CD
:10DAC000FFF7C2F9616A42F23C00FFF7BDF9A16AB3
:10DAD00042F23800FFF7B8F9E16A42F23400FFF78A
:10DAE000B3F9B7E70269F0B50446D0E90501012AA8
:10DAF0000CBF4FF48052002241F201034FEA410172
:10DB000018BF0123012818BF134601F4FF71194300
:10DB100087B042F21000FFF797F9236E033B082B02
:10DB20001FD8636E052B1CD8216D42F2FC00FFF755
:10DB30008BF9D4E9151294F85C3041EA4211012BBB
:10DB400008BF41F0100142F2F000FFF77DF9D4E97F
:10DB500018560A2D4CD9F821314342F2F800FFF74C
:10DB600073F9216842F25010FFF76EF9616842F2D2
:10DB70005810FFF769F9A16842F25410FFF764F9F1
:10DB800042F25C10E168FFF75FF950480378012B1F
:10DB900034D004F011F8202302A901A801228DF845
:10DBA000043004F045F84FF4426302A901A80222B0
:10DBB000ADF8043004F03CF803F0FAFF03F0FCFF8A
:10DBC0002D2302A901A801228DF8043004F030F8B9
:10DBD0004FF4807302A901A80422019304F028F8ED
:10DBE00003F0E6FF04F11C00FFF728FF07B0F0BDCB
:10DBF000022D36D905F10801C900ADE746697EB1AD
:10DC000001690B78032B41D00A1D002302E00D7837
:10DC1000032D3BD001339E42114602F10402F6D19E
:10DC2000C16842688B19934243D2036903251F1FC1
:10DC3000076103F8045C53F8045C4FF48037013645
:10DC400067F31F2543F8045C8B1946619A4234D868
:10DC50006FF00303836104F11C00FFF7EFFE07B0D0
:10DC6000F0BD1B4B0FCB02AF07C727F8023B042EBA
:10DC70004FEA13433B703FF66EAF05EB850306AAF0
:10DC80001344334413F8101CC90065E7C2680B68DD
:10DC900045684FF48037164467F31F23AE420B608C
:10DCA000D6D283680B4943F82210C3680133C3609E
:10DCB00098E76FF003058561C8E78368054A43F874
:10DCC0002120C3680133C3608CE700BFF49B0020B0
:10DCD00008420500000001831B4B1B78012B06D076
:10DCE000F5EE400AF1EE10FA1AD100207047F5EE79
:10DCF000400AF1EE10FAF8D0DFED147A20EE270A90
:10DD0000B6EE007AC0EE207A6FF07F4377EE877A26
:10DD1000FCEEE77A17EE900A984228BF1846704743
:10DD2000DFED0B7A0B4B20EE270AB6EE007AC0EE41
:10DD3000207A77EE877AFCEEE77A17EE900A98421F
:10DD400028BF1846704700BF087500200000804EAD
:10DD50000000804CFFFF0F00D0E9011370B50446AE
:10DD6000C568227E40691B0143EA811141EAC50171
:10DD700041EA80010AB941F00101637E0BB941F02B
:10DD800002012368002B40D042F23410FFF75CF808
:10DD9000217F638B01F03F01C3F30B0343EA0131A1
:10DDA00042F22C10FFF750F8216942F2301041F096
:10DDB0002001FFF749F894F8383094F83900226BC5
:10DDC000002B0BBF0223002303210121002818BFD1
:10DDD0001946D4E90A36042AD4E908050CBF41F0F3
:10DDE000040241EAC202990241EA461141EA453180
:10DDF000114310B342F2E800FFF726F8616B42F2DC
:10DE0000E000BDE87040FFF71FB842F22810FFF7AE
:10DE10001BF8217F638B01F03F01C3F30B0343EA3F
:10DE2000013142F22010FFF70FF8216942F224106D
:10DE300041F02001FFF708F8BDE742F2EC00FFF7E0
:10DE400003F8616B42F2E400BDE87040FEF7FCBFEE
:10DE500038B5D0E901130446C568227E40691B012C
:10DE600043EA811141EAC50141EA80010AB941F062
:10DE70000101637E0BB941F002012368C3B142F294
:10DE80003410FEF7E1FF217F638B01F03F01C3F304
:10DE90000B0343EA013142F22C10FEF7D5FF216952
:10DEA00042F2301041F02001BDE83840FEF7CCBF0F
:10DEB00042F22810FEF7C8FF217F638B01F03F017B
:10DEC000C3F30B0343EA013142F22010FEF7BCFF1B
:10DED000216942F2241041F02001BDE83840FEF7EC
:10DEE000B3BF00BFD0E9012301681B0470B543EA4A
:10DEF0000223904D1943044642F2A810FEF7A4FFF6
:10DF00002B78012B7ED042F24400FEF775FB237F75
:10DF1000A1696269012B00F08000637F41EA000182
:10DF200008BF41F01001012BD4E903304FEA03335D
:10DF300043EA002343EA823308BF41F0400119431A
:10DF400042F24400FEF780FFA37F002B44D1218CD6
:10DF500042F2A800FEF778FF618C42F2AC00FEF7B7
:10DF600073FFA18C42F2B000FEF76EFFE18C42F22B
:10DF7000B400FEF769FF2B78012B63D042F2440016
:10DF8000FEF73AFBE36A032B34D020F0800142F223
:10DF90004400FEF759FFE16A0905A26A94F830309F
:10DFA00041EA0211012B08BF41F0010142F2D00009
:10DFB000FEF74AFFD4E90D3294F83C10DB0143EA46
:10DFC0000213012914BF194643F0010142F2C410A3
:10DFD000BDE87040FEF738BF2B78012B5AD04FF4C4
:10DFE0000050FEF709FB40F480314FF40050FEF77B
:10DFF0002BFFACE740F0800142F24400FEF724FF23
:10E000000021CAE76E697EB129690B78112B3DD0DA
:10E010000A1D002302E00878112837D001339E4200
:10E02000114602F10402F6D142F24400FEF7E4FA8E
:10E030006A69EB68696813448B4258D36FF0030335
:10E04000AB6164E76E697EB129690B78112B19D039
:10E050000A1D002302E00878112813D00133B342CF
:10E06000114602F10402F6D142F24400FEF7C4FA6E
:10E070006A69EB68696813448B4229D36FF0030324
:10E08000AB617FE70868C0F317207BE70868C0F33F
:10E0900017203CE76E696EB129690B78002B35D0EB
:10E0A0000A1D002302E00878043278B301339E424F
:10E0B0001146F8D14FF40050FEF79EFA6A69EB68FA
:10E0C000696813448B4225D36FF00303AB618AE781
:10E0D0002B6911211E1F2E6103F8041C53F8041C28
:10E0E000013260F31F2143F8041C6A614AE72B697F
:10E0F00011211E1F2E6103F8041C53F8041C013269
:10E1000060F31F2143F8041C6A6100E70868C0F34C
:10E11000172068E72B6900211E1F2E6103F8041CDD
:10E1200053F8041C013260F31F2143F8041C6A6198
:10E1300059E700BFF49B0020F0B53C4F3B78012B22
:10E1400083B005460E463DD003F036FD202301A9DD
:10E15000684601228DF8003003F06AFD4AF621037B
:10E1600001A968460222ADF8003003F061FD03F01A
:10E170001FFD03F021FD6D2301A9684601228DF8E2
:10E180000030002403F054FD01A9684601228DF8F7
:10E19000004003F04DFD684601A90422009403F0FD
:10E1A00047FD019804BA03F003FD24F4F95424F068
:10E1B0001F0445EA0621214342F2A810FEF744FE5F
:10E1C00003B0F0BD7C697CB1386903786A2B1AD042
:10E1D000021D002302E001786A2914D00133A34212
:10E1E000104602F10402F6D142F2A810FEF704FA3A
:10E1F0007A69FB68796813448B42044607D36FF051
:10E200000303BB61D1E70468C4F31724CDE73B697E
:10E210006A21181F386103F8041C53F8041C0132EA
:10E2200064F31F2143F8041C7A61BEE7F49B0020CD
:10E2300070B5314D0446002142F20800FEF704FE9D
:10E240002B78012B24D042F2D810FEF7D5F9D4E96F
:10E2500001139B0143EA412100F03F00014342F2D8
:10E26000D810FEF7F1FD216942F2E0100904FEF733
:10E27000EBFD2378E168012B14BF00234FF400630A
:10E2800043EA413142F20800BDE87040FEF7DCBDD0
:10E290006E697EB129690B78762B19D00A1D00238F
:10E2A00002E00878762813D001339E42114602F12D
:10E2B0000402F6D142F2D810FEF79EF96A69EB68C3
:10E2C000696813448B4207D36FF00303AB61BEE769
:10E2D0000868C0F31720BAE72B6976211E1F2E614C
:10E2E00003F8041C53F8041C013260F31F2143F8A7
:10E2F000041C6A61ABE700BFF49B0020012914BF36
:10E3000000214FF4006141EA403142F20800FEF77B
:10E310009BBD00BF30B5374D2B78012B83B032D079
:10E3200003F04AFC202301A9684601228DF8003041
:10E3300003F07EFC222301A968460222ADF80030DA
:10E3400003F076FC03F034FC03F036FC6D2301A9E6
:10E35000684601228DF80030002403F069FC01A911
:10E36000684601228DF8004003F062FC01A968466E
:10E370000422009403F05CFC019C24BA03F018FC16
:10E38000200C03B030BD6C697CB129690B78802BFF
:10E390001AD00A1D002302E00878802814D0013327
:10E3A000A342114602F10402F6D14FF40850FEF7E1
:10E3B00023F96A69EB68696813448B42044609D300
:10E3C0006FF00303AB61DBE70C68C4F31724200C88
:10E3D00003B030BD2B698021181F286103F8041C8D
:10E3E00053F8041C013264F31F2143F8041C6A61D2
:10E3F000C6E700BFF49B0020F8B5544C2378012BEE
:10E4000005465BD042F20800FEF7F6F8064600210A
:10E4100042F20800FEF718FD2378012B2ED042F2BD
:10E42000D810FEF7E9F8296820F03F0041F0080114
:10E43000014342F2D810FEF707FDEB799BB92B7927
:10E44000A968A3F10103B3FA83F35B0943EA01214D
:10E4500042F20400FEF7F8FC314642F20800BDE843
:10E46000F840FEF7F1BC002142F20400FEF7ECFC9C
:10E47000002142F26400FEF7E7FCE0E767697FB144
:10E4800021690B78762B3AD00A1D002302E0087828
:10E49000762834D001339F42114602F10402F6D1AE
:10E4A00042F2D810FEF7A8F86269E3686168134485
:10E4B0008B422CD36FF00303A361B4E766697EB18E
:10E4C00021690B78022B1ED00A1D002302E0087878
:10E4D000022818D001339E42114602F10402F6D1FF
:10E4E00042F20800FEF788F86269E3686168134445
:10E4F0008B4206461AD36FF00303A36187E70868CF
:10E50000C0F317208FE70E68C6F317267FE723694D
:10E5100076211F1F276103F8041C53F8041C0132E5
:10E5200060F31F2143F8041C62617CE72369022128
:10E53000181F206103F8041C53F8041C013266F311
:10E540001F2143F8041C626161E700BFF49B0020B7
:10E5500070B53B4E3378012B82B005463CD003F0BA
:10E560002BFB202301A9684601228DF8003003F01F
:10E570005FFB4FF4846301A968460222ADF80030C6
:10E5800003F056FB03F014FB03F016FB6D2301A907
:10E59000684601228DF80030002403F049FB01A9F0
:10E5A000684601228DF8004003F042FB01A968464D
:10E5B0000422009403F03CFB019C24BA03F0F8FA17
:10E5C000012D0CBF44F0010124F0010142F20400CE
:10E5D000FEF73AFC02B070BD74697CB131690B780A
:10E5E000012B1AD00A1D002302E00878012814D05C
:10E5F0000133A342114602F10402F6D142F20400B3
:10E60000FDF7FAFF7269F368716813448B420446A0
:10E6100007D36FF00303B361D2E70C68C4F3172488
:10E62000CEE733690121181F306103F8041C53F849
:10E63000041C013264F31F2143F8041C7261BFE71C
:10E64000F49B0020032800D97047012181404FF43A
:10E650008660FEF7F9BB00BF2DE9F04F044683B09A
:10E66000871801F1040A934D6FF003084FF01C095D
:10E670006CE003F0A1FA202301A9684601228DF87D
:10E68000003003F0D5FA4DF2214301A96846022279
:10E69000ADF8003003F0CCFA03F08AFA03F08CFAFC
:10E6A0002D2301A9684601228DF80030260C03F0C5
:10E6B000BFFA4FEA146C230A01A9684604228DF8B8
:10E6C00000C08DF802308DF803408DF8016003F032
:10E6D000AFFA03F06DFA2B785AF8046C012B5CD07A
:10E6E00003F06AFA202301A9684601228DF8003060
:10E6F00003F09EFA47F2200301A968460222ADF812
:10E70000003003F095FA03F053FA03F055FA2D2385
:10E7100001A9684601228DF8003003F089FA4FEA1A
:10E72000166E4FEA164C330A01A9684604228DF88A
:10E7300000E08DF801C08DF802308DF8036003F021
:10E7400077FA03F035FA01340AF1040AA74249D0F6
:10E750002B78012B8DD16B697BB128690278752AE2
:10E7600055D0011D002202E00678752E4FD00132EF
:10E770009A42084601F10401F6D1E8686968C218B6
:10E780008A4268D39142C5F8188077D82B78C5F8AB
:10E790001880012B5AF8046CA2D16B69D5F80CC013
:10E7A000D5F804E0002B44D0286902781C2A1CD03C
:10E7B000011D002204E090F800B0BBF11C0F14D042
:10E7C00001329A42084601F10401F4D102EB0C0136
:10E7D0008E4532D8C5F81880634473450CD3C5F80C
:10E7E0001880B0E703B0BDE8F08F0268634466F3B9
:10E7F0001F2273450260F2D2AB6826F07F4646F0D6
:10E800001C4643F82C60EB680133EB609BE7026821
:10E81000D5F80CC0D5F804E064F31F2202600CEBBD
:10E820000302724535D3C5F818805AF8046C002BE2
:10E83000BAD161468E451A46CCD929690B1F2B6186
:10E8400001F8049C51F8040C531C66F31F2041F896
:10E85000040C6B61C0E72A697526A2F1040CC5F8A7
:10E8600010C002F8046C52F8046C013364F31F26E4
:10E8700042F8046CC21891426B6187D924F07F433F
:10E88000AA6843F0754342F82030EB680133EB602F
:10E8900021E7AA6824F07F4343F0754342F82C3007
:10E8A000EA686B69D5F804E002F1010CC5F80CC008
:10E8B000BBE700BFF49B0020036870B50446032B40
:10E8C0000BD8DFE803F002261A0ED0E9013142F23C
:10E8D000CC1043EA0141FEF7B7FA237B012B23D08A
:10E8E00070BDD0E9013142F2E41043EA0141FEF784
:10E8F000ABFA237B012BF3D116E0D0E9013142F2D0
:10E90000D01043EA0141FEF79FFA237B012BE7D1A8
:10E910000AE0D0E9013142F2E81043EA0141FEF792
:10E9200093FA237B012BDBD1D4E901362569002E34
:10E93000D6D01E44194642F2D4105C1CFEF784FA6D
:10E9400055F8041B42F27000FEF77EFAA6422346F9
:10E95000F0D170BDF0B5444D2B78012B83B033D08E
:10E96000044603F029F9202301A9684601228DF805
:10E97000003003F05DF945F2204301A96846022208
:10E98000ADF8003003F054F903F012F903F014F974
:10E990002D2301A9684601228DF80030260E03F0D0
:10E9A00047F9250C230A01A9684604228DF8023094
:10E9B0008DF803408DF800608DF8015003F038F9B0
:10E9C00003F0F6F803B0F0BD6E697EB129690B78EB
:10E9D000152B26D00A1D002302E00C78152C20D020
:10E9E00001339E42114602F10402F6D1E9686A68D9
:10E9F0008B19934229D22B6915241F1F2F6103F80D
:10EA0000044C53F8044C013660F31F2443F8044CC3
:10EA10008B196E619A421CD86FF00303AB6103B08F
:10EA2000F0BDEA680B686C68164460F31F23A642C9
:10EA30000B60F1D2AB6820F07F4040F0154043F806
:10EA40002200EB680133EB60BCE76FF00304AC61BC
:10EA5000E0E7AB6820F07F4040F0154043F821002C
:10EA6000EB680133EB60ADE7F49B002070B5044622
:10EA700040F60800A18EFEF7E7F9E18E40F60C00A3
:10EA800001F00F01FEF7E0F9A18C4FF40160FEF7F1
:10EA9000DBF9E18C40F6140001F00F01FEF7D4F928
:10EAA000218F40F61800FEF7CFF9618F40F61C0069
:10EAB00001F00F01FEF7C8F9218D4FF40260FEF757
:10EAC000C3F9618D40F6240001F00F01FEF7BCF997
:10EAD000A18F40F62800FEF7B7F9E18F40F62C0031
:10EAE00001F00F01FEF7B0F9A18D4FF40360FEF7BE
:10EAF000ABF9E18D40F6340001F00F01FEF7A4F907
:10EB0000B4F8401040F63800FEF79EF9B4F8421011
:10EB100040F63C0001F00F01FEF796F9218E4FF40C
:10EB20000460FEF791F9618E40F6440001F00F0198
:10EB3000FEF78AF9012140F61C20FEF785F9D4E999
:10EB40000235D4E9042061689B002D0105F03005F1
:10EB500003F00C032B43960101F00305A169E26960
:10EB60002B430002F6B21E43256A00F4407389026B
:10EB7000334301F4406112031943AD0302F44052E0
:10EB80000A43A9B2114340F60400FEF75DF994F878
:10EB900044302168A3F10103B3FA83F35B0943EA2C
:10EBA00041014FF40060BDE87040FEF74DB900BF71
:10EBB00070B53C4E3378012B82B0054641D002F04F
:10EBC000FBFF202301A9684601228DF8003003F0E5
:10EBD0002FF8082301A968460222ADF8003003F09F
:10EBE00027F802F0E5FF02F0E7FF6D2301A9684670
:10EBF00001228DF80030002403F01AF801A96846BC
:10EC000001228DF8004003F013F8684601A90222A2
:10EC1000ADF8004003F00CF89DF804009DF80540A5
:10EC200044EA002402F0C4FF4FF6FE712140012D9A
:10EC300008BF41F001014FF40060FEF705F902B092
:10EC400070BD746964B131690B78C3B10A1D0023CA
:10EC500002E00878043290B10133A3421146F8D1A2
:10EC60004FF40060FDF7C8FC7269F36871681344E3
:10EC70008B42044607D36FF00303B361D4E70C68FB
:10EC8000C4F31724D0E733690021181F306103F85B
:10EC9000041C53F8041C013264F31F2143F8041CC4
:10ECA0007261C1E7F49B00202DE9F843C44C23783E
:10ECB000012B05463FD04FF42160FDF79DFC064631
:10ECC000EB7C012B00F030812B7C012B00F0968037
:10ECD000AB7C012B53D0D5E902139B0103F4707375
:10ECE00001F03F0119434FF48160FEF7ADF80A20AF
:10ECF00002F06EFFD5E9003140F2144043EA810191
:10ED0000FEF7A2F8EB7C0BB926F004062B7C0BB9BE
:10ED100026F00206AB7C0BB926F001064CF6143146
:10ED200040F60C20FEF790F831464FF42160BDE824
:10ED3000F843FEF789B866698EB121690B78842B98
:10ED400000F090810A1D002303E00878842800F079
:10ED500089810133B342114602F10402F5D14FF427
:10ED60002160FDF749FC6269E368616813448B42E6
:10ED70000646C0F07F816FF00303A361A0E74CF665
:10ED8000143140F60C2046F00106FEF75DF83146DE
:10ED90004FF42160FEF758F86FF003074FF0840836
:10EDA00005E04FF42160FDF727FCC30593D42378D9
:10EDB000012BF6D1D4F814C0BCF1000F11D0216999
:10EDC0000B78842B00F04A810A1D002303E00878A9
:10EDD000842800F0438101339C45114602F104026E
:10EDE000F5D14FF42160FDF707FC6169E3686268C3
:10EDF0000B449342C0F0E680A761D6E74CF614318D
:10EE000040F60C2046F00206FEF71EF831464FF49D
:10EE10002160FEF719F86FF003074FF0840805E052
:10EE20004FF42160FDF7E8FB800527D42378012B00
:10EE3000F6D1D4F814C0BCF1000F11D021690B78C1
:10EE4000842B00F003810A1D002303E00878842846
:10EE500000F0FC8001339C45114602F10402F5D11B
:10EE60004FF42160FDF7C8FB6169E36862680B44F9
:10EE70009342C0F0B5808005A761D7D56B7C012B8C
:10EE80004FF4826000F0BA80FEF728FA430847008A
:10EE900007F4007703F480733B43C0B240EA0307F2
:10EEA00047F020014FF48260FDF7CEFF42F2BC0034
:10EEB000FEF714FA40F0040142F2BC00FDF7C4FF73
:10EEC0006FF003084FF0840906E04FF42160FDF76E
:10EED00093FB820500F1B3802378012BF5D1D4F8A0
:10EEE00014C0BCF1000F11D021690B78842B00F005
:10EEF000BD800A1D002303E00878842800F0B68056
:10EF000001339C45114602F10402F5D14FF4216012
:10EF1000FDF772FB6169E36862680B449342C0F0DD
:10EF2000B880C4F81880D4E74CF6143140F60C20B1
:10EF300046F00406FDF788FF31464FF42160FDF7E7
:10EF400083FF6FF003074FF0840806E04FF4216061
:10EF5000FDF752FB43053FF5B7AE2378012BF5D102
:10EF6000D4F814C0BCF1000F0FD021690B78842BAA
:10EF700070D00A1D002302E0087884286AD001338B
:10EF80009C45114602F10402F6D14FF42160FDF7D1
:10EF900033FB6169E36862680B44934201D3A76164
:10EFA000D8E723691A1F226103F8048C53F8042C54
:10EFB000013160F31F2243F8042C6161CAE700BFEE
:10EFC000F49B002023691A1F226103F8048C53F874
:10EFD000042C013160F31F2243F8042C6161E4E644
:10EFE00023691A1F226103F8048C53F8042C0131A1
:10EFF00060F31F2243F8042C616115E7FEF76EF9F8
:10F000004708430003F4007307F480771F43C0B23E
:10F01000074347F020014FF48260FDF715FF42F2ED
:10F02000BC00FEF75BF920F0040142F2BC00FDF7E2
:10F030000BFF4FF42160FEF751F98105F9D527F058
:10F0400020014FF48260FDF7FFFE41E60868C0F33F
:10F050001720E9E60868C0F317207BE70868C0F3CB
:10F060001720A2E60E68C6F3172629E60868C0F343
:10F0700017202EE723698421181F206103F8041C40
:10F0800053F8041C013266F31F2143F8041C62612B
:10F0900016E623691A1F226103F8049C53F8042C16
:10F0A000013160F31F2243F8042C616111E700BFB6
:10F0B0002DE9F84FDFF8C88098F80040012840F6A5
:10F0C000024343F2080043F20C0640F6034517BF23
:10F0D00006464FF0030B4FF0020B1D46012C8946EC
:10F0E00092460ED03046FDF787FABAF1010F0CBFF9
:10F0F00049EA000120EA09013046BDE8F84FFDF772
:10F10000A3BED8F814109D420CBF0225032581B17F
:10F11000D8F810703B789D421CD03C1D002302E0C3
:10F120003A78954216D001339942274604F10404F7
:10F13000F6D13046FDF760FAD8F81410D8F80C3044
:10F14000D8F804200B44934208D36FF00303C8F8A7
:10F150001830CAE73868C0F31720C6E7D8F810306F
:10F160001A1FC8F8102003F804BC53F8042C01310E
:10F1700060F31F2243F8042CC8F81410B5E700BF51
:10F18000F49B00201E4B1A78012A35D070B582B04E
:10F19000044602F011FD01A96846202301228DF8E2
:10F1A000003002F045FD01A968464FF48663022253
:10F1B000ADF8003002F03CFD02F0FAFC02F0FCFC7D
:10F1C00001A968462D2301228DF80030260E02F099
:10F1D0002FFD250C230A01A9684604228DF8023070
:10F1E0008DF803408DF800608DF8015002F020FD8D
:10F1F00002F0DEFC02B070BD6FF004029A6170474D
:10F20000F49B00202DE9F843284E3278002843F281
:10F21000140540F6044343F2100040F6054419BFBC
:10F2200028464FF005094FF004091C46012A88467C
:10F2300008D0FDF7E1F918EA000F14BF0120002003
:10F24000BDE8F88371699C420CBF0424052479B1A0
:10F2500035692B789C4217D02A1D002302E02F78B5
:10F26000BC4211D001339942154602F10402F6D195
:10F27000FDF7C2F97269F368716813448B4207D3D2
:10F280006FF00303B361D6E72868C0F31720D2E715
:10F290003369191F316103F8049C53F8041C0132CF
:10F2A00060F31F2143F8041C7261C4E7F49B002043
:10F2B0002DE9F041264D2A78002843F2100440F64B
:10F2C000044343F2140040F6054109BF20464FF0C5
:10F2D00005084FF004081946012A03D0BDE8F041A3
:10F2E000FDF78AB96F6999420CBF042105217FB1EE
:10F2F0002C692378994218D0221D002302E0267839
:10F30000B14212D001339F42144602F10402F6D1F9
:10F31000FDF772F96A69EB68696813448B4209D397
:10F320006FF00303AB61BDE8F0812068C0F31720E4
:10F33000BDE8F0812B69191F296103F8048C53F88B
:10F34000041C013260F31F2143F8041C6A61EAE7E0
:10F35000F49B002010B5044600202168FDF774FDE1
:10F3600061680420FDF770FDA1680C20FDF76CFDBD
:10F37000E1680820FDF768FD21691420BDE8104010
:10F38000FDF762BD014642F21810FDF75DBD00BFFA
:10F39000F0B57A4C2378012B83B055D002F00CFCE9
:10F3A000202301A9684601228DF8003002F040FCBC
:10F3B00041F6214301A968460222ADF8003002F06F
:10F3C00037FC02F0F5FB02F0F7FB2D2301A968469C
:10F3D00001228DF8003002F02BFC002301A96846C1
:10F3E0000422009302F024FC02F0E2FB2378012BBC
:10F3F00056D002F0E1FB01A96846202301228DF8D6
:10F40000003002F015FC01A9684641F621430222B2
:10F41000ADF8003002F00CFC02F0CAFB02F0CCFBAD
:10F4200001A968462D2301228DF8003002F000FC6E
:10F430004FF0807301A968460422009302F0F8FBA4
:10F4400002F0B6FB03B0F0BD63697BB120690278BE
:10F45000472A65D0011D002202E00578472D5FD0C4
:10F4600001329A42084601F10401F6D1E068616870
:10F47000C2188A426ED222694725161F266102F8F9
:10F48000045C52F8045C01336FF31F2542F8045CFE
:10F49000C2186361914265D86FF00303A361A5E7C9
:10F4A0006369E668D4F804C0002B64D0F7182069BB
:10F4B0000278472A24D0011D002202E00578472D5A
:10F4C0001ED001329342084601F10401F6D1BC4539
:10F4D0003CD921694723081F206101F8043C51F8F9
:10F4E000040C0125531965F31F2041F8040C6361D6
:10F4F00033449C450BD86FF00303A36103B0F0BD08
:10F500000368012262F31F23BC450360F3D9A3689B
:10F510001B4A43F82620E3680133E36003B0F0BDE3
:10F52000E6680268D4F804C0F7186FF31F22674535
:10F53000026013D2A3684FF0474243F82620E668E2
:10F540006369D4F804C00136E660ADE76FF00302EA
:10F55000A261CDE76FF00303A3619BE76FF00302A5
:10F56000A261A4E7A3684FF0474243F82020E36874
:10F570000133E3603AE737461A46A8E7F49B0020D8
:10F58000010000C770B5002496B03C22214607A8B0
:10F59000CDE9034405948DF8184021F0E6FD03A859
:10F5A000FEF7E8F8032142F22810FDF74DFC214652
:10F5B00042F22010FDF748FC202142F22410FDF712
:10F5C00043FC032142F2EC00FDF73EFC214642F2EF
:10F5D000E400FDF739FC3F4942F21810FDF734FC16
:10F5E000214642F21C10FDF72FFC3B490B78012B02
:10F5F0002AD002F0E1FA02A901A8202301228DF805
:10F60000043002F015FB02A901A841F621430222B1
:10F61000ADF8043002F00CFB02F0CAFA02F0CCFAAA
:10F6200002A901A82D2301228DF8043002F000FB6D
:10F630004FF0807302A901A80422019302F0F8FAA6
:10F6400002F0B6FA16B070BD4D697DB10A69137843
:10F65000472B18BF131D03D124E01078472821D071
:10F660000134AC421A4603F10403F6D1C8684A6873
:10F670004319934229D20B6947241E1F0E6103F8D8
:10F68000044C53F8044C0126354466F31F2443F818
:10F69000044C43194D619A420ED86FF003038B61FD
:10F6A00016B070BDC86813684C680126054466F33F
:10F6B0001F23A5421360F0D28B68084A43F820202C
:10F6C000CB680133CB6016B070BD6FF003048C6162
:10F6D000E1E700BFE5470A00F49B0020010000C7F6
:10F6E0002DE9F0413E4E82B0804600252027337838
:10F6F000012B05F1010541D002F05EFA012201A9BA
:10F7000068468DF8007002F093FA04230DEB0301B4
:10F7100002226846ADF8003002F08AFA02F048FA98
:10F7200002F04AFA6D23012201A968468DF80030E3
:10F73000002402F07DFA012201A968468DF80040FC
:10F7400002F076FA6846022201A9ADF8004002F004
:10F750006FFA9DF804009DF8054044EA002402F089
:10F7600027FA44F244139C4204D0B8F1000FBEDDE6
:10F77000A845BCD2284602B0BDE8F081746964B1E6
:10F7800031690B78C3B10A1D002302E00878043206
:10F7900090B10133A3421146F8D14FF48060FCF7D9
:10F7A0002BFF7169F36872680B449342044607D3D8
:10F7B0006FF00303B361D4E70C68C4F31724D0E7F8
:10F7C00033690022181F306103F8042C53F8042C0D
:10F7D000013164F31F2243F8042C7161C1E700BFBB
:10F7E000F49B002008B502F0EFF9C82002F0F0F910
:10F7F00002F0E6F94FF4FA70BDE8084002F0E8B90B
:10F800002DE9F04FB54E2DED028B05460F460FCE7C
:10F81000BFB009AC0FC40FCE0FC433682360002DF6
:10F8200000F0AD86D5ED017AF5EE407AF1EE10FAF2
:10F8300000F0A1866C69072C00F29D86002F00F075
:10F840009E8617EE900A20F07FFE0022A44B20F047
:10F85000D3FE3EAB03EB8404064654F8D40C95ED7E
:10F86000038AB8460F4620F04DFE02460B4630464E
:10F87000394620F0EBFF21F0B7F99FED9A7A07EEB9
:10F88000900AF4EEC77AF1EE10FA40F266829FED2C
:10F89000967AF4EEC77AF1EE10FA00F262849FEDE8
:10F8A000937A67EE877A4FF0010BFCEEE77A4FF020
:10F8B000000A17EE906A5E4426FA0BF68C4C40F272
:10F8C000FF722378964228BF1646012B00F09983D9
:10F8D00043F20C00FCF790FE03902378012B00F01C
:10F8E0009C8443F20C00FCF787FE40F0020143F2D7
:10F8F0000C00FDF7A9FA2378012B00F0F2824FF4F7
:10F900000050FCF779FE20F4471121F47F5141F4B7
:10F91000002141F020014FF40050FDF795FA754B9E
:10F92000002705A8CDE90537CDF81D70FDF722FFAA
:10F93000AC460DF1D8095CF8100FDFF8C8E1DCF82F
:10F940000410DCF80820DCF80C3095ED027ACDF8D4
:10F9500098B0A9E80F00DCF81000DCF81410DCF80F
:10F960001820DCF81C309EF800C0CDF89CA04FF0A9
:10F97000070ECDF8A0E04FF0010EA9E80F00F44506
:10F980004FF001004FF001014FF400724FF410638B
:10F990004FF00209D5ED007ACDF8A490CDE922010F
:10F9A000CDE924238DF8A8E08DF8A9E0B5EE407AE2
:10F9B00000F03282F1EE10FA00F03282DFED4E6A92
:10F9C0004E4A67EEA66AB6EE006AC6EE877A77EE12
:10F9D000867AFCEEE77A17EE907ABA4228BF3A466A
:10F9E000002722A8CDE93126CDE93377FEF77AF852
:10F9F0002B46DFED437A53F8380F1B979A68596806
:10FA00001A97B4EEE78AF1EE10FA1CAB07C394BF65
:10FA100001223A461423242018926A6B1393012181
:10FA20002B6B1290032612A815938DF865701F9703
:10FA3000CDE9207714918DF864108DF86610CDE92A
:10FA40001626FEF74FFA2378012B00F025834FF49A
:10FA50000050FCF7D1FD40F4881141F464614FF48B
:10FA60000050FDF7F1F92378012B00F058834FF493
:10FA70000050FCF7C1FD40F481414FF40050FDF708
:10FA8000E3F9192002F0A4F82378012B00F0258374
:10FA90004FF40050FCF7B0FD40F401414FF400502A
:10FAA000FDF7D2F96FF003062378052706E043F24D
:10FAB0001400FCF7A1FD2378820740D4012BF6D176
:10FAC000D4F814C0BCF1000F2AD021690B78052BA3
:10FAD00000F052810A1D00231CE000BF18420500FF
:10FAE0000080964000002042000048438FC2A3419E
:10FAF000F49B0020010101000000804CFFFF0F007B
:10FB00000050C34B0875002033B3CC420878052859
:10FB100000F0328101336345114602F10402F5D150
:10FB200043F21400FCF768FD6169E36862680B4406
:10FB30009342C0F0B4818207A6612378BED5012B21
:10FB400000F01E814FF40050FCF756FD20F44141B7
:10FB500021F080014FF40050FDF776F9022143F2C5
:10FB60000400FDF771F92378012B00F0268242F2A0
:10FB70007800FCF741FD81462378CDF80090012BF9
:10FB800000F0278342F27C00FCF736FD074623781D
:10FB9000012B3E4600F0868342F2A810FCF72CFDB4
:10FBA00020F4F95121F01F0141F4807141F001016D
:10FBB00042F2A810FDF748F92378012B00F0D88114
:10FBC0004FF40050FCF718FD40F481414FF4005011
:10FBD000FDF73AF9192001F0FBFF2378012B00F023
:10FBE000A2814FF40050FCF707FD40F401414FF4AF
:10FBF0000050FDF729F96FF0030A23784FF0050B49
:10FC000006E043F21400FCF7F7FC2378800727D4C2
:10FC1000012BF6D1AC4665698DB121690B78052BB6
:10FC200000F0D0800A1D002303E00878052800F0CA
:10FC3000C98001339D42114602F10402F5D143F21D
:10FC400014006546FCF7D8FC6169E36862680B4400
:10FC50009342C0F035818007C4F818A02378D7D527
:10FC6000012B00F0B4804FF40050FCF7C5FC20F4E9
:10FC7000414121F080014FF40050FDF7E5F80221E9
:10FC800043F20400FDF7E0F82378012B00F0DE8159
:10FC900042F27800FCF7B0FC83462378012BDA4669
:10FCA00000F0DD8242F27C00FCF7A6FC19F4003F74
:10FCB000034604D06FEA89326FEA92320092B903A8
:10FCC00044BF6FEA87366FEA96361BF4003F1CBFCD
:10FCD0006FEA8B3A6FEA9A3A820344BF6FEA803345
:10FCE0006FEA933307EE103A7642CAF1000AB8EE93
:10FCF000C76A07EE906A07EE10AAF8EEE77AF8EE08
:10FD0000C76A9DED007A6B6CB8EEC77A67EEA75AAA
:10FD100027EE865A66EEE77AE7EE075AE7EE067AAE
:10FD2000A7EE265A87EEA58AC5EE258AD5ED017A7B
:10FD300068EEA78A28EE278A002B73D1039BC8EDB3
:10FD4000008A13F0020488ED018A00F098800020F8
:10FD50003FB0BDEC028BBDE8F08F1FED957A67EEEA
:10FD6000877A4FF0010AFCEEE77AD34617EE906AE5
:10FD7000564426FA0AF6A1E50B6899057FF5A0AE70
:10FD8000666986B121690B78002B00F0BB820A1DE1
:10FD9000002304E008780432002800F0B382013325
:10FDA000B3421146F6D14FF40050FCF725FC6169CF
:10FDB000E36862680B449342C0F01D836FF0030355
:10FDC000A361C3E60B689D057FF525AF6546D4F8B2
:10FDD00014C0BCF1000F10D021690B78002B00F08B
:10FDE000C6820A1D002304E008780432002800F0CF
:10FDF000BE8201339C451146F6D14FF40050FCF70A
:10FE0000FBFB6169E36862680B449342C0F0A18325
:10FE10006FF00303A3612AE7F1EE10FA40F0B98115
:10FE20003A46DDE568EE087AE8EEA87A17EE900A21
:10FE300020F08AFB41EC100B1EF036FB51EC100B4E
:10FE400020F0D2FEC8F8000018EE900A20F07CFBEB
:10FE5000CDE9000118EE100A20F076FB9DED001BA5
:10FE600041EC100B1EF000F951EC100B20F0BCFE21
:10FE7000039BC8F8040013F002047FF468AF43F258
:10FE80000C00FDF72BFA20F0020143F20C00FCF706
:10FE9000DBFF20463FB0BDEC028BBDE8F08F22694E
:10FEA0002378A2F1040CC4F810C002F8047C52F8C4
:10FEB00004CC013160F31F2C42F804CC6161FBE5F6
:10FEC00022692378A2F1040CC4F810C002F804BC23
:10FED00052F804CC013160F31F2C42F804CC61616C
:10FEE00094E6676987B121690B78002B00F03282B4
:10FEF0000A1D002304E008780432002800F02A825A
:10FF00000133BB421146F6D14FF40050FCF774FBAD
:10FF10006169E36862680B449342C0F0B7826FF096
:10FF20000303A361EFE4D4F814C0BCF1000F10D0B8
:10FF300021690B78002B00F012820A1D002304E0D7
:10FF400008780432002800F00A8201339C451146EB
:10FF5000F6D14FF40050FCF74FFB6169E36862682B
:10FF60000B449342C0F017826FF00303A3613CE699
:10FF7000D4F814C0BCF1000F10D021690B78002B0D
:10FF800000F0F1810A1D002304E008780432002803
:10FF900000F0E981013363451146F6D14FF400507A
:10FFA000FCF72AFB6169E36862680B449342C0F086
:10FFB00052826FF00303A36106E663698BB1206987
:10FFC00002781E2A00F0C081011D002203E006789D
:10FFD0001E2E00F0B98101329A42084601F1040157
:10FFE000F5D142F27800FCF707FB6269E3686168CB
:10FFF00013448B428146C0F0BE816FF00303A361BE
:020000023000CC
:10000000BAE5616989B120690378032B00F0978113
:10001000021D002303E00778032F00F090810133D5
:100020008B42104602F10402F5D143F20C00FCF7BA
:10003000E3FA6269E3686168039013448B42074600
:10004000C0F034826FF00303A36146E4616999B1A3
:10005000206903781E2B00F06D81021D002305E04E
:1000600090F800C0BCF11E0F00F06481013399428A
:10007000104602F10402F3D142F27800FCF7BCFA18
:100080006169E36862680B4493428346C0F0A481CF
:100090006FF00303A36100E6606978B12269137809
:1000A000002B00F04281131D04E011780433002975
:1000B00000F03B81013787421A46F6D14FF40050D9
:1000C000FCF79AFA6169E36862680B449342C0F0F6
:1000D00073816FF00303A361BDE4666986B1216992
:1000E0000B78002B00F01C810A1D002304E0087827
:1000F0000432002800F014810133B3421146F6D1D6
:100100004FF40050FCF778FA6169E36862680B44C9
:100110009342C0F090816FF00303A361BCE4666971
:1001200086B121690B78002B00F0F5800A1D0023B1
:1001300004E008780432002800F0ED800133B34277
:100140001146F6D14FF40050FCF756FA6169E368A6
:1001500062680B449342C0F05E816FF00303A361B9
:1001600089E49FEDC67AF4EEC77AF1EE10FA21D851
:100170009FEDC37A67EE877A4FF0010AFCEEE77ACB
:100180004FF0000B17EE906A564426FA0AF6FFF776
:1001900095BBDFEDBC6A67EEA66AB6EE006AC6EEF6
:1001A000877A6FF07F4277EE867AFCEEE77A17EE79
:1001B000907A12E49FEDB47A67EE877A4FF0000AE6
:1001C000FCEEE77AD34617EE906A01367608FFF721
:1001D00075BB63698BB1206902781F2A00F0968095
:1001E000011D002203E006781F2E00F08F800132EF
:1001F0009A42084601F10401F5D142F27C00FCF775
:10020000FBF96169E36862680B4493420746C0F0FA
:100210005D816FF00303A361B9E4616979B120697D
:100220000378032B65D0021D002302E00778032F1B
:100230005FD001338B42104602F10402F6D143F243
:100240000C00FCF7D9F96269E36867681344BB42A4
:10025000C0F04C816FF00303A361FFF746BB6169F7
:1002600089B1206903781F2B48D0021D002304E0C8
:1002700090F800C0BCF11F0F40D0013399421046E6
:1002800002F10402F4D142F27C00FCF7B5F9616995
:10029000E36862680B449342C0F038816FF0030357
:1002A000A36103E563698BB1206902786A2A1CD0D7
:1002B000011D002204E090F800C0BCF16A0F14D0C8
:1002C00001329A42084601F10401F4D142F2A81029
:1002D000FCF792F96169E36862680B449342C0F0ED
:1002E00026816FF00303A3615AE40068C0F317206E
:1002F00056E40068C0F31720FFF7F7BA0068C0F3B0
:100300001720D3E40868C0F317201FE40768C7F379
:1003100017273E46C8E70868C0F31720FFF7ABBBB6
:100320000868C0F31720FFF7B7BB1068C0F31720A9
:10033000FFF791BB0368C3F3172BDA4691E7036815
:10034000C3F3172303936AE70268C2F31729CDF8B2
:10035000009040E70868C0F31720FFF7D4BA086898
:10036000C0F3172041E40868C0F317202CE40868A4
:10037000C0F317207BE423691E21181F206103F8B6
:10038000041C53F8041C013269F31F2143F8041CB8
:100390006261FFF7F1BB22690023A2F1040CC4F8EB
:1003A00010C002F8043C52F8043C013160F31F23F2
:1003B00042F8043C616118E4236900221E1F266193
:1003C00003F8042C53F8042C013160F31F2243F886
:1003D000042C6161FFF73FBB22691E23101F2061BF
:1003E00002F8043C52F8040C01316BF31F2042F870
:1003F000040C616151E4236900221E1F266103F889
:10040000042C53F8042C013160F31F2243F8042C10
:100410006161FFF79BBB236900221E1F266103F861
:10042000042C53F8042C013160F31F2243F8042CF0
:100430006161FFF720BB236900221E1F266103F8BC
:10044000042C53F8042C013160F31F2243F8042CD0
:100450006161FFF721BB22690023A2F1040CC4F8FB
:1004600010C002F8043C52F8043C013160F31F2331
:1004700042F8043C6161FFF7A7BB00BF0000A04346
:1004800033B34C410000804E8FC2234023690022C9
:100490001F1F276103F8042C53F8042C013160F36B
:1004A0001F2243F8042C6161FFF72DBA2369032151
:1004B000181F206103F8041C53F8041C013267F371
:1004C0001F2143F8041C6261FFF707BA22691F234A
:1004D000101F206102F8043C52F8040C013167F34C
:1004E0001F2042F8040C6161FFF751BB236903210F
:1004F0001F1F276103F8041C53F8041C013260F32A
:100500001F2143F8041C6261FFF7EFB923694FF024
:100510001F0C1A1F226103F804CC53F8042C01317C
:1005200060F31F2243F8042C6161FFF7BFBB22690F
:100530006A23A2F1040CC4F810C002F8043C52F87B
:10054000043C013160F31F2342F8043C6161FFF772
:1005500027BB22690023A2F1040CC4F810C002F8E2
:10056000043C52F8043C013160F31F2342F8043C80
:100570006161FFF77CBB6FF00100FFF7E9BB6FF033
:100580000200FFF7E5BB00BF2DE9F04F2DED048B16
:10059000564EE5B06C2204460F462DA8544920F073
:1005A000C0FD0FCE09AD0FC533682B60002C00F0E5
:1005B000E88494ED018AB5EE408AF1EE10FA00F07D
:1005C000DD84A3695A1E192A00F2D884002F00F096
:1005D000D88464AA02EB830318EE100A53F8DC6C8B
:1005E000D4ED039AD4ED008A1FF0AEFF0022414BF8
:1005F00020F002F88046304689461FF083FF0B4604
:1006000002464946404620F021F920F0EDFADFEDA0
:100610003A7A9FED3A7ADFED3A6A9FED3A5A06EE62
:10062000100A66EE277A40F21653FCEEE77A78EE6F
:10063000266A17EE905A01356D089D4228BF1D4667
:1006400007EE905AB8EEE76A07EE906A26EE076A60
:10065000F8EE677A86EE267AF2EE025A27EE277ACD
:10066000C7EE276A26EE888AC5EE087AF4EEE57AA8
:10067000F1EE10FA24DBDFF890904FF00408DFED84
:10068000216AC6EE877AB2EE027AF4EEC77AF1EE0C
:1006900010FA3DDAB1EE007AF4EEC77AF1EE10FA14
:1006A00080F23484B0EE007AF4EEC77AF1EE10FAFC
:1006B000C0F243844FF4003302934FF0020A2CE05F
:1006C000F1EE006AF4EEE67AF1EE10FA80F21884A8
:1006D000F0EE006AF4EEE67AF1EE10FAC0F21C8455
:1006E000DFF828904FF00208C9E700BFA8420500D4
:1006F0003C420500000099404532EE3F441F7A3FDE
:100700000000C84200803B45241404002414020069
:100710004FF4802302934FF0040A09AB03EB8A02E3
:100720004FF4005003EB880392ED008A93ED009A9A
:10073000FCF7D4FD049043F20C00FCF7CFFD0190D0
:1007400043F20C00FCF7CAFD40F0060143F20C0036
:10075000FCF77AFB4FF0FF3143F20400FCF774FB27
:100760004FF40050FCF7BAFD20F4471121F47F51FB
:1007700041F4002141F020014FF400500126FCF724
:1007800063FB4FF0000BC64BC64A4A9648A84993F4
:1007900048928DF82CB1FCF7EDFF594640221DA878
:1007A00020F0E3FC2246DFEDC07A52F8280F8DF8E6
:1007B0009060F4EEE79AF1EE10FA4FF003035168FF
:1007C000926822930DF19C0C94BF33465B46ACE8D3
:1007D00007002393D4E908231DA88DF89260219384
:1007E0002092FDF77FFB5946282213A820F0BDFC7C
:1007F000236994F814C0AD481693B3EB0B0118BFEE
:100800000121A3690F96B4454FF01102CDE910669E
:100810008DF851608DF870608DF871600E9114BF85
:100820004FF4A0764FF4B0760421CDF85200129226
:100830000EA8E2691B96CDE918131A92FDF708FB82
:100840009DF870309DF871201A9917985B450BBF81
:1008500002235B46032601265A4518BF1E46DDE9E2
:100860001832042918BF46EAC1064FEA832141EA3B
:100870004211169A08BF46F0040641EA403131435E
:10088000002A00F0278242F2E800FCF7DDFA1B990B
:1008900042F2E000FCF7D8FA502200214CA820F0E8
:1008A00064FC2369002B40F0078201221F235C9225
:1008B00005225E9361920B236392FF224E92609316
:1008C00062934122F5EE408A01264FF400734FF403
:1008D000106BF1EE10FA489249964A93CDF82CB17C
:1008E00000F01682724B94ED027A1B785895012B1A
:1008F000D4ED007AB5EE407A00F0F681F1EE10FA10
:1009000000F0F681DFED6B6A6B4A67EEA66AB6EE21
:10091000006AC6EE877A77EE867AFCEEE77A17EE03
:10092000903A934228BF1346022548A857934F9503
:10093000FDF7D8F8294643F20400FCF785FA4FF496
:100940004060FCF735FB642001F042F914222423B7
:10095000494642F2A810CDE91E281D93FCF774FA0F
:100960004FF48140FCF724FB192001F031F94FF4DA
:100970000140FCF71DFBDFF844B16FF003050526CD
:1009800005E043F21400FBF737FE83072DD49BF8F4
:100990000030012BF5D1DBF814C0BCF1000F12D0F0
:1009A000DBF810100B78052B00F041810A1D0023A5
:1009B00003E00878052800F03A8101339C45114690
:1009C00002F10402F5D143F21400FBF715FEDBF847
:1009D0001410DBF80C30DBF804200B449342C0F019
:1009E0006B828307CBF81850D1D54FF40050FCF739
:1009F00075FC20F4414121F080014FF40050FCF7D8
:100A000023FA022143F20400FCF71EFA42F27800B6
:100A1000FCF764FC814642F27C00FCF75FFC236932
:100A2000029ACDF87CA0002B15BF222321234FF47E
:100A300040714FF4007141EA030114BF0325022500
:100A40001143804642F2A810CDE91D35FCF7FCF9B0
:100A50004FF48140FCF7ACFA192001F0B9F84FF4DB
:100A60000140FCF7A5FA4E4645466FF0030A05E043
:100A700043F21400FBF7C0FD80073DD49BF8003023
:100A8000012BF5D1DBF814C0BCF1000F22D0DBF84C
:100A900010100B78052B00F0C6800A1D002313E010
:100AA00000010100010101000050C34B00082000BB
:100AB000087500200000804CFFFF0F00F49B002011
:100AC0000878052800F0AF8001339C45114602F1FB
:100AD0000402F5D143F21400FBF78EFDDBF814108D
:100AE000DBF80C30DBF804200B449342C0F0F581B6
:100AF0008007CBF818A0C1D54FF40050FCF7EEFBEF
:100B000020F4414121F080014FF40050FCF79CF9A2
:100B1000022143F20400FCF797F942F27800FCF757
:100B2000DDFB824642F27C00FCF7D8FB19F4003F63
:100B30001CBF6FEA89366FEA963618F4003F1CBF77
:100B40006FEA88356FEA95351AF4003F53461CBFAB
:100B50006FEA8A336FEA93336D4207EE103A07EE7D
:100B6000905AB8EEC76AF8EEE77A07EE106A81038A
:100B700067EEA75A26EE275AB8EEC77A00F1BA8078
:100B8000404206EE900AF8EEE66A96EE875A66EE66
:100B9000A77AF0EE656AE7EE067A636BE7EE076A1E
:100BA00094ED016A86EE087AC7EEA68A85EE268A5B
:100BB00067EE097A68EEA78A28EE278A002B3AD1D9
:100BC000019BC7ED008A9A0787ED018A5CD55B0718
:100BD00067D5002404994FF40050FCF735F92146FD
:100BE00042F25010489449944A944B94FCF72CF9E3
:100BF000499942F25810FCF727F94A9942F25410E9
:100C0000FCF722F94B9942F25C10FCF71DF942F215
:100C10000C004FF48031FCF717F9204665B0BDECAD
:100C2000048BBDE8F08F0868C0F3172024E708683C
:100C3000C0F31720A9E668EE087AE8EEA87A17EE66
:100C4000900A1FF081FC41EC100B1DF02DFC51ECC3
:100C5000100B1FF0C9FF386018EE900A1FF074FCEB
:100C6000CDE9020118EE100A1FF06EFC9DED021B8B
:100C700041EC100B1DF0F8F951EC100B1FF0B4FF14
:100C8000019B78609A07A2D443F20C00FCF726FB84
:100C900020F0020143F20C00FCF7D6F8019B5B0741
:100CA00097D443F20C00FCF719FB20F0040143F247
:100CB0000C00FCF7C9F88CE702221F235C92052286
:100CC0005E9361920B236392FF224E926093629334
:100CD0008122F7E542F2EC00FCF7B6F81B9942F2EC
:100CE000E400FCF7B1F8D7E5F1EE10FA40F03581F9
:100CF000002319E66FEA80306FEA9030404206EE3A
:100D0000900AF8EEE66A96EE875A66EEA77A40E712
:100D10004FF0FF3248A8089205935B95FCF7E2FE7E
:100D200005F5006142F24800FCF78EF84FF4994057
:100D3000FCF73EF9059B4A93314642F25010079367
:100D400048964996CDF82CB1FCF77EF8499942F2C5
:100D50005810FCF779F84A9942F25410FCF774F8ED
:100D60004B9942F25C10FCF76FF84FF4803142F27D
:100D70000C00FCF769F84FF47A7000F029FF142298
:100D80002423494642F2A810CDE91E2806921D935D
:100D9000FCF75AF8322000F01BFF08A8FCF786F990
:100DA0002169029B0590002915BF222021204FF4C4
:100DB00040714FF4007141EA000114BF0325022580
:100DC00019431D9042F2A8101E95CDF87CA0FCF7A7
:100DD0003BF8322000F0FCFE08A8FCF767F9216917
:100DE0004996002914BF81264126079B4A93314624
:100DF000054642F250104896CDF82CB1FCF724F885
:100E0000499942F25810FCF71FF84A9942F25410DF
:100E1000FCF71AF84B9942F25C10FCF715F84FF406
:100E2000803142F20C00FCF70FF84FF47A7000F0BA
:100E3000CFFE24264946069A1E9242F2A8101D961D
:100E4000CDF87C80FCF700F8322000F0C1FE08A845
:100E5000FCF72CF92369029A059ECDF87CA0002BA3
:100E600015BF222321234FF440714FF4007141EA52
:100E7000030141EA0201A0EB060614BF032202228D
:100E800042F2A810CDE91D32FBF7DEFF322000F060
:100E90009FFE08A8FCF70AF907EE906A401B9FED39
:100EA0003A5AB8EEE77A07EE900AF0EE455AB8EEF5
:100EB000E76AF0EE457A6CE6DBF810301A1FCBF8E3
:100EC000102003F8046C53F8042C013160F31F2246
:100ED00043F8042CCBF8141057E5DBF810301A1F38
:100EE000CBF810204FF0050203F8042C53F8042C23
:100EF000013160F31F2243F8042CCBF81410BBE53A
:100F0000DFF88C904FF00308FFF7B9BB4FF4403384
:100F100002934FF0030A00E4F7EE086AF4EEE67A73
:100F2000F1EE10FAACBF4FF001084FF0000841F2AB
:100F3000244949EA0849FFF7A2BBB7EE087AF4EE64
:100F4000C77AF1EE10FAACBF4FF0010A4FF0000A79
:100F50004FEA0A430293FFF7E0BBDFED0C6A67EE4E
:100F6000A66AB6EE006AC6EE877A6FF07F4277EE29
:100F7000867AFCEEE77A17EE903AD2E46FF0010041
:100F80004CE66FF0020049E6000000000000804ED1
:100F900024140300002800F00085002900F0FD84DF
:100FA00090ED017AF7EE007AB4EEE77AF1EE10FAFE
:100FB00000F14F842DE9F04FC84E2DED028B3278B1
:100FC00095B0012A0446009100F0388142F2D81011
:100FD000FBF712FB3278012A00F0070700F051817D
:100FE00042F20400FBF708FB3278012A00F0010905
:100FF000C0F3072500F0688143F20C00FBF7FCFA10
:1010000080463278012A00F0888143F20C00FBF719
:10101000F3FA40F4004143F20C00FBF715FF4FF0E8
:10102000FF3143F20400FBF70FFF3278012A00F092
:10103000DF8042F20800FBF7DFFA8246002142F22D
:101040000800FBF701FF3278012A00F0AB8042F282
:10105000D810FBF7D1FA20F03F0141F0090142F22C
:10106000D810FBF7F1FE012142F20400FBF7ECFE81
:10107000514642F20800FBF7E7FED4F800A042F226
:10108000CC104AF48031FBF7DFFE514642F2D41017
:10109000FBF7DAFE6FF0004142F27000FBF7D4FE7E
:1010A000226802F1010A4AF4803142F2E810FBF7AB
:1010B000CBFE514642F2D410FBF7C6FE4FF0014181
:1010C00042F27000FBF7C0FE94ED017ADFED847A06
:1010D000B6EE008AA7EE278A01224FF0000A04200C
:1010E000BCEEC88ACDE903A218EE103A591F0B9145
:1010F000029203214FF0FF320F9002A80C92109140
:101100008DF84CA0FDF7B2FC4FF4004143F204000F
:10111000FBF79AFE3278012A00F045834FF4006015
:10112000FBF76AFA4FF6FE71014041F001014FF4FE
:101130000060FBF789FE3278012A6FF0030A4FF056
:10114000050B09D043F21400FBF756FA327801047C
:1011500000F14E81012AF5D1D6F814C0BCF1000F80
:1011600011D031690B78052B00F0FB800A1D00239C
:1011700003E00878052800F0F48001339C4511460F
:1011800002F10402F5D143F21400FBF735FA71695C
:10119000F36872680B449342C0F0CF81C6F818A080
:1011A0003278D4E773699BB130690278762A00F00F
:1011B0001B81011D002205E090F800C0BCF1760FF4
:1011C00000F0128101329A42084601F10401F3D184
:1011D00042F2D810FBF710FAD6F814C0F268716822
:1011E00062448A42C0F0F7816FF00302B26132E7D5
:1011F00073699BB130690278022A00F0ED80011D0D
:10120000002205E090F800C0BCF1020F00F0E4807D
:1012100001329A42084601F10401F3D142F208007A
:10122000FBF7EAF9F26871688246706902448A4203
:10123000C0F0A3816FF00302B261FFE672698AB168
:1012400035692978762900F0CB80281D002103E03C
:101250002B78762B00F0C48001319142054600F1D5
:101260000400F5D142F2D810FBF7C6F97169F268B3
:1012700075680A44AA42C0F09F816FF00302B26110
:10128000A8E672698AB135692978012900F0988049
:10129000281D002103E02B78012B00F09180013103
:1012A0009142054600F10400F5D142F20400FBF73B
:1012B000A3F97569F26871682A448A42C0F09B817B
:1012C0006FF00302B2618FE67269B2B133691978C7
:1012D00003297DD0181D002109E000BFF49B0020E8
:1012E0000000004293F800C0BCF1030F70D0013140
:1012F0009142034600F10400F4D143F20C00FBF7E5
:101300007BF9F26871688046706902448A42C0F0D5
:1013100025816FF00302B26173E672698AB13369A5
:101320001978032948D0181D002104E093F800C063
:10133000BCF1030F40D001319142034600F104009B
:10134000F4D143F20C00FBF757F9D6F814C0F26859
:10135000716862448A42C0F01F816FF00302B2617B
:1013600057E60B6818027FF5F7AE706998B13369DC
:101370001A781A2A00F07482191D002205E093F8E9
:1013800000C0BCF11A0F00F06B82013290420B4694
:1013900001F10401F3D142F26800FBF72DF9F26884
:1013A000019084467069716802448A42C0F00883E3
:1013B0006FF00302B26122E01868C0F3172028E63C
:1013C0002D68C5F3172505F00109C5F307257DE74D
:1013D0001968C1F31728A2E70268C2F3172A2DE69D
:1013E0002F68C7F302274EE70068C0F3172032E6E4
:1013F000012ABAD042F26800FBF7FEF80190327879
:10140000012A00F002824FF40060FBF7F5F84FF676
:10141000FE7101404FF40060FBF716FD042140F619
:101420000800FBF711FD002140F60C00FBF70CFD56
:1014300004214FF40160FBF707FD002140F6140082
:10144000FBF702FDD4F800A00AF1010B4BF40031C8
:1014500042F2E810FBF7F8FC594642F2D410FBF7D1
:10146000F3FC6FF0004142F27000FBF7EDFC0AF173
:10147000020142F2D410FBF7E7FC4FF0014142F2C7
:101480007000FBF7E1FC3278012A00F0148242F28E
:101490000400FBF7B1F840F0010142F20400FBF751
:1014A000D3FC4FF4004143F20400FBF7CDFC32784B
:1014B000012A00F0AF804FF40060FBF79DF84FF673
:1014C000FE71014041F001014FF40060FBF7BCFCEC
:1014D0006FF0030A32784FF0050B07E043F2140077
:1014E000FBF78AF83278030400F15481012AF5D120
:1014F000A44674698CB131690B78052B00F0AE807D
:101500000A1D002303E00878052800F0A7800133B6
:101510009C42114602F10402F5D143F214006446E4
:10152000FBF76AF87169F36872680B449342C0F084
:101530005B81C6F818A03278D5E733693278A3F119
:10154000040CC6F810C003F804BC53F804CC0131F5
:1015500060F31F2C43F804CC7161F8E53269032174
:10156000131F336102F8041C52F8041C013068F3A5
:101570001F2142F8041C706143E532690221131FE8
:10158000336102F8041C52F8041C01306AF31F2175
:1015900042F8041C706151E5316903220B1F33616D
:1015A00001F8042C51F8043C0CF1010260F31F23F4
:1015B00041F8043C72612CE532697625171F3761CA
:1015C00002F8045C52F8045C013160F31F2542F814
:1015D000045C7161FEE4316976220B1F336101F80E
:1015E000042C51F8043C0CF1010260F31F2341F874
:1015F000043C72612FE532690121131F336102F847
:10160000041C52F8041C013560F31F2142F8041C2D
:101610007561E9E473698BB130690278002A00F0E2
:101620003682011D00229C4604E003780431002B21
:1016300000F02D82013294450846F6D14FF4006047
:10164000FAF7DAFFD6F814C0F268716862448A4289
:10165000C0F06E826FF00302B26130E70B681A02CD
:101660007FF547AF644672699AB1336919781A29D0
:1016700000F01182181D002105E093F800C0BCF1B4
:101680001A0F00F0088201318A42034600F104007B
:10169000F3D142F26800FAF7AFFFF2687168824650
:1016A000706902448A42C0F024826FF00302B26182
:1016B0003278012A00F0C48143F21000FAF79CFF4F
:1016C0003278012A00F09C814FF40060FAF794FF11
:1016D0004FF6FE7101404FF40060FBF7B5FB327826
:1016E000012A00F0C28042F20800FAF785FF834623
:1016F000002142F20800FBF7A7FB3278012A00F034
:10170000268142F2D810FAF777FF20F03F0147F028
:101710000807394342F2D810FBF796FB49EA052146
:1017200042F20400FBF790FB594642F20800FBF737
:101730008BFB3278012AC8F3C03500F0E28043F217
:101740000C00FAF759FF002D40F0FE8020F4004114
:1017500043F20C00FBF778FB4FF4004143F2040026
:10176000FBF772FB019BD4ED027AB8EE488AAAEB34
:10177000030A28EE278A07EE90AAF8EE677A009B04
:1017800088EE277A002083ED007A15B0BDEC028B3D
:10179000BDE8F08F012A3FF466AF42F26800FAF725
:1017A0002BFF824684E7736973B131690A78002A96
:1017B00052D00A1D03E00878043200284CD00AF108
:1017C000010A53451146F6D14FF40060FAF714FFB1
:1017D000D6F814C0F268716862448A42C0F0FF8093
:1017E0006FF00302B2619DE433693278A3F1040C17
:1017F000C6F810C003F804BC53F804CC013160F300
:101800001F2C43F804CC71616DE6706968B13369CF
:101810001A78D2B1191D0022844602E018780431EA
:1018200098B1013262450B46F8D14FF40060FAF7E7
:10183000E3FED6F814C0F268716862448A42C0F0D0
:10184000AF806FF00302B261E1E51868C0F31720C2
:10185000DDE56FF0010070470868C0F3172061E410
:101860001A68C2F317230193D1E773699BB13069FA
:101870000278022A00F01381011D002205E090F891
:1018800000C0BCF1020F00F00A8101329A42084602
:1018900001F10401F3D142F20800FAF7ADFEF2685B
:1018A00071688346706902448A42C0F013816FF008
:1018B0000302B2611CE773699BB130690278012AA7
:1018C00000F0F180011D002205E090F800C0BCF19D
:1018D000010F00F0E88001329A42084601F104014C
:1018E000F3D142F20400FAF787FED6F814E0F2686A
:1018F000716872448A42C0F0DE806FF00302B26108
:10190000C9E573698BB130690278032A00F0BB80A6
:10191000011D002203E00778032F00F0B48001329C
:101920009342084601F10401F5D143F20C00FAF7A5
:1019300063FE7169F26877680A44BA42C0F01881A0
:101940006FF00302B261FEE640F4004100E7736904
:101950009BB130690278762A00F0A980011D00222F
:1019600005E090F800C0BCF1760F00F0A0800132D5
:101970009342084601F10401F3D142F2D810FAF77C
:101980003BFED6F814C0F268716862448A42C0F027
:10199000FE806FF00302B261B7E66FF0020070479D
:1019A000316900220B1F336101F8042C51F8043C0B
:1019B0000CF1010260F31F2341F8043C726126E53B
:1019C00032691A21131F336102F8041C52F8041CF7
:1019D00001306CF31F2142F8041C70610FE531697E
:1019E00000220B1F336101F8042C51F8043C0CF168
:1019F000010260F31F2341F8043C7261FFF792BBC0
:101A0000726972B133691978002938D0181D002124
:101A1000944602E01A7804308AB3013161450346E6
:101A2000F8D14FF40060FAF7E7FDD6F814C0F26879
:101A3000716862448A426BD36FF00302B26147E679
:101A400072696AB1306901780429DBD00430002161
:101A500003E010F8043B042BD4D001319142F8D1BB
:101A600043F21000FAF7C8FDD6F814C0F2687168A6
:101A700062448A426CD36FF00302B26120E61868B8
:101A8000C0F3172024E60068C0F317205BE6006867
:101A9000C0F3172013E51968C1F3172AD2E70268CB
:101AA000C2F3172B24E60068C0F31720F3E40068A4
:101AB000C0F3172029E633690122191F316103F8A9
:101AC000042C53F8041C724460F31F2143F8041CD7
:101AD0007261E0E4316902220B1F336101F8042CCA
:101AE00051F8043C01306BF31F2341F8043C706152
:101AF000FEE531691A220B1F336101F8042C51F8FD
:101B0000043C01306AF31F2341F8043C7061CFE5C7
:101B1000316900220B1F336101F8042C51F8043C99
:101B20000CF1010260F31F2341F8043C7261CFE520
:101B3000316900220B1F336101F8042C51F8043C79
:101B40000CF1010260F31F2341F8043C7261B6E41A
:101B5000316904220B1F336101F8042C51F8043C55
:101B60000CF1010260F31F2341F8043C7261A7E508
:101B700032690327131F336102F8047C52F8047C96
:101B8000013160F31F2742F8047C7161DBE53169A4
:101B900076220B1F336101F8042C51F8043C0CF140
:101BA000010260F31F2341F8043C7261ADE500BF00
:101BB00001210E2017F064BC00210E2017F060BC3C
:101BC0000121122017F05CBC0021122017F058BC34
:101BD00040F26563984208D800EB800043001FD0B4
:101BE000104BC00143F00103184710B50E4C0F4BCA
:101BF000A4FB0024A4094FF47A7202FB1404001B16
:101C0000A3FB0030400904EB840413F09DFB630048
:101C100007D0044BE00143F00103BDE81040184732
:101C2000704710BDC0420500D34D62101F85EB51B7
:101C3000F8B50D4B164604460D460C4893E80600D1
:101C400009F0ACF856B1094F264414F8011B384688
:101C500009F00EF9B44205F8010BF6D10348BDE8CE
:101C6000F84009F0FFB800BF0C7500208C7500200B
:101C700008B50A4809F046F801210E2017F07CFB50
:101C80000121122017F078FB01210E2017F0F8FB3C
:101C900001211220BDE8084017F0F2BB8C7500202E
:101CA00008B5044809F072F803211820BDE808407F
:101CB00017F062BB8C75002010B5042104460F207C
:101CC00017F05AFB214603220F20BDE8104012F006
:101CD00081BF00BF0F2013F087B800BF032816D8BC
:101CE00010B501210446232017F0CAFB094B1C5DE7
:101CF000252004F0010117F0C3FB04F002012220AB
:101D000017F0BEFB052013F01FFB002010BD4FF0A5
:101D1000FF307047BC420500034B044A1A600121A2
:101D2000002259711A7170470C75002000127A0058
:101D300010B586B00123002401A80594CDE9014423
:101D4000CDE903338DF814308DF81630FCF7ACFF75
:101D5000204606B010BD00BF10B586B00223042295
:101D600001A80024CDE90143CDE903330592FCF736
:101D70005FFA01A801238DF80430FCF759FA2046D8
:101D800006B010BD10B584B000240190012301A855
:101D9000CDE902448DF80B30FCF72EFB204604B051
:101DA00010BD00BF08B5014601220020FDF780F9F3
:101DB0004FF0FF30FDF7E6F9012210464FF0FF31FA
:101DC000FDF776F94FF0FF30FDF7DCF9002008BD94
:101DD00010B586B0002401A8042263230494019462
:101DE0000594CDE90232FDF7B5FA204606B010BDE4
:101DF00010B584B0064A074B02920146002401A8A0
:101E000003930194FFF7C6F8204604B010BD00BF4D
:101E100000007A440024744B30B52DED048B8FB054
:101E200005460C4668463821B0EE408AB0EE609A0E
:101E3000F0EE418AFAF738FFDFED117A8DED029A64
:101E400068EE277A002301222146684609248DED99
:101E5000038ACDED018A0695CDED007A04930993AE
:101E60000B9307938DF814300D9208928DF8302063
:101E70000A94FEF789FB0FB0BDEC048B30BD00BFA8
:101E8000E9A28B3730B585B001248DF80500002517
:101E90006846CDF806508DF804208DF803308DF893
:101EA0000040CDF809508DF806108DF802408DF8ED
:101EB0000140FBF75FFC05B030BD00BF0000000033
:101EC0002DE9F0432DED028B93B03C220546884668
:101ED00003A80021F0EE418AB0EE618ACDED000A40
:101EE0008DED010A1FF041F99DED010A142210EE5B
:101EF000100A012307928DF825301EF025FB0022E1
:101F0000334B1EF0C1F92EA3D3E900231EF074FB5E
:101F10001EF04AFE1FFA80F94FEA891984B248463A
:101F2000ADF828401EF0FEFADDED000A064610EE80
:101F3000900A0F461EF008FB23A3D3E900231EF0EE
:101F40005BFB0B460246394630461EF09DF91EF0FB
:101F500003FE83B299451846C4BF03F1FF3080B237
:101F6000B0F5805F28BF40F6FF73ADF8260028BFAC
:101F7000ADF826303F2C88BF3F23FCEEE88ABCEE4C
:101F8000C88A88BFADF828300123CDED0C8A8DEDCD
:101F90000D8A8DF844308DF845305DB9CDF8388024
:101FA000342303A81093FBF7D7FE13B0BDEC028BCC
:101FB000BDE8F0834FF40D73F3E700BFAFF300808B
:101FC000CA1DA0DC01CA9D3FC853823C25C8FD3F05
:101FD00000006940F0B591B004460F461646002156
:101FE000242207A81D461FF0C0F801220321169BDA
:101FF00002966846CDE9007404950393CDE9051275
:102000008DF81C208DF81E20FBF76CFF11B0F0BD81
:1020100008B500F0BFF908F0D3FDF9F77FFEF9F736
:10202000D3FF00F05FFABDE8084016F003B900BF27
:10203000704700BF10B5144C17E01C2017F09CF936
:1020400001211C2017F01CFA3321012015F054FA4D
:10205000014688B91C2017F013FA1C2000F09CF8E8
:102060002146012015F048FA30B90021012015F071
:1020700043FA01210028E0D00023044A1846BDE8B5
:102080001040136014F00CBCCCAF04001475002099
:1020900030B5144C206883B0A0B100231946022249
:1020A00015F0FEFA14F0D2FD054607E014F0F2FE3A
:1020B00014F0CCFD401BB0F5806F0ED823680120D2
:1020C000002BF3D10023CDE900344FF40072064910
:1020D000064814F06BFB03B030BD2368002BF1D031
:1020E00003B030BD14750020C84205003520030040
:1020F0003FDF704712DF704708B501211C2017F041
:102100003BF90021142017F037F901210D2017F0B9
:1021100033F90121082017F02FF901211D2017F0B4
:102120002BF90121092017F027F901210B2017F0C5
:1021300023F90121232017F01FF90121252017F091
:102140001BF90121222017F017F901210A2017F0AD
:1021500013F90121062017F00FF90021152017F0BF
:102160000BF900210F2017F007F90021102017F0BC
:1021700003F90021112017F0FFF80021052017F0C6
:10218000FBF80121122017F0F7F801210E20BDE81D
:10219000084017F0F1B800BF074B53F820301F2B51
:1021A00086BF03F01F03054A4FF0A04203F5E0731A
:1021B000022142F8231070476C53050000030050C1
:1021C0000D4B53F820301F2B86BF03F01F030B4A23
:1021D0004FF0A042012908D0022903F5E0730CBF9B
:1021E0000421002142F82310704703F5E0730C210D
:1021F00042F82310704700BF6C53050000030050E5
:1022000010B5012104461D2017F03AF900210920DC
:1022100017F036F901210B2017F032F901212320A4
:1022200017F02EF92046FFF759FD3220BDE8104087
:1022300013F08AB808B501211D2017F021F90021FB
:102240000B2017F01DF90920002117F019F9322091
:10225000BDE8084013F078B808B501210D2017F04B
:102260000FF90121082017F00BF901211D2017F0AB
:1022700007F90021092017F003F901210B2017F0BD
:10228000FFF801210A2017F0FBF80620002117F0C3
:10229000F7F83220BDE8084013F056B808B5002121
:1022A0001D2017F0EDF800210D2017F0E9F80021AE
:1022B000082017F0E5F800210B2017F0E1F80021C5
:1022C000092017F0DDF800210A2017F0D9F80021C5
:1022D000062017F0D5F82D4BDA6B1F2A86BF02F0C7
:1022E0001F022B494FF0A04102F5E072022041F895
:1022F00022005A6D1F2A86BF02F01F0224494FF0A8
:10230000A04102F5E072022041F822001A6C1F2A57
:1023100086BF02F01F021E494FF0A04102F5E07295
:10232000022041F822005A6C1F2A88BF02F01F02C7
:1023300002F5E0728CBF16494FF0A041022041F82F
:1023400022005B691F2B88BF03F01F0303F5E073B6
:102350008CBF0F4A4FF0A042022142F823102320E5
:10236000002117F08DF80021252017F089F80021B1
:10237000222017F085F80021122017F081F80021A3
:102380000E20BDE8084017F07BB800BF6C53050075
:102390000003005000B583B0FFF7AEFEFFF77EFFED
:1023A0000DF10700FFF7A6FE9DF80700012809D0F0
:1023B0004FF080430122C3F87825FFF769FE03B090
:1023C0005DF804FBFFF794FEFFF762FE03B05DF8D3
:1023D00004FB00BF38B5124D4FF0FF31012015F05E
:1023E0008BF82B787BB900F08DF80446A0B1036818
:1023F0005B69984723682046DB69984700F0CEF96F
:102400002B78002BE8D00023064A2B701846136067
:10241000BDE8384014F044BA2B78002BDCD0F2E74A
:102420001C7500201875002030B50B4D2C6883B04A
:102430000CB103B030BD094B09491C700123CDE933
:1024400000354FF400622346064814F0AFF9012826
:1024500018BF2C6003B030BD187500201C7500201B
:10246000D8420500D52303000C4B1868A8B100B56D
:1024700083B002A9002341F8043D15F07BF9019BCC
:1024800043B1074B4FF080525A6040BFBFF34F8FAC
:10249000BFF36F8F03B05DF804FB70471875002021
:1024A00000ED00E008B508462DED028B1146B0EEB8
:1024B000608AFAF7FDFB80EE080ABDEC028BDFEDC7
:1024C000027A20EE270A08BD00247449FFF7CCBF2A
:1024D00010B50446006810B103685B689847204651
:1024E00010BD00BF08B5FFF79FFF044A0448002352
:1024F00019461370BDE808400FF08EB9257500200D
:10250000A4740020014B1868704700BF207500209C
:102510002DE9F04700283AD00D46002937D0634F07
:1025200090F800800446386818B1614B1B78434529
:1025300038D0FFF7CFFB386838B103790268012B38
:1025400048D000233B60536898470023DFF8609130
:10255000584E594889F80030194633700FF05CF92D
:1025600008F1FF331F2B00F28F80DFE803F0555D89
:10257000656D757D8D8D8D8D8D8D8D8D8D858D8D03
:102580008D8D8D8D8D8D8D8D8D8D8D8D8D3E494E4D
:10259000494801231946002433700FF03DF92046C5
:1025A000BDE8F087434E03686A1E611C92B21B6946
:1025B000984704460028EBD03B683F481B79012B25
:1025C00014BF00230223194633700FF025F920466B
:1025D000BDE8F087D368984700285FD038680023AB
:1025E0003B600028B1D00268ADE7242015F03AFE28
:1025F000824605F0BBF83868C7F800A010B1036840
:102600005B689847002319462B4889F8008033708F
:102610000FF002F93868C6E74FF4337015F022FE68
:10262000824600F039FDE6E74FF44D7015F01AFED2
:10263000824601F0F9FBDEE74FF44B7015F012FE15
:10264000824602F02BFFD6E740F24C6015F00AFEFE
:10265000824604F049FBCEE74FF4297015F002FEE4
:10266000824605F019FEC6E74FF44B7015F0FAFDEF
:10267000824606F0DBFCBEE74FF4277015F0F2FD52
:10268000824608F053F8B6E7012319460A4833702A
:102690000FF0C2F800242046BDE8F0870323054A66
:1026A0000548137019460FF0B7F8F3E720750020BE
:1026B0002475002025750020A474002030B585B055
:1026C00000282DD000292BD02F4D2B6843B3027842
:1026D000012A3BD0FF2A2ED11A681846D3689847A2
:1026E0000446002847D0FFF7F5FA286880B1036850
:1026F000DB69984760B129680B6802469B6901A8AD
:10270000984701A8F9F746FF019808B115F0ACFD0C
:1027100000231E4A1E48137019460FF07DF807E08B
:1027200001231A4A1A481370194600240FF074F84E
:10273000204605B030BD0123144A154813701946D0
:102740000FF06AF80024204605B030BD1A6818461C
:1027500093689847044670B10E4B1B78202B02D02B
:102760000D48FFF7A9FA0223084A094813701946D1
:102770000FF052F8DCE70323044A054813701946AA
:1027800000240FF049F8D3E72075002025750020BC
:10279000A474002024750020CD24030030B5104D12
:1027A0002B6885B02BB11A6804461846D369984740
:1027B00008B905B030BD14B1A042FAD3204629684B
:1027C0000B6802469B6901A8984701A8F9F7E2FE49
:1027D00001980028EDD015F047FD05B030BD00BFD1
:1027E00020750020024B0146024819700FF014B802
:1027F00025750020A4740020024A034903481BF0F9
:1028000021BB00BF00600020D12403002075002000
:1028100070B4D0E90763C26A456A04698169921B92
:10282000581B9210531E801000EBC3100B1B00EBC3
:10283000A300800070BC70472DE9F04F0D46D5E92C
:102840000763C96A0446686A891B1B1A2E69A8694E
:10285000891001399B1003EBC113801B4FEA920BC7
:1028600003EBA002934528BF934600235FEA8B0643
:1028700085B0C4E90033A36040F08580BBF1000F50
:1028800045D04FF00008CDF804B009E0C6F800903C
:10289000636804336360019B08F10108984536D0F2
:1028A000AA692B69043A9342D3F8009033D00433D9
:1028B0002B61D4E901639B1B032BE7D8D4F800A05C
:1028C000A6EB0A077B1D6DD8042F3B4638BF0423B7
:1028D000FB189B462CD2002B62D1002F47D1C3F8A6
:1028E000009004275B46CDF808B05F44BAF1000FB2
:1028F00004D05046039315F0B7FC039BC4E900379E
:10290000029BA360019B08F101089845C8D12046AD
:1029100005B0BDE8F08F686915F0A6FCEB695A6850
:102920006A61043302F500712A61C5E90613C0E744
:102930004FF0FF37384615F095FCD4E900A2C119D5
:10294000921BB6EB0A07034603920291934613D1FA
:10295000DA1943F80790171D039A002AC5D03146AB
:102960005A46384603931EF0DCFB039BBDE7CDF8C7
:102970000CB05B46CDF808B018463A4651461EF0FA
:10298000DBFB0346E4E7304615F06CFC07462068A5
:1029900008B115F069FC3E44A660C4E900776DE714
:1029A0001F46C7E701481BF074FA00BF58450500F1
:1029B000F8B50379012B00D0F8BD0446FFF758F9AC
:1029C00042F27400FAF78AFC0020FCF7DBFC0020DE
:1029D000FCF76EFC830106D42148FCF7D3FCBDE86C
:1029E000F840FFF75DB9FBF795FC064660B94FF07C
:1029F0000070FCF7C7FB1A48FCF7C4FCFCF7C8FCE6
:102A0000BDE8F840FFF74CB9B0F1804F24D2870001
:102A1000384615F027FC3A46054600211EF0A5FB76
:102A200031462846FAF784F94FF00070FCF7AAFB0C
:102A3000EE190B48FCF7A6FCFCF7AAFCFFF730F9EF
:102A4000B54204D0BA102046294600F057FC28466B
:102A5000BDE8F84015F008BC02481BF01AFA00BFA8
:102A6000E5470A004C440500F8B50379012B01D075
:102A70000120F8BD0446FFF7FBF80A20FCF730FE02
:102A80000A2819D9FFF70CF9FFF7F2F80A20FCF72A
:102A900027FE0A284FF00000EBD8FCF789F8002049
:102AA000FCF786F8FCF76EFDFFF7FAF8FFF7F6FB88
:102AB000002323710120F8BD0020FCF763FCFBF725
:102AC00029FC054640B91248FCF75CFB1148FCF7AD
:102AD00059FCFCF75DFCD5E7B0F1804F15D28700BB
:102AE000384615F0BFFB3A46064600211EF03DFB76
:102AF00029463046FAF71CF92A463146204600F0AE
:102B0000FDFB304615F0B0FBDDE71BF0BFF900BF61
:102B100000800002E5470A0070B506468068094B50
:102B2000336068B1F56AF4690435AC4206D254F8F2
:102B3000040B15F099FBA542F9D8B06815F094FB89
:102B4000304670BD7845050070B5064680680B4B71
:102B5000336068B1F56AF4690435AC4206D254F8C2
:102B6000040B15F081FBA542F9D8B06815F07CFB89
:102B7000304615F079FB304670BD00BF7845050042
:102B8000F0B590F83030012B9DB003D000252846D9
:102B90001DB0F0BD0446202015F064FB05464FF43F
:102BA000007015F05FFBA768E86005F10C0300F505
:102BB00000720821A560E66AE569A261C4E9040023
:102BC000C4E90800A262E361E362E1605FB1043638
:102BD000AE4205D955F8040B15F046FBAE42F9D8C4
:102BE000384615F041FB94F8C500FFF709FBFFF7E5
:102BF0003FF8204600F0C0FA054600283AD12046AA
:102C000000F0DCFA0646002843D10A20FCF768FDF4
:102C10000A280AA85CD8482231461EF0A6FA01A864
:102C20003F4912F07DF9D4ED117A94ED320A0A96FB
:102C300020EE270AF1EE047AB4EEE70A0127032317
:102C4000F1EE10FA0B968DF86C7013934CD91BF0C3
:102C5000D9F9052848D9431F0AA817933D46FBF721
:102C600005FFFCF795FBFFF71BF8277101A812F091
:102C700011FA8CE72B490AA812F052F9FFF710F865
:102C8000FFF70CFB0AA812F005FA002528461DB034
:102C9000F0BD07A8244912F043F907A904A812F0CF
:102CA00065F90A2231460AA812F088F90AA904A88F
:102CB00012F0AAFAFEF7F4FFFFF7F0FA0AA812F0F2
:102CC000E9F904A812F0E6F907A812F0E3F95EE7C3
:102CD000164912F025F9FEF7E3FFFFF7DFFA0AA81D
:102CE000354612F0D7F952E7114901A812F03AFA25
:102CF000104907A812F014F907A904A812F036F930
:102D000001A904A812F080FAFEF7CAFFFFF7C6FA7D
:102D100004A812F0BFF907A812F0BCF90025A5E736
:102D20004C5B05006844050098440500CC44050050
:102D3000EC4405002C4505002DE9F04FD0E9074390
:102D4000C26A8146406AD9F81870D9F81010121B6F
:102D5000A3EB00089210531E4FEAA80808EBC31813
:102D60007F1A08EBA7084FEAD816F41C082C38BFC6
:102D70000824A00083B015F075FA0136A41B64087E
:102D800000EB840505EB8606B542834608D22F4644
:102D90004FF4007015F066FA47F8040BBE42F7D8FE
:102DA000D9E90831D9F81C00D9F82C20D9F818E055
:102DB0005BF8244056F8047C121A5B1A9210D9F87A
:102DC0001010013A9B1003EBC213AEEB010203EBB0
:102DD000A20308F07F08002B07EB880704F50078B2
:102DE0000EDDAA46C146224651F804CBC2F800C007
:102DF000714502F1040240D04A452ED0013BF3D187
:102E0000DFF880A0DFF880900194A74214D02068FA
:102E10001DF09AFB0B4602465146484611F0BEFE95
:102E2000A8F104039C420FD00434A742EFD103E081
:102E300055F8040B15F018FAAE42F9D8584603B00D
:102E4000BDE8F04F15F010BA019815F00DFA6C6856
:102E50000194043504F50078D7E7DAF80420013B43
:102E60000AF1040A02F50079CAD051F804CBC2F87D
:102E700000C0714502F10402BED14168043001F581
:102E8000007EB9E710430500986300202DE9F0416A
:102E90002DED048B9EB009B1112A06D000242046E6
:102EA0001EB0BDEC048BBDE8F0810C460546E3681E
:102EB000A26808684968277C19AC0FC408EE100A9C
:102EC00008EE901A01A869492770984612F028F870
:102ED000674916A812F024F816A812F0DBF816A815
:102EE000644912F01DF8B5EEC08AF1EE10FA40F216
:102EF000888016A812F0CEF85F4916A812F010F8D4
:102F0000F5EEC08AF1EE10FA7BD916A812F0C2F8DD
:102F10005A4916A812F004F8B4EEE88AF1EE10FA55
:102F20006FDC16A812F0B6F8554916A811F0F8FF94
:102F3000032F66D816A812F0ADF89FED529AD5ED82
:102F40001F7ADFED519A514939EE679A0AA879EE56
:102F5000E79A11F0E5FF0AA907A812F007F8B0EE0A
:102F6000490A02210DA812F059F80DA907A812F07C
:102F70004BF94749044610A811F0D2FF10A920468A
:102F800012F042F9B0EE690A0446022113A812F0C9
:102F900045F813A9204612F037F93E49044616A811
:102FA00011F0BEFF16A9204612F02EF9014604A822
:102FB00011F0DCFF16A812F06DF813A812F06AF8F1
:102FC00010A812F067F80DA812F064F807A812F024
:102FD00061F80AA812F05EF807EE908AB4EEE79A5C
:102FE000F1EE10FA04DCF4EEE79AF1EE10FA19D5DE
:102FF00004A901A812F06AF804A812F04BF8002402
:1030000007E016A901A812F061F816A812F042F81C
:10301000002401A812F03EF820461EB0BDEC048B3F
:10302000BDE8F08104A819AC12F034F80FCC05F11A
:10303000B4060FC62368337088EE880A1AF0E2FFE0
:1030400090B140F2FF33984228BF1846012128640E
:10305000C5F8808085F8C57085ED118AC5ED128AA6
:1030600085F830100C46D4E70120EFE74C5B0500F3
:1030700024430500504305007443050098430500B0
:10308000D84305000000484300001645FC430500F6
:1030900040440500444405002DE9F0412F4B0360F6
:1030A00000254FF00808044605718560C0E9045505
:1030B000C0E90655C0E90855C0E90A55C0F80C80BA
:1030C000202015F0CFF80746A0604FF40070E668A6
:1030D00015F0C8F8013E034603F500727608A261B8
:1030E000A262204607EB8602E261E2621C4A63614B
:1030F00063622361236247F82630294640F8302B6B
:1031000084221EF032F840F20113A4F85C3001234F
:10311000C4E91533134F144A144E15481549C4F821
:10312000B450C4F8B850C4F8BC50C4F8C05084F8C7
:10313000C45084F8305084F8785084F8C550E7645F
:103140000225C4F88400C4F864802566E667C4F8E4
:103150008810A263E2632046BDE8F081EC420500DE
:103160007845050000401C460024744B0080A244B2
:10317000C3F5E83F8096184B10B50446FCF732FBC8
:10318000FAF7F0F8FEF7D4FD02210120FEF7E4FD86
:103190000120FEF7F7FD0748FEF704FEFEF718FED4
:1031A0000548FCF7EFF804F1C800FEF721FE002007
:1031B00010BD00BF00800002E5470A002DE9F04184
:1031C000044686B00A20D4F84080FCF789FA0A2821
:1031D00000F290800025012601A8CDE90255019654
:1031E0008DF80B60FBF708F929462846FBF786F8AF
:1031F0000322022301A80492CDE90233019504F1D0
:10320000CC07CDF814808DF80460FBF711F84FF06F
:10321000FF30FBF7B7FF38468021F9F757FA606EA9
:1032200010B9D4F88830236794F87830002B56D042
:1032300000210846FBF762F8012500210322022342
:1032400001A801910492CDE90233CDF814808DF8E4
:103250000450FAF7EDFF4FF0FF30FBF793FF3846CD
:103260008021F9F733FA204600F006F910B106B0D4
:10327000BDE8F081204600F05FF90028F7D184F81E
:10328000980004F18C00FBF717FB2846FBF760F968
:10329000D4F88C00FBF7D6F94FF400410120FBF77E
:1032A000B1FF0028F8D000254FF40040FBF76AFF7B
:1032B00004F1A00084F8AC50FBF7FEFA2846FBF7B7
:1032C00047F9294642F26400F9F7BEFD0120FBF7F9
:1032D0003FF9D4E91401FAF70BFA2846C7E704F1DD
:1032E000700194ED131AD4ED0E0A94ED0F0AFEF757
:1032F00093FD9DE76FF00800B9E700BF002900F0DB
:103300009880002A00F0A9802DE9F04F2DED028B66
:10331000164683B004460D1F4FF000086FF040477B
:1033200008E00BB183ED000A08F1010804334645BB
:10333000236232D055F8041FD4ED1C0A94ED210A03
:10334000A26D89B22046FFF7ADF8A16A236A04395D
:103350008B42B0EE408AE4D1D4E90202D4F82C903A
:10336000A9EB0003A2EBA303012B1CD94FF40070BF
:1033700014F078FFC9F80400236A0BB183ED008ACA
:10338000E36A5A68626208F10108043302F50071C9
:1033900046452262C4E90A13CCD1012003B0BDEC3A
:1033A000028BBDE8F08FE169A9EB010B4FEAAB0B93
:1033B0000BF1010B0BF1010AB2EB4A0F3BD8002ACB
:1033C0004DD0520002F10209B9F1804F52D24FEABA
:1033D000890014F047FFE26AE169A9EB0A0A0432A6
:1033E0004FEA5A0A8A42034600EB8A0A05D0019046
:1033F000521A50461DF0A0FE019BA068019314F0E4
:1034000033FF019BC4E90239DAF8003063610BEB4A
:10341000070903F50073A3615AF82930C4F81CA00A
:103420000AEB890903F50072C4E90932C4F82C904B
:103430009CE708467047A2EB0A0A4FEA5A0A00EBDB
:103440008A0A09F104095145A9EB01020AD9494543
:10345000DAD050461DF070FED6E7012070474FF0DD
:103460000309B4E74945CFD0C2EB8B0050441DF0AF
:1034700063FEC9E71AF00AFD30B50446A1B0012089
:10348000F9F748F900212A48FAF79CF801231A466F
:1034900019461846FEF7F6FCD4ED1B7A94F878002E
:1034A000D4ED200A94ED1F0A616EF8EE671AD4ED90
:1034B0001A7A003018BF0120B8EE671AFEF700FD37
:1034C00094F85C1094F85D30A26D009102202121E7
:1034D000FEF780FD7022002104A81DF046FE04A81E
:1034E000FAF700FB01211348FAF76CF80020FBF70C
:1034F00031FA4FF00140F9F7CFF80020F9F70AF957
:1035000003A902A8F9F7FAF8054668B9DDE902123D
:10351000606BC4F890000123C4F89C10C4F8942098
:10352000C4F88C30FBF798F8284621B030BD00BFB6
:10353000E0FF390020000100D0ED0E6A90ED0F7A17
:10354000016EC6EE877A70B58CB090F85C3090F85A
:103550005D2004910125002603A9044604A8CDE9B5
:1035600005530792CDED0B7A0896F9F7D7F928465F
:10357000F9F7D0F829461A48FAF724F84FF47A6098
:10358000F9F78AF829464FF48070FAF71BF8039888
:1035900020F04040F9F780F831461248FAF712F867
:1035A0001420F9F779F8FBF7F3FE02A901A8F9F75F
:1035B000A5F805463046F9F7ADF875B9D4E9240306
:1035C000DDE901121844C4F8A050C4F8A400C4F8FE
:1035D000B010C4F8A820FBF73FF828460CB070BD27
:1035E000800001008001010070B4D0E90763C26A65
:1035F000456A04698169921B581B9210531E801002
:1036000000EBC3100B1B00EBA300800070BC7047E5
:1036100038B50479012C01D0012038BD0546FEF7EC
:1036200027FB0A20FCF75CF80A284FF00000F4D8CA
:10363000FBF7BEFA0020FBF7BBFAFBF7A3FFFEF790
:103640002FFBFEF72BFE002320462B7138BD00BF59
:103650002DE9F04F0D46D5E90763C96A0446686A4B
:10366000891B1B1A2E69A869891001399B1003EB6D
:10367000C113801B4FEA920B03EBA002934528BFB6
:10368000934600235FEA8B0685B0C4E90033A3604C
:1036900040F08580BBF1000F45D04FF00008CDF819
:1036A00004B009E0C6F80090636804336360019BCE
:1036B00008F10108984536D0AA692B69043A93426B
:1036C000D3F8009033D004332B61D4E901639B1B02
:1036D000032BE7D8D4F800A0A6EB0A077B1D6DD812
:1036E000042F3B4638BF0423FB189B462CD2002BEB
:1036F00062D1002F47D1C3F8009004275B46CDF874
:1037000008B05F44BAF1000F04D05046039314F0A0
:10371000ABFD039BC4E90037029BA360019B08F14A
:1037200001089845C8D1204605B0BDE8F08F68690A
:1037300014F09AFDEB695A686A61043302F500716E
:103740002A61C5E90613C0E74FF0FF37384614F089
:1037500089FDD4E900A2C119921BB6EB0A07034602
:1037600003920291934613D1DA1943F80790171D7B
:10377000039A002AC5D031465A46384603931DF0B5
:10378000D0FC039BBDE7CDF80CB05B46CDF808B08C
:1037900018463A4651461DF0CFFC0346E4E7304652
:1037A00014F060FD0746206808B114F05DFD3E444A
:1037B000A660C4E900776DE71F46C7E701481AF025
:1037C00068FB00BF5845050070B506468068094B88
:1037D000336068B1F56AF4690435AC4206D254F836
:1037E000040B14F041FDA542F9D8B06814F03CFD7B
:1037F000304670BD9847050070B5064680680B4B93
:10380000336068B1F56AF4690435AC4206D254F805
:10381000040B14F029FDA542F9D8B06814F024FD7A
:10382000304614F021FD304670BD00BF98470500BA
:103830000379012B00D070472DE9F0470446FEF7CD
:1038400017FA42F27400F9F749FD0020FBF79AFDE0
:103850000020FBF72DFD0546A80565D415F0007680
:103860002BD12A0440F19D80FAF754FD80460028B0
:1038700040F095804FF40040FBF784FC80484646BA
:10388000FBF780FDFEF70CFA23687E49DA68002515
:1038900001238A4284F8155184F8E83084F8103105
:1038A00040F088802379012B00F08B800020FEF708
:1038B00099FF002E6ED1BDE8F087FAF72BFD074681
:1038C00000283ED14FF00070FBF75CFC2B0468D55C
:1038D000FAF720FD80460028CCD03D463E46A5EBB9
:1038E00006094FEAA90313EB08072CBF01220022A7
:1038F000BB427ED3002A7AD006EB87074146284692
:10390000F9F716FA4FF40040FBF73CFC5C48FBF774
:1039100039FDFEF7C5F9B742B6D0BA1B9210314651
:10392000204600F06FFEAFE74FF40070FBF72AFC73
:10393000204601F001F85248FBF724FDFBF728FD73
:103940008CE7B0F1804F80F098804FEA80084046C5
:1039500014F088FC4246064600211DF006FC39465C
:103960003046F9F7E5F94FF00070FBF70BFC29043E
:1039700006EB080779D44248FBF704FDFBF708FD86
:10398000FEF78EF9BE4205D04FEAA8022046314626
:1039900000F038FE3046BDE8F04714F065BC35460F
:1039A0009DE73748FBF7EEFCFBF7F2FCBDE8F0477C
:1039B000FEF776B92046904700287FF477AF0320C2
:1039C00075E7FEF755F90A20FBF78AFE0A28F6D8B4
:1039D0002846FBF7EDF82846FBF7EAF8FBF7D2FD9F
:1039E000FEF75EF9FEF75AFC257128465FE72F4681
:1039F00084E76FF04042D11A41453ED343459A4691
:103A000038BFC2461AEB030318462AD2B3F1804FDF
:103A100027D243B3800014F025FC8246B54213D070
:103A20004A460AEB090531464FEA880750461DF021
:103A300078FB3A4628460021EF191DF096FB3046E8
:103A400014F012FC564659E70AEB09054FEA8802C2
:103A500028460021AF181DF088FB002EEFD15646F6
:103A60004CE71046D6E79A46D8E7FAF753FC80466B
:103A700000283FF447AF3D4631E703481AF009FA02
:103A8000E5470A00113603004C4405002DE9F04FCC
:103A9000D0E90743C26A8146406AD9F81870D9F85C
:103AA0001010121BA3EB00089210531E4FEAA80837
:103AB00008EBC3187F1A08EBA7084FEAD816F41CC6
:103AC000082C38BF0824A00083B014F0CBFB0136CB
:103AD000A41B640800EB840505EB8606B54283460B
:103AE00008D22F464FF4007014F0BCFB47F8040BCB
:103AF000BE42F7D8D9E90831D9F81C00D9F82C20F2
:103B0000D9F818E05BF8244056F8047C121A5B1AC6
:103B10009210D9F81010013A9B1003EBC213AEEBD0
:103B2000010203EBA20308F07F08002B07EB8807D4
:103B300004F500780EDDAA46C146224651F804CBB2
:103B4000C2F800C0714502F1040240D04A452ED0AF
:103B5000013BF3D1DFF880A0DFF880900194A74209
:103B600014D020681CF0F0FC0B4602465146484633
:103B700011F014F8A8F104039C420FD00434A742BA
:103B8000EFD103E055F8040B14F06EFBAE42F9D808
:103B9000584603B0BDE8F04F14F066BB019814F02E
:103BA00063FB6C680194043504F50078D7E7DAF814
:103BB0000420013B0AF1040A02F50079CAD051F849
:103BC00004CBC2F800C0714502F10402BED14168C5
:103BD000043001F5007EB9E710430500986300202A
:103BE0002DE9F0472DED048B98B009B11D2A06D0C0
:103BF0000024204618B0BDEC048BBDE8F0870B46CE
:103C000004461A687C499F68D3F80C90D3F810805A
:103C10005D691E7F08EE902A9A69684608EE102AB0
:103C200011F07EF9754915A811F07AF915A811F06F
:103C300031FA15A8724911F073F9F5EEC08AF1EE68
:103C400010FA40F2A48015A811F024FA6D4915A8C5
:103C500011F066F9B5EEC08AF1EE10FA40F29780E5
:103C600015A811F017FA684915A811F059F907EECF
:103C7000905AF5EE407AF1EE10FA00F0888015A81F
:103C800011F008FA614915A811F04AF9032E7ED8FF
:103C900015A811F0FFF99FED5E9AD4ED257ADFEDBE
:103CA0005D9A5D4939EE679A09A879EEE79A11F0B5
:103CB00037F909A906A811F059F9B0EE490A02210D
:103CC0000CA811F0ABF90CA906A811F09DFA534904
:103CD00082460FA811F024F90FA9504611F094FA6A
:103CE000B0EE690A8246022112A811F097F912A9D2
:103CF000504611F089FA4A49824615A811F010F988
:103D000015A9504611F080FA014603A811F02EF9CA
:103D100015A811F0BFF912A811F0BCF90FA811F005
:103D2000B9F90CA811F0B6F906A811F0B3F909A871
:103D300011F0B0F907EE907AB4EEE79AF1EE10FACE
:103D40001CDCF4EEE79AF1EE10FA17D407EE909A25
:103D5000B4EEE79AF1EE10FA10DCF4EEE79AF1EE29
:103D600010FA0BD407EE908AB4EEE79AF1EE10FA4F
:103D700004DCF4EEE79AF1EE10FA19D503A96846CF
:103D800011F0A4F903A811F085F9002407E015A9A2
:103D9000684611F09BF915A811F07CF900246846DB
:103DA00011F078F9204618B0BDEC048BBDE8F0871F
:103DB00003A811F06FF99FED1B0AA76728EE000A10
:103DC000C4F87C90C4F88080C4F8845084ED228AC2
:103DD00088EE800A1AF016F960B140F2FF3398427B
:103DE00028BF18460121606484F8146184F83010FB
:103DF0000C46D4E70120F5E74C5B05009C45050027
:103E0000C8450500EC4505000846050024460500A8
:103E100000004843000016454846050040440500A0
:103E2000444405006F12833A2DE9F84300253E4BC8
:103E300003604FF00809044605718560C0E9045528
:103E4000C0E90655C0E90855C0E90A55C0F80C900C
:103E5000202014F007FAE668A06080464FF4007056
:103E600014F000FA013E760808EB860200F50073B4
:103E70000127E261E2622D4A48F826006061606233
:103E800020612062A361A362C4F82053C4F82453C4
:103E9000C4F82853C4F82C53C4F830532260294680
:103EA00084F81C7304F13000E4221DF05EF984F8FC
:103EB000305084F8BC5084F8155184F814514FF4F4
:103EC0007C701025C4E90D50C4E914771848A0642B
:103ED00040F201150220174A174BDFF868E0DFF8BF
:103EE00068C0164E1649A4F85850E06540F2623595
:103EF0004FF07E50C4F8AC00C4F8609084F8E870CD
:103F0000C4F8B4E0C4F88CC0C4F89060C4F8A850F9
:103F1000C4F8B810E2632264C4F89430C4F898304E
:103F20002046BDE8F88300BFEC4205009847050035
:103F300000401C460024744B0080A24400007A44D8
:103F40008096184BC3F5E83F00007AC42DE9F04194
:103F50000C462DED048B06461546084648220021E6
:103F60001DF003F996ED468A96ED2B9ADFED229A25
:103F700028EE090AF1EE088A20EE290A0127B4EE9C
:103F8000E80A02230322F1EE10FA226084F844705A
:103F9000C4E90237236104D91AF034F806288046B0
:103FA00009D828461DB1154911F0DCF80020BDECF8
:103FB000048BBDE8F08196ED220A28EE298A30EEC6
:103FC000490A20EE080AB4EEE80AF1EE10FAE8D940
:103FD0001AF018F80628E4D9BDEC048B0638042240
:103FE000A8F10603C4E90D00E3633846E262C4E9C0
:103FF0000922BDE8F08100BF6F12833A6C470500CB
:10400000F0B590F83030012B9DB003D00025284644
:104010001DB0F0BD0446202014F024F905464FF4ED
:10402000007014F01FF9A768E86005F10C0300F5B3
:1040300000720821A560E66AE569A261C4E904008E
:10404000C4E90800A262E361E362E1605FB10436A3
:10405000AE4205D955F8040B14F006F9AE42F9D872
:10406000384614F001F994F81401FEF7C9F8FDF789
:10407000FFFD204600F08EF80546002837D1204687
:1040800000F058F9204600F0A7F8064600283DD178
:104090000A20FBF725FB0A2857D894F81531042B82
:1040A00068D0364901A810F03BFF01AA0AA92046B2
:1040B000FFF74CFF0546002854D1314907A810F0FE
:1040C0002FFF07A904A810F051FF01A904A811F0BF
:1040D0009BF8FDF7E5FDFEF7E1F804A810F0DAFF24
:1040E00007A810F0D7FF01A810F0D4FF8FE72549EB
:1040F0000AA810F015FFFDF7D3FDFEF7CFF80AA8C8
:1041000010F0C8FF002528461DB0F0BD07A81E49C5
:1041100010F006FF07A904A810F028FF0A22314674
:104120000AA810F04BFF0AA904A811F06DF8FDF7DA
:10413000B7FDFEF7B3F80AA810F0ACFF04A810F022
:10414000A9FF07A810F0A6FF61E710490AA810F020
:10415000E7FEFDF7A5FDFEF7A1F80AA8354610F029
:1041600099FF54E70AA8FAF781FCFDF799FD0123AE
:104170002371B8E70AA80649E9E700BF4C5B0500D0
:104180004047050090460500C0460500F44605007E
:104190001447050010B50446FBF724FBF9F7E2F8D5
:1041A000FDF7C6FD00210120FDF7D6FD0120FDF73A
:1041B000E9FD0748FDF7F6FDFDF70AFE0548FBF7A8
:1041C000E1F804F58C70FDF713FE002010BD00BF70
:1041D00000820002E5470A002DE9F041044686B05E
:1041E0000A20D4F84480FBF77BFA0A2800F29F806B
:1041F0000025012601A8CDE9025501968DF80B6036
:10420000FAF7FAF829462846FAF778F80322022343
:1042100001A80492CDE90233019504F58E77CDF81B
:1042200014808DF80460FAF703F84FF0FF30FAF7C6
:10423000A9FF38468021F8F749FA206E20B9D4F852
:10424000B820E2660023236794F87430002B63D013
:1042500000210846FAF752F8012500210322022323
:1042600001A801910492CDE90233CDF814808DF8B4
:104270000450F9F7DDFF4FF0FF30FAF783FF3846BF
:104280008021F8F723FA204600F076FA10B106B044
:10429000BDE8F081204600F0E1FA0028F7D184F86B
:1042A000E850204600F048FB0028F0D184F8CC000C
:1042B00004F1C000FAF700FB2846FAF749F9D4F8F0
:1042C000C000FAF7BFF94FF400410120FAF79AFF56
:1042D0000028F8D000254FF40040FAF753FF04F10E
:1042E000D40084F8E050FAF7E7FA04F1EC0084F81F
:1042F000F850FAF7E1FA2846FAF72AF9294642F285
:104300006400F8F7A1FD0120FAF722F9D4E91301BE
:10431000F9F7EEF92846BAE704F16C0194ED121AA8
:10432000D4ED0F0A94ED100AFDF776FD90E76FF0DB
:104330000800ACE710B5D0ED1F7AD0ED1E5A90ED15
:10434000227AD0ED216AB6EE086AF4EEE57AF1EE53
:1043500010FA27EE067AF0EEE66AD4BFB1EE665A9E
:10436000B0EE665A2DED068B80ED2B7A90ED209AFB
:1043700080ED2C5A35EEC57AF4EE495A37EEC76A0D
:10438000B1EE474AF1EE674AF1EE10FA0446B0EE9C
:10439000C66A80ED234AC0ED244A4CD079EE677A94
:1043A00037EE497AF0EEE78AB0EEC79AF7EE007A78
:1043B000C7EEA69A66EE297A17EE900A1CF0C4F8AA
:1043C0000022214B1BF062FF1CF0C6FB07EE900A97
:1043D000B8EE67AA68EEA97A84ED27AA17EE900ACC
:1043E0001CF0B2F80022184B1BF050FF1CF0B4FB7D
:1043F00007EE900AB8EE678A69EE297A84ED288A7A
:1044000017EE900A1CF0A0F800220F4B1BF03EFFA5
:104410001CF0A2FB07EE900AF8EE677A38EE278AC6
:10442000C4ED297A38EE0A8ABCEEC88A84ED2A8A5D
:10443000BDEC068B10BD79EE678A9FED049A78EE8D
:10444000858AF0EEE88AB1E70000E03F0000000056
:10445000002900F0CC8090F8153170B50D46044667
:10446000D0F80061032B03D8DFE803F03C5E8D3009
:1044700094F81031D4F80C01D4ED427A94ED417ADD
:104480000136C4F800610BB9B1EE477A3F2828BF66
:104490003F20820137EE877A07EE902AF8EEE77A1E
:1044A00084ED427A77EE877AFCEEE77A17EE903A5F
:1044B0009A4288BF03F1FF3340F6FF72934228BF50
:1044C000134643EA00332B60002070BDD0F8A820CB
:1044D00090F81031D0F80C01B2429CBF042284F84D
:1044E0001521C9E7D0F894001CF02EF80022444BA7
:1044F0001BF0CAFE40A3D3E900231CF07DF81CF09A
:1045000053FB94ED247AD4ED237AC4F80C01B4EE75
:10451000E77AF1EE10FACCBF01230023012284F8E0
:10452000103184F81521A7E707EE906A90ED277AFD
:10453000F8EE677AF4EEC77AF1EE10FA98DBD0F86D
:1045400098001CF001F800222D4B1BF09DFE2AA3C1
:10455000D3E900231CF050F81CF026FBD4ED207AA0
:1045600094ED247AC4F80C01F1EE677AB4EEE77AA0
:10457000F1EE10FA94BF01230023022284F81031D7
:1045800084F8152178E790ED287AD0ED277A77EE38
:10459000877A07EE106AB8EE477AB4EEE77AF1EE62
:1045A00010FAFFF665AFD0F894001BF0CDFF0022A3
:1045B000134B1BF069FE10A3D3E900231CF01CF879
:1045C0001CF0F2FAD4ED207A94ED237AC4F80C01B1
:1045D000F1EE677AB4EEE77AF1EE10FACCBF012380
:1045E0000023032284F8103184F8152144E76FF08A
:1045F00001007047AFF30080CA1DA0DC01CA9D3FD7
:1046000000006940002A00F0A8802DE9F04F2DED50
:10461000028B164683B004460D1F4FF000086FF062
:10462000404708E00BB183ED000A08F101080433AC
:104630004645236233D055F8041FD4ED1B0A94ED90
:104640002D0A89B22960626D2046FDF72BFFA26A10
:10465000236A043A9342B0EE408AE3D1D4E90202DD
:10466000D4F82C90A9EB0003A2EBA303012B1CD9D7
:104670004FF4007013F0F6FDC9F80400236A0BB183
:1046800083ED008AE36A5A68626208F10108043324
:1046900002F5007146452262C4E90A13CBD101201C
:1046A00003B0BDEC028BBDE8F08FE169A9EB010B13
:1046B0004FEAAB0B0BF1010B0BF1010AB2EB4A0F06
:1046C00039D8002A4BD0520002F10209B9F1804FCB
:1046D00050D24FEA890013F0C5FDE26AE169A9EB07
:1046E0000A0A04324FEA5A0A8A42034600EB8A0A4F
:1046F00005D00190521A50461CF01EFD019BA06887
:10470000019313F0B1FD019BC4E90239DAF80030DE
:1047100063610BEB070903F50073A3615AF82930B5
:10472000C4F81CA00AEB890903F50072C4E9093238
:10473000C4F82C909CE7A2EB0A0A4FEA5A0A00EB55
:104740008A0A09F104095145A9EB01020AD9494530
:10475000DCD050461CF0F0FCD8E7012070474FF049
:104760000309B6E74945D1D0C2EB8B0050441CF099
:10477000E3FCCBE719F08AFB70B50446A0B001203A
:10478000F7F7C8FF00213348F8F71CFF01231A464A
:1047900019461846FDF776FBD4ED1A7A94F87400A2
:1047A000D4ED1E0A94ED250A216EF8EE671AD4EDB9
:1047B000197A003018BF0120B8EE671AFDF780FBA8
:1047C00094F8581094F85930626D0091022021211C
:1047D000FDF700FC7022002104A81CF0C6FC04A810
:1047E000F9F780F901211C48F8F7ECFE0020FAF7F0
:1047F000B1F84FF00140F7F74FFF0020F7F78AFFBD
:1048000003A902A8F7F77AFF054610B1284620B0A1
:1048100070BD04F1C00630461421F8F745FA039B39
:10482000A26B9A4213D9616BC4F8C830029AC4F8DB
:10483000C41001230320C4F8C000C4F8D0203046BF
:1048400084F8CC30FAF738F8284620B070BD6FF005
:104850000705DBE7E0FF390020000100D0ED0F6A1B
:1048600090ED107AC16DC6EE877AF0B58DB090F8F4
:10487000582090F8593004910125002603A90446D8
:1048800004A806920793CDED0B7A05950896F8F7E4
:1048900045F82846F7F73EFF29468020F8F792FEB4
:1048A0004FF47A60F7F7F8FE29462048F8F78AFEB9
:1048B000039820F04040F7F7EFFE31461C48F8F728
:1048C00081FE1420F7F7E8FEFAF762FD02A901A8BD
:1048D000F7F714FF07463046F7F71CFF17B13846C5
:1048E0000DB0F0BD04F1D40630461421F8F7DCF920
:1048F000D4F8C8200299A36B5018984212D2D4F869
:10490000C430C4F8DC1013440221019A84F8E0504A
:104910003046C4E93513C4F8E420F9F7CDFF384632
:104920000DB0F0BD6FF00707D9E700BF000101002F
:1049300080010100000000002DE9F04F90F8E850E0
:10494000012D8BB0044600F0AE80D0F82863002E15
:1049500000F0A180D4F82C33B34280F0A080002274
:10496000F11A02921E46D4F82423D4F82033C4F856
:1049700028131046D4F830230146002A08BF1946F0
:10498000721E019100F0358103968A4600250DF1D3
:1049900014090DF118089E4F16460FE008939D4B21
:1049A0000993F9F759FE94F81C330135B3FA83F3F0
:1049B0005B09B54284F81C3326D0DA4649462046C6
:1049C000FFF746FD059B94F81CE323F07F4343F07B
:1049D000484304220AEB020B06930A2307930BEACF
:1049E000070C0BEA070343F073434CF07A4C504634
:1049F000414643F480234CF4802CBEF1000FCDD00F
:104A00000422CDF820C0CAE7039E019B03EB860673
:104A1000043E029B002B40F0AD80D4F82433D4F840
:104A20003023D4F8205349462046002A08BF1D46AB
:104A3000FFF70EFD94F81C23059B7749099125F09B
:104A40007F45002A25F480250CBF4FF073424FF0BC
:104A50007A4245F4802523F07F4343F048434146A2
:104A6000304615430A260422CDE906360895F9F7A3
:104A7000F3FD94F81C23D4F8303394F8E810B2FA1C
:104A800082F2B3FA83F352095B0984F81C23C4F859
:104A90003033002954D100200BB0BDE8F08F012342
:104AA000002102935FE7836BD0F8C800D4F8A860B8
:104AB000D4E936121B1A9B1A0F2B0A4440F39F802D
:104AC000083BDB0802EB83010027C4F82C33C4F851
:104AD0002023C4F82413C4F82863C4F83073D4F82E
:104AE000B0001BF031FD48A3D3E900231BF084FD87
:104AF0001CF07AF807EE900AF5EEC07AF1EE10FAA3
:104B0000DBBFF1EE677A3D46C4ED417AC4ED417AF0
:104B100084F81051D4F88C001BF016FD3AA3D3E9A9
:104B200000231BF069FD1CF05FF800230122C4F88C
:104B3000080184F81531C4F8003184F81C2306E715
:104B40009DF8083084F8E8302046FFF7F5FE00288D
:104B5000A2D1019A0025042304F1EC00C4E93B52E0
:104B600084F8F850C4F8F430F9F7A6FE28460BB0E4
:104B7000BDE8F08F49462046FFF76AFC351D94F8E2
:104B80001C13059A25F07F43002923F480230CBFD2
:104B90004FF073414FF07A4143F4802322F07F427B
:104BA0000B4342F048420A21304608930692194BC3
:104BB00007910422414609930026F9F74DFD4FF075
:104BC0000143042228464146CDE90863CDE9066643
:104BD000F9F742FDD4F8303394F8E820B3FA83F3C0
:104BE0005B09C4F83033002A3FF455AF84F8E8601D
:104BF000AFE70E460DF114090DF1180809E76FF043
:104C0000070049E7AFF30080C853823C25C8FD3F49
:104C1000FFFFFB00010000C7010000A770B4D0E94E
:104C20000763C26A456A04698169921B581B921026
:104C3000531E801000EBC3100B1B00EBA300800081
:104C400070BC704738B50479012C01D0012038BD03
:104C50000546FDF70DF80A20FAF742FD0A284FF045
:104C60000000F4D8F9F7A4FF0020F9F7A1FFFAF744
:104C700089FCFDF715F8FDF711FB00220323204600
:104C80002A7185F80D3138BD2DE9F04F0D46D5E973
:104C90000763C96A0446686A891B1B1A2E69A869DA
:104CA000891001399B1003EBC113801B4FEA920B53
:104CB00003EBA002934528BF934600235FEA8B06CF
:104CC00085B0C4E90033A36040F08580BBF1000FDC
:104CD00045D04FF00008CDF804B009E0C6F80090C8
:104CE000636804336360019B08F10108984536D07E
:104CF000AA692B69043A9342D3F8009033D0043365
:104D00002B61D4E901639B1B032BE7D8D4F800A0E7
:104D1000A6EB0A077B1D6DD8042F3B4638BF042342
:104D2000FB189B462CD2002B62D1002F47D1C3F831
:104D3000009004275B46CDF808B05F44BAF1000F3D
:104D400004D05046039313F08FFA039BC4E9003755
:104D5000029BA360019B08F101089845C8D1204639
:104D600005B0BDE8F08F686913F07EFAEB695A6808
:104D70006A61043302F500712A61C5E90613C0E7D0
:104D80004FF0FF37384613F06DFAD4E900A2C1198D
:104D9000921BB6EB0A07034603920291934613D186
:104DA000DA1943F80790171D039A002AC5D0314637
:104DB0005A46384603931CF0B4F9039BBDE7CDF87F
:104DC0000CB05B46CDF808B018463A4651461CF088
:104DD000B3F90346E4E7304613F044FA0746206887
:104DE00008B113F041FA3E44A660C4E900776DE7CC
:104DF0001F46C7E7014819F04CF800BF58450500A9
:104E000070B506468068094B336068B1F56AF4698D
:104E10000435AC4206D254F8040B13F025FAA5422F
:104E2000F9D8B06813F020FA304670BDE4490500A7
:104E300070B5064680680B4B336068B1F56AF4695B
:104E40000435AC4206D254F8040B13F00DFAA54217
:104E5000F9D8B06813F008FA304613F005FA304676
:104E600070BD00BFE44905000379012B00D07047F5
:104E70002DE9F0470446FCF7FBFE42F27400F8F718
:104E80002DFA0020FAF77EFA0020FAF711FA05460B
:104E9000A8055ED415F0007623D12A0440F196804F
:104EA000F9F738FA8046002840F08E804FF4004031
:104EB000FAF768F97E484646FAF764FAFCF7F0FE1E
:104EC00023687C4ADB68934240F089802379012B78
:104ED00000F08C800020FDF785FC002E6FD1BDE82E
:104EE000F087F9F717FA074600283FD14FF0007016
:104EF000FAF748F92B0469D5F9F70CFA804600282F
:104F0000D4D03D463E46A5EB06094FEAA90313EB74
:104F100008072CBF01220022BB42C0F08280002A79
:104F20007DD006EB870741462846F7F701FF4FF48F
:104F30000040FAF727F95E48FAF724FAFCF7B0FECA
:104F4000B742BDD0BA1B92103146204600F062FE37
:104F5000B6E74FF40070FAF715F9204601F01CF897
:104F60005348FAF70FFAFAF713FA93E7B0F1804FC4
:104F700080F09B804FEA8008404613F073F9424668
:104F8000064600211CF0F1F839463046F7F7D0FE0E
:104F90004FF00070FAF7F6F8290406EB08077CD406
:104FA0004348FAF7EFF9FAF7F3F9FCF779FEBE4256
:104FB00005D04FEAA8022046314600F02BFE3046CD
:104FC000BDE8F04713F050B935469CE73848FAF78A
:104FD000D9F9FAF7DDF9BDE8F047FCF761BE2046E4
:104FE000984700287FF476AF032074E7FCF740FE73
:104FF0000A20FAF775FB0A28F6D80020F9F7D8FD41
:105000000020F9F7D5FDFAF7BDFAFCF749FEFDF7E8
:1050100045F900200323207184F80D315BE72F460A
:1050200081E76FF04042D11A41453ED343459A464D
:1050300038BFC2461AEB030318462AD2B3F1804F99
:1050400027D243B3800013F00DF98246B54213D046
:105050004A460AEB090531464FEA880750461CF0DC
:1050600060F83A4628460021EF191CF07EF83046D9
:1050700013F0FAF8564656E70AEB09054FEA88029C
:1050800028460021AF181CF070F8002EEFD15646CC
:1050900049E71046D6E79A46D8E7F9F73BF9804644
:1050A00000283FF444AF3D462DE7034818F0F1FED9
:1050B000E5470A00454C03004C4405002DE9F04F3C
:1050C000D0E90743C26A8146406AD9F81870D9F816
:1050D0001010121BA3EB00089210531E4FEAA808F1
:1050E00008EBC3187F1A08EBA7084FEAD816F41C80
:1050F000082C38BF0824A00083B013F0B3F80136A1
:10510000A41B640800EB840505EB8606B5428346C4
:1051100008D22F464FF4007013F0A4F847F8040BA0
:10512000BE42F7D8D9E90831D9F81C00D9F82C20AB
:10513000D9F818E05BF8244056F8047C121A5B1A80
:105140009210D9F81010013A9B1003EBC213AEEB8A
:10515000010203EBA20308F07F08002B07EB88078E
:1051600004F500780EDDAA46C146224651F804CB6C
:10517000C2F800C0714502F1040240D04A452ED069
:10518000013BF3D1DFF880A0DFF880900194A742C3
:1051900014D020681BF0D8F90B4602465146484609
:1051A0000FF0FCFCA8F104039C420FD00434A7428A
:1051B000EFD103E055F8040B13F056F8AE42F9D8DE
:1051C000584603B0BDE8F04F13F04EB8019813F005
:1051D0004BF86C680194043504F50078D7E7DAF8E9
:1051E0000420013B0AF1040A02F50079CAD051F803
:1051F00004CBC2F800C0714502F10402BED141687F
:10520000043001F5007EB9E71043050098630020E3
:105210002DE9F04F2DED048B99B009B1212A06D06C
:105220000024204619B0BDEC048BBDE8F08F0B467E
:1052300004461A688B49D3F808A0D3F80C90D3F829
:1052400010805E69DD6993F8207008EE902A9A69F3
:10525000684608EE102A0FF063FE834915A80FF088
:105260005FFE15A80FF016FF15A880490FF058FE35
:10527000F5EEC08AF1EE10FA29D915A80FF00AFF51
:105280007B4915A80FF04CFEB5EEC08AF1EE10FA7E
:105290001DD915A80FF0FEFE764915A80FF040FEA7
:1052A00007EE905AF5EEC07AF1EE10FA0FD915A874
:1052B0000FF0F0FE07EE905AF4EEC87AF1EE10FA15
:1052C00016D56D4968460FF04DFF002407E015A97B
:1052D00068460FF0FBFE15A80FF0DCFE00246846C0
:1052E0000FF0D8FE204619B0BDEC048BBDE8F08F5E
:1052F000624915A80FF014FE07EE906AF5EE407AA9
:10530000F1EE10FAE3D015A80FF0C4FE5C4915A821
:105310000FF006FE032FDAD815A80FF0BBFEDFED65
:10532000599AD4ED227A9FED589A584979EEE79A26
:1053300009A839EE679A0FF0F3FD09A906A80FF046
:1053400015FEB0EE690A02210CA80FF067FE0CA949
:1053500006A80FF059FF4E4983460FA80FF0E0FD55
:105360000FA958460FF050FFB0EE490A83460221BC
:1053700012A80FF053FE12A958460FF045FF4549F9
:10538000834615A80FF0CCFD15A958460FF03CFF39
:10539000014603A80FF0EAFD15A80FF07BFE12A846
:1053A0000FF078FE0FA80FF075FE0CA80FF072FE3C
:1053B00006A80FF06FFE09A80FF06CFE07EE90AA8A
:1053C000F4EEE79AF1EE10FA1CDCB4EEE79AF1EE97
:1053D00010FA17D407EE909AF4EEE79AF1EE10FA6D
:1053E00010DCB4EEE79AF1EE10FA0BD407EE908AD7
:1053F000F4EEE79AF1EE10FA04DCB4EEE79AF1EE7F
:1054000010FA08D503A968460FF060FE03A80FF054
:1054100041FE002463E703A80FF03CFE9FED1E0A47
:10542000C4F878A028EE000AC4F87C90C4F89C80E8
:10543000C4F8A06084ED268AC4F8945088EE800AEF
:1054400018F0E0FD60B140F2FF33984228BF1846E3
:105450000121606484F80C7184F830100C463EE73A
:105460000120F5E74C5B0500BC470500E847050057
:105470000C4805002848050048480500704805000C
:105480008C4805000000484300001645B44805005C
:1054900040440500444405006F12833A2DE9F84367
:1054A0000025344B03604FF0080904460571856000
:1054B000C0E90455C0E90655C0E90855C0E90A55D8
:1054C000C0F80C90202012F0CDFEE668A060804667
:1054D0004FF4007012F0C6FE013E760808EB86021B
:1054E00000F50073E261E2620127234A48F82600D2
:1054F0006061606220612062A361A362C4F81853F6
:10550000C4F81C53C4F82053C4F82453C4F82853D7
:10551000226084F81473294604F13000DC221BF069
:1055200024FEC4E9147784F830504FF47C7084F87A
:105530000D5184F80C51114E114A124BDFF84CC03A
:105540001149A06340F2011510270220A664A4F8B7
:105550005850E065C4F860906763C4F8ACC0C4F804
:10556000B010E2632264C4F88830C4F88C3020465E
:10557000BDE8F883EC420500E449050000401C4604
:105580000024744B0080A2448096184BC3F5E83F7A
:105590002DE9F8430C462DED068B064615460846C8
:1055A000482200211BF0E1FD96ED448AD6ED2A9AAF
:1055B0009FED349A28EE290AF1EE088A20EE090AB6
:1055C0000127B4EEE80A03230222F1EE10FAA260EA
:1055D00084F84470E7602360236104D918F012FD59
:1055E0000628804609D828461DB127490FF0BAFD84
:1055F0000020BDEC068BBDE8F88396ED29AA28EEC5
:105600000A0A20EE090AB4EEE80AF1EE10FAEAD925
:1056100018F0F8FC06288146E5D9D6ED26AA96EDC5
:10562000250A30EE6A0A28EE098A30EE690A20EE71
:10563000080AB4EEE80AF1EE10FAD4D918F0E2FC48
:1056400006280646CFD93AEECAAA2AEE080AB4EED0
:10565000E80AF1EE10FAC6D918F0D4FC0628C2D92F
:1056600006380421A8F10603A9F10602063EC4E9A2
:105670000D06C4E90F323846C4E90B11C4E909111B
:10568000B7E700BF6F12833AB4490500F0B590F850
:105690003030012B9DB003D0002528461DB0F0BD51
:1056A0000446202012F0DEFD05464FF4007012F093
:1056B000D9FDA768E86005F10C0300F50072082128
:1056C000A560E66AE569A261C4E90400C4E90800CE
:1056D000A262E361E362E1605FB10436AE4205D9E4
:1056E00055F8040B12F0C0FDAE42F9D8384612F05E
:1056F000BBFD94F80C01FCF783FDFCF7B9FA2046DA
:1057000000F084F80546002833D1204600F0BEF9A9
:10571000204600F09DF80646002839D10A20F9F706
:10572000DFFF0A2853D8344901A80FF0F9FB01AA7A
:105730000AA92046FFF72CFF0546002854D12F491F
:1057400007A80FF0EDFB07A904A80FF00FFC01A9B3
:1057500004A80FF059FDFCF7A3FAFCF79FFD04A87D
:105760000FF098FC07A80FF095FC01A80FF092FC31
:1057700093E723490AA80FF0D3FBFCF791FAFCF753
:105780008DFD0AA80FF086FC002528461DB0F0BD4F
:1057900007A81C490FF0C4FB07A904A80FF0E6FBFB
:1057A0000A2231460AA80FF009FC0AA904A80FF042
:1057B0002BFDFCF775FAFCF771FD0AA80FF06AFCE7
:1057C00004A80FF067FC07A80FF064FC65E70E491A
:1057D0000AA80FF0A5FBFCF763FAFCF75FFD0AA827
:1057E00035460FF057FC58E70AA8F9F73FF9FCF7E0
:1057F00057FA01232371B8E74C5B0500884905007F
:1058000000490500304905006849050010B5044607
:10581000F9F7E8FFF7F7A6FDFCF78AFA0021012067
:10582000FCF79AFA0220FCF7ADFA0748FCF7BAFA3F
:10583000FCF7CEFA0548F9F7A5FD04F58870FCF7EA
:10584000D7FA002010BD00BF00820002E5470A0021
:105850002DE9F043044687B00A20D4F84490F9F7C4
:105860003FFF0A2800F290800025012601A80227A8
:10587000CDE9025501978DF80B60F8F7BDFD29467B
:105880002846F8F73BFD032301A8CDE90439CDE90B
:10589000015704F58A7803968DF80460F8F7C8FC80
:1058A0004FF0FF30F9F76EFC40468021F6F70EFF0F
:1058B000206E00285DD1D4F8B020E2660023236773
:1058C00000210846F8F71AFD0125002103220223D2
:1058D00001A80191CDE903520293CDF814908DF8FF
:1058E0000450F8F7A5FC4FF0FF30F9F74BFC4046A9
:1058F0008021F6F7EBFE204600F046FA10B107B023
:10590000BDE8F083204600F06DFA0028F7D120466C
:1059100000F0D0FA0028F2D184F8DC50204600F0E4
:105920003BFB0028EBD104F1B40104F1C802CDE93E
:10593000011204F1E00301AE0546039304AF56F8EB
:10594000043B184613B11D73F8F7B6FFB742F6D102
:105950000020F8F7FDFD002142F26400F7F774FA29
:105960000120F8F7F5FDD4E91301F7F7C1FE002097
:10597000C5E704F16C0194ED121AD4ED0F0A94ED11
:10598000100AFCF749FA9BE76FF00800B7E700BF81
:105990002DE9F047044690B0D0F888001AF0D4FD05
:1059A0000022394B1AF070FC33A3D3E900231AF01C
:1059B00023FE1BF0D1F88701064638461AF0B2FDE7
:1059C0008046D4F8800089461AF0BEFD2CA3D3E9A6
:1059D00000231AF011FE0B460246494640461AF0D3
:1059E00055FC1BF0B9F894F874803C220546002160
:1059F00001A8D4E919A9246E1BF0B7FB012398452F
:105A00008DF83C308DF83D3016BF34234FF40D73C4
:105A10000C9414220E93002E4FF00103CDE90AA935
:105A200005928DF81D3021DB3F2E10DCB6B2BD4251
:105A3000ADF8206012DA013D16D5002501A8ADF8B9
:105A40001E50F8F789F9002010B0BDE8F0874FF438
:105A50007C673F26BD42ADF82060ECDBB5F5805F8A
:105A600002DB40F6FF75E9E7ADB2E7E7002637460F
:105A7000DDE700BFAFF30080CA1DA0DC01CA9D3F77
:105A8000C853823C25C8FD3F0000694090ED1F6A65
:105A9000D0ED1E5AD0ED266A90ED257AD0ED287A09
:105AA000F4EEC65AF0EEE77AF1EE10FA37EE667AC7
:105AB000B6EE085A48BF76EE277A66EE856A27EE7C
:105AC000057A58BF77EEC67A4FF001034FF0000217
:105AD000B1EE655A48BFF1EE677A80F80D21C0ED4E
:105AE000296A80ED2A7A80ED205A80F8083180F802
:105AF000DC30C0ED217A7047002900F0828090F8F8
:105B00000D31012B70B50D460446D0F8F4605BD022
:105B10003FD3022B5DD1D0F89030D0F80401B342CE
:105B20009CBF032384F80D3194F80831D4ED407AFA
:105B300094ED3E7A0136C4F8F460002B3ED0D4EDEB
:105B40003F6A37EE667A13F1FF3337EEC77A18BF34
:105B5000012384ED407A820107EE902AF8EE677AFD
:105B600084F8083177EE877AFCEEE77A17EE903A00
:105B70009A4288BF03F1FF3340F6FF723F2828BFE7
:105B80003F20934228BF134643EA00332B60002096
:105B900070BDD0F888001AF0D7FC00221C4B1AF018
:105BA00073FB19A3D3E900231AF026FD1AF0FCFFBA
:105BB0000123C4F8040184F80D31B5E737EE877A84
:105BC000012384ED407AC6E7D0F89030B6EB530F4E
:105BD00002D2D4F80401A7E7D0F88C001AF0B4FC84
:105BE00000220B4B1AF050FB07A3D3E900231AF055
:105BF00003FD1AF0D9FF0223C4F8040184F80D3123
:105C000092E76FF001007047CA1DA0DC01CA9D3FFA
:105C100000006940002A00F0A8802DE9F04F2DED2A
:105C2000028B164683B004460D1F4FF000086FF03C
:105C3000404708E00BB183ED000A08F10108043386
:105C40004645236233D055F8041FD4ED1B0A94ED6A
:105C50002B0A89B22960626D2046FCF723FCA26AF8
:105C6000236A043A9342B0EE408AE3D1D4E90202B7
:105C7000D4F82C90A9EB0003A2EBA303012B1CD9B1
:105C80004FF4007012F0EEFAC9F80400236A0BB169
:105C900083ED008AE36A5A68626208F101080433FE
:105CA00002F5007146452262C4E90A13CBD10120F6
:105CB00003B0BDEC028BBDE8F08FE169A9EB010BED
:105CC0004FEAAB0B0BF1010B0BF1010AB2EB4A0FE0
:105CD00039D8002A4BD0520002F10209B9F1804FA5
:105CE00050D24FEA890012F0BDFAE26AE169A9EBED
:105CF0000A0A04324FEA5A0A8A42034600EB8A0A29
:105D000005D00190521A50461BF016FA019BA0686C
:105D1000019312F0A9FA019BC4E90239DAF80030C4
:105D200063610BEB070903F50073A3615AF829308F
:105D3000C4F81CA00AEB890903F50072C4E9093212
:105D4000C4F82C909CE7A2EB0A0A4FEA5A0A00EB2F
:105D50008A0A09F104095145A9EB01020AD949450A
:105D6000DCD050461BF0E8F9D8E7012070474FF02F
:105D70000309B6E74945D1D0C2EB8B0050441BF074
:105D8000DBF9CBE718F082F810B500219EB004468D
:105D90001248F7F717FC002301211A460846FCF7C2
:105DA00071F82046FFF7F4FD94F8581094F8593034
:105DB000626D009102202121FCF70CF97022002174
:105DC00002A81BF0D2F902A8F7F78CFE01210448C3
:105DD000F7F7F8FB00201EB010BD00BFE0FF390050
:105DE00020000100D0ED0F6A90ED107AC16DC6EE73
:105DF000877AF0B58DB090F8582090F8593004911A
:105E00000125002603A9044604A806920793CDEDB8
:105E10000B7A05950896F6F781FD2846F6F77AFC89
:105E200029468020F7F7CEFB4FF47A60F6F734FC72
:105E300029461E48F7F7C6FB039820F04040F6F7C6
:105E40002BFC31461A48F7F7BDFB1420F6F724FC6B
:105E5000F9F79EFA02A901A8F6F750FC074630466A
:105E6000F6F758FC17B138460DB0F0BD04F1B40692
:105E700030461421F6F718FF029BA26B9A4212D902
:105E80000221C4F8BC30626B019B84F8C0503046DC
:105E9000C4F8B410C4F8B820C4F8C430F8F70CFD46
:105EA00038460DB0F0BD6FF00707DCE700010100D8
:105EB00080010100D0ED0F6A90ED107AC16DC6EE41
:105EC000877AF0B58DB090F8582090F85930049149
:105ED0000125002603A9044604A806920793CDEDE8
:105EE0000B7A05950896F6F719FD2846F6F712FC89
:105EF00029468020F7F766FB4FF47A60F6F7CCFB73
:105F000029462348F7F75EFB039820F04040F6F758
:105F1000C3FB31461F48F7F755FB1420F6F7BCFBCF
:105F2000F9F736FA02A901A8F6F7E8FB074630466A
:105F3000F6F7F0FB17B138460DB0F0BD04F1C80616
:105F400014213046F6F7B0FEA36B02998B421BD9A1
:105F5000606BD4F8B8200344D4F8BC005B1A024448
:105F6000934211D90322C4F8CC30019BC4F8D0105D
:105F7000304684F8D450C4F8C820C4F8D830F8F7B4
:105F80009BFC38460DB0F0BD6FF00707D3E700BFAC
:105F900000010100800101002DE9F04F90ED1F7A12
:105FA000D0ED1E7A2DED048BB4EEE77AD0ED208A89
:105FB000D0ED217A90ED288A90ED279A77EEE87A55
:105FC000B0EEC88AF0EEE77AC7EE887A8BB0044666
:105FD0000026F1EE10FA17EE900ACCBFD44FD54F41
:105FE0001AF0B2FA0022D44B1AF050F91AF0B4FDAC
:105FF00007EE900AF8EEE77A94F8DC8077EEA77A5D
:10600000B8F1010FFCEEE77A17EE905AC4ED247A4E
:1060100000F0BD80D4F82053002D00F0AE80D4F8FD
:106020002433AB4280F0AF800022E91A02921D4671
:10603000D4F81C23D4F81833C4F820131046D4F82D
:1060400028230146002A08BF19466A1E019100F064
:106050006081BA4F03958A4600260DF114090DF1AF
:106060001808154649462046FFF746FD059B94F85B
:1060700014E323F07F4343F0484304220AEB020B6E
:1060800006930A2307930BEA070C0BEA070343F076
:1060900073434CF07A4C5046414643F480234CF411
:1060A000802CBEF1000F10D10893A54B0993F8F78F
:1060B000D3FA94F814330136B3FA83F35B09B5428B
:1060C00084F8143312D0DA46CCE79D4B09930422AE
:1060D000CDF820C0F8F7C0FA94F814330136B3FABB
:1060E00083F35B09AE4284F81433ECD1039D019B2A
:1060F00003EB8505043D029B002B40F0CB80D4F8D8
:106100001C33D4F82823D4F8186349462046002AC3
:1061100008BF1E46FFF7F0FC94F81423059B89493D
:10612000099126F07F46002A26F480260CBF4FF006
:1061300073424FF07A4246F4802623F07F4343F0C7
:1061400048434146284616430A250422CDE9063530
:106150000896F8F781FA94F81423D4F8283394F8C1
:10616000DC10B2FA82F2B3FA83F352095B0984F8C5
:106170001423C4F82833002970D100200BB0BDECE3
:10618000048BBDE8F08F01230021029350E7D4F87F
:10619000BC00A36BD4F8D010D4F8B8201B1A5B1A3B
:1061A0000F2B024440F3BB80083BDB0802EB83016A
:1061B0004FF00009C4EDC87AF0EEC97A17EE900AE4
:1061C000C4F82433C4F81823C4F81C13C4F8289363
:1061D0001AF0BAF954A3D3E900231AF00DFA3246A3
:1061E0003B461AF009FA1AF0FFFC09EE100A18EE05
:1061F000100A84ED3E9A1AF0A7F94BA3D3E90023C5
:106200001AF0FAF932463B461AF0F6F91AF0ECFCAD
:1062100008EE100A18EE900A84ED3F8A1AF094F9FD
:1062200041A3D3E900231AF0E7F979EE487A06464C
:1062300017EE900A0F461AF087F902460B463046D1
:1062400039461AF023F81AF0CFFC84F80D91C4F8FF
:106250000001C4F8F49084F81483DDE69DF808305A
:1062600084F8DC302046FFF797FE002886D1019A9B
:106270000025042304F1E000C4E9385284F8EC500E
:10628000C4F8E830F8F718FB28460BB0BDEC048BD7
:10629000BDE8F08F49462046FFF72EFC2E1D94F8EE
:1062A0001413059A26F07F43002923F480230CBFA2
:1062B0004FF073414FF07A4143F4802322F07F4244
:1062C0000B4342F048420A212846089306921C4B91
:1062D00007910422414609930025F8F7BDF94FF0D4
:1062E0000143042230464146CDE90853CDE9065525
:1062F000F8F7B2F9D4F8283394F8DC20B3FA83F332
:106300005B09C4F82833002A3FF437AF84F8DC5027
:10631000ADE70D460DF114090DF11808EBE66FF02D
:1063200007002BE7AFF30080C853823C25C8FD3F30
:106330000000F0BF0000F03F0000E03FFFFFFB0067
:10634000010000C7010000A770B4D0E90763C26A6A
:10635000456A04698169921B581B9210531EC01034
:1063600000EB83100B1B00EBE300C00070BC704718
:1063700038B50479012C01D0012038BD0546FBF762
:1063800077FC0A20F9F7ACF90A284FF00000F4D89E
:10639000F8F70EFC0020F8F70BFCF9F7F3F8FBF721
:1063A0007FFCFBF77BFF002320462B7138BD00BF2D
:1063B0002DE9F04F0D46D5E90763C96A0446686ABE
:1063C000891B1B1A2E69A86989100139DB1003EBA0
:1063D0008113801B4FEAD20A03EBE002924528BFEB
:1063E000924600235FEACA0687B0C4E90033A3607F
:1063F00040F09180BAF1000F4ED04FF000090DF13E
:10640000100BCDF804A00BE05B4603CB306071604D
:10641000636808336360019B09F1010999453BD02A
:106420002B69AA6993E80300083A93428BE80300BA
:1064300036D008332B61D4E901639B1B072BE3D8CB
:10644000D4F80080A6EB080717F1090F72D8082FBF
:106450003B4638BF0823FB189A462ED2002B67D143
:10646000002F4CD15A4603CA082718605960CDF84E
:1064700008A053465744B8F1000F04D04046039398
:1064800011F0F2FE039BC4E90037029BA360019B5D
:1064900009F101099945C3D1204607B0BDE8F08F45
:1064A000686911F0E1FEEB695A686A61043302F52C
:1064B00000712A61C5E90613BDE74FF0FF37384682
:1064C00011F0D0FED4E90082C119921BB6EB080787
:1064D000034603920291924616D15A4603CADA192C
:1064E000D85102F108075160039A002AC2D0314600
:1064F0005246384603931AF014FE039BBAE7CDF8D0
:1065000008A05346CDF80CA018463A4641461AF06A
:1065100013FE0346E1E7304611F0A4FE074620686B
:1065200008B111F0A1FE3E44A660C4E9007761E71E
:106530001F46C4E7014817F0ACFC00BF58450500F2
:1065400070B506468068094B336068B1F56AF46936
:106550000435AC4206D254F8040B11F085FEA54276
:10656000F9D8B06811F080FE304670BD1C4C0500B3
:1065700070B5064680680B4B336068B1F56AF46904
:106580000435AC4206D254F8040B11F06DFEA5425E
:10659000F9D8B06811F068FE304611F065FE30465B
:1065A00070BD00BF1C4C05002DE9F8430379012B99
:1065B00001D0BDE8F8830446FBF75AFB42F27400B1
:1065C000F6F78CFE0020F8F7DDFE0020F8F770FEED
:1065D0008305054638D415F000762AD1374615F4E0
:1065E00000453BD17548F8F7CDFEF8F7D1FEFBF733
:1065F00057FB94F8A830012B67D0BE4205D0F21BA0
:1066000092103946204600F0BFFC35B9002FD0D09B
:106610003846BDE8F84311F027BE2368684ADB68B6
:1066200093426DD12379012B70D00020FCF7DAF86A
:10663000ECE7F7F76FFE30F0030631D137464FF045
:106640000070F8F79FFDCAE74FF40070F8F79AFD65
:106650005A48F8F797FEF8F79BFEBCE7F7F75AFEA3
:1066600030F0030508D14FF40040F8F78BFD534894
:10667000F8F788FE0125BAE7A6EB07084FEAA8035A
:10668000E9182CBF012200228B4257D3002A53D095
:1066900007EB810830462946F6F74AFB4646E2E713
:1066A000B6F1804F80F086804FEA8608404611F0B0
:1066B000D9FD4246074600211AF057FD31463846BB
:1066C00007EB0806F6F734FBB9E7D4F8BC30D4F88A
:1066D000C02004EBC301D4F8C430D1F8D000D1F805
:1066E000D410C4F8CC10C4F8C800C4F8F023C4F81F
:1066F000C03004F1C40104F1A800F6F7D5F97CE735
:1067000020469847002890D103208FE7FBF7B0FA86
:106710000A20F8F7E5FF0A28F6D80020F8F748FA2B
:106720000020F8F745FAF8F72DFFFBF7B9FAFBF769
:10673000B5FD0020207179E7B046ABE76FF040422D
:10674000D11A8D4236D89D42A94638BF994619EBD9
:10675000030318462AD2B3F1804F27D243B38000F7
:1067600011F080FD8146BE4213D0424609EB080677
:1067700039464FEA850848461AF0D3FC424630466F
:106780000021B0441AF0F1FC384611F06DFD4F467F
:1067900080E709EB0806AA003046002106EB020854
:1067A0001AF0E3FC002FEFD14F4673E71046D6E70F
:1067B0009946D8E7034817F06CFB00BFE5470A008D
:1067C000716303004C440500F0B590F83030012BA4
:1067D0009DB003D0002528461DB0F0BD0446202002
:1067E00011F040FD05464FF4007011F03BFDA76825
:1067F000E86005F10C0300F500720821A560E66A67
:10680000E569A261C4E90400C4E90800A262E36189
:10681000E362E1605FB10436AE4205D955F8040B7E
:1068200011F022FDAE42F9D8384611F01DFD0020CE
:10683000FBF7E6FCFBF71CFA204600F0E5FA0546FC
:10684000002843D1204600F08BFB204600F0FAFAE6
:106850000646002849D10A20F8F742FF0A280AA86C
:1068600062D8482231461AF080FC434901A80EF054
:1068700057FB0AA8482231461AF077FC04F58963D1
:10688000D4ED117A93ED000A20EE270AF0EE087A93
:10689000B4EEE70A0127F1EE10FA8DF86C70139749
:1068A0004ED917F0AFFB03284AD9C31E0AA8179385
:1068B000F8F7DCF8F8F76CFDC4F82064FBF7F0F9A2
:1068C0003D46277101A80EF0E5FB84E72B490AA895
:1068D0000EF026FBFBF7E4F9FBF7E0FC0AA80EF04C
:1068E000D9FB002528461DB0F0BD07A824490EF0AD
:1068F00017FB07A904A80EF039FB0A2231460AA8A3
:106900000EF05CFB0AA904A80EF07EFCFBF7C8F9A8
:10691000FBF7C4FC0AA80EF0BDFB04A80EF0BAFBFE
:1069200007A80EF0B7FB56E716490EF0F9FAFBF789
:10693000B7F9FBF7B3FC0AA835460EF0ABFB4AE704
:10694000114901A80EF00EFC104907A80EF0E8FA54
:1069500007A904A80EF00AFB01A904A80EF054FC34
:10696000FBF79EF9FBF79AFC04A80EF093FB07A82F
:106970000EF090FB0025A5E74C5B05002C4B0500B5
:106980005C4B0500944B0500B44B0500E84B05003B
:1069900090F8A8302DE9F04F8046012BD8E9074345
:1069A0000CBFD0EDFC7AD0ED227AC06AD8F8247002
:1069B000D8F81820D8F81010001B8010DF1BFF102B
:1069C000431E07EB8317521A07EBE207BE09F41CBC
:1069D0002DED028B082C38BF082489B0A0000136A9
:1069E000CDED057A11F03EFCA41B640800EB840594
:1069F00005EB8606B542069008D2A9464FF4007012
:106A000011F030FC49F8040B4E45F7D8D8E90810CE
:106A1000D8F81C90D8F82C30D8F818E0069AA3EBD8
:106A200009034FEAA30AA1EB000CD8F8103052F882
:106A3000244056F8042C0AF1FF3A4FEAEC0C0CEB18
:106A40008A1CAEEB03010CEBE10C07F03F07BCF135
:106A5000000F02EBC70B04F5007710DDAA46B8461D
:106A6000224693E803000833734582E8030002F1ED
:106A700008024FD0424543D0BCF1010CF1D19FED4B
:106A8000298ADFF8A8A00794A345059825D019F016
:106A90005BFDD4ED017A67EE887A804617EE900AA6
:106AA000894619F051FDCDE90201206819F04CFD2D
:106AB0004B46CDE9000142461B4950460EF06EF8A8
:106AC000A7F108039C4212D00834A3450598DED1F3
:106AD00003E055F8040B11F0C7FBAE42F9D8069855
:106AE00009B0BDEC028BBDE8F04F11F0BDBB0798BB
:106AF00011F0BAFB6C680794043504F50077C3E71E
:106B0000DAF80420BCF1010C0AF1040A02F500785D
:106B1000A7D1B4E7D9F8043009F1040903F5007EE0
:106B2000A8E700BFE22E6542084A050098630020EE
:106B30002DE9F0472DED028B8CB009B1162A06D055
:106B4000002420460CB0BDEC028BBDE8F0870C465B
:106B50000646A2680868E3684968B4F814C0277A52
:106B600094F80980D4F80E90D4F812A006AD0FC5A1
:106B700008EE100A2069A5F804C0286008EE901AF3
:106B8000684650490EF0CCF94F4903A80EF0C8F9F9
:106B900003A80EF07FFA03A84C490EF0C1F9B5EE38
:106BA000C08AF1EE10FA77D903A80EF073FA4849BB
:106BB00003A80EF0B5F9F5EEC08AF1EE10FA6BD924
:106BC00003A80EF067FA434903A80EF0A9F9B4EE42
:106BD000E88AF1EE10FA5FDC03A80EF05BFA3E499A
:106BE00003A80EF09DF907EE90AAF5EEC07AF1EE3B
:106BF00010FA51D903A80EF04DFA384903A80EF047
:106C00008FF907EE909AF5EEC07AF1EE10FA43D9BB
:106C100003A80EF03FFA324903A80EF081F9012FC4
:106C20003AD803A80EF036FA2E4903A80EF078F9E8
:106C3000B8F1010F30D803A806AC0EF02BFA0FCC38
:106C400006F586650FC594E80300B1EE000A45F825
:106C5000040B28EE800A298080EE080A17F0D2F98A
:106C600003282AD9B0F57F7F29D820F00300042813
:106C700038BF04200121306486ED118AC6ED128AE6
:106C800086F82C7486F82D84C6F88C90C6F888A0F7
:106C900086F830100C4607E003A968460EF016FA95
:106CA00003A80EF0F7F9002468460EF0F3F9204629
:106CB0000CB0BDEC028BBDE8F0870420DAE74FF49E
:106CC0007F70D7E74C5B0500404A05006C4A050021
:106CD000904A050098430500B44A0500D04A0500D3
:106CE000E84A0500084B05003F4B2DE9F04100251F
:106CF000036008230446C36005718560C0E904553C
:106D0000C0E90655C0E90855C0E90A55202011F030
:106D1000A9FA0746A0604FF40070E66811F0A2FAE5
:106D2000013E034603F500727608A261A262204686
:106D300007EB8602E261E2624FF480682B4A6361EE
:106D400063622361236247F82630294640F8302BDE
:106D500042461AF00AFA264B63640623E365254887
:106D600020650323C4F89C30234A2449244EC4F8E8
:106D7000AC200B2065230222C4F89000C4F8B010A8
:106D800010200721C4F8B4301E4F2066012360672D
:106D9000C4F83054C4F83454C4F83854C4F83C54DB
:106DA000C4F84054A4F8445484F83050C4F86480C3
:106DB00084F8A850C4F88470A663E663C4E91A2274
:106DC000A4F8A4202267A165C4F880106365C4F804
:106DD000A030C4F8943084F89830204684F8B83055
:106DE00084F81C54BDE8F081EC4205001C4C050001
:106DF0000000F04100401C4600007A440050C347A8
:106E00000024744B0000484410B50446F8F7EAFC2F
:106E1000F6F7A8FAFAF78CFF02210846FAF79CFF6A
:106E20000648FAF7BFFFFAF7D3FF0548F8F7AAFAC2
:106E300004F58960FAF7DCFF002010BD0080000235
:106E4000E5470A002DE9F043064687B00A20D6F848
:106E50004090F8F745FC0A287FD80025012701A8B3
:106E6000CDE9025501978DF80B70F7F7C5FA294661
:106E70000220F7F743FA022401A806F24C480195D4
:106E8000CDF814908DF804700494CDE90244F7F71E
:106E9000CFF94FF0FF30F8F775F980214046F5F74C
:106EA00015FC304600F004FB29462046F7F726FA89
:106EB00001A8019504948DF80470CDE90244CDF841
:106EC0001490F7F7B5F94FF0FF30F8F75BF940464B
:106ED0008021F5F7FBFB304600F04AF910B107B00E
:106EE000BDE8F083304600F01BFA0028F7D186F8A1
:106EF000000406F57D70F7F7DFFC3846F7F728FB4E
:106F0000D6F8F403F7F79EFB4FF400410120F8F7A1
:106F100079F90028F8D000244FF40040F8F732F94E
:106F200006F5816086F81444F7F7C6FC2046F7F7AB
:106F30000FFB214642F26400F5F786FF0120F7F7C8
:106F400007FBD6F89C10706DF6F7D2FB42F25C306E
:106F50000821F5F779FF2046C1E76FF00800BEE78A
:106F600090ED227ADFED077AD0F88C30C0F88430CB
:106F7000B4EEE77AF1EE10FAACBF012200224265CE
:106F8000704700BF00409C46002900F0918012F03D
:106F9000030F40F08D80002A00F0D6802DE9F84FD5
:106FA0002DED068B714E0C4601EB820C0B461F68D3
:106FB000C7F31105BF0348BF35431D6004339C452B
:106FC000F5D192086FD00646056AD0F8288001EB0B
:106FD00002176FF0404909E01DB1C5ED008A85ED4B
:106FE000018A10340835A74235625CD0D4ED027AAC
:106FF000F8EEE78AD4ED037AB8EEE78AB0EE680AD5
:10700000F0EE480A16F023FFF0EE680AB0EE40AA50
:10701000B1EE480A17F0A4FAD4ED007AB8EEE79A78
:10702000D4ED017AF8EEE78AB0EE408AF0EE680A15
:10703000B0EE490A16F00BFFF0EE490AF0EE409A66
:10704000B1EE680A17F08CFACAEE297AA8F10803A3
:107050009D4296ED337AD6ED328A38EE078A67EE96
:10706000A88A38EE408AB7D1D6E90202F56A2B1A0F
:10707000A2EBA303012B1DD94FF4007011F0F2F81D
:107080006860336A1BB1C3ED008A83ED018AF36A3D
:107090005D6875621034043305F50078A7423562E7
:1070A000C6E90A83A2D1BDEC068B0120BDE8F88FAA
:1070B00000207047F169A5EB01084FEAA80808F124
:1070C000010808F1010AB2EB4A0F0FD9A2EB0A023C
:1070D000520800EB820A04355145A5EB010235D96F
:1070E000A9421DD050461AF027F819E0B2BB03257B
:1070F000A80011F0B7F8F36AF169A5EB0A0A0433A6
:107100004FEA5A0A8B42834600EB8A0A03D05A1A86
:1071100050461AF011F8B06811F0A6F8C6E902B5A9
:10712000DAF80030736108EB090503F50073B36109
:107130005AF82530C6F81CA00AEB850503F5007245
:10714000C6E90932F56297E701207047A942E7D006
:10715000C2EB8800504419F0EFFFE1E7550002351B
:10716000B5F1804FC4D316F091FE00BF0000FCFFC4
:1071700070B50446AEB00120F5F7CCFA00216448A2
:10718000F6F720FA94F82C5425B194F82D540035D4
:1071900018BF012500231A4629462846FAF772FE31
:1071A0007022002112A819F0E0FFD4E91E12D4F8D1
:1071B000800094F8A83016911792616F18900522FC
:1071C0000B2028912B92216F2A904FF4C0424FF44C
:1071D0004060279113924FF480710222012BCDE978
:1071E0001401199200F0818094ED220A84EDFC0ACA
:1071F000D4ED0E0AF6F770FDD4ED216A9FED457AC5
:107200002190F6EE007AE6EE877A002612A8239601
:10721000FCEEE77A2496CDED227AF6F763FC002D9A
:1072200049D102ADD4F8A0300493032294F8A530DC
:107230000792069394F8A420D4F890300592012682
:10724000D4F894200C93284694F898300D92002599
:10725000CDE909550E950F958DF838300B95CDE990
:107260001055CDE9026608968DF824608DF82660E9
:10727000F6F738FE31462848F6F7A4F94FF00140FA
:10728000F5F70AFA2846F5F745FA01A96846F5F731
:1072900035FA054660B9DDE90012606BC4F8F463A5
:1072A000C4F8F803C4F80414C4F8FC23F7F7D4F9BD
:1072B00028462EB070BD02AD314628463C2219F05A
:1072C00054FF04220123154906920E928DF82130B5
:1072D00002228DF8413028464FF43873CDF8221041
:1072E0000B920F93F6F738FD9CE7D4F8AC30C4F856
:1072F000F0330022C4F8C030C4F8BC2004F1C4014B
:1073000004F1A800F5F7D0FB94ED300A70E700BF58
:10731000E0FF39008FC22340604E110000082000BA
:10732000D0ED0E6A90ED0F7AC6EE877AF0B5D0E90F
:10733000243291B00446012590F8A50094F8A47079
:107340000D92023305FA03F3032203A900260B90E2
:1073500008A8CDED0F7A099308920A970C96F5F7D5
:10736000DDFA2846F5F7D6F94FF47A60F5F794F987
:10737000D4E91821E36E0492A26E43F4807304A84A
:107380000793CDE90512F6F7C1FA29462846F6F724
:10739000D3FE29464FF48140F6F714F94FF44870B4
:1073A000F5F77AF929464FF40140F6F70BF90398FF
:1073B00020F04040F5F770F931464CF28010F6F7B6
:1073C00001F994F82C34002B66D0D4E91601F6F7B5
:1073D000B3FE01214FF48140F6F7F4F84FF4487002
:1073E000F5F75AF901214FF40140F6F7EBF803984D
:1073F00020F04040F5F750F900214CF28010F6F7EC
:10740000E1F800264FF440624FF480734FF4C0411E
:1074100004A8CDE90623CDE90461F6F777FAF7F77A
:10742000B7FF02A901A8F5F769F905463046F5F757
:1074300071F9F5F779F9C4F824040A3019F062F803
:107440000B46024618A1D1E9000119F0FFF919F025
:10745000CBFB94ED117A07EE900A04F58563F4EE08
:10746000C77AF1EE10FA186048BFC4ED117A85B9F9
:10747000DDE90112D4F8F803D4F8FC33C4F8085459
:107480001844C4F80C04C4F81814C4F81024F7F70E
:10749000E3F8284611B0F0BD14211920F6F74CFE90
:1074A00097E700BFAFF300800000000080846E41CA
:1074B000F0B5044693B0C56B016D826BD0F8AC009B
:1074C00094F8A8300395019194F8A55094F8A4106D
:1074D00002920090D4F89020D4F894000D950C916D
:1074E00094F89850616F0E920F90226F8DF8405073
:1074F000012000250691059205210A228342119060
:107500008DF81C500495CDE9082125D1D4F8B4306C
:10751000C4F8BC5093B104F1A80704F1D006314679
:107520006846F8F76DF969463846F5F7BDFAD4F8BC
:10753000B4300135AB4206F10806F0D8D4F8D030AB
:10754000D4F8D420C4F8C83000200023C4F8CC20DC
:10755000C4F8BC3013B0F0BD12A8D4F8883040F89D
:10756000483D04F1C801F8F74BF9002013B0F0BD15
:10757000704700BF704700BF0022C0E90022826050
:10758000704700BF00207047704700BF10B5044629
:1075900010F06AFE204610BD0379012B01D00120B6
:1075A000704710B50446FAF763FB204600F0F8F97F
:1075B00042F27400F5F792FE0020F7F7F9FAF7F7B8
:1075C000E1FFFAF76DFBFAF769FE00232371012052
:1075D00010BD00BFF0B5047B012C8BB002D00020A1
:1075E0000BB0F0BD0546FAF737FEFAF741FB284627
:1075F00000F0D2F8064688B9284600F0F1F80746B0
:10760000D0B91D48F7F7BEFEF7F7C2FEFAF748FB00
:10761000284600F0A9F92C712046E1E7174907A890
:107620000DF07EFCFAF73CFBFAF738FE07A80DF0E8
:1076300031FD00200BB0F0BD114904A80DF070FC25
:1076400004A901A80DF092FC0A22394607A80DF002
:10765000B5FC07A901A80DF0D7FDFAF721FBFAF751
:107660001DFE07A80DF016FD01A80DF013FD04A8DE
:107670000DF010FD3046B3E7E5470A00244D050044
:10768000604D0500F0B587B009B10C2A03D0002485
:10769000204607B0F0BD0B4604462E491D685F68C2
:1076A0009E6868460DF03CFC2B4903A80DF038FCA1
:1076B00003A80DF0EFFC03A828490DF031FC07EEFC
:1076C000905AF5EEC07AF1EE10FA35D903A80DF014
:1076D000E1FC234903A80DF023FC07EE906AF5EEC8
:1076E000C07AF1EE10FA27D903A80DF0D3FC1D499A
:1076F00003A80DF015FC07EE907AF5EEC07AF1EED6
:1077000010FA19D403A80DF0C5FC174903A80DF011
:1077100007FC07EE907A07EE106AF4EEC77AF1EEF6
:1077200010FA09DC03A80DF0B5FC012125616761A1
:10773000A66121730C4607E003A968460DF0C6FC5C
:1077400003A80DF0A7FC002468460DF0A3FC20461A
:1077500007B0F0BD4C5B0500404C0500744C0500C3
:10776000A04C0500C84C0500F04C05000146002364
:1077700010B4074C037141F80C4BC360054C4B60CF
:107780008B60CB60C461037383605DF8044B70470A
:10779000A84D05006400140010B50446F8F722F85F
:1077A000F5F7E0FDFAF7C4FA02210120FAF7D4FA5E
:1077B0000120FAF7E7FA0748FAF7F4FAFAF708FBB4
:1077C0000548F7F7DFFD04F12000FAF711FB002070
:1077D00010BD00BF00800002E5470A000000000065
:1077E00000B5838BD0ED056A9FED216A2DED028BEC
:1077F00008EE103AC38BF8EEC87A07EE103A26EE80
:10780000868AB8EEC77A27EE888A0023012191B0D4
:1078100028EE078A1A460846FAF734FB3C2201A8EC
:10782000002119F0A2FC18EE100A18F08DFE0022BB
:10783000104B18F029FD0CA3D3E9002318F0DCFE4F
:1078400019F0B2F90822ADF81E00012301A8059233
:107850008DF81D30F6F780FA002011B0BDEC028BD8
:107860005DF804FBAFF30080C853823C25C8FD3FA0
:107870006F12833A0000694070B504462DED048B09
:1078800000285FD0354E9FED369A9FED368A002155
:1078900001200FF031FE054638B1BDEC048B00200D
:1078A000A060BDE870400EF0FBBF01461520FAF75E
:1078B00087FC032011F0C6FB052011F03FFC0420DB
:1078C00011F0F0FB11F042FD0E2011F0B5FB152078
:1078D00011F066FCC6F8005508EE900A1520FAF77C
:1078E0005BFCA38BD4ED066A07EE903AE38BB8EE0F
:1078F000E77A07EE903AF8EE688AF8EEE77A68EEF3
:10790000898A67EE277A4FF47A7288EEA77A002385
:1079100067EE087AF4EEE76AF1EE10FA15D4D4EDCA
:10792000047A67EE887AFCEEE77A17EE901A8802FE
:10793000890D19F0A9F9014601200FF0DDFD00289D
:10794000A5D0AAE70EF0ACFF9CE723682046DB68D1
:1079500098470420FAF746FF9FE700BF00700040F9
:107960000000163E00007A4430B5856883B00DB142
:1079700003B030BD00F108030446CDE900534FF4D5
:1079800000720346044905480EF010FF012818BF95
:10799000A56003B030BD00BFCC4D05007978030071
:1079A00038B58368E3B104460FF0E0FCA268824278
:1079B00016D0AAB100231046194602220FF070FE1D
:1079C0000FF044F9054607E00FF064FA0FF03EF9B6
:1079D000401BB0F5806F03D8A3680120002BF3D1C2
:1079E00038BD00BF70B4D0E90763C26A456A046954
:1079F0008169921B581B9210531E801000EBC3101C
:107A00000B1B00EBA300800070BC704738B50479F5
:107A1000012C01D0012038BD0546FAF729F90A20CA
:107A2000F7F75EFE0A284FF00000F4D8F7F7C0F829
:107A30000020F7F7BDF8F7F7A5FDFAF731F9FAF7E7
:107A40002DFC002320462B7138BD00BF2DE9F04FDF
:107A50000D46D5E90763C96A0446686A891B1B1A83
:107A60002E69A869891001399B1003EBC113801B93
:107A70004FEA920B03EBA002934528BF93460023E5
:107A80005FEA8B0685B0C4E90033A36040F08580CF
:107A9000BBF1000F45D04FF00008CDF804B009E06D
:107AA000C6F80090636804336360019B08F1010825
:107AB000984536D0AA692B69043A9342D3F80090CE
:107AC00033D004332B61D4E901639B1B032BE7D82C
:107AD000D4F800A0A6EB0A077B1D6DD8042F3B4607
:107AE00038BF0423FB189B462CD2002B62D1002FF9
:107AF00047D1C3F8009004275B46CDF808B05F4437
:107B0000BAF1000F04D05046039310F0ADFB039B75
:107B1000C4E90037029BA360019B08F10108984566
:107B2000C8D1204605B0BDE8F08F686910F09CFB15
:107B3000EB695A686A61043302F500712A61C5E98C
:107B40000613C0E74FF0FF37384610F08BFBD4E93F
:107B500000A2C119921BB6EB0A07034603920291D9
:107B6000934613D1DA1943F80790171D039A002A98
:107B7000C5D031465A463846039319F0D2FA039BD2
:107B8000BDE7CDF80CB05B46CDF808B018463A46D4
:107B9000514619F0D1FA0346E4E7304610F062FB93
:107BA0000746206808B110F05FFB3E44A660C4E9B8
:107BB00000776DE71F46C7E7014816F06AF900BF76
:107BC0005845050070B506468068094B336068B1BA
:107BD000F56AF4690435AC4206D254F8040B10F08F
:107BE00043FBA542F9D8B06810F03EFB304670BDAB
:107BF0007C4F050070B5064680680B4B336068B15A
:107C0000F56AF4690435AC4206D254F8040B10F05E
:107C10002BFBA542F9D8B06810F026FB304610F0D7
:107C200023FB304670BD00BF7C4F05000379012B5C
:107C300000D070472DE9F0470446FAF719F842F2F0
:107C40007400F5F74BFB0020F7F79CFB0020F7F7DB
:107C50002FFB0646B0054AD416F0007524D1320435
:107C600040F19580F6F756FB064600287CD14FF48C
:107C70000040F7F787FA7A483546F7F783FBFAF7BB
:107C80000FF82368774ADB68934240F089802379B4
:107C9000012B00F08C800020FAF7A4FDC5B3284624
:107CA000BDE8F04710F0E0BAF6F734FB074688BBB2
:107CB0004FF00070F7F766FA330422D53D46F6F729
:107CC00029FB0646002840F0C8804FF40040F7F733
:107CD00059FA6348F7F756FBF9F7E2FFAF42D0D005
:107CE0007A1B92102946204600F0C2FBC9E74FF4E8
:107CF0000070F7F747FA5A48F7F744FBF7F748FBE5
:107D0000AAE75748F7F73EFBF7F742FBF9F7C8FF3A
:107D1000BDE8F087B0F1804F80F09C804FEA80088A
:107D2000404610F09FFA42460546002119F01DFA20
:107D300039462846F4F7FCFF4FF00070F7F722FAB7
:107D4000310405EB0807BAD44548F7F71BFBF7F7F2
:107D50001FFBF9F7A5FFBD42A0D04FEAA8022046BD
:107D6000294600F085FB99E7A846A8EB05094FEAEC
:107D7000A903F7182CBF01220022BB422FD362B304
:107D800005EB870731464046F4F7D2FF9DE73448BC
:107D9000F7F7F8FAF7F7FCFABDE8F047F9F780BF14
:107DA0002046984700287FF476AF032074E7F9F760
:107DB0005FFF0A20F7F794FC0A28F6D80020F6F7B0
:107DC000F7FE0020F6F7F4FEF7F7DCFBF9F768FFA3
:107DD000FAF764FA002020715EE74746D2E76FF0B9
:107DE0004042D11A8E4235D89E42B24638BF9A469A
:107DF0001AEB0303184629D2B3F1804F26D23BB3C6
:107E0000800010F02FFA8246A84512D04A460AEBAD
:107E100009082946B700504619F083F93A4640460A
:107E20000021474419F0A1F9284610F01DFA5546E3
:107E3000A8E70AEB0908B2004046002108EB020758
:107E400019F093F9002DEFD155469BE71046D7E77F
:107E50009A46D9E7044816F01CF8B84685E700BFF3
:107E6000E5470A000D7A03004C440500F0B590F890
:107E70003030012B9DB003D0002528461DB0F0BD49
:107E80000446202010F0EEF905464FF4007010F083
:107E9000E9F9A768E86005F10C0300F50072082114
:107EA000A560E66AE569A261C4E90400C4E90800C6
:107EB000A262E361E362E1605FB10436AE4205D9DC
:107EC00055F8040B10F0D0F9AE42F9D8384610F04E
:107ED000CBF90020FAF794F9F9F7CAFE204600F032
:107EE00037FA054600283DD1204600F053FA0646F1
:107EF000002846D10A20F7F7F3FB0A280AA85FD822
:107F00004822314619F031F9414901A80DF008F82D
:107F100031460AA8482219F028F9D4ED117A94EDD7
:107F2000280A20EE270AF1EE047AB4EEE70A0126C9
:107F30000323F1EE10FA8DF86C6013934CD916F010
:107F400061F8052848D9431F0AA817933546F6F764
:107F50008DFDF7F71DFAF9F7A3FE267101A80DF0C4
:107F600099F88AE72B490AA80CF0DAFFF9F798FE8E
:107F7000FAF794F90AA80DF08DF8002528461DB0EF
:107F8000F0BD07A824490CF0CBFF07A904A80CF00A
:107F9000EDFF0A2231460AA80DF010F80AA904A83C
:107FA0000DF032F9F9F77CFEFAF778F90AA80DF02E
:107FB00071F804A80DF06EF807A80DF06BF85CE7F7
:107FC00016490CF0ADFFF9F76BFEFAF767F90AA84E
:107FD00035460DF05FF850E7114901A80DF0C2F8E1
:107FE000104907A80CF09CFF07A904A80CF0BEFFDD
:107FF00001A904A80DF008F9F9F752FEFAF74EF9B5
:1080000004A80DF047F807A80DF044F80025A5E7EF
:108010004C5B05008C4E0500BC4E0500F44E05007F
:10802000144F0500484F05002DE9F04FD0E90743F4
:10803000C26A8146406AD9F81870D9F81010121B2C
:10804000A3EB00089210531E4FEAA80808EBC318D0
:108050007F1A08EBA7084FEAD816F41C082C38BF83
:108060000824A00083B010F0FDF80136A41B6408BA
:1080700000EB840505EB8606B542834608D22F4601
:108080004FF4007010F0EEF847F8040BBE42F7D83A
:10809000D9E90831D9F81C00D9F82C20D9F818E012
:1080A0005BF8244056F8047C121A5B1A9210D9F837
:1080B0001010013A9B1003EBC213AEEB010203EB6D
:1080C000A20308F07F08002B07EB880704F500786F
:1080D0000EDDAA46C146224651F804CBC2F800C0C4
:1080E000714502F1040240D04A452ED0013BF3D144
:1080F000DFF880A0DFF880900194A74214D02068B8
:1081000018F022FA0B460246514648460CF046FD4E
:10811000A8F104039C420FD00434A742EFD103E03E
:1081200055F8040B10F0A0F8AE42F9D8584603B049
:10813000BDE8F04F10F098B8019810F095F86C6811
:108140000194043504F50078D7E7DAF80420013B00
:108150000AF1040A02F50079CAD051F804CBC2F83A
:1081600000C0714502F10402BED14168043001F53E
:10817000007EB9E7E84D05009863002030B52DED8D
:10818000028B87B009B1092A05D00024204607B028
:10819000BDEC028B30BD0B4604461A6838491D7A87
:1081A00008EE102A5A68684608EE902A0CF0B8FECD
:1081B000344903A80CF0B4FE03A80CF06BFF03A82D
:1081C00031490CF0ADFEB5EEC08AF1EE10FA45D99A
:1081D00003A80CF05FFF2D4903A80CF0A1FEF5EEFB
:1081E000C08AF1EE10FA39D903A80CF053FF2849E0
:1081F00003A80CF095FEB4EEE88AF1EE10FA2DDC3F
:1082000003A80CF047FF234903A80CF089FE162DA4
:1082100005D00F2D03D0042D01D01E2D1ED103A893
:108220000CF038FF84ED258AC4ED268A84F89C5032
:1082300088EE880A15F0E6FE00B340F2FF3398425C
:1082400028BF18460121206484F89D5084F830101E
:1082500084ED118AC4ED128A0C4607E003A9684632
:108260000CF034FF03A80CF015FF002468460CF056
:1082700011FF204607B0BDEC028B30BD0120E1E7C5
:108280004C5B0500004E05002C4E0500504E0500CD
:1082900098430500744E0500F8B5274B0360002590
:1082A00008230446C36005718560C0E90455C0E930
:1082B0000655C0E90855C0E90A5520200FF0D2FF45
:1082C0000746A0604FF40070E6680FF0CBFF013E58
:1082D000034603F500727608A261A262204607EB0E
:1082E0008602E261E262154A63616362236123628E
:1082F00047F82630294640F8302B642218F035FF25
:1083000040F20113A4F858300223E3650123C4E9C5
:1083100014330B4A0B4E0C480C49C4F89450C4F863
:10832000985084F89C50A06684F8305066662166A8
:10833000A263E2632046F8BDEC4205007C4F0500D5
:108340000024744B0080A24400808944C3F5E83FB8
:1083500010B50446F7F746FAF5F704F8F9F7E8FC24
:1083600002210120F9F7F8FC0120F9F70BFD07487D
:10837000F9F718FDF9F72CFD0548F7F703F804F1B4
:10838000A000F9F735FD002010BD00BF00800002FD
:10839000E5470A002DE9F041054686B00A20D5F8E8
:1083A0004080F7F79DF90A285FD80024012601A82C
:1083B000CDE9024401968DF80B60F6F71DF82146D1
:1083C0002046F5F79BFF0322022301A80492CDE982
:1083D0000233019405F1A407CDF814808DF80460F0
:1083E000F5F726FF4FF0FF30F6F7CCFE3846802138
:1083F000F4F76CF9284600F0FBF810B106B0BDE8C0
:10840000F081284600F092F90028F7D185F878002D
:1084100005F16C00F6F750FA3046F6F799F8E86E79
:10842000F6F710F94FF400410120F6F7EBFE0028B3
:10843000F8D000244FF40040F6F7A4FE05F18000C8
:1084400085F88C40F6F738FA2046F6F781F8214691
:1084500042F26400F4F7F8FC0120F6F779F8D5E968
:108460001301F5F745F92046C8E76FF00800C5E7A6
:10847000002900F09780002A00F0A8802DE9F04F35
:108480002DED028B164683B00446DFED588A0D1F92
:108490004FF000086FF0404708E00BB183ED008A11
:1084A00008F101080433464523622FD055F8040F24
:1084B000616D94ED180A80B2F4F7FAFBA16A236AA1
:1084C00004398B4220EE288AE7D1D4E90202D4F89D
:1084D0002C90A9EB0003A2EBA303012B1CD94FF4B2
:1084E00000700FF0BFFEC9F80400236A0BB183EDE2
:1084F000008AE36A5A68626208F10108043302F5EF
:10850000007146452262C4E90A13CFD1012003B0AD
:10851000BDEC028BBDE8F08FE169A9EB010B4FEADE
:10852000AB0B0BF1010B0BF1010AB2EB4A0F3BD87D
:10853000002A4DD0520002F10209B9F1804F52D207
:108540004FEA89000FF08EFEE26AE169A9EB0A0AA0
:1085500004324FEA5A0A8A42034600EB8A0A05D0DF
:108560000190521A504618F0E7FD019BA068019354
:108570000FF07AFE019BC4E90239DAF8003063613A
:108580000BEB070903F50073A3615AF82930C4F80F
:108590001CA00AEB890903F50072C4E90932C4F88A
:1085A0002C909CE708467047A2EB0A0A4FEA5A0A49
:1085B00000EB8A0A09F104095145A9EB01020AD925
:1085C0004945DAD0504618F0B7FDD6E7012070478C
:1085D0004FF00309B4E74945CFD0C2EB8B005044BC
:1085E00018F0AAFDC9E715F051FC00BF00007A445D
:1085F00070B50446A0B00120F4F78CF8002148487B
:10860000F4F7E0FF01231A4619461846F9F73AFC39
:10861000666EA56E3C22002104A818F0A6FD182263
:108620000123304608928DF8293017F08DFF002283
:108630003C4B17F029FE36A3D3E9002317F0DCFFEB
:1086400018F08AFA00285ADB3F2856DC83B2284605
:10865000ADF82C3017F078FF0022324B17F014FEE3
:108660002DA3D3E9002317F0C7FF18F075FA0028EF
:1086700047DBB0F5805F46DA83B2082148F2041286
:10868000012504A8ADF82A300D9111928DF84850BB
:10869000F5F762FB94F8580094F85930626D94F83D
:1086A0009D1000901120F9F795FC7022002104A87C
:1086B00018F05BFD04A8F5F715FA29461A48F4F7F7
:1086C00081FF0020F6F746F94FF00140F3F7E4FF91
:1086D0000020F4F71FF803A902A8F4F70FF80646E4
:1086E00040B9DDE90212606BE167C4E91B506267C3
:1086F000F5F7B2FF304620B070BD3F23A7E7002357
:10870000A5E70023B9E740F6FF73B6E7AFF30080B3
:10871000CA1DA0DC01CA9D3FC853823C25C8FD3F4D
:10872000E0FF39000000694020000100D0ED0E6A32
:1087300090ED0F7AC16DC6EE877A70B58CB090F867
:10874000592090F8583004910025012603A90446C9
:1087500004A807920693CDED0B7A0596099503952B
:1087600008950A95F4F7DAF83046F3F7D3FF314667
:108770001A48F4F727FF4FF47A60F3F78DFF31467C
:108780004FF48070F4F71EFF039820F04040F3F799
:1087900083FF29461248F4F715FF1420F3F77CFFF6
:1087A000F6F7F6FD02A901A8F3F7A8FF064628464A
:1087B000F3F7B0FF76B9D4E91C03DDE901121844E0
:1087C000C4F88060C4F88400C4F89010C4F888200D
:1087D000F5F742FF30460CB070BD00BF80000100CD
:1087E0008001010070B4D0E90763C26A456A046978
:1087F0008169921B581B9210531E801000EBC3100E
:108800000B1B00EBA300800070BC704738B50479E7
:10881000012C01D0012038BD0546F9F729FA0A20BC
:10882000F6F75EFF0A284FF00000F4D8F6F7C0F91B
:108830000020F6F7BDF9F6F7A5FEF9F731FAF9F7DA
:108840002DFD0022032320462A7185F80D3138BD05
:108850002DE9F04F0D46D5E90763C96A0446686AF9
:10886000891B1B1A2E69A869891001399B1003EB1B
:10887000C113801B4FEA920B03EBA002934528BF64
:10888000934600235FEA8B0685B0C4E90033A360FA
:1088900040F08580BBF1000F45D04FF00008CDF8C7
:1088A00004B009E0C6F80090636804336360019B7C
:1088B00008F10108984536D0AA692B69043A934219
:1088C000D3F8009033D004332B61D4E901639B1BB0
:1088D000032BE7D8D4F800A0A6EB0A077B1D6DD8C0
:1088E000042F3B4638BF0423FB189B462CD2002B99
:1088F00062D1002F47D1C3F8009004275B46CDF822
:1089000008B05F44BAF1000F04D0504603930FF053
:10891000ABFC039BC4E90037029BA360019B08F1F9
:1089200001089845C8D1204605B0BDE8F08F6869B8
:108930000FF09AFCEB695A686A61043302F5007122
:108940002A61C5E90613C0E74FF0FF3738460FF03C
:1089500089FCD4E900A2C119921BB6EB0A070346B1
:1089600003920291934613D1DA1943F80790171D29
:10897000039A002AC5D031465A463846039318F068
:10898000D0FB039BBDE7CDF80CB05B46CDF808B03B
:1089900018463A46514618F0CFFB0346E4E7304606
:1089A0000FF060FC0746206808B10FF05DFC3E4404
:1089B000A660C4E900776DE71F46C7E7014815F0D8
:1089C00068FA00BF5845050070B506468068094B37
:1089D000336068B1F56AF4690435AC4206D254F8E4
:1089E000040B0FF041FCA542F9D8B0680FF03CFC35
:1089F000304670BD8451050070B5064680680B4B4B
:108A0000336068B1F56AF4690435AC4206D254F8B3
:108A1000040B0FF029FCA542F9D8B0680FF024FC34
:108A200030460FF021FC304670BD00BF8451050078
:108A30000379012B00D070472DE9F0470446F9F780
:108A400017F942F27400F4F749FC0020F6F79AFC9B
:108A50000020F6F72DFC0546A8055ED415F000763B
:108A600023D12A0440F19680F5F754FC8046002873
:108A700040F08E804FF40040F6F784FB7E48464677
:108A8000F6F780FCF9F70CF923687C4ADB6893421F
:108A900040F089802379012B00F08C800020F9F7C9
:108AA000A1FE002E6FD1BDE8F087F5F733FC074635
:108AB00000283FD14FF00070F6F764FB2B0469D516
:108AC000F5F728FC80460028D4D03D463E46A5EB6D
:108AD00006094FEAA90313EB08072CBF0122002265
:108AE000BB42C0F08280002A7DD006EB870741465A
:108AF0002846F4F71DF94FF40040F6F743FB5E48B3
:108B0000F6F740FCF9F7CCF8B742BDD0BA1B92108B
:108B10003146204600F06EFEB6E74FF40070F6F7DF
:108B200031FB204600F0ECFF5348F6F72BFCF6F73C
:108B30002FFC93E7B0F1804F80F09B804FEA8008D4
:108B400040460FF08FFB42460646002118F00DFB11
:108B500039463046F4F7ECF84FF00070F6F712FBA8
:108B6000290406EB08077CD44348F6F70BFCF6F71C
:108B70000FFCF9F795F8BE4205D04FEAA80220464F
:108B8000314600F037FE3046BDE8F0470FF06CBBD1
:108B900035469CE73848F6F7F5FBF6F7F9FBBDE8F4
:108BA000F047F9F77DB82046984700287FF476AF64
:108BB000032074E7F9F75CF80A20F6F791FD0A281C
:108BC000F6D80020F5F7F4FF0020F5F7F1FFF6F7EF
:108BD000D9FCF9F765F8F9F761FB00200323207150
:108BE00084F80D315BE72F4681E76FF04042D11AE0
:108BF00041453ED343459A4638BFC2461AEB03036C
:108C000018462AD2B3F1804F27D243B380000FF029
:108C100029FB8246B54213D04A460AEB0905314684
:108C20004FEA8807504618F07CFA3A462846002159
:108C3000EF1918F09AFA30460FF016FB564656E731
:108C40000AEB09054FEA880228460021AF1818F000
:108C50008CFA002EEFD1564649E71046D6E79A46E1
:108C6000D8E7F5F757FB804600283FF444AF3D4670
:108C70002DE7034815F00DF9E5470A000D880300BC
:108C80004C4405002DE9F04FD0E90743C26A814604
:108C9000406AD9F81870D9F81010121BA3EB00081D
:108CA0009210531E4FEAA80808EBC3187F1A08EB6E
:108CB000A7084FEAD816F41C082C38BF0824A000D7
:108CC00083B00FF0CFFA0136A41B640800EB8405D3
:108CD00005EB8606B542834608D22F464FF4007056
:108CE0000FF0C0FA47F8040BBE42F7D8D9E90831B3
:108CF000D9F81C00D9F82C20D9F818E05BF82440EA
:108D000056F8047C121A5B1A9210D9F81010013A26
:108D10009B1003EBC213AEEB010203EBA20308F0BE
:108D20007F08002B07EB880704F500780EDDAA46C4
:108D3000C146224651F804CBC2F800C0714502F189
:108D4000040240D04A452ED0013BF3D1DFF880A089
:108D5000DFF880900194A74214D0206817F0F4FB4C
:108D60000B460246514648460BF018FFA8F1040393
:108D70009C420FD00434A742EFD103E055F8040B16
:108D80000FF072FAAE42F9D8584603B0BDE8F04F82
:108D90000FF06ABA01980FF067FA6C680194043515
:108DA00004F50078D7E7DAF80420013B0AF1040A59
:108DB00002F50079CAD051F804CBC2F800C0714561
:108DC00002F10402BED14168043001F5007EB9E72A
:108DD00010430500986300202DE9F0472DED048B2A
:108DE00098B009B11D2A06D00024204618B0BDEC69
:108DF000048BBDE8F0870B4604461A687F499F68DC
:108E0000D3F80C90D3F810805D691E7F08EE902A8D
:108E10009A69684608EE102A0CF082F8784915A87D
:108E20000CF07EF815A80CF035F915A875490CF072
:108E300077F8F5EEC08AF1EE10FA40F2A48015A89A
:108E40000CF028F9704915A80CF06AF8B5EEC08A44
:108E5000F1EE10FA40F2978015A80CF01BF96B495F
:108E600015A80CF05DF807EE905AF5EE407AF1EE99
:108E700010FA00F0888015A80CF00CF9644915A8C8
:108E80000CF04EF8032E7ED815A80CF003F99FEDD8
:108E9000619AD4ED227ADFED609A604939EE679AE3
:108EA00009A879EEE79A0CF03BF809A906A80CF09E
:108EB0005DF8B0EE490A02210CA80CF0AFF80CA93D
:108EC00006A80CF0A1F9564982460FA80CF028F824
:108ED0000FA950460CF098F9B0EE690A82460221BB
:108EE00012A80CF09BF812A950460CF08DF94D49D0
:108EF000824615A80CF014F815A950460CF084F918
:108F0000014603A80CF032F815A80CF0C3F812A81B
:108F10000CF0C0F80FA80CF0BDF80CA80CF0BAF8D3
:108F200006A80CF0B7F809A80CF0B4F807EE907A90
:108F3000B4EEE79AF1EE10FA1CDCF4EEE79AF1EEEB
:108F400010FA17D407EE909AB4EEE79AF1EE10FA01
:108F500010DCF4EEE79AF1EE10FA0BD407EE908AEB
:108F6000B4EEE79AF1EE10FA04DCF4EEE79AF1EED3
:108F700010FA19D503A968460CF0A8F803A80CF05C
:108F800089F8002407E015A968460CF09FF815A899
:108F90000CF080F8002468460CF07CF8204618B0ED
:108FA000BDEC048BBDE8F08703A80CF073F8F6EE77
:108FB000007A68EE277A9FED1C0AA76727EE800AE1
:108FC000C4F87C90C4F89C80C4F8A45084ED258A31
:108FD000C4ED267A88EE800A15F014F860B140F2EC
:108FE000FF33984228BF18460121606484F80C6161
:108FF00084F830100C46CEE70120F5E74C5B050005
:10900000A04F0500CC4F0500F04F050010500500A3
:109010002C50050000004843000016455450050040
:1090200040440500444405006F12833A2DE9F8439B
:109030000025344B03604FF0080904460571856034
:10904000C0E90455C0E90655C0E90855C0E90A550C
:10905000C0F80C9020200FF005F9E668A06080466B
:109060004FF400700FF0FEF8013E760808EB860220
:1090700000F50073E261E2620127234A48F8260006
:109080006061606220612062A361A362C4F818532A
:10909000C4F81C53C4F82053C4F82453C4F828530C
:1090A000226084F81473294604F13000DC2218F0A1
:1090B0005CF8C4E9147784F830504FF47C7084F87D
:1090C0000D5184F80C51114E114A124BDFF84CC06F
:1090D0001149A06340F2011510270220A664A4F8EC
:1090E0005850E065C4F860906763C4F8ACC0C4F839
:1090F000B010E2632264C4F88830C4F88C30204693
:10910000BDE8F883EC4205008451050000401C4690
:109110000024744B0080A2448096184BC3F5E83FAE
:109120002DE9F0410C462DED068B06461546084606
:109130004822002118F019F896ED448A96ED2A9AF3
:10914000DFED2A9A28EE090AF1EE088A20EE290AB4
:109150000127B4EEE80A02230322F1EE10FA22609E
:1091600084F84470C4E90237236104D914F04AFF3B
:109170000628804609D828461DB11D490BF0F2FF8C
:109180000020BDEC068BBDE8F08196ED26AA96ED99
:10919000250A30EE4A0A28EE298A30EE490A20EEE6
:1091A000080AB4EEE80AF1EE10FAE4D914F02AFF46
:1091B00006280646DFD93AEE499A29EE080AB4EEA7
:1091C000E80AF1EE10FAD6D914F01CFF0628D2D91D
:1091D00006380422A8F10603063E6063C4E90E6364
:1091E0003846C4E90A226262CBE700BF6F12833AB5
:1091F00054510500F0B590F83030012B9DB003D0EC
:10920000002528461DB0F0BD044620200FF02AF8A6
:1092100005464FF400700FF025F8A768E86005F1E7
:109220000C0300F500720821A560E66AE569A261F9
:10923000C4E90400C4E90800A262E361E362E160FA
:109240005FB10436AE4205D955F8040B0FF00CF8A7
:10925000AE42F9D838460FF007F894F80C01F8F749
:10926000CFFFF8F705FD204600F084F805460028FA
:1092700033D1204600F0E6F9204600F09DF806467E
:10928000002839D10A20F6F72BFA0A2853D8344996
:1092900001A80BF045FE01AA0AA92046FFF740FFEE
:1092A0000546002854D12F4907A80BF039FE07A91D
:1092B00004A80BF05BFE01A904A80BF0A5FFF8F7CA
:1092C000EFFCF8F7EBFF04A80BF0E4FE07A80BF0A7
:1092D000E1FE01A80BF0DEFE93E723490AA80BF09C
:1092E0001FFEF8F7DDFCF8F7D9FF0AA80BF0D2FE55
:1092F000002528461DB0F0BD07A81C490BF010FE44
:1093000007A904A80BF032FE0A2231460AA80BF086
:1093100055FE0AA904A80BF077FFF8F7C1FCF8F78F
:10932000BDFF0AA80BF0B6FE04A80BF0B3FE07A819
:109330000BF0B0FE65E70E490AA80BF0F1FDF8F757
:10934000AFFCF8F7ABFF0AA835460BF0A3FE58E7D1
:109350000AA8F5F78BFBF8F7A3FC01232371B8E704
:109360004C5B050028510500A0500500D0500500B9
:109370000851050010B50446F6F734FAF3F7F2FF8A
:10938000F8F7D6FC00210120F8F7E6FC0220F8F7F8
:10939000F9FC0748F8F706FDF8F71AFD0548F5F758
:1093A000F1FF04F58870F8F723FD002010BD00BF21
:1093B00000820002E5470A002DE9F043044687B029
:1093C0000A20D4F84490F6F78BF90A2800F29B8023
:1093D0000025012601A80227CDE9025501978DF845
:1093E0000B60F5F709F829462846F4F787FF0323B1
:1093F00001A8CDE90439CDE9015704F58A7803962F
:109400008DF80460F4F714FF4FF0FF30F5F7BAFE63
:1094100040468021F3F75AF9206E002868D1D4F82D
:10942000B020E2660023236700210846F4F766FFB8
:10943000012500210322022301A801910492029335
:10944000CDF8149003958DF80450F4F7F1FE4FF029
:10945000FF30F5F797FE40468021F3F737F92046B5
:1094600000F082FA10B107B0BDE8F083204600F0AA
:10947000DDFA0028F7D184F8DC50204600F040FBEC
:109480000028F0D184F8C00004F1B400F5F714FA14
:109490002846F5F75DF8D4F8B400F5F7D3F84FF4A3
:1094A00000410120F5F7AEFE0028F8D000254FF46A
:1094B0000040F5F767FE04F1C80084F8D450F5F7D2
:1094C000FBF904F1E00084F8EC50F5F7F5F92846D3
:1094D000F5F73EF8294642F26400F3F7B5FC0120A7
:1094E000F5F736F8D4E91301F4F702F92846BAE79C
:1094F00004F16C0194ED121AD4ED0F0A94ED100AE8
:10950000F8F78AFC90E76FF00800ACE70000000075
:109510002DE9F04790ED1F7AD0ED1E7A2DED028BEC
:10952000B4EEE77A90B0F1EE10FA0446FFEE007A5E
:10953000D0F88800B7EE008AD8BFB0EE678A17F07F
:1095400003F800223E4B16F09FFE39A3D3E9002317
:1095500017F052F817F000FBD4ED286AD4ED207A0A
:1095600094ED297AE6EE887A06468701E7EE487A96
:1095700017EE900A16F0E8FF2FA3D3E9002317F0A7
:109580003BF880463846894616F0CCFF0B4602462B
:109590004946404616F07AFE17F0DEFA94F87480D9
:1095A0003C220546002101A8D4E919A9246E17F030
:1095B000DCFD012398458DF83C308DF83D3016BF19
:1095C00034234FF40D730C9414220E93002E4FF09D
:1095D0000103CDE90AA905928DF81D3023DB3F2E4A
:1095E00012DCB6B2BD42ADF8206014DA013D18D5E8
:1095F000002501A8ADF81E50F4F7AEFB002010B016
:10960000BDEC028BBDE8F0874FF47C673F26BD427E
:10961000ADF82060EADBB5F5805F02DB40F6FF7550
:10962000E7E7ADB2E5E700263746DBE7AFF30080BA
:10963000CA1DA0DC01CA9D3FC853823C25C8FD3F1E
:109640000000694090ED1F7A90ED1E6AD0ED277AF8
:10965000D0ED266A77EEA77AF6EE085AB4EEC67A0F
:1096600066EEA56AF1EE10FAC0ED287AD0ED295A1F
:10967000C0ED2A6AD8BFF1EE677AB0EE675AD4BF60
:10968000FFEE006AF7EE006A95EEA65A012300226B
:1096900077EE277A35EE467AF1EE677A80F80D217B
:1096A00080F8083180F8DC30C0ED217A80ED207A36
:1096B000704700BF00000000002900F0928090F881
:1096C0000D31012B70B50D460446D0F8F4606BD017
:1096D0003CD3022B6DD1D0F89030D0F80401B342C6
:1096E0009CBF032384F80D3194F80831D4ED407AFF
:1096F00094ED3E7A002B45D0D4ED3F6A77EEA67A02
:10970000002337EEC77A84F8083184ED407A82016D
:1097100007EE902AF8EE677A013677EE877AC4F87A
:10972000F460FCEEE77A17EE903A9A4288BF03F1B4
:10973000FF3340F6FF723F2828BF3F20934228BFE7
:10974000134643EA00332B60002070BDD0F8880038
:1097500016F0FAFE0022264B16F096FD22A3D3E95E
:10976000002316F049FF17F01FFA012384F80D318A
:1097700094F80831C4F80401D4ED407A94ED3E7AAF
:10978000002BB9D1012E04BFF6EE006AE7EE267A6F
:109790004FF0010384F8083114BF37EE877AB0EE3A
:1097A000677A84ED407AB2E7D0F89030B6EB530F89
:1097B00002D2D4F8040197E7D0F88C0016F0C4FE6A
:1097C00000220B4B16F060FD07A3D3E9002316F02F
:1097D00013FF17F0E9F90223C4F8040184F80D31EE
:1097E00082E76FF001007047CA1DA0DC01CA9D3FEF
:1097F00000006940002A00F0A8802DE9F04F2DED0F
:10980000028B164683B004460D1F4FF000086FF020
:10981000404708E00BB183ED000A08F1010804336A
:109820004645236233D055F8041FD4ED1B0A94ED4E
:109830002B0A89B22960626D2046F8F733FEA26ACE
:10984000236A043A9342B0EE408AE3D1D4E902029B
:10985000D4F82C90A9EB0003A2EBA303012B1CD995
:109860004FF400700EF0FEFCC9F80400236A0BB13F
:1098700083ED008AE36A5A68626208F101080433E2
:1098800002F5007146452262C4E90A13CBD10120DA
:1098900003B0BDEC028BBDE8F08FE169A9EB010BD1
:1098A0004FEAAB0B0BF1010B0BF1010AB2EB4A0FC4
:1098B00039D8002A4BD0520002F10209B9F1804F89
:1098C00050D24FEA89000EF0CDFCE26AE169A9EBC3
:1098D0000A0A04324FEA5A0A8A42034600EB8A0A0D
:1098E00005D00190521A504617F026FC019BA06843
:1098F00001930EF0B9FC019BC4E90239DAF800309B
:1099000063610BEB070903F50073A3615AF8293073
:10991000C4F81CA00AEB890903F50072C4E90932F6
:10992000C4F82C909CE7A2EB0A0A4FEA5A0A00EB13
:109930008A0A09F104095145A9EB01020AD94945EE
:10994000DCD0504617F0F8FBD8E7012070474FF005
:109950000309B6E74945D1D0C2EB8B00504417F05C
:10996000EBFBCBE714F092FA70B50446A0B00120EF
:10997000F2F7D0FE00212B48F3F724FE01231A460C
:1099800019461846F8F77EFA2046FFF7C1FD94F80D
:10999000581094F85930626D009102202121F8F797
:1099A00019FB7022002104A817F0DFFB04A8F4F7CC
:1099B00099F801211C48F3F705FE0020F4F7CAFFCF
:1099C0004FF00140F2F768FE0020F2F7A3FE03A972
:1099D00002A8F2F793FE054610B1284620B070BDEC
:1099E00004F1B40630461421F3F75EF9039BA26B31
:1099F0009A4213D9616BC4F8BC30029AC4F8B8100B
:109A000001230320C4F8B400C4F8C420304684F80D
:109A1000C030F4F751FF284620B070BD6FF0070545
:109A2000DBE700BFE0FF390020000100D0ED0F6A46
:109A300090ED107AC16DC6EE877AF0B58DB090F8D2
:109A4000582090F8593004910125002603A90446B6
:109A500004A806920793CDED0B7A05950896F2F7C8
:109A60005DFF2846F2F756FE29468020F3F7AAFD4F
:109A70004FF47A60F2F710FE29461F48F3F7A2FD73
:109A8000039820F04040F2F707FE31461B48F3F7F9
:109A900099FD1420F2F700FEF5F77AFC02A901A85F
:109AA000F2F72CFE07463046F2F734FE17B138467F
:109AB0000DB0F0BD04F1C80630461421F3F7F4F8F8
:109AC000029AA36B934214D9D4E92E31C4F8D02062
:109AD0000B44019A84F8D45002213046C4F8CC30AB
:109AE000C4F8C810C4F8D820F4F7E6FE38460DB024
:109AF000F0BD6FF00707DAE7000101008001010007
:109B00002DE9F04F90ED1F7AD0ED1E7A2DED048BEC
:109B1000B4EEE77AD0ED208AD0ED217A90ED298A53
:109B200090ED289A77EEE87AB0EEC88AF0EEE77A00
:109B3000C7EE887A8BB004460026F1EE10FA17EED5
:109B4000900ACCBFC44FC54F16F0FEFC0022C44B98
:109B500016F09CFB17F000F807EE900AF8EEE77A93
:109B600094F8DC8077EEA77AB8F1010FFCEEE77A83
:109B700017EE905AC4ED247A00F0B080D4F8205348
:109B8000002D00F0A180D4F82433AB4280F0A280F5
:109B90000022E91A02921D46D4F81C23D4F8183387
:109BA000C4F820131046D4F828230146002A08BF21
:109BB00019466A1E019100F03F8103958A460026EE
:109BC0000DF114090DF11808A64F15460FE0089382
:109BD000A54B0993F4F740FD94F814330136B3FA1A
:109BE00083F35B09AE4284F8143326D0DA46494643
:109BF0002046FFF761FD059B94F814E323F07F43B3
:109C000043F0484304220AEB020B06930A2307930E
:109C10000BEA070C0BEA070343F073434CF07A4C52
:109C20005046414643F480234CF4802CBEF1000F93
:109C3000CDD00422CDF820C0CAE7039D019B03EBE1
:109C40008505043D029B002B40F0B780D4F81C33FF
:109C5000D4F82823D4F8186349462046002A08BFC0
:109C60001E46FFF729FD94F81423059B7F490991AF
:109C700026F07F46002A26F480260CBF4FF0734260
:109C80004FF07A4246F4802623F07F4343F0484366
:109C90004146284616430A250422CDE90635089692
:109CA000F4F7DAFC94F81423D4F8283394F8DC1091
:109CB000B2FA82F2B3FA83F352095B0984F81423EF
:109CC000C4F8283300295CD100200BB0BDEC048B14
:109CD000BDE8F08F0123002102935DE7D4E9332131
:109CE000A36BD4F8BC001B1A5B1A0F2B0A4440F379
:109CF000A980083BDB0802EB83014FF00009C4EDAB
:109D0000C87AF0EEC97A17EE900AC4F82433C4F882
:109D10001823C4F81C13C4F8289316F015FC4CA3A0
:109D2000D3E9002316F068FC32463B4616F064FC8B
:109D300016F05AFFC4F8F80018EE100A16F004FCEA
:109D400043A3D3E9002316F057FC32463B4616F0F6
:109D500053FC16F049FFC4F8FC0018EE900A16F008
:109D6000F3FB3BA3D3E9002316F046FC16F03CFFBF
:109D700084F80D91C4F80001C4F8F49084F81483B9
:109D8000FEE69DF8083084F8DC302046FFF7B8FE88
:109D900000289AD1019A0025042304F1E000C4E9C7
:109DA000385284F8EC50C4F8E830F4F785FD2846C2
:109DB0000BB0BDEC048BBDE8F08F49462046FFF7A1
:109DC0007BFC2E1D94F81413059A26F07F4300297E
:109DD00023F480230CBF4FF073414FF07A4143F4DA
:109DE000802322F07F420B4342F048420A2128465A
:109DF000089306921C4B07910422414609930025C3
:109E0000F4F72AFC4FF00143042230464146CDE9E5
:109E10000853CDE90655F4F71FFCD4F8283394F81D
:109E2000DC20B3FA83F35B09C4F82833002A3FF43B
:109E30004BAF84F8DC50ADE70D460DF114090DF180
:109E40001808FFE66FF007003FE700BFAFF30080A0
:109E5000C853823C25C8FD3F0000F0BF0000F03F22
:109E60000000E03FFFFFFB00010000C7010000A76A
:109E700070B4D0E90763C26A456A04698169921BBC
:109E8000581B9210531E801000EBC3100B1B00EBED
:109E9000A300800070BC704738B50479012C01D054
:109EA000012038BD0546F7F7E3FE0A20F5F718FC58
:109EB0000A284FF00000F4D8F4F77AFE0020F4F7F7
:109EC00077FEF5F75FFBF7F7EBFEF8F7E7F900230E
:109ED00020462B7138BD00BF2DE9F04F0D46D5E966
:109EE0000763C96A0446686A891B1B1A2E69A86938
:109EF000891001399B1003EBC113801B4FEA920BB1
:109F000003EBA002934528BF934600235FEA8B062C
:109F100085B0C4E90033A36040F08580BBF1000F39
:109F200045D04FF00008CDF804B009E0C6F8009025
:109F3000636804336360019B08F10108984536D0DB
:109F4000AA692B69043A9342D3F8009033D00433C2
:109F50002B61D4E901639B1B032BE7D8D4F800A045
:109F6000A6EB0A077B1D6DD8042F3B4638BF0423A0
:109F7000FB189B462CD2002B62D1002F47D1C3F88F
:109F8000009004275B46CDF808B05F44BAF1000F9B
:109F900004D0504603930EF067F9039BC4E90037E1
:109FA000029BA360019B08F101089845C8D1204697
:109FB00005B0BDE8F08F68690EF056F9EB695A6894
:109FC0006A61043302F500712A61C5E90613C0E72E
:109FD0004FF0FF3738460EF045F9D4E900A2C11919
:109FE000921BB6EB0A07034603920291934613D1E4
:109FF000DA1943F80790171D039A002AC5D0314695
:10A000005A463846039317F08CF8039BBDE7CDF80A
:10A010000CB05B46CDF808B018463A46514617F0EA
:10A020008BF80346E4E730460EF01CF9074620683B
:10A0300008B10EF019F93E44A660C4E900776DE757
:10A040001F46C7E7014813F024FF00BF584505002D
:10A0500070B506468068094B336068B1F56AF469EB
:10A060000435AC4206D254F8040B0EF0FDF8A542BC
:10A07000F9D8B0680EF0F8F8304670BD30530500DE
:10A0800070B5064680680B4B336068B1F56AF469B9
:10A090000435AC4206D254F8040B0EF0E5F8A542A4
:10A0A000F9D8B0680EF0E0F830460EF0DDF8304632
:10A0B00070BD00BF305305000379012B00D07047FD
:10A0C0002DE9F0470446F7F7D3FD42F27400F3F7A9
:10A0D00005F90020F5F756F90020F5F7E9F80646EE
:10A0E000B0054AD416F0007524D1320440F19580B1
:10A0F000F4F710F9064600287CD14FF40040F5F73C
:10A1000041F87A483546F5F73DF9F7F7C9FD236878
:10A11000774ADB68934240F089802379012B00F075
:10A120008C800020F8F75EFBC5B32846BDE8F047F9
:10A130000EF09AB8F4F7EEF8074688BB4FF00070BF
:10A14000F5F720F8330422D53D46F4F7E3F8064648
:10A15000002840F0C8804FF40040F5F713F863483A
:10A16000F5F710F9F7F79CFDAF42D0D07A1B9210AB
:10A170002946204600F0BEFBC9E74FF40070F5F712
:10A1800001F85A48F5F7FEF8F5F702F9AAE757483B
:10A19000F5F7F8F8F5F7FCF8F7F782FDBDE8F0877A
:10A1A000B0F1804F80F09C804FEA800840460EF06E
:10A1B00059F842460546002116F0D7FF3946284691
:10A1C000F2F7B6FD4FF00070F4F7DCFF310405EB59
:10A1D0000807BAD44548F5F7D5F8F5F7D9F8F7F7F1
:10A1E0005FFDBD42A0D04FEAA8022046294600F0FC
:10A1F00081FB99E7A846A8EB05094FEAA903F718E0
:10A200002CBF01220022BB422FD362B305EB87078C
:10A2100031464046F2F78CFD9DE73448F5F7B2F839
:10A22000F5F7B6F8BDE8F047F7F73ABD204698478E
:10A2300000287FF476AF032074E7F7F719FD0A20B2
:10A24000F5F74EFA0A28F6D80020F4F7B1FC002002
:10A25000F4F7AEFCF5F796F9F7F722FDF8F71EF8DC
:10A26000002020715EE74746D2E76FF04042D11AE6
:10A270008E4235D89E42B24638BF9A461AEB030347
:10A28000184629D2B3F1804F26D23BB380000DF09F
:10A29000E9FF8246A84512D04A460AEB090829463A
:10A2A000B700504616F03DFF3A464046002147446D
:10A2B00016F05BFF28460DF0D7FF5546A8E70AEBDE
:10A2C0000908B2004046002108EB020716F04DFFD6
:10A2D000002DEFD155469BE71046D7E79A46D9E7C0
:10A2E000044813F0D6FDB84685E700BFE5470A00ED
:10A2F000999E03004C440500F0B590F83030012BD6
:10A300009DB003D0002528461DB0F0BD0446202096
:10A310000DF0A8FF05464FF400700DF0A3FFA768ED
:10A32000E86005F10C0300F500720821A560E66AFB
:10A33000E569A261C4E90400C4E90800A262E3611E
:10A34000E362E1605FB10436AE4205D955F8040B13
:10A350000DF08AFFAE42F9D838460DF085FFF7F7C9
:10A3600069FFF7F785FC204600F034FA054600281F
:10A370003DD1204600F050FA0646002846D10A207A
:10A38000F5F7AEF90A280AA85FD84822314616F038
:10A39000ECFE424901A80AF0C3FD31460AA8482252
:10A3A00016F0E3FED4ED117A94ED260A20EE270A8A
:10A3B000F1EE047AB4EEE70A01260323F1EE10FA77
:10A3C0008DF86C6013934CD913F01CFE052848D906
:10A3D000431F0AA817933546F4F748FBF4F7D8FF54
:10A3E000F7F75EFC267101A80AF054FE8BE72C49B2
:10A3F0000AA80AF095FDF7F753FCF7F74FFF0AA8F4
:10A400000AF048FE002528461DB0F0BD07A82549E2
:10A410000AF086FD07A904A80AF0A8FD0A22314621
:10A420000AA80AF0CBFD0AA904A80AF0EDFEF7F786
:10A4300037FCF7F733FF0AA80AF02CFE04A80AF04D
:10A4400029FE07A80AF026FE5DE717490AF068FD15
:10A45000F7F726FCF7F722FF0AA835460AF01AFE9E
:10A4600051E7124901A80AF07DFE114907A80AF038
:10A4700057FD07A904A80AF079FD01A904A80AF06C
:10A48000C3FEF7F70DFCF7F709FF04A80AF002FE78
:10A4900007A80AF0FFFD0025A5E700BF4C5B0500FB
:10A4A0003852050068520500A0520500C45205004C
:10A4B000F85205002DE9F04FD0E90743C26A814602
:10A4C000406AD9F81870D9F81010121BA3EB0008D5
:10A4D0009210531E4FEAA80808EBC3187F1A08EB26
:10A4E000A7084FEAD816F41C082C38BF0824A0008F
:10A4F00083B00DF0B7FE0136A41B640800EB8405A1
:10A5000005EB8606B542834608D22F464FF400700D
:10A510000DF0A8FE47F8040BBE42F7D8D9E9083180
:10A52000D9F81C00D9F82C20D9F818E05BF82440A1
:10A5300056F8047C121A5B1A9210D9F81010013ADE
:10A540009B1003EBC213AEEB010203EBA20308F076
:10A550007F08002B07EB880704F500780EDDAA467C
:10A56000C146224651F804CBC2F800C0714502F141
:10A57000040240D04A452ED0013BF3D1DFF880A041
:10A58000DFF880900194A74214D0206815F0DCFF1A
:10A590000B460246514648460AF000FBA8F1040368
:10A5A0009C420FD00434A742EFD103E055F8040BCE
:10A5B0000DF05AFEAE42F9D8584603B0BDE8F04F50
:10A5C0000DF052BE01980DF04FFE6C6801940435F9
:10A5D00004F50078D7E7DAF80420013B0AF1040A11
:10A5E00002F50079CAD051F804CBC2F800C0714519
:10A5F00002F10402BED14168043001F5007EB9E7E2
:10A60000E84D05009863002030B52DED028B87B032
:10A6100009B1092A05D00024204607B0BDEC028B01
:10A6200030BD0B4604461A6839491D7A08EE102AD7
:10A630005A68684608EE902A0AF072FC354903A869
:10A640000AF06EFC03A80AF025FD03A832490AF0BF
:10A6500067FCB5EEC08AF1EE10FA42D903A80AF001
:10A6600019FD2E4903A80AF05BFCF5EEC08AF1EE55
:10A6700010FA36D903A80AF00DFD294903A80AF0FB
:10A680004FFCF4EEC88AF1EE10FA2AD403A80AF0BF
:10A6900001FD244903A80AF043FCAB1FDBB2172BD2
:10A6A0001FD8214A22FA03F3DB071AD503A80AF0C0
:10A6B000F1FC84ED238AC4ED248A84F8945088EE5A
:10A6C000880A13F09FFCE0B901200121206484F87E
:10A6D000955084F8301084ED118AC4ED128A0C462E
:10A6E00007E003A968460AF0F1FC03A80AF0D2FCCF
:10A6F000002468460AF0CEFC204607B0BDEC028B71
:10A7000030BD40F2FF33984228BF1846DDE700BF56
:10A710004C5B0500A8510500D4510500F851050017
:10A7200098430500205205000100A000F8B5254B14
:10A730000360002508230446C36005718560C0E9F5
:10A740000455C0E90655C0E90855C0E90A5520205E
:10A750000DF088FD0746A0604FF40070E6680DF02C
:10A7600081FD013E034603F500727608A261A262F4
:10A77000204607EB8602E261E262134A636163628C
:10A780002361236247F82630294640F8302B5C22AB
:10A7900016F0EBFC0123C4E9143340F201160B4A16
:10A7A0000B49C4F88C500220C4F8905084F894509F
:10A7B000A4F85860E06584F830502166A263E26333
:10A7C0002046F8BDEC420500305305000024744BD0
:10A7D000C3F5E83F10B50446F5F704F8F2F7C2FDFB
:10A7E000F7F7A6FA02210120F7F7B6FA0120F7F7EA
:10A7F000C9FA0748F7F7D6FAF7F7EAFA0548F4F77F
:10A80000C1FD04F19800F7F7F3FA002010BD00BF76
:10A8100000800002E5470A002DE9F041054686B0B8
:10A820000A20D5F84080F4F75BFF0A285FD800249F
:10A83000012601A8CDE9024401968DF80B60F3F7DB
:10A84000DBFD21462046F3F759FD0322022301A830
:10A850000492CDE90233019405F19C07CDF81480F0
:10A860008DF80460F3F7E4FC4FF0FF30F4F78AFC56
:10A8700038468021F1F72AFF284600F0F7F810B19A
:10A8800006B0BDE8F081284600F040F90028F7D175
:10A8900085F8700005F16400F4F70EF83046F3F720
:10A8A00057FE686EF3F7CEFE4FF400410120F4F737
:10A8B000A9FC0028F8D000244FF40040F4F762FC13
:10A8C00005F1780085F88440F3F7F6FF2046F3F7AA
:10A8D0003FFE214642F26400F2F7B6FA0120F3F798
:10A8E00037FED5E91301F2F703FF2046C8E76FF002
:10A8F0000800C5E7002900F09380002A00F0A3803B
:10A900002DE9F84F17462DED048B04469FED559A1F
:10A91000DFED558A0D1F002607E00BB183ED008A9D
:10A9200001360433B742236230D055F8040F616D0D
:10A9300094ED180A80B2F2F7BBF9A16A236A0439D0
:10A94000B0EE688A8B42A0EE098AE6D1D4E9020211
:10A95000D4F82C80A8EB0003A2EBA303012B1AD997
:10A960004FF400700DF07EFCC8F80400236A0BB1B0
:10A9700083ED008AE36A5A6862620136043302F5A5
:10A980000071B7422262C4E90A13CED1BDEC048B38
:10A990000120BDE8F88FE169A8EB010A4FEAAA0A95
:10A9A0000AF1010A0AF1010BB2EB4B0F3AD8002A67
:10A9B0004BD04FEA420909F10209B9F1804F4FD259
:10A9C0004FEA89000DF04EFCE36AE169A9EB0B0B3D
:10A9D00004334FEA5B0B8B42804600EB8B0B03D0BA
:10A9E0005A1A584616F0A8FBA0680DF03DFCC4E9C1
:10A9F0000289DBF8003063610AF1804808F1FF3812
:10AA000003F50073A3615BF82830C4F81CB00BEBAE
:10AA1000880803F50072C4E90932C4F82C809FE766
:10AA200008467047A2EB0B02520800EB820B08F1BC
:10AA300004085945A8EB01020AD94145D9D0584626
:10AA400016F07AFBD5E7012070474FF00309B7E70E
:10AA50004145CED0C2EB8A00584416F06DFBC8E7E2
:10AA600013F014FA00007A4400C08A4430B504465A
:10AA7000B1B00120F1F74EFE00212248F2F7A2FD0D
:10AA8000012300211A460846F7F7FCF93C22002171
:10AA900005A816F06AFB05A8F3F75EF994F85800CC
:10AAA00094F85930626D94F8951000900820F7F7EB
:10AAB00091FA7022002114A816F057FB14A8F3F79E
:10AAC00011F801211048F2F77DFD0020F3F742FF55
:10AAD0004FF00140F1F7E0FD0020F1F71BFE04A963
:10AAE00003A8F1F70BFE054648B9DDE90312606BD8
:10AAF000A06601236167E2666366F3F7ADFD284651
:10AB000031B030BDE0FF390020000100D0ED0E6A09
:10AB100090ED0F7AC16DC6EE877A70B58CB090F863
:10AB2000592090F8583004910025012603A90446C5
:10AB300004A807920693CDED0B7A05960995039527
:10AB400008950A95F1F7EAFE3046F1F7E3FD314644
:10AB50001948F2F737FD4FF47A60F1F79DFD314661
:10AB60004FF48070F2F72EFD039820F04040F1F78B
:10AB700093FD29461148F2F725FD1420F1F78CFDCD
:10AB8000F4F706FC02A901A8F1F7B8FD064628462D
:10AB9000F1F7C0FD66B9D4E91A03DDE901121844E2
:10ABA000A667E067C4F88810C4F88020F3F754FD66
:10ABB00030460CB070BD00BF800001008001010074
:10ABC000014805F0E5BE00BFA075002030B5C1B05A
:10ABD000F9220021044601A816F0C7FA0022104904
:10ABE000104800F031FC18B10E4800F0DDFD30B91E
:10ABF0000D4920460AF094F9204641B030BDF922B3
:10AC000001A9084800F076FD0546064800F0E8FD79
:10AC1000002DEDD001A920460AF082F9ECE700BF33
:10AC2000545305002875002064530500014902486B
:10AC300000F03CBBA07500202875002000B587B04F
:10AC4000014668460AF092F9029BF72B0FD81B4980
:10AC50001B4800F021FA012218491A4800F0F4FBC1
:10AC600098B968460AF016FA07B05DF804FB03A825
:10AC7000F723002269460AF0F3FA03A968460AF0AE
:10AC80004FFA03A80AF006FAE1E7029A00990D4884
:10AC9000013200F019FA0B4800F0A2FD094800F05B
:10ACA0008DFABFF34F8F0849084BCA6802F4E0627F
:10ACB0001343CB60BFF34F8F00BFFDE75453050034
:10ACC000A07500202875002000ED00E00400FA05C2
:10ACD00008B5012103200EF04FFB03200EF026FCE7
:10ACE000012104200EF048FB04200EF01FFC01217E
:10ACF00022200EF041FB01212220BDE808400EF089
:10AD0000BFBB00BF437C03B1704730B5012285B0A3
:10AD100042740321FF22019304468DF803208DF82D
:10AD200006208DF80510827B417B8DF800204FF0C6
:10AD300080451A4602958DF80110057BC37369465C
:10AD4000037403938DF802500DF09AFBA37B1F2B25
:10AD500086BF03F01F030C4A4FF0A04203F5E073D7
:10AD600040F2013142F82310637B1F2B86BF03F0B2
:10AD70001F0305494FF0A04103F5E07340F2033291
:10AD800041F8232005B030BD0003005010B5044643
:10AD90000DF0BEFC0023637410BD00BF10B483B07F
:10ADA00002AB03E906009DF805309DF80410026827
:10ADB00013F1FF3318BF012300240229C2F8004514
:10ADC0001C460374C17332D003292DD0012925D02C
:10ADD000224B0099B3FBF1F3B3F5007FC2F8544561
:10ADE0001FD2FF2B0FD87F2B24D83F2B25D81F2B0A
:10ADF00026D80F2B27D8072B02D819498A4225D0ED
:10AE00004FF0004101E04FF080610723C2F82415A4
:10AE1000C2F8003503B05DF8044B704743F00204FC
:10AE2000D6E74FF00071F0E743F00604D0E743F0B7
:10AE30000404CDE74FF00061E7E74FF08051E4E70D
:10AE40004FF00051E1E74FF08041DEE7042B34BFC3
:10AE50004FF0A0514FF02061D7E700BF0090D00322
:10AE600000F0024003680022C3F80025704700BFCD
:10AE700010B586B006AB012403F8111D002202A90B
:10AE80000293CDE9034305940DF0A4FC9DF807005F
:10AE900006B010BD094A0A4B30B4D2E91910146E3D
:10AEA0001C7300220124074D1C7198735973DA73C7
:10AEB0001A741D605A749A6030BC70476C53050058
:10AEC0008C75002000F00240704700BF10B50446AA
:10AED0000DF0CAF9204610BD38B50A4B04460D46A0
:10AEE000442240F80C3B002116F03FF90023A560F6
:10AEF000237104F1540101200AF02AFD2065204647
:10AF000038BD00BF0C54050070B504460E46006DF8
:10AF10004FF0FF310AF08AFF257955B98EB1A6604E
:10AF2000314604F10C0003F01DFEB0FA80F56D0906
:10AF300025710023206D1A4619460AF02FFB28467A
:10AF400070BDA668002EF4D0EAE700BF70B50546D4
:10AF50004FF0FF31006D0AF069FF2B7905F10C0607
:10AF6000F3B100232B71304603F0FEFE044668B9AE
:10AF7000A968304604F070FE044638B93046A96826
:10AF800003F0F0FD044608B901232B710023286D5E
:10AF90001A4619460AF002FBB4FA84F0400970BD63
:10AFA0003046A96804F058FE0446EFE730B5044681
:10AFB00095B00D46006D4FF0FF310AF037FF29467E
:10AFC00001AA04F10C0003F087FD002305461A4690
:10AFD000206D19460AF0E2FAB5FA85F0400915B07D
:10AFE00030BD00BF2DE9F04F83B00B7800AF2F2BA1
:10AFF00078600CBF4C1C0C4605460E46006D4FF0A9
:10B00000FF310AF013FF05F10C084FF0000918E0BA
:10B01000ADEB000D8A456D468DF800900DF10100F5
:10B0200001DD16F0A2F831465246284616F079F8AE
:10B030002946404605F0DCF808B1113028D101342A
:10B04000DD4620462F2116F074FFA0EB060A0AF118
:10B0500008020446EB4622F0070000215246002C6D
:10B06000D6D13146404605F0C3F878B1113014BF4F
:10B07000002401247A680023106D19461A460AF04C
:10B080008DFA20460C37BD46BDE8F08F0124F1E76C
:10B090000024DD46EEE700BF38B504460D46006DDE
:10B0A0004FF0FF310AF0C2FE294604F10C0005F012
:10B0B000BDFA002305461A46206D19460AF06EFABD
:10B0C000B5FA85F0400938BD70B5036904460D46F0
:10B0D000186D4FF0FF3116460AF0A8FE237D4BB1E4
:10B0E000002522690023106D19461A460AF056FA07
:10B0F000284670BD2069A1692A4633460C3002F00B
:10B10000D3FD20EAE075ECE770B50369044682B030
:10B110004FF0FF31186D0AF089FE257D45BB20698F
:10B12000A1690C3003F0CCFC02AA0646206902F8A3
:10B13000015D0123A1690C3003F020FC0028206987
:10B14000A169C8BF9DF80750324600F10C004FF0CE
:10B150000003D8BF4FF0FF3503F080FC22690023C5
:10B16000106D19461A460AF019FA284602B070BD49
:10B170004FF0FF35F2E700BF38B5036904464FF0E2
:10B18000FF31186D0AF052FE237D4BB10025226974
:10B190000023106D19461A460AF000FA284638BDF9
:10B1A0002069A1690C3003F08DFC05462069A16976
:10B1B0000C3003F085FC2D1AE9E700BF10B50369D8
:10B1C00004464FF0FF31186D0AF030FE237D23B99D
:10B1D0002069A1690C3005F01FF922690023106D68
:10B1E00019461A46BDE810400AF0D8B970B503698F
:10B1F000044682B04FF0FF31186D0AF017FE257D2E
:10B2000055B122690023106D19461A460AF0C6F995
:10B210004FF0FF3002B070BD2069A1690DF1070247
:10B2200001230C3003F0AAFB226906462B46106D61
:10B2300029462A460AF0B2F9002ECCBF9DF8070035
:10B240004FF0FF3002B070BD30B50368164A5B683E
:10B2500083B093428DF807101ED1036904464FF066
:10B26000FF31186D0AF0E2FD237D53B100252269FC
:10B270000023106D19461A460AF090F9284603B0CB
:10B2800030BD2069A1690C3001230DF1070202F0E5
:10B290000BFD20EAE075EAE701220DF1070198476E
:10B2A0000546284603B030BDC9B0030030B4074C92
:10B2B000016100224FF47A758560C0E90042027591
:10B2C00080F82020C0E9062230BC704724540500D5
:10B2D0002DE9F04104465B48236100254FF47A765E
:10B2E00084E86100C4E90655257584F8205094B0BF
:10B2F0000E46186D4FF0FF3117460AF097FDA16911
:10B3000091B1206994F814800C30B8F1000F4FD03F
:10B3100002F05CFBA0690AF04BF8E069A56108B196
:10B320000AF046F80023E361206901AA0C30314697
:10B3300003F0D2FBE0B99DF804302569112B3FD012
:10B340002C200AF01BF8A06140B10146324605F1FD
:10B350000C0002F08DFA002843D02569286D0023E7
:10B360001A4619460AF01AF9204614B0BDE8F081D1
:10B3700002302569F2D1012FF0D1382009F0FEFF0B
:10B38000A0610028EAD0014640F2031305F10C0049
:10B39000324604F08DFF07460028DED12069A169FE
:10B3A0000C3002233A4603F059FB256927750AE061
:10B3B00005F0ACF8A06909F0FBFFC4F81880B3E70A
:10B3C000EFB1012F32D02F21304616F000FE04F1EC
:10B3D000200300B1461C31461846402216F0E2FD1B
:10B3E000BCE701232375304616F0D4FD013009F087
:10B3F000C5FF3146E06116F0B3FD2569E3E74FF084
:10B400000108382009F0BAFFA0610028A6D0014643
:10B41000434605F10C00324604F04AFF2569002836
:10B420009CD1012F05D000232375CCE740F20318EF
:10B43000E7E70246022305F10C00A16903F00EFBC9
:10B440002569F0E7245405002DE9F041036904461D
:10B4500094B00D46186D4FF0FF3190460AF0E6FCAF
:10B46000A16989B12069267D0C30002E38D002F008
:10B47000ADFAA06909F09CFFE0690023A36108B15F
:10B4800009F096FF0023E361206901AA0C302946E8
:10B4900003F022FB074698B99DF804302669112B6A
:10B4A00043D02C2009F06AFFA061B8B101462A46BA
:10B4B00006F10C0002F0DCF900284AD0266903E00E
:10B4C000871C266913D000270023306D1A461946C1
:10B4D0000AF064F8384614B0BDE8F0810746F3E797
:10B4E00005F014F8A06909F063FFA661CCE7B8F194
:10B4F000010FE8D1382009F041FFA0610028EDD00C
:10B50000014640F2031306F10C002A4604F0D0FE77
:10B510000746002845D12069A1690C3002233A462C
:10B5200003F09CFA2669277505E0B8F1000F1ED0DC
:10B53000B8F1010F32D02F21284616F048FD2034F3
:10B5400000B1451C29462046402216F02BFD01275C
:10B55000BAE701232375284616F01CFD013009F0D7
:10B560000DFF2946E06116F0FBFC2669E3E70127A1
:10B57000382009F003FFA0610028AFD001463B4608
:10B5800006F10C002A4604F093FE266900289AD1A1
:10B59000B8F1010F08D000232375CCE740F2031760
:10B5A000E6E7266900278FE70246022306F10C0032
:10B5B000A16903F053FA2669EDE700BFF0B5044630
:10B5C0000D460069A16995B016460C3089B1277DFA
:10B5D000002F44D002F0FAF9A06909F0E9FEE06911
:10B5E0000023A36108B109F0E3FE206900230C30B9
:10B5F000E36101AA294603F06FFA58BB9DF80430B5
:10B60000112B52D02C2009F0B9FEA06120B3236980
:10B6100001462A4603F10C0002F02AF9E0B90123A1
:10B620002375284616F0B6FC013009F0A7FE29461E
:10B63000E06116F095FC2F21284616F0C8FC203456
:10B6400000B1451C29462046402216F0ABFC0120E3
:10B6500015B0F0BD02300BD0002015B0F0BD04F0E5
:10B6600055FFA06909F0A4FE2069A7610C30C0E76E
:10B67000012EF1D1382009F081FEA0610028EBD025
:10B68000236901462A4603F10C0040F2031304F03B
:10B690000FFE06460028DFD12069A1690C30022385
:10B6A000324603F0DBF92675C5E726B1012EC2D17B
:10B6B00040F2031700E00127382009F05FFEA06187
:10B6C0000028C9D0226901463B4602F10C002A46F7
:10B6D00004F0EEFD0028BFD1012E02D00023237517
:10B6E000A9E72369A169024603F10C00022303F0D4
:10B6F000B5F9F3E770B5036904460D46186D4FF0D0
:10B70000FF3116460AF092FB237D4BB100252269DA
:10B710000023106D19461A4609F040FF284670BDF7
:10B720002069A1692A4633460C3003F027F9054603
:10B73000EDE700BF38B5036904460D46186D4FF0BC
:10B74000FF310AF073FB237D4BB1002522690023F2
:10B75000106D19461A4609F021FF284638BD2069A8
:10B76000A1692A460C3003F079F9C543ED0FEDE7E6
:10B7700038B5036904464FF0FF31186D0AF056FBE7
:10B78000237D4BB1002522690023106D19461A460E
:10B7900009F004FF284638BD2069A1690C3003F088
:10B7A0008FF90546EFE700BF38B5036904464FF04F
:10B7B000FF31186D0AF03AFB237D4BB10025226959
:10B7C0000023106D19461A4609F0E8FE284638BDD8
:10B7D0002069A1690C3003F075F90546EFE700BF59
:10B7E00070B5036904464FF0FF31186D0AF01EFB77
:10B7F000A16981B12069257D0C30ADB102F0E6F878
:10B80000A06909F0D5FDE0690023A36108B109F042
:10B81000CFFD0023E36122690023106D19461A460B
:10B82000BDE8704009F0BABE04F070FEA06909F0EE
:10B83000BFFDA561EFE700BF8069003018BF0120A0
:10B84000704700BF2DE9F04794B00B690C460546E0
:10B850004FF0FF31186D00AF91460AF0E7FA236907
:10B86000304A2B610023C5E90023C5E906334FF4B4
:10B870007A71A9602B7585F82030237D002B44D088
:10B88000294EDFF8AC802069A1690C303A1D02F026
:10B89000B1F8012807F10C01304636D116F056FBFD
:10B8A00007F10C010028EED0404616F04FFB0028AF
:10B8B000E9D0D4F81C80404616F06CFB064607F130
:10B8C0000C0016F067FB3318093323F00703EA4630
:10B8D000ADEB030D721C6846414615F022FC98F84A
:10B8E00000202F2A6B4602D198F8012012B10F4A8E
:10B8F00012889A5307F10C01184616F00BFB4A46C2
:10B9000001462846FFF75AFED54622690023106DEE
:10B9100019461A4609F042FE28465037BD46BDE892
:10B92000F08700BF245405004C4E05001854050054
:10B93000145405002DE9F047804600681646026A57
:10B9400082B0B2420B9F4AD90C461D468FB92DE0FA
:10B95000B5FBF1F201FB1252D0F8049052B3AA1ACF
:10B96000A3682660626000913146C847F8B9D8F8EC
:10B970000000236841699E42EAD163689D42E7D393
:10B98000CA189542E4D2A2EB0509B945A1680A9804
:10B9900028BFB946EB1A19444A46BF1A15F0C1FB35
:10B9A0000A9B4B444D440A93002FE0D1002002B083
:10B9B000BDE8F087B942D2D8B7FBF1FA01FB1A7A99
:10B9C000A7EB0A0700970A9B2A463146C84700287A
:10B9D000EDD10A9B3B443D440A935746E4E7034BB1
:10B9E000034A0448122115F0EBFA00BFC4540500C5
:10B9F00040540500E45405002DE9F04F85B0039252
:10BA0000002B5AD088460168C9695C1EA1F108095B
:10BA10000E9BB4FBF9F50746B3FBF9F6BDB3681E00
:10BA2000029215F049F9851CA4EB8505029AB5FB35
:10BA3000F9F56EBBB5424AD90DF10C0A4FF0040975
:10BA40004FF0010B0AE0012A4BD93B681B6A9A426E
:10BA500047D80BFA04F42D1BB54238D9AC1BB4FA05
:10BA600084F495FAA5F3C4F11F04B3FA83F39C425E
:10BA700028BF1C46CDE900A9A30041463846FFF780
:10BA800059FF039A0028DED005B0BDE8F08FF6B16B
:10BA9000701E029215F010F90E9B861CA3EB860611
:10BAA000B6FBF9F6304615F007F90E9B029A06FB35
:10BAB0001939A9EB80030E93BCE70F994FF0FF32C1
:10BAC0000A60109A1846136005B0BDE8F08F0F9B0E
:10BAD0001A60109B1A460E9B1360002005B0BDE84B
:10BAE000F08F034B034A04484FF48F6115F068FA56
:10BAF0005855050060540500E45405002DE9F04F49
:10BB00000446D2E900038FB0002608900291099301
:10BB100004F11409B3460DF1280A08AB494653F85D
:10BB200026701023CDE900A33A4600232046FFF7F4
:10BB300001FF002839D1BBF1000F63D10B9B23F02B
:10BB40000043132B54D92268D269934250D80EABCC
:10BB50004FF0FF3143F81C1D102218465146039345
:10BB600004F0A2FE0B9B23F00042102A25D0CDE961
:10BB700004B610250DF11B081646DDF80CB004E0E4
:10BB8000584604F091FEAE4215D00123CDE9008362
:10BB90003A462B4649462046FFF7CCFE0122414655
:10BBA00015440028ECD0DDE904B610F1340F1FD0A5
:10BBB0000FB0BDE8F08FDDE904B6079B751CBBB97B
:10BBC00005F001050DF1380C0CEB850C029D039579
:10BBD0009AE80F006F605CF8187CAF602F46BC4697
:10BBE0001C351027CCF80C7085E80F004FF0010BC6
:10BBF0007EB1BBF1000F14BF00206FF033000FB017
:10BC0000BDE8F08F029A0A9BD2699B1A002B95DA45
:10BC1000EEE7012681E700BF2DE9F04F9846036863
:10BC20001B6A87B04345109EDDE911A740F2D7801B
:10BC3000002F4AD081468B461546DBF8003043453D
:10BC40004ED0013340F0C580D9F800008269B6FBC0
:10BC5000F2F302FB1363002B3BD1BA4239D8B7FB96
:10BC6000F2F302FB13730393FB1A009302938468AD
:10BC7000534632464146A047002840F0A380029B2D
:10BC8000002D00F09B80DBB15446371B9A4408E03E
:10BC900014F8013B9DF817209A4240F09180A2458C
:10BCA0000ED0012301930DF11703009342463B1977
:10BCB00029464846FFF73EFE0028E9D0C0F28280C0
:10BCC000029B039F1E44002FB7D1002007B0BDE8A0
:10BCD000F08FF31ACBE90083DBF800304345B0D195
:10BCE000DBF80420B242ACD8D9F800108C691444B7
:10BCF000B442A6D9A41BBC42DBF8080028BF3C46CE
:10BD0000B21A10445146224615F00BFAD9F8000039
:10BD1000D0F818C02644B6FBFCF30CFB13633F1BA2
:10BD2000A244002BCFD1DBF800104B1CCBD0DBE9B9
:10BD30000123CDF800C08468A047002842D1D9F87B
:10BD40000030DBF808009A696DB3DBE9001352B3E9
:10BD500082181B1ACDF808B0CDF80C801096044656
:10BD600093460E46984607E014F8013B9DF81720CD
:10BD70009A4225D1A34528D0012301930DF1170341
:10BD80000093324608EB040329464846FFF7D2FDEC
:10BD90000028E9D0DDE902B8109E13DBD9F80030A5
:10BDA000DBF808009A69FF2115F0DFF94FF0FF3347
:10BDB000CBF80030002F7FF440AF86E79A447FE74E
:10BDC0006FF0330007B0BDE8F08FDDE902B8109ED8
:10BDD000E4E7064B064A0748B72115F0F1F8064B91
:10BDE000034A04489C2115F0EBF800BFA854050055
:10BDF00050540500E4540500C45405002DE9F04FEB
:10BE000090460268126A83B04245DDF830900D9E7C
:10BE10006CD91EB382460F461D463B68984527D015
:10BE200001335DD1DAF800008269B5FBF2F302FB61
:10BE30001353BBB9B24215D8B6FBF2F402FB14643B
:10BE4000361B0096D0F808B04B462A464146D847E4
:10BE500028B9B14435442646002EDED1002003B077
:10BE6000BDE8F08FEB1AC7E900833B689845D7D14E
:10BE70007968A942D4D8DAF8002092690A44AA4223
:10BE8000CED9541BB442B86828BF3446691A084456
:10BE90002246494615F045F9DAF800008269254442
:10BEA000B5FBF2F302FB1353361BA144002BD3D195
:10BEB00039684B1CD0D0D7E901C300928468624630
:10BEC000A0470028CBD1DAF80030B8689A69FF2182
:10BED00015F04BF94FF0FF333B60002E9DD1BDE7CD
:10BEE000054B064A0648B72115F06AF8054B034A88
:10BEF00003489C2115F064F8A8540500505405002F
:10BF0000E4540500C45405002DE9F04F934691B068
:10BF100000240122CDE905315B46CBE909429A466E
:10BF20008346DAF82830013300F00F810AF1240249
:10BF300051465846FFF7E2FD079000287AD1524655
:10BF4000DAF80C30DA469346DBF8201021F0004294
:10BF5000043A03F10C00824228BF0AF1140980F070
:10BF6000AA80002980F2ED800AF11409DBE9092397
:10BF70004FF000080A920B9347460AAB494653F824
:10BF80002860102301930CAB0093324600235046E7
:10BF9000FFF7D0FC00283FD12FB10C9BDBF81C2011
:10BFA0009B1A002B65DB0D9B23F00043132B60D9FC
:10BFB000DAF80020D26993425BD810AB4FF0FF3122
:10BFC00043F81C1D102218460CA9029304F06CFCC7
:10BFD0000D9B23F00042102A32D00397CDF8108039
:10BFE00010240DF123051746DDF8088004E04046D3
:10BFF00004F05AFCA74221D00123CDE90053324678
:10C00000234649465046FFF795FC01222946144431
:10C010000028ECD0DDE9037810F1340F29D05B461D
:10C02000D3469A46831C40F09380DAF824300133DB
:10C030007FF477AF079811B0BDE8F08FDDE90378A2
:10C04000099B08F10104A3B90CAB10AD0FCB04F0B0
:10C05000010405EB8404102554F8184CCBF8084073
:10C060000BF11C04CBF80460CBF80C5084E80F00F3
:10C070000127B8F1000F1AD0002F5BD0DBF8201099
:10C08000DBF8182021F00043043B143210201B2B56
:10C09000CBF81820CBF80C000CD80029FFF666AFBF
:10C0A0005B46D3469A460346059A1360BDE74FF0B8
:10C0B000010862E70346059DDBF80420281D0C24D7
:10C0C000CDE9000449465046FFF734FC0028A6D1CC
:10C0D0006B79A979EA79DBF80C00286004330B440A
:10C0E00013440344CBF80C306A79AC79E879DBF877
:10C0F00018100432224402440A44CBF818202A794A
:10C1000002F07002202A7FF41FAF0598069C816818
:10C110002268914208D0C0686468A04204D0A1425D
:10C1200002D082427FF410AF01230793079811B029
:10C13000BDE8F08F6FF033030793079811B0BDE8A7
:10C14000F08F5A46D3469246AEE70023079371E735
:10C1500007906FE72DE9F04FA3B00123069100246B
:10C1600017A90BAACDE90B438346FFF7C7FC07903D
:10C1700000287DD1209B01337AD0219B013377D0D9
:10C1800020AA17A95846FFF7B9FC00286FD11A9CBE
:10C19000DA461F9A22F00043043B04F10C018B4263
:10C1A00028BF0AF1140B80F09380002A80F28B8064
:10C1B0000AF1140BDDE9202300250D920E93A84609
:10C1C0004FF010090DAB594653F82560CDF8049097
:10C1D00013AB0093324600235046FFF7ABFB002819
:10C1E0003FD1B8F1000F04D0139B1E9A9B1A002B6D
:10C1F00057DB149B23F00043132B52D9DAF80020AD
:10C20000D26993424DD822AB4FF0FF3143F8601D05
:10C21000102213A91846039304F046FB149F27F03D
:10C220000042102A2AD0CDE9048510240DF12707F9
:10C230001546DDF80C8004E0404604F035FBA542CD
:10C240001AD00123CDE900733246234659465046A1
:10C25000FFF770FB0122394614440028ECD0DDE9D9
:10C26000048510F1340F1CD0831CD34682D0079074
:10C27000079823B0BDE8F08FDDE904850A9B6C1CAC
:10C280007BB913AB0FCB22AF04F0010407EB84049E
:10C2900007E90F0054F8543C1896CDE919394FF0CE
:10C2A00001089DB1B8F1000F41D01F991D9A21F0EE
:10C2B0000043043B143210241B2B1D921A9407D800
:10C2C0000029FFF677AFD3460F9453E7012579E7AE
:10C2D00010A80C25CDE90005189A2346594650466A
:10C2E000FFF728FB0028BFD19DF841209DF8425060
:10C2F0009DF843001A9C1D999DF940300F9404321B
:10C300002A4402441444002B0A441A941D92FFF656
:10C3100040AF0822069911A814F0F4FE00287FF41B
:10C3200038AF01230793079823B0BDE8F08F6FF073
:10C3300033030793079823B0BDE8F08F2DE9F04F42
:10C3400097B01C460C9340F6220382462468536043
:10C3500010460892DAE90123D3460A948260C3604A
:10C360008A460A9DBF49284615F045FE2B460344E0
:10C370000446BC490993184615F0FAFD01280790B8
:10C3800000F07281022800F07881099B079A9D18BD
:10C39000CDE90A550124B349284615F02CFE054481
:10C3A0002846B04915F0E4FD78B1022802D00134E6
:10C3B0000544F0E72B782E2BF9D16B782E2BF6D194
:10C3C000013CF5D1AB1C0A93CBE7099B18780028F8
:10C3D00000F088800C9A1360089A1379222B40F0A1
:10C3E0005B8102F108031A46514658460D93FFF748
:10C3F00085FB002876D15246DAF80C30DA469346AF
:10C40000DBF8201021F00042043A03F10C008242D4
:10C4100028BF0AF1140980F0A480002980F29480DA
:10C420000AF1140912ABD0460393CA46DBE909238B
:10C4300000255F4610921193A946AB4610AB5146BA
:10C4400053F82B5010230193039B00932A4600239B
:10C450004046FFF76FFA002841D1B9F1000F04D030
:10C46000129BFA699B1A002B58DB139B23F00043A5
:10C47000132B53D9D8F80020D26993424ED816AB6B
:10C480004FF0FF3143F81C1D102218460399049306
:10C4900004F00AFA139B23F00042102A27D0CDF8AB
:10C4A0001490CDF818B010240DF13B069146DDF83C
:10C4B00010B004E0584604F0F7F9A14515D0012367
:10C4C000CDE900632A46234651464046FFF732FA3B
:10C4D0000122314614440028ECD0DDE9059B10F11F
:10C4E000340F1BD017B0BDE8F08FDDE9059B0F9B23
:10C4F0000BF1010493B9039B7D600FCB04F00104A1
:10C5000016AE06EB8404102554F8184CBC6007F1F5
:10C510001C04FD6084E80F004FF00109BBF1000F1F
:10C5200019D0BB46B9F1000F76D0396ABA6921F04B
:10C530000043043B143210201B2BBA61F8600DD865
:10C540000029FFF673AF0346089A6FF001001360ED
:10C5500017B0BDE8F08F4FF0010B6FE7D1460346EF
:10C56000C246089FDBF804200C20391DCDE90010DD
:10C5700049465046FFF7DEF90028B3D17B79BA79F6
:10C58000F879DBF80C403C60043313440344234443
:10C59000CBF80C307D79B879FE79DBF818102A1DBC
:10C5A000024432440A44CBF818203A7902F07F0161
:10C5B000112902D022297FF423AF07998E427FF4FC
:10C5C0001FAF04342C440444DBF8046000295FD01E
:10C5D000099DCDF80CB012AB641B0127DDF82CB01F
:10C5E000984607E015F8013B9DF848209A4216D17D
:10C5F0005D4519D0CDE9008763193246494650465A
:10C60000FFF798F90028EDD0D346DDF80CA0FFF62F
:10C6100069AF089B1A790CE06FF0330062E7DDF830
:10C620000CB0DBF80C30EBE6089BD3461A79DDF84A
:10C630000CA013067FF595AEDBF8043001330BD068
:10C64000DBF80830013307D00D995846FFF782FD1B
:10C65000002824D1089B1A79089B02F07F021A71E6
:10C660007FE600BF185405002B5D2E2B7FF48DAEA6
:10C67000099B079A13440A9373E6099B1B782E2B98
:10C680007FF483AE099B5B782E2B7FF47EAEEFE7C1
:10C690005B46D3469A46CCE76FF0130022E7FFF6DD
:10C6A00021AF6FF001001DE72DE9F04F4468013420
:10C6B00093B000F08B8084680134824600F086805D
:10C6C00090468946002101230A910AAA41460B930C
:10C6D000FFF714FA00287AD143460AF1140BC84632
:10C6E0009946D9F82430581C70D0D9F82820511C0C
:10C6F0006CD0D8F8001099426CD0D8F80400904261
:10C7000068D0834266D0914264D0CDE90C320025D6
:10C7100003950EAFCDF810800CAB594653F8256049
:10C720001023CDE90073324600235046FFF702F98B
:10C73000002840D1039B2BB10E9BD9F81C209B1ADB
:10C74000002B3BDB0F9B23F00043132B36D9DAF889
:10C750000020D269934231D812AB4FF0FF3143F839
:10C76000241D102218463946059304F09DF80F9BAE
:10C7700023F00042102A33D00695CDF81C901024E7
:10C780000DF123081546DDF8149004E0484604F046
:10C790008BF8A54222D00123CDE9008332462346FF
:10C7A00059465046FFF7C6F8012241461444002876
:10C7B000ECD0DDE9065910F1340F08D165B3DDE99D
:10C7C0000338002B8DD16FF0330000E0002013B050
:10C7D000BDE8F08F012013B0BDE8F08FDDE9065908
:10C7E000099B6C1C002BE9D197E80F0004F00104B1
:10C7F0000DF1480C0CEB8404C9F8046054F8184C93
:10C80000C9F80840102609F11C04C9F80C6084E836
:10C810000F0001230393D1E701257DE72DE9F04FB8
:10C820004FF0010BA1B081468A464FF00008D9E9CC
:10C830000C52D9F8384013E05109531C601ED9F846
:10C840003C60C9F83430C9F8380056F8217002F05D
:10C850001F010BFA01F1394200F0718104461A46BA
:10C860009542E9D1002C00F01383D9F80020D9F8C3
:10C870002C30D9F83C00D2E908121D44944228BF5C
:10C880001446B5FBF1F301FB1355C9F83480C9F820
:10C890003040D208C9F82C50002114F066FCD9F8B9
:10C8A00004300133C3D0D9F808300133BFD015AA02
:10C8B00001230592524609F11407CA46CDF8348087
:10C8C0000E9300249146DAF80060DAF82C20316AE1
:10C8D000DAF830508A1A1444B4FBF1F001FB10402E
:10C8E000A84212D2DAF83C10440900F01F0351F8B4
:10C8F00024200BFA03F3134341F82430316ADAF8A9
:10C900002C200E9BDAF830508A1A1A44B2FBF1F34D
:10C9100001FB1322AA420BD25409DAF83C0002F0C0
:10C920001F0250F824100BFA02F30B4340F8243096
:10C930000DAA05995046FFF7E1F8002840F0BA81AA
:10C94000CDF81C900C26B946189B12AC1CE0169A28
:10C95000CDE9004649465046FEF7ECFF002840F07E
:10C96000A9819DF849309DF84A209DF84B001899FF
:10C97000043313449DF84820034402F070020B4432
:10C98000102A189300F089821D9A22F00042043A7E
:10C9900003F10C019142DAD9DDE91E43601C4F46D8
:10C9A000CDE90D43DDF81C9001D0591C8BD14B46CD
:10C9B000D1469A46D9F80C50002D3FF438AFCDF847
:10C9C00024A0AA46DAF81C30DA0340F19C81DAF898
:10C9D0001440002C00F09781D9F80010CD69013C7B
:10C9E000083DB4FBF5F3069353B1581E059114F0BE
:10C9F00063F905990230A4EB8004B4FBF5F30693C8
:10CA0000DAF810300593D9F82C400B6AD9F83000C9
:10CA1000059A1A44141BB4FBF3F203FB124383423E
:10CA20000BD25C09D9F83C0003F01F0350F8242016
:10CA30000BFA03F3134340F82430069B002B00F05D
:10CA4000608103F00103C3F102030A6A07939D00AA
:10CA5000059B934280F012810FAF002408461A46CE
:10CA600020E0D9F81430059A46699A4200F0CF8246
:10CA7000B4FBF6F2436806FB12429C46002A00F023
:10CA8000EC820599D9F81C30C9F81410A21AC9F81B
:10CA9000182000966646B047002840F00B81D9F870
:10CAA0000000059ADAF82C309A42DAD1DAF8302010
:10CAB000A242D6D883691344A342D2D91B1BDAF809
:10CAC0003410AB4228BF2B46A21A11441E461A4608
:10CAD0003846AD1A14F025FB34443744D9F8000029
:10CAE000002DDED1079B5D1E012D0146036AD9E9A9
:10CAF0000B4019D10F9A121BD618B6FBF3F203FBA9
:10CB00001262824210D25409D9F83C0002F01F038D
:10CB100050F8242005FA03F3134340F82430D9F8E1
:10CB20002C400B6AD9F8300020AA02EB8505DDE91C
:10CB30000626921B069255F8442C059269E7D9F80F
:10CB40000000D9F82C10076A0A44AB42B2FBF7F197
:10CB500007FB112206921BD0590903F01F0256F859
:10CB60002110012707FA02F20A4211D0023C0AE022
:10CB7000590903F01F0256F821100BFA02F20A427B
:10CB800004F1FF3404D00133AB42C9E90D34EFD1D5
:10CB9000C368069998470346079038B113F1340FDC
:10CBA0003FF443AE184621B0BDE8F08FDAF82830E4
:10CBB000D9F80000002B00F08180DAF82440036AE5
:10CBC00009F114029C42089258D215AB0593079FB5
:10CBD00009F1200309933D46DDF8148017E0D9F8E8
:10CBE000143041699C424FD0B5FBF1F201FB125267
:10CBF000002A54D0D9F81C300091AA1AC9E905427C
:10CC000046682146B047002854D1D9F80000DAF828
:10CC10002C309C42E3D1DAF83030AB42DFD8866961
:10CC20001E44AE42DBD9DAF83410761B012E28BF41
:10CC30000126EB1A3246404619443544B044C6F149
:10CC4000010614F06EFA002EDFD101230293059B3A
:10CC5000DDE90821CDE900734846069BFEF7DCFFBD
:10CC6000002849D1DAF82830D9F800000137BB4252
:10CC700024D9DAF82440036A9C42ACD3AC4BAD4AC9
:10CC8000AD48122114F09CF9D9F81830AB42ABD85A
:10CC90005E18AE42A8D9761BD9F81C10C6E7012948
:10CCA000A8D801230093214643462A464468A0475A
:10CCB0000028CAD0079021B0BDE8F08F8269D9F86A
:10CCC0002810DAF8340014F02CFAD9E90813D9F84E
:10CCD0000020D9F828009269CAE90B13FF2114F04B
:10CCE00044FA4FF0FF33C9F820300798069BCAF882
:10CCF000243021B0BDE8F08F10F1340F3FF495AD32
:10CD0000D8E7DAF81C309B0340F1B980DAF820400C
:10CD1000002C00F0B480D9F80010CD69013C083D2A
:10CD2000B4FBF5F3069353B1581E059113F0C4FFFD
:10CD300005990230A4EB8004B4FBF5F30693DAF80E
:10CD400024300593D9F82C400B6AD9F83000059AA5
:10CD50001A44141BB4FBF3F203FB124383420BD2BD
:10CD60005C09D9F83C0003F01F0350F824200BFAAB
:10CD700003F3134340F82430069B002B7FD003F0CD
:10CD80000103C3F102030A6A07939D00059B9342C6
:10CD9000BFF474AF0FAF002408461A4620E0D9F85C
:10CDA0001430059A46699A4200F04481B4FBF6F2C9
:10CDB000436806FB12429C46002A00F064810599F4
:10CDC000D9F81C30C9F81410A21AC9F81820009616
:10CDD0006646B04700287FF46DAFD9F80000059A89
:10CDE000DAF82C309A42DAD1DAF83020A242D6D8DA
:10CDF00083691344A342D2D91B1BDAF83410AB4227
:10CE000028BF2B46A21A11441E461A463846AD1AB0
:10CE100014F087F934443744D9F80000002DDED1EE
:10CE2000079BD9F82C405D1E012D0146036AD9F8F5
:10CE3000300019D10F9A121BD618B6FBF3F203FB80
:10CE40001262824210D25409D9F83C0002F01F034A
:10CE500050F8242005FA03F3134340F82430D9F89E
:10CE60002C400B6AD9F8300020AA02EB8505DDE9D9
:10CE70000626921B069255F8442C059268E7DAF8CC
:10CE800000A0BAF1000F7FF49DADDDF824A0CEE440
:10CE90006FF01B030793184685E6149C002C3FF4A3
:10CEA00054ADDAF80010CD69013C083DB4FBF5F350
:10CEB000089353B1581E069113F0FEFE0699831C89
:10CEC000A4EB8303B3FBF5F30893139B0693DAF803
:10CED0002C500B6ADAF83040069ACDF82C900846B0
:10CEE0001A44551BB5FBF3F203FB1253A3420BD2BA
:10CEF0005C09DAF83C1003F01F0351F824200BFA08
:10CF000003F3134341F82430089B002B00F0E78023
:10CF100003F00103C3F10203026A09939C00069B1C
:10CF20009342BFF4ABAE0DF13C09002520E000BFF9
:10CF3000C454050040540500E45405004368B5FBA3
:10CF4000F1F201FB12529C46002A00F0B280069FCB
:10CF5000CAF81470AA1ADAF81C30CAF8182000911E
:10CF600039466746B84700287FF4A4AEDAF80000D7
:10CF7000DAF81430069A41699A42DFD1DAF81830AB
:10CF8000AB42DBD85A18AA42D8D9521BDAF81C1087
:10CF9000A242A5EB030328BF224648461944174680
:10CFA000A41A154414F0BDF8B944DAF80000002CB6
:10CFB000DED1099BDAF82C50DAF83040591E0129ED
:10CFC000036A19D10F9A521B1A44B2FBF3F703FB01
:10CFD0001722A24210D2DAF83C50570902F01F0380
:10CFE00055F8274001FA03F3234345F82730DAF8D0
:10CFF0002C50036ADAF8304020AA02EB8101DDE907
:10D000000827D21B089251F8442C069268E7D9F8F9
:10D010001830A3423FF62CAD9A19A2427FF628ADF4
:10D02000121BD9F81C10AA4228BF2A46E31A16463A
:10D0300019444DE5D9F81830A3423FF6B7AE9A1916
:10D04000A2427FF6B3AE121BD9F81C10AA4228BF29
:10D050002A46E31A16461944D8E6B542FFF411AD44
:10D06000B5FBF6F306FB1353ED1A089300953B4608
:10D07000224605996646B04700287FF41BAE2F4430
:10D080002C44089D2AE5B542FFF499AEB5FBF6F3B2
:10D0900006FB1353ED1A089300953B46224605996B
:10D0A0006646B04700287FF405AE2F442C44089D07
:10D0B000B2E68C42FFF44BAFB4FBF1F701FB174330
:10D0C000E41A0A9300944B462A4606996746B847E5
:10D0D00000287FF4EFADA14425440A9C65E7DDF804
:10D0E0002C9031E42DE9F04FD0E90C63A1B04FF062
:10D0F000010901F1040801F10C0204460392CA4639
:10D100000491C3464FF000082746B96B0FE05A0957
:10D110000139581CFD6BB963786355F8224003F060
:10D120001F0209FA02F2224200F0658103469E4284
:10D13000EDD1002900F0BA813A68FB6AD2E9080211
:10D140001E44914228BF1146B6FBF0F300FB136664
:10D150003963C7F83480D208FE620021F86B14F0FE
:10D1600004F87B68013300F09881BB68013300F05C
:10D170009481CDE90D8A07F11406CDF814B001238E
:10D180000024B3463E68FA6A306A3D6B821A144442
:10D19000B4FBF0F100FB1141A9420FD2F86B4C092E
:10D1A00001F01F0350F8242009FA03F3134340F859
:10D1B0002430FA6A306A0E9B3D6B821A1A44B2FB25
:10D1C000F0F300FB1323AB420AD25809F96B03F0CA
:10D1D0001F0351F8202009FA03F3134341F82030CC
:10D1E0000DAA15A93846FEF789FC002840F05081A9
:10D1F0005B460C26BB461F46189B12AC1CE0169AD9
:10D20000CDE9004639465846FEF794FB002840F029
:10D210003F819DF849309DF84A209DF84B001899B0
:10D22000043313449DF84820034402F070020B4479
:10D23000102A189300F03D811D9A22F00042043A12
:10D2400003F10C019142DAD93B465F469B46DDE98A
:10D250001E43601CCDE90D4301D0591C92D1FD68DD
:10D26000DDF814B0002D00F01881CDF828B0AB46E1
:10D270000CE09B0304D5DBF82040002C40F0F68145
:10D28000DBF800B0BBF1000F00F00581DBF81C30CB
:10D29000DA03EED5DBF81440002CEAD03B68DD69F8
:10D2A000013C083DB4FBF5F2079252B1501E0593C4
:10D2B00013F002FD0230A4EB8004B4FBF5F30793F6
:10D2C000059BDBF810200592FC6A1A6A386B0599F9
:10D2D000CDF818B011440C1BB4FBF2F102FB114263
:10D2E00082420AD25409F86B02F01F0250F824104F
:10D2F00009FA02F20A4340F82420079A002A00F0B3
:10D30000A28202F00102C2F10202196A089295009B
:10D31000059A8A4280F09F820DF13C0B0024069A08
:10D320000599D26A914222D07A690598596990424A
:10D3300000F07181B4FBF1F2586801FB124284469F
:10D34000002A00F07B81FE6905987861A21ABA6113
:10D3500018460091334605996646B047002840F0CC
:10D360009780069A0599D26A3B689142DCD1069A69
:10D37000106BA042D8D89A690244A242D4D909932A
:10D38000069B121B596BAA4228BF2A46201A164632
:10D3900001445846AD1A13F0C4FE099B3444B3440B
:10D3A000002DBCD1089A551E012DD7E90B401A6AF1
:10D3B00016D10F99091B1144B1FBF2F602FB1611AD
:10D3C00081420DD2FC6B4E0901F01F0254F8260079
:10D3D00005FA02F2024344F82620D7E90B401A6A04
:10D3E00020A901EB8505DDE90716891B079155F892
:10D3F000441C05916EE73968FA6A096A1344B3FB65
:10D40000F1F201FB12334BF8043BD7E90C63B34252
:10D410003C461BD0590903F01F0255F821100AFAA7
:10D4200002F20A4212D0B86B01380AE0590903F03F
:10D430001F0255F8211009FA02F20A4200F1FF30EA
:10D4400004D00133B342C4E90D30EFD1039A5A45F9
:10D450007FF458AEDDF810B004210BF11C03DBF8AB
:10D4600004202046CDE90031002304F11401FEF729
:10D4700061FAA8B9DBF81C304FF0FF32CBE9092282
:10D48000142001331021CBE90730CBF80C10002019
:10D4900021B0BDE8F08FDDF828B0D7E90C6334E6A1
:10D4A00010F1340FE6D021B0BDE8F08F6FF01B0013
:10D4B000EEE7149C002C3FF4A0AEDBF80010CD6921
:10D4C000013C083DB4FBF5F3089353B1581E069197
:10D4D00013F0F2FB0699831CA4EB8303B3FBF5F373
:10D4E0000893139B0693DBF82C500B6ADBF8304053
:10D4F000069A0B9708461A44551BB5FBF3F203FB3B
:10D500001253A3420BD25C09DBF83C1003F01F035B
:10D5100051F8242009FA03F3134341F82430089BFF
:10D52000002B00F08E8103F00103C3F10203026AB5
:10D5300009939D00069B934280F08D810FAB07936A
:10D54000002718E04368B7FBF1F201FB12729C461A
:10D55000002A00F05E81069CCBF81440BA1ADBF872
:10D560001C30CBF81820009121466446A0470028C3
:10D570008ED1DBF80000DBF81430069A41699A423C
:10D58000E0D1DBF81830BB42DCD85A18BA42D9D9FE
:10D59000D21BDBF81C100798FB1AAA4228BF2A46A8
:10D5A00019441446AD1A174413F0BBFD079B2344DE
:10D5B0000793DBF80000002DDDD1099BDBF82C5030
:10D5C000DBF83040591E0129036A19D10F9A521B0A
:10D5D000D718B7FBF3F203FB1272A24210D255091F
:10D5E000DBF83C4002F01F0254F8253001FA02F249
:10D5F000134344F82530DBF82C50036ADBF8304045
:10D6000020AA02EB8101DDE90827D21B089251F81C
:10D61000442C06926FE7BA69A2423FF68BAE5018CF
:10D62000A0427FF687AE001BF9690993A84228BF84
:10D630002846A21A114406460246AAE68D42FFF485
:10D6400082AEB5FBF1F601FB1652AD1A09921846EF
:10D6500000955B46224605996646B04700287FF450
:10D6600017AFAB442C443B68099D99E63B68DD69E4
:10D67000013C083DB4FBF5F2069252B1501E0593F1
:10D6800013F01AFB0230A4EB8004B4FBF5F306930D
:10D69000059BDBF824200592FC6A1A6A386B059911
:10D6A000CDF81CB011440C1BB4FBF2F102FB11428B
:10D6B00082420AD25409F86B02F01F0250F824107B
:10D6C00009FA02F20A4340F82420069A002A00F0E0
:10D6D000BF8002F00102C2F10202196A08929500AD
:10D6E000059A8A4280F0B7800DF13C0B0024079A1E
:10D6F0000599D26A914220D07A6905985969904279
:10D700005FD0B4FBF1F2586801FB12428446002A54
:10D7100068D0FE6905987861A21ABA61184600912E
:10D72000334605996646B04700287FF4B1AE079AA4
:10D730000599D26A3B689142DED1079A106BA042EC
:10D74000DAD89A690244A242D6D90993079B121BE0
:10D75000596BAA4228BF2A46201A16460144584649
:10D76000AD1A13F0DEFC099B3444B344002DBED146
:10D77000089A551E012DD7E90B401A6A16D10F9948
:10D78000091B1144B1FBF2F602FB161181420DD2C6
:10D79000FC6B4E0901F01F0254F8260005FA02F254
:10D7A000024344F82620D7E90B401A6A089E20A9B4
:10D7B00001EB85050699891B069155F8441C0591D6
:10D7C00070E7BA69A2429CD85018A04299D9001BB0
:10D7D000F9690993A84228BF2846A21A11440646AF
:10D7E0000246BCE78D4294D3B5FBF1F601FB16521D
:10D7F000AD1A0992184600955B4622460599664681
:10D80000B04700287FF444AEAB442C443B68099DEC
:10D81000ACE78D42FFF49FAEB5FBF1F401FB14536E
:10D82000ED1A0A930095079B06993A466446A0476D
:10D8300000287FF42DAE079B2B442F4407930A9DAD
:10D84000B7E60B9FD8E4DDF818B0DBF81C3010E524
:10D85000DDF81CB014E5034B034A0448122113F011
:10D86000AFFB00BFC454050040540500E45405005C
:10D870002DE9F04F95B014AB054643F8342DD0E9AF
:10D880000162C1E901620CAA0C46FEF757FD83460E
:10D8900000285FD19DF83430222B40F08E80DDE9E6
:10D8A0000E23CDE90A2305F11408814602900DF1FB
:10D8B000400A03900AAB414653F829701023CDE982
:10D8C00000A33A4600232846FEF734F800283DD14D
:10D8D000029B23B1109BE2699B1A002B58DB119B22
:10D8E00023F00043132B53D92A68D26993424FD8AF
:10D8F00014AB4FF0FF3143F82C1D1022184651464F
:10D90000049302F0D1FF119B23F00042102A27D08C
:10D91000CDE9059410260DF1230B1446DDF8109087
:10D9200004E0484602F0C0FFB44217D00123CDE91D
:10D9300000B33A46334641462846FDF7FBFF012235
:10D94000594616440028ECD0DDE9059410F1340F57
:10D950001ED08346584615B0BDE8F08FDDE905942A
:10D96000099B09F101069BB99AE80F0006F0010630
:10D970000DF1500C0CEB8606676056F8286CA6601B
:10D98000102704F11C06E76086E80F0001230293CC
:10D99000B9F1000F14D0DDE9023BA3B1D4E90112C3
:10D9A0002B69216162610E2110225846A161E2605B
:10D9B00023602C6115B0BDE8F08F6FF0130BC9E741
:10D9C0004FF0010976E76FF0330BC3E7026942B10C
:10D9D0008A4203D107E0994207D01A461368002B08
:10D9E000F9D10020704700F110020B68136000208D
:10D9F000704700BF2DE9F04F93B01346894602925D
:10DA000082464C221846002113F0AFFBD9F818309B
:10DA10000E2B00F01E810F2B00F02881D9F80C305E
:10DA2000CB46DBF8201021F00042043A03F10C0051
:10DA3000904298BF0AF1140940F2A080002980F2B8
:10DA400094800AF11409D046CA46DBE9092300256F
:10DA500008920993A94608AB514653F82560102354
:10DA600001930EAB0093324600234046FDF762FF60
:10DA7000002840D1B9F1000F05D00E9BDBF81C2027
:10DA80009B1A002B5ADB0F9B23F00043132B55D915
:10DA9000D8F80020D269934250D812AB4FF0FF3132
:10DAA00043F82C1D10220EA91846039302F0FCFE29
:10DAB0000F9F27F00042102A27D0CDE904951024AB
:10DAC0000DF11B071546DDF80C9004E0484602F006
:10DAD000EBFEA54217D00123CDE900733246234661
:10DAE00051464046FDF726FF0122394614440028DE
:10DAF000ECD0DDE9049510F1340F1FD0831C34D035
:10DB000013B0BDE8F08FDDE90495079B6C1CABB941
:10DB10000EAB0FCB04F0010412AF07EB8404CBF87B
:10DB2000046054F8284CCBF8084010260BF11C0474
:10DB3000CBF80C6084E80F004FF00109CDB1B9F1CA
:10DB4000000F00F0A480DBF82010DBF8182021F093
:10DB50000043043B143210201B2BCBF81820CBF8C9
:10DB60000C0008D80029FFF670AF002013B0BDE804
:10DB7000F08F01256FE7D1460346C2460C200BA962
:10DB8000DBF80420CDE9001049465046FDF7D2FEEF
:10DB90000028B3D19DF82D509DF82E409DF82F60A0
:10DBA000DBF80C00DBF818109DF82C700A902A1D89
:10DBB0002244324483180A4407F07F011129CBF82C
:10DBC0000C30CBF8182002D022297FF42AAF3A0675
:10DBD00060D5DAF80430013334D0DAF80830013394
:10DBE00030D00CA95046FEF7B5FA002888DB2DD1BD
:10DBF0009DF82C100A989DF82D509DF82E409DF808
:10DC00002F605B4601F07F01CB4699468DF82C10C2
:10DC1000029B1129197002D11A460D9B536002997B
:10DC2000D9F804200196031D2B44083100912344A8
:10DC300059465046FDF77EFE002808BF012013B06C
:10DC4000BDE8F08F5B46CB469946DFE7DBF80C304A
:10DC5000E7E6134A029912880A8122230B70D9F849
:10DC600018300133C9F81830012049E702980D4AED
:10DC70000346222103F8081B1188927801819A70CB
:10DC8000D9F818300133C9F81830012038E76FF09F
:10DC9000330035E75B463946CB469946B8E700BFC7
:10DCA0004C4E0500145405002DE9F04FA9B009921F
:10DCB000CA690A9302F00304012C00F0268454037D
:10DCC0008A46834602F4003300F1E882100507D546
:10DCD000DAF81420DAF82010914238BFCAF8202070
:10DCE000002B00F0E5820A9B1846002B00F0F18122
:10DCF0000AF12C0305930A9B0B93D0464FF00109C0
:10DD0000DA46D8F81C30990300F19F81D8F820102A
:10DD1000002940F0F482D3465BF8143B1D6ACAF830
:10DD20003850D8E90823CDF8308006921493D046B5
:10DD30004FF0000AD8E90C1413E06209631C681E56
:10DD4000D8F83C60C8F83430C8F8380056F822706B
:10DD500004F01F0209FA02F23A4200F0C1810546BE
:10DD60001C46A142E9D1002D00F0F182D8F8002034
:10DD7000D8F82C30D2E908021944954228BF15463C
:10DD8000B1FBF0F300FB1311C8F82C10C8F834A055
:10DD9000C8F83050D2080021D8F83C0013F0E5F95B
:10DDA000D8F80430013300F02082D8F8083001336D
:10DDB00000F01B8201231DADCDF854A01693002462
:10DDC0000C272E46D8F800C0D8F82C20DCF820000C
:10DDD000D8F83050821A1444B4FBF0F100FB114122
:10DDE000A94213D2D8F83C004C0901F01F0350F8A7
:10DDF000242009FA03F3134340F82430DCF8200010
:10DE0000D8F82C20169BD8F83050821A1A44B2FB4E
:10DE1000F0F300FB1323AB420BD25809D8F83C10A7
:10DE200003F01F0351F8202009FA03F3134341F8CC
:10DE3000203015AA31464046FDF760FE002840F02C
:10DE4000BD811AAC0D96209B1CE01E9ACDE90047BF
:10DE500059464046FDF76EFD002840F0AF819DF821
:10DE600069309DF86A209DF86B00209904331344B3
:10DE70009DF86820034402F070020B44102A20939E
:10DE800000F06A82259A22F00042043A03F10C0164
:10DE90009142DAD9DDE92643621C0D9ECDE9154396
:10DEA00001D05D1C8ED1D8F80C50002D00F09D8162
:10DEB000CDF83CB0AB460CE0990304D5DBF820402C
:10DEC000002C40F03B83DBF800B0BBF1000F00F00A
:10DED0008A81DBF81C30D803EED5DBF81440002C27
:10DEE000EAD0D8F80010CD69013C083DB4FBF5F349
:10DEF000089353B1581E079112F0DEFE07990230C5
:10DF0000A4EB8004B4FBF5F30893DBF8103007931F
:10DF1000D8F82C400B6AD8F83000079A1A44141B22
:10DF2000B4FBF3F203FB124383420BD25C09D8F833
:10DF30003C0003F01F0350F8242009FA03F31343B5
:10DF400040F82430089B002B00F0048403F0010308
:10DF5000C3F102030A6A0D939D00079B934280F070
:10DF6000F38317AF00240846DBF82C30079A9A4257
:10DF700024D0D8F81430079A46699A4200F0AB8250
:10DF8000B4FBF6F2436806FB12429C46002A00F0FE
:10DF9000BF820799D8F81C30C8F81410A21AC8F824
:10DFA000182000966646B047002840F00781DBF84D
:10DFB0002C30079AD8F800009A42DAD1DBF83020EA
:10DFC000A242D6D883691344A342D2D91B1BDBF8E3
:10DFD0003410AB4228BF2B46A21A11441E461A46E3
:10DFE0003846AD1A13F09DF834443744D8F8000091
:10DFF000002DB9D10D9B5D1E012D0146036AD8E9A4
:10E000000B4017D1179A121BD618B6FBF3F203FB7D
:10E01000126282420ED25409D8F83C0002F01F036B
:10E0200050F8242005FA03F3134340F82430D8E9CC
:10E030000B400B6A0D9E28AA02EB8505089A921BDD
:10E04000089255F8442C079268E7D346D8F8285030
:10E050005BF8143BDE69B5423FF460AED8F824406B
:10E060000B9B059F761B9E4228BF1E462346099C9C
:10E070000CE010F1340F40F0368141465046FEF777
:10E08000CDFB002840F02F81D8E90935CDE90146C4
:10E0900000955A4639465046FDF7BEFD0028E8D1A6
:10E0A000D8F82020D8F82830DAF800103244334469
:10E0B000096AC8F82020C8F82830099A0B9BCAF8CA
:10E0C000381032449B1B09920B937FF41AAE0A98C6
:10E0D000C246DAF81C3023F40023CAF81C3075E07D
:10E0E000D8F80000D8F82C20076A14448B42B4FBFF
:10E0F000F7F207FB124420D04FEA531C03F01F0233
:10E1000056F82CC04FF0010E0EFA02F212EA0C0F74
:10E1100013D0023D0CE04FEA531C03F01F0256F8E7
:10E120002CC009FA02F212EA0C0F05F1FF3504D0F7
:10E1300001338B42C8E90D35EDD1012C40F2F2825A
:10E14000A742C0F0EF82C36821469847002840D11B
:10E15000069BD8F80070002B00F0D0811A46FB69AE
:10E16000561EA3F1080AB6FBFAF5002D40D1721C29
:10E170009342069251D01346002A00F0A7819A4696
:10E1800000251DAE059F0EE00123CDE9016300953A
:10E1900023465A4639464046FDF73EFDC8B901358B
:10E1A000AA4500F0CC800123CDE90063149A2B46E8
:10E1B00059464046FDF7BEFB0028E5D0DDF830A00B
:10E1C000DAF81C3043F40023CAF81C3029B0BDE84B
:10E1D000F08F10F1340FF1D14FF0FF33C8F8203039
:10E1E000D8F83850A4E5DDF83CB0D8F83850A1E5AF
:10E1F000681E069312F060FD851CA6EB8505B5FB35
:10E20000FAF5284612F058FD05FB1A66069BA6EBA8
:10E210008006721C93420692ADD16E1C96FAA6F34C
:10E22000B3FA83F30793013300250DF1500A0893E5
:10E230000426AF005A46CDE901A60097234605996A
:10E240004046FDF7E9FC149A0028C2D1079BAB4277
:10E2500009D0CDE900A63B4659464046FDF76AFB8A
:10E260000028ABD1149A012A40F26382D8F80070DA
:10E270003B6A9342C0F05D82089B0135AB42D8D81F
:10E28000C246DDF830809D00C8E90945D8F81C3049
:10E29000FE6943F40033C8F81C30E1E64FF0FF3567
:10E2A00022F48024CD62CC61FBB912053FF510AD9C
:10E2B000DAF82040DAF814309C427FF614ADCAF840
:10E2C0002030002501230DF14F02514658468DF8AC
:10E2D0004F50FFF7E9FC0028FFF678AFDAF820305E
:10E2E0009C42EFD8FFE4C2466AE700F043FA0028F8
:10E2F0007FF46CAFDAF81C2002F40033E6E4013955
:10E3000008F1240008F12804D8E904230091CDE99C
:10E31000010405995046FDF76FFB0028E3D1DAF8B8
:10E320000030D8F834009A69D346FF2112F01DFF5F
:10E330004FF0FF325BF8143BC8F82C20EEE4C246E5
:10E34000DDF83080DAF80070C8E909459EE7DDF8AD
:10E3500030A06FF01B0033E71C9E002E3FF492ADFF
:10E36000D8F80010CD69013E083DB6FBF5F30E93D9
:10E3700053B1581E079112F09FFC0799831CA6EB1E
:10E380008303B3FBF5F30E931B9B0793D8F82CC0C4
:10E39000D8F83050079A0B6ACDF844B00846614669
:10E3A0001A44511AB1FBF3F203FB1213AB420BD226
:10E3B0005D09D8F83C1003F01F0351F8252009FA35
:10E3C00003F3134341F825300E9B002B00F0B88176
:10E3D00003F00103C3F10203026A0F939E00079B3F
:10E3E000934280F0B18117AB08934FF0000B1AE015
:10E3F0004368BBFBF1F201FB12B29C46002A00F01D
:10E400007981079DC8F81450ABEB0202D8F81C3094
:10E41000C8F81820009129466546A84700287FF4CF
:10E42000CDAED8F80000D8F81430079A41699A4266
:10E43000DED1D8F818305B45DAD85A185A45D7D902
:10E44000A2EB0B02D8F81C100898ABEB0303B24206
:10E4500028BF324619441546B61A934412F061FE9D
:10E46000089B2B440893D8F80000002EDBD10F9BAB
:10E47000D8F82C10D8F830505E1E012E036A1AD13D
:10E48000179A521A02EB030CBCFBF3F203FB12C205
:10E49000AA4210D25509D8F83C1002F01F0251F8D8
:10E4A000253006FA02F2134341F82530D8F82C1033
:10E4B000036AD8F8305028AA02EB860CDDE90E2654
:10E4C000921B0E925CF8442C079269E7C2461546EF
:10E4D000DDF8308038E7D8F81830A3423FF650AD69
:10E4E0009A19A2427FF64CAD121BD8F81C10AA4212
:10E4F00028BF2A46E31A1646194471E5C246DDF8DC
:10E5000030801D46C8E90943C0E66FF008005DE6AB
:10E51000B542FFF43EADB5FBF6F306FB1353ED1A1F
:10E520000E9300953B46224607996646B047002861
:10E530007FF444AE2F442C440E9D57E5D8F80010CC
:10E54000CD69013C083DB4FBF5F3089353B1581E67
:10E55000079112F0B1FB07990230A4EB8004B4FBE1
:10E56000F5F30893DBF824300793D8F82C400B6AB6
:10E57000D8F83000079A1A44141BB4FBF3F203FBDB
:10E58000124383420BD25C09D8F83C0003F01F030E
:10E5900050F8242009FA03F3134340F82430089B71
:10E5A000002B3FF490AC03F00103C3F102030A6AAD
:10E5B0000D939D00079B934280F0C68017AF002407
:10E5C0000846DBF82C30079A9A4222D0D8F814304B
:10E5D000079A46699A4267D0B4FBF6F2436806FB95
:10E5E00012429C46002A70D00799D8F81C30C8F80F
:10E5F0001410A21AC8F8182000966646B0470028E2
:10E600007FF4DCADDBF82C30079AD8F800009A4292
:10E61000DCD1DBF83020A242D8D883691344A3426E
:10E62000D4D91B1BDBF83410AB4228BF2B46A21AEF
:10E6300011441E461A463846AD1A12F072FD344493
:10E640003744D8F80000002DBBD10D9BD8F82C40E2
:10E650005D1E012D0146036AD8F8300019D1179AC2
:10E66000121BD618B6FBF3F203FB1262824210D2E1
:10E670005409D8F83C0002F01F0350F8242005FA92
:10E6800003F3134340F82430D8F82C400B6AD8F831
:10E6900030000D9E28AA02EB8505089A921B08926D
:10E6A00055F8442C079266E7D8F81830A34293D85F
:10E6B0009A19A24290D9121BD8F81C10AA4228BF5E
:10E6C0002A46E31A16461944B5E7B5428CD3B5FB82
:10E6D000F6F306FB1353ED1A0E9300953B462246C4
:10E6E00007996646B04700287FF468AD2F442C4454
:10E6F0000E9DA6E78E42FFF484AEB6FBF1F501FB5A
:10E700001563F61A10930096089B07995A466546BA
:10E71000A84700287FF452AD089B3344B3440893C4
:10E72000109EA0E60D4B0E4A0E4840F28C4112F0AE
:10E7300047FC0D4B0A4A0B4840F2D34112F040FC13
:10E74000DDF844B0FFF77FBB084B094A05481221AA
:10E7500012F036FCDBF81C30FFF7AEBBA455050009
:10E7600070540500E454050058550500C4540500D4
:10E77000405405002DE9F04F8A4699B0064606F14F
:10E780001404DAF8207005942C2200210AA80797B7
:10E7900012F0EBFC94E807004FF0FF35DAE904349F
:10E7A0000DF154097561DAF820500E9389E80700DD
:10E7B000DAF81410129701238D420F9411936DD241
:10E7C0009F033BD4129A0F9B9A4247D20DF1270820
:10E7D0000DF14C0B1BE03368149DDF69BD421BD06B
:10E7E0007C1B012C28BF0124CDF80080139A0194D2
:10E7F0002B4649463046FDF79DF8A04460BB129A6F
:10E80000149B2244AF421C441292149426D1119BB3
:10E810005C0349463046DED4DDE90E4314AD009278
:10E82000CDE901B52246FDF7E7F8A8B9119B32689A
:10E83000149DD76943F480231193D1E75D0305D577
:10E8400023F480234FF0FF32119315920AA930462A
:10E85000FFF790FF0028B5D000281CDB01230DF145
:10E86000270251463046FFF71FFA002813DB736971
:10E87000013303D04FF0FF3315937361DAF8202092
:10E88000DAF814309A4209D2119B03F00302022AEB
:10E8900096D16FF0080019B0BDE8F08F0DF1270B8D
:10E8A0004FF00109DAF82C104B1C4AD03068DAF826
:10E8B00034308469DAF8302000948468A04720BBA3
:10E8C0003368DAF82C809A69DAE90C75002A4DD0A1
:10E8D0002C46CDF818A015443F1BDDF814A007E026
:10E8E00014F8013B9DF827209A421AD1AC421BD064
:10E8F000CDE900B93B19424651463046FDF71AF8BA
:10E900000028EDD0DDF818A032DA10F1340FC2D1B2
:10E9100051463046FDF782FF0028C3D019B0BDE84C
:10E92000F08FDDF818A0F3E7DDF818A03368DAF807
:10E9300034009A69FF2112F018FC4FF0FF33CAF837
:10E940002C30DAF81C3023F40033DAE9082143F4E0
:10E950008033CAF81C30079BCAF810100020CAF890
:10E960001420CAF8203019B0BDE8F08F2846E1E73E
:10E970003368DAF834009A69DCE700BF2DE9F04F1C
:10E980000D46C969074601F00300022887B061D02F
:10E990008803904647D42A6A69698A423FD2891A15
:10E9A00099420E4628BF1E460596002E4ED005F110
:10E9B0002C0905F1280B05F1240A1AE03C68AB6A22
:10E9C000E469A3421AD0E41AB44228BF34466A6A02
:10E9D000CDF80080019449463846FCF7ABFFA044CF
:10E9E000F0B92A6AAB6A22442344361B2A62AB621E
:10E9F0002CD0EB695B0349463846DFD4D5E90443A4
:10EA00000092CDE901AB2246FCF7F6FF40B9EA6976
:10EA10003968AB6ACC6942F48022EA61D3E700200E
:10EA200007B0BDE8F08F4A0305D521F480214FF0EF
:10EA3000FF32E961EA62294638460593FFF79AFEFC
:10EA4000059B0028A7D007B0BDE8F08F059807B058
:10EA5000BDE8F08F6FF00800E2E700BF70B50C462C
:10EA6000C96916464A031D4605D521F480214FF099
:10EA7000FF33E161E3628B0304D52146FFF77AFEA1
:10EA800000B170BD15B93046266270BD012D03D0AE
:10EA9000022D07D0206A70BD002E206A0BDB3044A7
:10EAA000206270BD002E6069F9DA73428342F6D9A4
:10EAB0006FF0150070BD73429842F0D2F8E700BFC6
:10EAC000086A7047CB6948699B0303D50B6A984273
:10EAD00038BF1846704700BFF0B595B014AB154667
:10EAE00043F8441D05AA09A90646FDF727FC04467C
:10EAF00010B1204615B0F0BD4C220146284612F058
:10EB000034FB9DF818302B70112B04BF089B6B60F1
:10EB10007268079B934205F108071BD00898B168FB
:10EB2000884217D08B4215D0824213D005999DF8A8
:10EB300019009DF81A300A9A0097043101449DF893
:10EB40001B0001900B44304606F11401FCF7F2FE65
:10EB50000446CEE7024B1B882B81204615B0F0BD42
:10EB60001854050030B58B6A016099B00446002B3B
:10EB700073D0C361C86A8A69002879D0A062FF2176
:10EB800012F0F3FA4FF0FF33216823626361486AA1
:10EB9000C30640F0C480002800F0B3800B6B002B4C
:10EBA0006ED0E363D1E90503B3FBF0F200FB123250
:10EBB000002A40F0C280C869B0FBF3F203FB1203E5
:10EBC000002B40F0B3804FF0FF35A0F10802B5FBF9
:10EBD000F2F22A44B2FA82F2C2F12002B0EB820FC2
:10EBE000C0F096800A6AA263C4E90155C4E9033300
:10EBF000012584F84030C4E90B33636302AA0DA9F0
:10EC00002046CDE90235FCF779FF054660B123685F
:10EC10009A6A002A44D0DA6A002A3CD01B6B002B87
:10EC200035D0284619B030BD202105ABCDE90031E3
:10EC30000E9A102304F114012046FCF77BFE0546D2
:10EC40000028E4D1404B0B9ADDE906019A42C4E961
:10EC500001012AD06FF03305D9E7486906F0DAFBE5
:10EC6000E061002833D02168C86A8A69002885D10C
:10EC7000104606F0CFFBA06248B323689A697EE78E
:10EC8000C00806F0C7FBE06308B321688AE7E06BC1
:10EC900006F0D2FBC5E7A06A06F0CEFB2368BDE70D
:10ECA000E06906F0C9FB2368B5E70C9AA3F1877306
:10ECB000A3F580639A42CDD10A9B1A0C012A02D097
:10ECC0006FF01505A3E79BB2012BF9D8A9E72368DC
:10ECD0009A6A8AB1DA6A52B11B6B13B16FF00B05F5
:10ECE0009FE7E06B06F0A8FB6FF00B0599E7A06AC1
:10ECF00006F0A2FB2368EFE7E06906F09DFB2368BE
:10ED0000E8E7124B124A134840F6140112F058F982
:10ED1000114B0F4A0F4840F6240112F051F90F4BE6
:10ED20000B4A0C4840F6130112F04AF90C4B084A02
:10ED300008484FF4026112F043F90A4B044A0548AF
:10ED400040F61F0112F03CF96C697474F45505002B
:10ED50009C540500E45405006C560500D45505008C
:10ED60003C5605000C56050003689A6A10B5044627
:10ED700052B1DA6A7AB11B6B0BB1002010BDE06BA7
:10ED800006F05AFB002010BDC06906F055FB236851
:10ED9000DA6A002AEFD1A06A06F04EFB2368EAE7A0
:10EDA00042680121013280F8401004D083680133A9
:10EDB00001D001F09BB80020704700BF2DE9F04F53
:10EDC00088468246C869D1E90141A9B00130C8F836
:10EDD00004100792C8F81C00C8F8084004937BB1DF
:10EDE0001E465068D3681546D8F820201B1A022EFC
:10EDF000134403D1E8696A6903449B1AC8F82030B8
:10EE0000DAF8000000230693CDE90D14C368984793
:10EE1000D1460546002800F0798115F1340F40F005
:10EE200037810D9B4FF0FF32C9F82020002B00F0F6
:10EE30004482012B0E9A00F04082012A40F23D826A
:10EE40000127BB464FF0000AD9E90C53D9F8381016
:10EE500012E05A090139581CD9F83C40C9F8381059
:10EE6000C9F8340054F8226003F01F0207FA02F2D6
:10EE7000324200F0118103469D42EAD1002900F0A0
:10EE80002282D9F80020D9F82C30D2E908021D449A
:10EE9000914228BF1146B5FBF0F300FB1355C9F8AA
:10EEA0003010C9F834A0D208C9F82C500021D9F884
:10EEB0003C0012F05AF9D9F804300133C4D0D9F823
:10EEC00008300133C0D0012309F11405CDF80C80BE
:10EED000CDF83CA010930024A846D9F80060D9F8DA
:10EEE0002C20306AD9F83050821A1444B4FBF0F167
:10EEF00000FB1141A94212D2D9F83C004C0901F0A3
:10EF00001F0350F8242007FA03F3134340F824307A
:10EF1000306AD9F82C20109BD9F83050821A1A4444
:10EF2000B2FBF0F300FB1323AB420BD25809D9F824
:10EF30003C1003F01F0351F8202007FA03F313439A
:10EF400041F820300FAA1DA94846FCF7D7FD00283C
:10EF500040F09D800C26209B16AC1CE01E9ACDE94B
:10EF6000004641464846FCF7E5FC002840F08F800B
:10EF70009DF859309DF85A209DF85B002099043384
:10EF800013449DF85820034402F070020B44102AE9
:10EF9000209300F0A081259A22F00042043A03F168
:10EFA0000C019142DAD9DDE92643601CCDE90F431B
:10EFB00001D0591C91D1D9F80C40DDF80C80002CFF
:10EFC0003FF442AFCDF82880C846A146D9F81C309E
:10EFD000DA0304D5D9F81440002C40F037829B03A3
:10EFE00004D5D9F82040002C40F0EC82D9F80090EC
:10EFF000B9F1000FEAD1C146DDF8288024E7DAF83C
:10F000000430013300F04984DAF8083001331DACD4
:10F010000DAE00F044842246314611AB5046FCF759
:10F0200073FF002833DB00F03A84D8E90103119E16
:10F03000159621460C360C2413909DF84B0019961A
:10F04000149312AE169418941A9000241C904A46F9
:10F050000123504617961B94FFF7B0FEB8B90D98E0
:10F06000DAF80420904200F00E840E9BDAF80810C3
:10F070008B4200F00884884200F005849A4200F038
:10F0800002845046FFF78CFE002800F08883054676
:10F09000284629B0BDE8F08FD9F80000D9F82C2017
:10F0A000016A1344B3FBF1F201FB1231C8F80410FA
:10F0B000D9E90C329A4221D0560902F01F0554F8C2
:10F0C00026600BFA05F5354218D0D9F8385005F10D
:10F0D000FF3C654601279C462B460AE0560902F094
:10F0E0001F0554F8266007FA05F5354203F1FF3392
:10F0F00004D001326245C9E90D23EFD10123069303
:10F10000C3689847054600287FF487AE0DF1A00A32
:10F110004FF0FF334AF84C3D08F11C04214650469D
:10F12000102201F0C1FBD8F80420009409F120035B
:10F1300010241946039301942B464846FCF75EFEC3
:10F14000834628B110F1340F3FF46BAE05469FE7BC
:10F1500009F11403264605930127D8F8203023F03F
:10F160000043043BA34232D9049B9B4507DA4FEA94
:10F170000B13079AD518D358B34200F086801DAB05
:10F1800000930E9A0197334605994846FCF7D2FB47
:10F1900000287FF47CAF01221DA9504601F084FBBA
:10F1A0001DABD8F8042003990093019723464846E5
:10F1B000FCF724FE002840F08C80D8F8203023F0A3
:10F1C00000430134043BA34206F10106CCD80420DD
:10F1D000D8F8042003990190CDF800A023464846B2
:10F1E000FCF70CFE054600287FF417AED9F8201076
:10F1F000D9F800004FF0FF339942C9F8143017D006
:10F200008469D9E9092300948468A0470546002849
:10F210007FF403AED9F80030D9F828009A69FF21AD
:10F2200011F0A3FF4FF0FF33D9F80000C9F82030E8
:10F2300003699847054600287FF4EFADD8F82070A1
:10F240004FF0FF3327F000471D93043FD8F80430F8
:10F25000039309F1140B00F09682064611AC08E006
:10F260000136012221461DA801F01EFBB74200F025
:10F270008A820123CDE90043039A33465946484622
:10F28000FCF758FB0028EBD001E7D5E90212504605
:10F2900001F00AFBD5E90231D8F804204846CDE94F
:10F2A000003123460399FCF7A9FD90B96A68EB6821
:10F2B0000BF1010B16441C444FE76FF03305284651
:10F2C00029B0BDE8F08F6FF01B05284629B0BDE8D6
:10F2D000F08F0546A1E5189C002C3FF43DAED9F80F
:10F2E0000010CD69013C083DB4FBF5F0002800F0AA
:10F2F000AD820138059111F0DFFC0599831CA4EB68
:10F300008303B3FBF5F30893179B0593D9F82CC03F
:10F31000D9F83040059A0B6ACDF82C800846614632
:10F320001A44511AB1FBF3F203FB1213A3420BD29E
:10F330005C09D9F83C1003F01F0351F8242007FAA8
:10F3400003F3134341F82430089B002B00F0918213
:10F3500003F00103C3F10203026A09939D00059BB8
:10F36000934280F0808211AB06934FF000081AE0C0
:10F370004368B8FBF1F201FB12829C46002A00F0C0
:10F380004D82059CC9F81440A8EB0202D9F81C3044
:10F39000C9F81820009121466446A04700287FF450
:10F3A00076AED9F80000D9F81430059A41699A422E
:10F3B000DED1D9F818304345DAD85A184245D7D9A2
:10F3C000A2EB0802D9F81C100698A8EB0303AA4286
:10F3D00028BF2A4619441446AD1A904411F0A1FEE4
:10F3E000069B23440693D9F80000002DDBD1099B2E
:10F3F000D9F82C10D9F830405D1E012D036A1AD1BE
:10F40000119A521A02EB030CBCFBF3F203FB12C27B
:10F41000A24210D25409D9F83C1002F01F0251F850
:10F42000243005FA02F2134341F82430D9F82C10A5
:10F43000036AD9F8304028AA02EB850CDDE90825DB
:10F44000521B08925CF85C2C059269E7D8F8001012
:10F45000CD69013C083DB4FBF5F0002800F0FA81CD
:10F460000138039111F028FC03990230A4EB8004C9
:10F47000B4FBF5F30693D9F810300393D8F82C4079
:10F480000B6AD8F83000039ACDF814901A44141B74
:10F49000B4FBF3F203FB124383420BD25C09D8F8AE
:10F4A0003C0003F01F0350F8242007FA03F3134332
:10F4B00040F82430069B002B00F0DF8103F00103AD
:10F4C000C3F102030A6A08939D00039B934280F0F4
:10F4D000CA810DF1440900240846059B039ADB6AA2
:10F4E0009A4224D0D8F81430039A46699A4200F020
:10F4F0002481B4FBF6F2436806FB12429C46002AC4
:10F5000000F076810399D8F81C30C8F81410A21ABC
:10F51000C8F8182000966646B04700287FF4B7ADBB
:10F52000059B039ADB6AD8F800009A42DAD1059B62
:10F530001A6BA242D6D883691344A342D2D9059943
:10F540001B1B496BAB4228BF2B46A21A11441E4617
:10F550001A464846AD1A11F0E4FD3444B144D8F8D7
:10F560000000002DB9D1089BD8F82C4001465D1E43
:10F57000012DD8F830000B6A19D1119A121B1A44C8
:10F58000B2FBF3F603FB1622824210D2D8F83C40BD
:10F59000560902F01F0354F8260005FA03F303434B
:10F5A00044F82630D8F82C400B6AD8F83000089E72
:10F5B00028AA02EB8505069A921B069255F85C2C48
:10F5C000039263E7D8F80010CD69013C083DB4FB15
:10F5D000F5F0002800F03C810138039111F06CFB3C
:10F5E00003990230A4EB8004B4FBF5F30593D9F83A
:10F5F00024300393D8F82C400B6AD8F83000039AD3
:10F60000CDF818901A44141BB4FBF3F203FB124319
:10F6100083420BD25C09D8F83C0003F01F0350F87A
:10F62000242007FA03F3134340F82430059B002BF2
:10F6300000F0158103F00103C3F102030A6A089385
:10F640009D00039B934280F00E810DF1440900243C
:10F650000846069B039ADB6A9A4223D0D8F81430F6
:10F66000039A46699A427BD0B4FBF6F2436806FBE4
:10F6700012429C46002A00F0A5800399D8F81C305D
:10F68000C8F81410A21AC8F8182000966646B047A9
:10F6900000287FF4FCAC069B039ADB6AD8F80000D4
:10F6A0009A42DBD1069B1A6BA242D7D883691344D6
:10F6B000A342D3D906991B1B496BAB4228BF2B46EB
:10F6C000A21A11441E461A464846AD1A11F029FDE9
:10F6D0003444B144D8F80000002DBAD1089BD8F8C2
:10F6E0002C405D1E012D0146036AD8F8300019D167
:10F6F000119A121B1A44B2FBF3F603FB1622824244
:10F7000010D2D8F83C40560902F01F0354F82600E6
:10F7100005FA03F3034344F82630D8F82C400B6A6B
:10F72000D8F83000089E28AA02EB8505059A921B9E
:10F73000059255F85C2C039264E7D8F81830A34280
:10F740003FF6D7AE9A19A2427FF6D3AE121BD8F875
:10F750001C10AA4228BF2A46E31A16461944F8E6A6
:10F76000D8F81830A3423FF67FAF9A19A2427FF62D
:10F770007BAF121BD8F81C10AA4228BF2A46E31AF6
:10F7800016461944A0E71D9A159B9A427FF449AB8F
:10F790005346CA469946069B002B7FF430ACDAF8F4
:10F7A0001030002B3FF474ACD8E901125C688C4235
:10F7B00052D0986890424FD094424DD081424BD065
:10F7C0001B68EEE7B542FFF458AFB5FBF6F306FB56
:10F7D0001353ED1A099300954B462246039966464A
:10F7E000B04700287FF453ACA9442C44099D71E72D
:10F7F000B542FFF487AEB5FBF6F306FB1353ED1AE3
:10F80000099300954B46224603996646B047002867
:10F810007FF43DACA9442C44099DA0E68D42FFF441
:10F82000B0ADB5FBF1F401FB1453ED1A0A9300954A
:10F83000069B059942466446A04700287FF427AC02
:10F84000069B2B44A84406930A9DCCE508905BE5F3
:10F850000590CCE606900EE6C3E90112B0E7DDF8AC
:10F860001890FFF7C3BB194B194A1A48122111F01F
:10F87000A7FBDDF82C80FFF76EBBDDF81490D9F8FC
:10F880001C30FFF7ACBBD8F80430CAF80430D8F805
:10F890000830CAF80830FFF7F4BB1DAC0DAE314696
:10F8A00022465046FCF700FF0028FFF6F0AB3FF47D
:10F8B00076AF2146D8E90104002326901A46504627
:10F8C0002794FFF77BFAFFF7DFBB00BFC4540500A6
:10F8D00040540500E45405002DE9F04F9DB000F1BF
:10F8E000140882468B4691460593474699F80530A1
:10F8F00099F8060099F80740DAF80020DBF82010A4
:10F90000D2690433034423440B44934240F28A8077
:10F91000002980F2A180DBE909234FF00008CDE93E
:10F92000028909920A9309AB394653F828501023EB
:10F93000019311AB00932A4600235046FBF7FAFFD0
:10F9400000283DD1029B2BB1119BDBF81C209B1A98
:10F95000002B59DB129B23F00043132B54D9DAF808
:10F960000020D26993424FD80DF170094FF0FF3358
:10F9700049F8503D102211A9484600F095FF129E0B
:10F9800026F00043102B25D0CDF8108010240DF167
:10F990001F06984604E0484600F086FFA04517D0B1
:10F9A0000123CDE900632A46234639465046FBF73A
:10F9B000C1FF0122314614440028ECD0DDF810804C
:10F9C00010F1340F20D0034618461DB0BDE8F08F6B
:10F9D000DDF81080089B08F10104ABB911AB0FCB27
:10F9E00004F001041CAE06EB8404CBF8045054F878
:10F9F0004C4CCBF8084010250BF11C04CBF80C50F4
:10FA000084E80F0001230293B8F1000F07D0DDE96D
:10FA10000239002B7FF46AAF6FF03303D4E74FF065
:10FA2000010880E74D460B1F45F8043B059F1395E1
:10FA300000261193159311AA594650460C2502230E
:10FA4000CDE91774129616961495FFF7B7F9034689
:10FA500018461DB0BDE8F08F5D460FCD11AC0FC448
:10FA60000FCD0FC495E8070084E8070059465046BB
:10FA7000FDF738FB03460028A6D1DBF820201A99B1
:10FA8000CBF824104846043A1B99CBF8281040F8CC
:10FA9000042B0A9399F807100E93059B0F93099274
:10FAA00002230D9210910B900C2409AA594650463E
:10FAB0000C94FFF783F90346002885D1DBE9011494
:10FAC000199A1A9142F0004511A91A465046199503
:10FAD0001B94FFF773F9034676E700BF2DE9F04169
:10FAE000537996790D460433D179334414462A6A02
:10FAF0000B4403F1140122F000428A428EB0064604
:10FB000064D003AF206804933A4603900027012392
:10FB100029463046CDE90577FFF750F900284FD147
:10FB2000F36823B34FF0FF370BE0D3F808E0D5F8C4
:10FB300008C0E64509D0624507D0714505D01B686D
:10FB4000ABB15A6869688A42EFD1DA6821688A42A3
:10FB500039D0F4D9617994F806E094F807C00431FB
:10FB600071446144521ADA601B68002BE9D1336991
:10FB700053B925E09F68AE68B74209D0B24207D0BA
:10FB8000B94205D01B68DBB15A6869688A42F1D175
:10FB9000D96822689142F5D96279A779E679043269
:10FBA0003A4432448A1ADA606279A779E679996927
:10FBB00004323A4432448A1A9A611B68002BE3D11A
:10FBC0000EB0BDE8F081C3E90177B8E743680133BF
:10FBD00024D08368013321D0002203AF0123019296
:10FBE000394601AA0293FBF789FF90BB0C9B5A1C74
:10FBF00015D0DDF834C0BCF1FF3F0CAA39463046C1
:10FC00000DD0D5F804E09E4509D0D5F80880E04530
:10FC100005D0434503D0E645E5D100E003AF0B9A9C
:10FC2000002A06DB6379A179E27904330B4413449B
:10FC300068E7D5E90831AC6A0C9163F00045002310
:10FC40001540394630461A460B950D94FFF7B6F825
:10FC5000B6E70028B4DBE2E72DE9F0478B6A0160E4
:10FC6000A6B00446002B62D0C361C86A8A69002826
:10FC700069D0A062FF2111F078FA4FF0FF332268BB
:10FC800023626361536AD90640F00481002B00F0BF
:10FC9000FA80106B00285FD0E063D2E90553B3FB14
:10FCA000F5F105FB1131002940F00981D169B1FB63
:10FCB000F3F503FB1515002D40F0FA804FF0FF36E9
:10FCC000A1F10803B6FBF3F33344B3FA83F3C3F1B2
:10FCD0002003B1EB830FC0F0E480526A256129460E
:10FCE000D208C4E9026584F84050666011F03DFA1C
:10FCF0002368E562D3E90823934228BF1346C4E989
:10FD00000C35A26310A92046FDF7ECF90546002842
:10FD10002AD023689A6A002A7FD0DA6A002A77D02C
:10FD20001B6B002B70D0284626B0BDE8F0874869D1
:10FD300005F070FBE061002800F08A802168C86A45
:10FD40008A69002895D1104605F064FBA06200285E
:10FD50007ED023689A698DE7D80805F05BFBE063E5
:10FD6000002875D0226898E71BA92046FDF7BAF94C
:10FD700005460028CDD1034602461BA92046FFF7C1
:10FD80001DF805460028C4D1206850491C9AADF8DA
:10FD90002250D0E9073603C90EAF87E80300A94611
:10FDA0000B9310251D9B0C96082041F22E464FF018
:10FDB00001116260099219923422ADF82060A360AB
:10FDC0000A931A930795AA468DF823000D9118926D
:10FDD0004FF0020808AF2026012303AA10A92046ED
:10FDE000CDE903A6CDE90576FEF7E8FF0546C8B1E3
:10FDF00010F1340F8DD1B8F1010F16D1B9F1000F08
:10FE000016D16FF0330584E7E06B05F015FB8AE748
:10FE1000A06A05F011FB236882E7E06905F00CFB9E
:10FE200023687AE74FF00109E5E74FF00108D3E7CF
:10FE3000002310A901AA2046CDE90138FBF75EFE98
:10FE4000054600287FF465AF23681A6AA26361E75C
:10FE500023689A6A92B1DA6A5AB11B6B2BB16FF0C0
:10FE60000B05284626B0BDE8F087E06B05F0E4FA04
:10FE7000F5E7A06A05F0E0FA2368EEE7E06905F02F
:10FE8000DBFA2368E7E7124B124A134840F61401E5
:10FE900011F096F8114B0F4A0F4840F6130111F07C
:10FEA0008FF80F4B0B4A0C4840F6240111F088F8EC
:10FEB0000C4B084A08484FF4026111F081F80A4BD4
:10FEC000044A054840F61F0111F07AF8B8560500BB
:10FED000F45505009C540500E4540500D455050074
:10FEE0006C5605003C5605000C5605002DE9F04FF8
:10FEF000BBB083462C22002119A811F036F94FF02F
:10FF00000043282224A80021219311F02EF9DBF8C8
:10FF100000301B6A01222E92002B00F04981002341
:10FF200003932DAA24A95846FBF7E8FD079048BB88
:10FF3000219B002B7ADBDBF80430013300F0428197
:10FF4000DBF80830013300F03D810DAB2FAA22A968
:10FF50005846FBF7D9FF002813DB00F033810F9CD4
:10FF6000229B109D239A9C4200F03881944200F01D
:10FF70003B81002319A958461A46CDE92245FEF7D0
:10FF80001DFF079007983BB0BDE8F08F03460C209B
:10FF900001900EA80090259A59465046FBF7CAFCDE
:10FFA000002840F0AD809DF839209DF83A309DF84A
:10FFB0003B50279C2A989DF838100D9404321A441F
:10FFC0002A44A31802442A920A06279330D5DAF865
:10FFD00004300133D34610D0DAF8083001330CD0A6
:10FFE0000FA95046FCF7B6F80028CADB40F0D780CE
:10FFF0009DF838100D9C9DF83B50119401F07F0145
:020000024000BC
:1000000004F10C0200208DF838100EA90C26159270
:100010001391CDE91705012311AA24A95846169575
:1000200012961496FEF7CAFE0028AAD1279BDA463C
:100030002C9921F00042043A03F10C00904240F266
:10004000BE80002980F2A7800AF1140BDDE92D2380
:1000500000250B920C93A8464FF010090BAB5946A4
:1000600053F82570CDF804902FAB00933A46002347
:100070005046FBF75FFC00283FD1B8F1000F04D0D9
:100080002F9B2B9A9B1A002B72DB309B23F0004393
:10009000132B6DD9DAF80020D269934268D83AABB5
:1000A0004FF0FF3143F8C01D102218462FA90493CA
:1000B00000F0FAFB309B23F00042102A44D0CDE937
:1000C000058510240DF127061546DDF8108004E0A3
:1000D000404600F0E9FBA54234D00123CDE900639E
:1000E0003A46234659465046FBF724FC0122314646
:1000F00014440028ECD0DDE9058510F1340F37D029
:10010000831CD3467FF43DAF24AD0FCD19AC0FC493
:100110000FCD0FC495E8070084E80700DBF8003036
:10012000039A1B6A01329A42039241D22D9B0133FA
:100130003FF428AF2E9B01337FF4F3AE07983BB01A
:10014000BDE8F08FDDE905850A9B6C1C83B92FABF8
:100150000FCB2BAE04F0010486E80F003AAB03EBA3
:100160008404259754F8BC3CCDE926394FF00108AA
:100170009DB1B8F1000F1BD02C992A9A21F00043B1
:10018000043B143210201B2B2A9227903FF6FEAE20
:100190000029FFF65BAFD346B6E701255EE70DAA5F
:1001A00024A95846FFF79AFC00283FF43FAFE8E641
:1001B0006FF03303079307983BB0BDE8F08F0AF167
:1001C000140BE4E6DDE92D54002319A958461A461C
:1001D000CDE92254FEF7F2FD0790D3E6AA423FF4A0
:1001E00025AF94427FF4C5AEAB427FF4C2AE1DE7AB
:1001F00070B590F840309CB00546019163B94368F2
:100200000122013380F8402006D08368013303D0F7
:10021000FFF76CFE044660B901AB02AA06A92846A6
:10022000FCF78CF8831C044606D0002808BF6FF04A
:10023000100420461CB070BD2F21019811F079FEEA
:100240000028F6D12B681B6AAB6311A92846FCF77E
:1002500049FF04460028ECD1DDE90F3602461A9327
:1002600011A9034628461B96FEF7A8FD0446002860
:10027000DFD1019E8DF80E0040F622033046ADF826
:100280000C3011F087FE3346DDE912648DF80F0063
:1002900002AA06A928460594109404960F96FFF723
:1002A0001BFB04460028C4D12B681B6AAB63C0E764
:1002B0002DE9F0431F4691B003F00303012B0C46D8
:1002C0000092054603D090F84030002B4ED001AA92
:1002D00005A96B462846FCF731F8064600283FD1B1
:1002E0009DF80830222B00F09380BB0500F18D8033
:1002F000DDE9062001996260039AA0600023C4E949
:1003000006372362C4E90312049B63617A0506D5AC
:10031000002B3DD14FF0FF320023C4E904232B68AA
:10032000586B4FF0FF32E262002859D0EB68002B87
:1003300061D16063E36903F003034FF0FF36012BE3
:10034000E66205D02B68FF219A6910F00EFFE66285
:10035000EB68236000263046EC6011B0BDE8F08306
:10036000023019D0304611B0BDE8F0834368012255
:10037000013380F84020AAD083680133A7D0FFF76B
:10038000B5FD06460028A2D0304611B0BDE8F08386
:1003900047F48037E761BDE7DDF800902F2148463C
:1003A00011F0C7FD80460028DCD1F905DAD540F60A
:1003B00011034846ADF808308DF80A8011F0EAFDC7
:1003C0004FF0FF368DF80B004B4601AA05A92846D1
:1003D000CDE90368FFF780FA0646002888D0C1E718
:1003E000E26902F00302012A08D0986905F012F8C8
:1003F000606300289ED16FF00B06B3E7586905F0E3
:1004000009F86063002895D1F5E76FF01006A9E7B9
:100410006FF01406A6E700BF2DE9F041CB690C464A
:1004200059039AB0064605D523F480234FF0FF32D6
:10043000E361E2629A030AD521463046FEF79AF953
:10044000054618B128461AB0BDE8F081E36903F407
:100450001023B3F5803F04D0002528461AB0BDE82C
:10046000F08163680133F7D0A3680133F4D00FA99A
:10047000221D3046FBF742FB05460028E2D1E0682A
:10048000049504AF4FF00C080346CDE900780390C3
:10049000C7E90155109A06F114013046FBF74AFAF4
:1004A00005460028CED19DF81030112B20D1039B9A
:1004B00022690997304603F10C070D9566699DF88E
:1004C0001350079305920FA9012307AA0C950E95C7
:1004D000CDF82080CDF828800B970696FEF76EFCAD
:1004E00005460028AED1E36923F48033E361A9E730
:1004F000034B044A044840F2136110F061FD00BF51
:100500008455050080540500E4540500F0B5CB691E
:100510000C4659039BB0054605D523F480234FF0C4
:10052000FF32E361E2629A0322D521462846FEF7B4
:1005300021F90646D8B1EA6842B1944203D163E09A
:100540009C4263D01A461368002BF9D1A36923B1EA
:100550001B6813B130461BB0F0BD2B685B6B002BE2
:10056000F8D1606B04F068FF30461BB0F0BDE36962
:1005700003F41023B3F5803F01D00026DBE7636866
:100580000133FAD0A3680133F7D00FA9221D284602
:10059000FBF7B4FA06460028CDD1E068039004A921
:1005A0000C270346CDE90017109A049605F11401B3
:1005B0002846CDE90566FBF7BDF906460028BAD105
:1005C0009DF81030112B24D1039B0D9004AA606973
:1005D000099203F10C029DF8136008970A9707939C
:1005E00027690B9206900FA9012307AA28460C96AB
:1005F0000E960597FEF7E2FB064600289BD1E369BD
:1006000023F48033E36196E705F10C02236813605D
:100610009CE7034B034A044840F2136110F0D0FCFE
:100620008455050080540500E4540500F0B590F8A9
:100630004030ADB0044601917BB9436801220133DB
:1006400080F8402009D08368013306D0FFF74EFCC4
:10065000054610B128462DB0F0BD0BA901AB07AA85
:100660002046FBF76BFE05460028F3D19DF82030AD
:10067000222B00F0BF809DF821309DF822009DF8CC
:100680002310139A043303440B4403F1140122F0A2
:1006900000428A4200F0948021AE079822933246AD
:1006A0002190002601230BA92046CDE92366FEF701
:1006B00085FB002840F09780E36823B39DF8216014
:1006C0009DF822109DF82320DDF81CC00E4404364E
:1006D000DDE90C0716444FF0FF3E08E09968B94287
:1006E00008D0BA4206D0884204D01B685BB15A6871
:1006F0008242F3D1DA68624579D084BF921BDA6016
:100700001B68002BF3D1236923B39DF821109DF8BA
:1007100022009DF82320DDF81CC001440431DDE9EE
:100720000C67114408E09868B84208D0BA4206D075
:10073000864204D01B686BB15A68B242F3D1DA68C2
:100740006245F7D99869521A401ADA6098611B68B5
:10075000002BF1D19DF82030222B7FF47BAF636812
:10076000013326D0A368013323D000200123059054
:1007700005AA0BA920460693FBF7C0F90546A8B1C8
:100780007CE0159A511C14D01799994279D0189889
:10079000904276D0834274D0914272D014AA0BA9B1
:1007A0002046FBF7ABF90546002867D1149B581C7F
:1007B000E7D13A4B3A4A3B4840F26E7110F000FCE8
:1007C0006368013344D0A368013341D0002021AED7
:1007D00001230390314603AA20460493FBF78EF9C8
:1007E00030B3002827DA054628462DB0F0BDC3E90E
:1007F00001EE7AE709AA16A92046FBF77FF900283F
:100800003FF439AF0546EFE72B9A571C13D00C99EC
:10081000994210D00D9890420DD083420BD0914256
:1008200009D02AAA31462046FBF768F90028D8D11A
:100830002A9B5A1CE8D1299A002A0BDB9DF821300B
:100840009DF822109DF8232004330B44134424E721
:1008500021AEF0E7DDE9133163F0004010400023E2
:100860002A91299031461A46159E2B962046FEF76E
:10087000A5FA00283FF46EAF0546B5E7002DFFF658
:10088000E9AE2046DDE91F5400230BA91A46CDE945
:100890001454FEF793FA0546DCE600BFC456050083
:1008A00090540500E4540500E2B170B4013A0468C4
:1008B0000D4D8E18013911F8013F83EA040202F050
:1008C0000F028E4255F8222082EA141484EA131390
:1008D00003F00F0355F8233083EA1414EBD10460BE
:1008E00070BC7047704700BFC856050010B5034B79
:1008F00003600446FAF7E8FA204610BD10570500D9
:1009000010B5054B03600446FAF7DEFA204607F0FF
:10091000ABFC204610BD00BF1057050008B500F025
:1009200009F9002008BD00BF70B501F5ED51CC01FB
:1009300082B004F18006FF25012220460DF1070157
:1009400014448DF8075000F0FBF8A642F4D10020C3
:1009500002B070BD08B501F5ED5102EBC1101946AA
:10096000029A00F0EDF8B0FA80F04009404208BD6C
:1009700008B501F5ED5102EBC1111846029A00F0DD
:10098000F7F80028CCBF00200120404208BD00BF7E
:1009900038B500210546FAF7B7FA98B94FF46D2437
:1009A000204600F0EDF804F5805458B1B4F5742FEA
:1009B000F6D12846FAF7CAFA28460021BDE83840A1
:1009C000FAF7A2BA38BD00BF10B5074C0749204658
:1009D000FAF782FA064B23602046064A0649BDE82C
:1009E00010400DF02FBA00BFA07500201861002044
:1009F0001057050000600020ED08040029DF704753
:100A000028DF704712DF704708B510F07BFBB0FAA3
:100A100080F0400908BD00BF10B5144610F081FBFE
:100A2000204610BDF0B583B002AB002403F8014DA1
:100A30000546184617460C46D608FFF7E3FF01E0C7
:100A400004F082FC324621462846FFF7D7FF1128E2
:100A500003464FF00100F3D0CBB99DF80730CBB976
:100A60007B081D441C4401E004F06EFC3246214624
:100A70002846FFF7C3FF112803464FF00100F3D0CB
:100A80002BB99DF8073063B9384603B0F0BD00209C
:100A900003B0F0BD074B4FF0FF31186805F0C6F901
:100AA000DEE7044B4FF0FF31186805F0BFF9384618
:100AB00003B0F0BD4486002030B5174D296883B0DF
:100AC0000446D1B1240B01E004F03EFC2046FFF7C0
:100AD00097FF112803464FF00100F5D013B1002015
:100AE00003B030BD02A800F8013DFFF78BFF9DF871
:100AF00007304BB9012003B030BD0A2004F01CFDC3
:100B000028600028DED1EAE728684FF0FF3105F0C1
:100B10008DF9012003B030BD44860020044B1868D5
:100B200020B100231A46194604F038BD704700BFB3
:100B300044860020014800F09FB800BF50610020AB
:100B400010B4094CA0420AD3B0F5742F07D2134653
:100B50005DF8044B0A460146044800F043B84FF0E4
:100B6000FF305DF8044B70470060020050610020C8
:100B700013460A460146014800F09EB85061002025
:100B800030B5174D296883B00446D1B1240B01E07C
:100B900004F0DAFB2046FFF733FF112803464FF03D
:100BA0000100F5D013B1002003B030BD02A800F859
:100BB000013DFFF727FF9DF807304BB9012003B037
:100BC00030BD0A2004F0B8FC28600028DED1EAE736
:100BD00028684FF0FF3105F029F9012003B030BD3E
:100BE000448600202DE9F04F83B00193002B3CD0C8
:100BF000DFF8809005460E4690461F46C6F30B0A66
:100C0000CAF580542B69BC4206EA090B28BF3C4652
:100C10005B4520D0184601334FF4805213D0EB6867
:100C200013B16969984770B9032008F069FC2B6813
:100C3000286998476B68D5E904014FF480529847BA
:100C4000032008F073FCC5F810B05946AB6868691A
:100C50004FF480529847686941462246504410F04C
:100C600060FA3F1B2644A044C8D1019803B0BDE8F8
:100C7000F08F00BF00F0FFFF38B503695A1C1AD08F
:100C8000C56804462DB118464FF480526169A847E3
:100C900070B9032008F034FC236820699847636822
:100CA000D4E904014FF480529847032008F03EFC39
:100CB0004FF0FF33236138BD2DE9F84304691D4629
:100CC000631C06468846174607D1B3683946404636
:100CD0002A4698472846BDE8F883944224D92A44F6
:100CE00094428368F2D204F580529742EED2E41B1C
:100CF00022463946404698474FF4805908EB040095
:100D00002A1B00219145736928BF91464A46194420
:100D10004C4410F006FAA542DCD9B368391908EB47
:100D200004002A1B9847D5E704F580539A42CCD299
:100D3000391BC1F580592A4640460024E2E700BF2E
:100D400072DF704773DF704777DF704770B5054615
:100D500008460C4602F0A8F8102808D0802812D1C6
:100D6000A36883B1EA7F0D2A0FDD002070BDEB7F01
:100D7000A2881B2BF9DCE9180320E85448704A804C
:100D8000EB7F0433EB77012070BDA9181120A85424
:100D900007224A7098681E685C68DB68C1F80E30EC
:100DA000C1F80A00C1F80260C1F80640EB7F1233B7
:100DB000EB770120DAE700BF08B50021C1771F22D9
:100DC00010F0D3F908BD00BF30B5D1E9035485B0A8
:100DD0004A69074B00936946CDE902420195FFF746
:100DE000B5FF0446684602F031F8204605B030BD34
:100DF00068570500F0B589B00546202269461348BA
:100E000002F0F2FCEB7FC2181D2A0ADDC3F11D04BB
:100E1000E4B2E2181D2A4FF0000615DD304609B095
:100E2000F0BD044601260927EA18601CE85469460B
:100E30005770901C224610F074F9EB7F02331C446B
:100E40003046EC7709B0F0BD0827EDE7608600205A
:100E500010B50446094802F029FDE37F1C2B0ADC8B
:100E6000E2180221E1540A2390705370E37F0333A8
:100E7000E377012010BD002010BD00BF6086002078
:100E8000C27F1C2A0DDC10B403469C180220985423
:100E90000120A1706070DA7F0332DA775DF8044BCD
:100EA00070470020704700BF38B500242146C47742
:100EB0001F2210F05AF90949094A0346C3E90E44B2
:100EC000C3E90C1240F2FF15012083F8220083F8D9
:100ED0002340DC621C641D84184638BD2000F400E9
:100EE00020001E00C18670474286018681867047B9
:100EF00080F82210704700BFF0B5044690F821003A
:100F000002EB82030E46811E87B003EB8303C9B256
:100F100015469B0000220929CDE902620092ADF836
:100F20000C300192CDE904228DF8000009D801238C
:100F300003FA01F140F2A32319421CBF04F1240378
:100F400001931C4B1A68D20709D41B491B4AC87F5E
:100F5000E77F9081012014609160978018606A4655
:100F6000164904F12000FFF7EBFE10B1002007B096
:100F7000F0BD134894F8207002F098FC3946024600
:100F80000120FFF7E1FE0028F0D1012194F82000B4
:100F9000FFF7D8FE0028E9D1094802F0E3FC638F8F
:100FA000A686AB4294BFDB1A5B1B0120638784F8E3
:100FB0002300DCE748860020E48C00204C860020DB
:100FC00060860020F0B5044687B041870187FA218A
:100FD0002E4802F073FC94F82100E58E268E0296CE
:100FE00005EB8503811E03EB8303C9B200229B003E
:100FF000092903920092ADF80C300192CDE9042248
:101000008DF8000009D8012303FA01F140F2A3236F
:1010100019421CBF04F1240301931D4B1A68D20727
:1010200009D41C491C4AC87FE77F908101201460C5
:101030009160978018606A46174904F12000FFF715
:101040007FFE10B1002007B0F0BD104894F820706A
:1010500002F02CFC394602460120FFF775FE0028FD
:10106000F0D1012194F82000FFF76CFE0028E9D1AF
:10107000064802F077FC638FA6869D4294BF5B1BF7
:10108000DB1A0120638784F82300DCE760860020F8
:1010900048860020E48C00204C86002030B50B8868
:1010A0008D88112B85B004462CD0262B0FD0102B09
:1010B00001D005B030BDCB7B012BFAD1C26A03FA57
:1010C00005F515430023C56280F82330F1E70B7A5C
:1010D000012BEED1002380F823304FF4FA7127481A
:1010E00002F0ECFB238F002B30D0658F002D36D023
:1010F000236C0BB19847658F618E2A462046FFF717
:10110000FBFED6E7C36AEB40DB07D2D51B4801F0F4
:10111000C7F80028CDD1E36A94F82310012202FA1F
:1011200005F523EA0503E3620029C2D194F82230D1
:10113000002BBED0238F6387FA21104802F0BEFB3C
:10114000E28E218E2046FFF7D7FEB2E7236C03B173
:1011500098470022618E2046FFF7CEFEA9E7074898
:1011600002F014FCE26B002AA3D004AB00952946E0
:1011700043F8045D284607F037FE9AE760860020B2
:10118000AADF7047ABDF7047ACDF7047ADDF704759
:10119000AEDF7047B0DF704710B5044B044640F82F
:1011A000043B01F053FE204610BD00BF245705004C
:1011B00010B5054B044640F8043B01F047FE2046BD
:1011C00007F052F8204610BD24570500F0B5854BB6
:1011D00004461B68836197B0043001F077FE94F8F1
:1011E0002E30A06913F0320208BF84F82F2013F0CC
:1011F0000C0308BF84F830300DF10102694601F09C
:101200001BFE94F82F209DF80110100714D09DF8B4
:10121000003002F00F0003F00F06B0424FEA131740
:101220004FEA121540F2898094F82F2060F30302F0
:1012300065F3071284F82F2094F830301A0711D084
:1012400003F00F0201F00F05AA424FEA13104FEA14
:1012500011166AD994F8303062F3030360F3071370
:1012600084F8303094F82E2012F030036ED10FAD98
:101270000F93C5E90133C5E9033394F82F108DF8B6
:101280003C201846AB6101234FF0000263F3420299
:10129000236A14900020ADF808008DF80A208DF81C
:1012A000081013B11A78002A33D194F8263013B1FC
:1012B00004F12603129394F83130E28AE16909912E
:1012C00013F0010F4FF000030CBF10461846CDF885
:1012D0001E302946ADF81C00ADF82230184604F146
:1012E0002F05ADF8202004F1080604F1320305AA09
:1012F00006950596FFF744FF054638B994F8252072
:10130000002A3DD1257D002D65D00025284617B047
:10131000F0BD1846109310F03DFE02AB80B2ADF860
:101320004400ADF846001393BFE74B401B0701D1C3
:10133000B0428FD830462A468CE75A40130702D174
:10134000BD423FF671AF3D4630466DE700230125B3
:1013500025490F93184665F342000FAD0E7894F8B7
:101360002F108DF83C208DF806008DF80460C5E93B
:101370000133C5E90333AB618DF8051001A882E79D
:101380000122014662F3420194F82F508DF80E10AD
:10139000022303AE42F60811ADF80C008DF81220BE
:1013A0000B968DF80C50ADF8101004F1240504AE26
:1013B0000DEB03020AA9CDF832000E95ADF8360008
:1013C000ADF83030ADF834300A96FFF7DBFE054655
:1013D000002897D09AE72146044800F023FF2846CA
:1013E00017B0F0BD5C86002018570500A08A0020C9
:1013F0002DE9F0410B888E88502B8AB00C460546AB
:1014000009D0512B04D18B79012B42D0022B17D05C
:101410000AB0BDE8F081CB88428E9A4226D0EA8E8F
:101420009A42F5D16B6D002BF2D095F84420648A76
:10143000920700F19B802246294630469847E7E70D
:10144000A27B042A58D0062A32D0012AE0D1EB6CC4
:10145000002BDDD095F84420170704F1080400F1B3
:10146000C0802246294630469847D1E7076D002FB5
:10147000D5D090F84430B1F810C001F11208D90766
:1014800000F193806346424629463046B847E388D8
:10149000C5E7836C002BBBD090F84420520701F1C4
:1014A000080773D43A46294630469847A379ADE7F2
:1014B000EA6B002AACD0002202A93046CDE9022214
:1014C000CDE904228DF80830FFF764FE2C6D64B17D
:1014D00095F84430EF6BB5F842C0D80700F1918021
:1014E00063463A4630462946A047E86B03F060FF62
:1014F0000023C5E90F338BE7E86B002868D0B5F807
:101500004070218A628A01EB020C00234FF0020E28
:10151000BC45CDE90633CDE908338DF818E008DD88
:1015200040F20913ADF81C3006A93046FFF732FE31
:101530006EE79DF81E30ADF8201004F1140743F05B
:10154000010308443946ADF822208DF81E30099772
:101550000FF0E7FD638A228AB5F842101A4493B26D
:101560008B4238BF0B46A5F84230DDE7032000214F
:101570001A46009006AB0846CDE90665089407F0C8
:1015800033FC00287FF444AF6B6D54E703211A4607
:10159000009106AB08213846CDE90665089707F0AB
:1015A00023FC002882D1AB6C7CE7042300933A46ED
:1015B000614606AB4046CDE90665CDE9088C07F0EB
:1015C00013FC00287FF463AF2F6DB4F810C059E707
:1015D0004FF4806003F0D2FE4FF48067C5E90F0737
:1015E0008FE703211A46009106AB0E212046CDE974
:1015F0000665089407F0F8FB00287FF409AFEB6C50
:101600002FE70423009322463846614606ABCDE916
:1016100006650897CDF824C007F0E6FB00287FF4A4
:1016200064AF2C6DEF6BB5F842C059E7174B10B59E
:10163000044640F8043B01F011FC0123194663F312
:1016400042010023124A84F84430C4E90F3312786F
:10165000A3841420C4F82630C4F82A3084F82E302D
:10166000E08284F8311084F82F2084F8302023752C
:10167000A3612362E3616386A3862387E386C4E9CB
:101680001233C4E91433204610BD00BF24570500AF
:1016900018570500F0B4D1E90154184ACF68117801
:1016A000174E856001231A4663F34202154D80F8F8
:1016B0003120C460002214240761C0E90065C4829F
:1016C00080F82F1080F8301080F844200275826175
:1016D00002628284C0F82620C0F82A2080F82E20DA
:1016E000C261428682860287C286C0E90F22C0E9B3
:1016F0001222C0E91422F0BC704700BF1857050041
:10170000245705006857050010B4D1E90142CB68A1
:101710000361C0E902425DF8044B70470123037581
:10172000704700BF80F82E10704700BFC18270471D
:1017300039B990F83130012262F3000380F831307A
:10174000704790F83130C182002262F3000380F8C4
:101750003130704780F82F1080F83020704700BF7C
:1017600090F84430016562F3000380F8443070471C
:1017700030B490F8443090F83140C1640D1C18BF6B
:10178000012565F3041462F3C30380F8314080F847
:10179000443030BC704700BF51F8322F02604A68B5
:1017A0004260704770B5064682B008460D4610F09C
:1017B000F1FBF48A718E019580B2844228BF044601
:1017C00000236A464FF6FF70ADF80040ADF80230D6
:1017D000FFF7DAFC18B9BDF8000002B070BD18467A
:1017E00002B070BD10B5C48A82B0944228BF1446BE
:1017F00001910023418EADF800406A464FF6FF701C
:10180000ADF80230FFF7C0FC18B9BDF8000002B017
:1018100010BD184602B010BD30B5C48A85B0012C89
:1018200028BF01248DF807100023418EADF8084031
:101830000DF1070502AA4FF6FF70ADF80A300395C7
:10184000FFF7A2FC18B9BDF8080005B030BD184676
:1018500005B030BD30B5C48A85B0022C28BF022443
:10186000ADF806100023418EADF808400DF10605D5
:1018700002AA4FF6FF70ADF80A300395FFF784FC1B
:1018800018B9BDF8080005B030BD184605B030BD28
:1018900090F82E3013F0100301D11846704730B580
:1018A000044685B011480D4602F02CF810B1E18EC7
:1018B00011B9084605B030BD2846002302AA02250A
:1018C0000DF10604ADF80A30ADF808500394FFF7A7
:1018D0005DFC43F20142904205D008B99DF8060034
:1018E00000F00100E6E71846E4E700BF608600204C
:1018F0002DE9F04F90F82E30DC0689B005D44FF07A
:10190000000B584609B0BDE8F08F04464348154621
:101910000E4602F003F8E38A94F82E209D4228BF79
:101920001D46D206804608D501463C4801F0EAFF34
:10193000834608B1E18EA9B9E38A04AF9D4228BF6E
:101940001D463A460023618EADF810504FF6FF70E9
:101950009B460596ADF81230FFF716FC584609B0C5
:10196000BDE8F08F002004AF3A464FF0020CADF80E
:1019700012000DF10E034046ADF810C00593FFF7BD
:1019800005FC43F20142904246D008B9BDF80E0072
:1019900000F0010000283FD04146204801F0CAFF76
:1019A00082460028ABD000F055F9033883B2002DF1
:1019B000A7D0CDF804B04FF000099B4605E0BDF874
:1019C0000E30ED1AADB21E441DB3504600F0A0F922
:1019D000AB455B46394628BF2B4600288FD0ADF873
:1019E0000E304FF00103628ECDF8129040468DF814
:1019F00012300DF10E03ADF81690CDE90636ADF8B4
:101A00001020FFF7C5FB0028D9D0504600F08AF916
:101A100075E7DDF804B074E7E38A8FE7608600209D
:101A20002DE9F04F90F82E3089B0DA068DF80D10C0
:101A300004D40025284609B0BDE8F08F0446494883
:101A400001F06CFFB4F8168094F82E20B8F1010F65
:101A5000C34628BF4FF0010BD306074609D5014600
:101A6000404801F04FFF054608B1E18EC1B9B4F816
:101A7000168004AED845434628BF5B46ADF810300B
:101A800000250DF10D033246618EADF812504FF670
:101A9000FF700593FFF778FB284609B0BDE8F08F8B
:101AA000002004AE32464FF0020CADF812000DF1EA
:101AB0000E033846ADF810C00593FFF767FB43F2FD
:101AC000014290424BD008B9BDF80E0000F0010071
:101AD000002844D03946234801F02CFF82460028D4
:101AE000A7D000F0B7F8033883B2B8F1000FA1D047
:101AF0000DF10D0801954FF000095D46A3464446DF
:101B0000984605E0BDF80E30ED1AADB21C4425B381
:101B1000504600F0FDF8A8454346314628BF2B4605
:101B2000002886D0ADF80E304FF00103BBF832200C
:101B3000CDF8129038468DF812300DF10E03ADF845
:101B40001690CDE90634ADF81020FFF721FB0028F0
:101B5000D8D0504600F0E6F86BE7019D6AE7B4F88C
:101B6000168087E76086002075DF704776DF704754
:101B70008FDF704790DF7047A5DF7047B1DF704798
:101B8000B5DF704710B5074B03600446806A04F068
:101B900003FBE06A04F000FB206B08B104F0FCFAE0
:101BA000204610BD3C57050010B5094B03600446A4
:101BB000806A04F0F1FAE06A04F0EEFA206B08B1F2
:101BC00004F0EAFA204606F04FFB204610BD00BFA5
:101BD0003C57050070B504468180174E26600121F0
:101BE00017251B20E580E081217521745189218111
:101BF00091896181D189A18192E803000D0CA061D6
:101C0000A183A577D2796274194618469DF81050C1
:101C100003F092FC2946A062284603F08DFC0023C5
:101C200011214FF6FF72E062E175628263752363F2
:101C3000A375204670BD00BF3C570500007D70476E
:101C4000407D7047C07D113818BF0120704700BF2C
:101C5000407C7047C0887047008970478089704712
:101C6000C0897047007C704710B44B7D4BB9183168
:101C70000C688A888B790460828083715DF8044BDC
:101C800070471F31F4E700BF08B58088FFF774FF85
:101C9000B0FA80F0400908BD08B58088FFF76AFFF8
:101CA000B0FA80F0400908BD30B500252C4683B05D
:101CB00062F30F0461F30F0561F31F4563F31F44E3
:101CC00069468088CDE90054FFF74EFFB0FA80F0F6
:101CD000400903B030BD00BF00B583B00B468DF89E
:101CE000041080888DF8053001A9FFF741FFB0FA94
:101CF00080F0400903B05DF804FB00BF08B5132174
:101D00008088FFF733FFB0FA80F0400908BD00BFBC
:101D100008B56621806A04F089F8003018BF0120F8
:101D200008BD00BF08B500231A461946806A03F0B3
:101D300035FC003018BF012008BD00BF00F11F02B4
:101D40008188407C02F060B938B50A4605460C46E9
:101D50008188407C02F046F9214651F8483FC5F899
:101D60001F308B79888885F825300123A5F823005A
:101D70006B75184638BD00BF38B50A4605460C4697
:101D800000F11801407C02F071F9687550B12146EC
:101D900051F8482FC5F81F208A88897985F82510C1
:101DA000A5F8232038BD00BF10B5447D24B100F153
:101DB0001F01407C02F03AF9204610BD70B50B8837
:101DC000113B82B00C460546462B2BD8DFE803F0CA
:101DD0003C3F2A2A2A2A2A2A2A462A2A2A2A2A2A20
:101DE000545C62682A2A2A2A2A2A2A2A2A2A2A2A81
:101DF0002A2A2A2A2A2A2A2A2A6B2A6E2A2A2A2ABE
:101E00002A2A2A2A2A2A2A2A2A2A2A2A2A2A2A2A32
:101E10002A247E2A89972C000023A8881A4619466E
:101E2000FFF7ACFE02B070BD8B79002BFAD0002614
:101E300000231A461946A86A03F0B0FB0136A379BD
:101E4000F6B2B342F4D8EDE700230375EAE74B8915
:101E500003818B894381CB898381E3E70B7AC37547
:101E6000112BDFD000F11F028188407C02F0B6F90F
:101E700003460028D6D1D0E702A9002321F8043D6B
:101E80008088FFF775FECDE70B7A002BCAD14B7A1D
:101E90000374C7E7002211468088FFF76BFEC1E795
:101EA0000B89C381BEE74B89C380BBE78B7A002BCC
:101EB000B8D0002600231A461946E86A03F06EFBE4
:101EC0000136A37AF6B2B342F4D8ABE7006B012334
:101ED000AB750028A6D000231A46194603F05EFB16
:101EE000A0E7417C0C4801F01DFDE188814228BF3C
:101EF000014689B2E980A888FFF742FE92E78B7914
:101F0000002B8FD1006BAB7500288BD01A46194679
:101F100003F044FB86E700BF60860020F0B589B07F
:101F200085880E4604A84FF4285117464FF6FF74D3
:101F300000F09EFF0120CDE901043346294604AAA2
:101F40000097054800F020F8044604A800F07EFF42
:101F5000204609B0F0BD00BFA08A0020A0DF704776
:101F600038B50446F82500F5F87001F09BFF2A46C5
:101F7000204600210FF0F9F82A46601900210FF0E1
:101F8000F4F8204638BD00BF2DE9F04782B0054681
:101F9000BDF82C60BDF830401C48ADF80460904698
:101FA0009946ADF806400F46BDF828A001F0C2FCE6
:101FB00005F5F875064604E03046FFF74DFE03F0E0
:101FC000C3F9284601F0C8FF04460028F4D10121D6
:101FD000284601F071FF52464946284601F086FF27
:101FE00008F10401384601AAFFF7B8FF38B94FF4E9
:101FF000FA71284601F080FF20EAE074A4B2284676
:1020000001F064FF204602B0BDE8F0876086002042
:102010002DE9F04F8F880E8885B0884605463946F1
:102020007F4801F087FCA6F11003012B814640F2A6
:102030008B8095F854203AB3002404F11603502EF7
:1020400055F823A059D0512E1AD198F80630B8F877
:1020500008B0022B43D0BBF1000F11D051466846A7
:10206000FFF79AFBBDF800305B4549D0514602A806
:10207000FFF792FBBDF80C305B4541D095F854203A
:102080000134E4B29442D8D395F84C31002B00F0DF
:10209000C38005F5A679002404E095F84C3101349D
:1020A000A34246DD59F8040F02F0EAFAB842F4D12F
:1020B000382E03D0392E01D0362EEED1B8F80AA032
:1020C000BAF1000FE9D0D9F800B0584602F0DCFAB6
:1020D0005045E2D15846414602F0D8FADDE798F87B
:1020E0000E30062BB7D1DAF800305046DB68414697
:1020F00098474846FFF7A6FDC0E7B8F806B0AAE73C
:10210000DAF8003050464146DB6898474846FFF70A
:1021100099FD0028B2D0502EB0D1514602A8FFF749
:102120003BFBBDF80C305B45A8D14846FFF706FEE7
:10213000A4E7112E2AD0352E03D1B8F80A30002B8F
:102140005BD105B0BDE8F08F2B78002B3FF471AF69
:10215000112E4FF000040CD005EB8403394658686B
:1021600003685B68984701342B78E4B2A342F3D844
:102170005FE705EB84033946586803681B68984796
:1021800001342B78E4B2A342F3D852E7002473B1B0
:1021900005EB8406D6F8500102F072FAB84204F159
:1021A00001031FD095F84C21DCB2A242F0D895F87B
:1021B000F8100029C5D0002405EB8403621CD3F875
:1021C000FC008388BB4203D0D4B28C42F4D3B8E77E
:1021D00003681B689847013495F8F810E4B28C4204
:1021E000EAD3AEE7D6F8500102F046FA013495F88A
:1021F0004C31E4B2A342CBD8D9E705F5F8752846AF
:10220000B8F80C2008F1100101F0A8FE284605B02E
:10221000BDE8F04F01F0BABE112E8CD1C7E700BF68
:102220006086002090F85430272B0CD810B402465A
:1022300003F11604013380F85430012042F82410D1
:102240005DF8044B70470020704700BF0378132BE4
:1022500006D800EB83020133037001205160704700
:102260000020704778DF70477ADF7047054A0346E1
:1022700092E80300002283E80300C3E90222184623
:10228000704700BF4457050008B5FFF7EDFF08B1E0
:10229000002008BDFFF7E6FFB0FA80F0400908BD56
:1022A000F8B500240B4F2546A1B2384601F042FB99
:1022B0000134064648B1FFF7C1FC30B13046FFF7A4
:1022C000C7FC012804BF0135EDB2142CECD128461F
:1022D000F8BD00BF6086002081607047C160704714
:1022E000704700BF46DF70477FDF704780DF704771
:1022F00081DF704785DF704786DF704738B51C4641
:102300000D460346114628462246984734B10146F9
:1023100000222846BDE83840FFF7E8BF38BD00BFBF
:1023200010B50C4682B003466946204698476A4677
:1023300020460121FFF7DAFF02B010BD38B5044690
:10234000083007F0C3F903224FF0050362F30613C8
:102350000725102023700023A07022716570E270A1
:10236000C4F81034C4F81434C4F81834C4F81C3455
:10237000204638BD30B50446ADF55F7D00F1080557
:102380008F4807F037F90821284607F0A3F9684677
:1023900007F0AAF96846082107F0AAF96946284615
:1023A00007F048F904F54F714122684607F0AEF98D
:1023B000684607F0A7F994F85C0394F85B2394F857
:1023C0003D1394F83E3384F83D0384F83E2394F89B
:1023D0005A0394F8592394F83F5384F85C1384F813
:1023E0005B3394F8401394F8413384F83F0384F846
:1023F000402394F8580394F8572384F85A5384F8E8
:10240000591394F8425394F8431384F8410384F821
:10241000583394F8560394F8443384F8422394F8DC
:10242000552384F8575384F8430384F8442384F8ED
:10243000553384F8561394F8451394F8540394F8DC
:10244000532394F8463384F8450384F8462394F8DC
:10245000520394F8512394F8475384F8541384F8A2
:10246000533394F8481394F8493384F8470384F8B5
:10247000482394F8500394F84F2384F8525384F877
:10248000511394F84A5394F84B1384F8490384F891
:10249000503394F84E0394F84C3384F84A2394F85C
:1024A0004D2384F84F5384F84B0384F84C2384F86D
:1024B0004D3384F84E1394F85D1394F87C0394F82C
:1024C0007B2394F85E3384F85D0384F85E2394F8EC
:1024D0007A0394F8792394F85F5384F87C1384F892
:1024E0007B3394F8601394F8613384F85F0384F8C5
:1024F000602394F8780394F8772384F87A5384F867
:10250000791394F8625394F8631384F8610384F8A0
:10251000783394F8760394F8643384F8622394F85B
:10252000752384F8775384F8630384F8642384F86C
:10253000753384F8761394F8651394F8740394F85B
:10254000732394F8663384F8650384F8662394F85B
:10255000720394F8712394F8675384F8741384F821
:10256000733394F8681394F8693384F8670384F834
:10257000682394F8700394F86F2384F8725384F8F6
:10258000711394F86A5394F86B1384F8690384F810
:10259000703394F86E0394F86C3384F86A2394F8DB
:1025A0006D2384F86B03012084F86F5384F86E1355
:1025B00084F86C2384F86D330DF55F7D30BD00BF6A
:1025C000A49800200B7803F0FE03042B01D0002018
:1025D0007047F0B514468DB00D461E2200210DF156
:1025E00012000EF0C2FD20686168A268E3686C46C4
:1025F0000FC49DF800109DF80F209DF801609DF814
:102600000E409DF802008DF80F102B469DF80D101E
:102610008DF800209DF803208DF80E608DF80140A4
:102620009DF80C609DF804408DF80D008DF80210A7
:102630009DF80B009DF805108DF80C209DF80A20E0
:102640008DF803608DF80B408DF804008DF80A10AA
:102650008DF805209DF8062033F8041FADF8101002
:102660009F789DF807109DF809C09DF810609DF8AF
:1026700011408DF8092000239DF808208DF81D7069
:1026800068461F468DF808108DF807208DF8103029
:102690008DF811308DF812308DF81C308DF8133014
:1026A0008DF81B308DF814308DF81A308DF81530F8
:1026B0008DF819308DF816308DF818308DF81730E8
:1026C0008DF806C08DF81F608DF81E40FFF70AFEDA
:1026D0009DF82F306A789DF82E009DF82D108DF80A
:1026E00021009A428DF8221004D0012080F00100D0
:1026F0000DB0F0BDAA78C3B29A4205F10201F4D13F
:102700004A789DF822309A42EFD13846EEE700BF72
:1027100008B5137CDB0758BF1C32084602F11201D2
:10272000FFF7E8FDB0FA80F0400908BDF0B58E88EB
:102730000D46ADF56B7D044631461D4801F0FAF8B3
:102740002B88133B0746072B2FD8DFE813F0E20254
:1027500003030F032E00250333000800D4022B7A55
:10276000B3B96B7B9B070ED402A83946FFF77CFAFE
:102770000298BDF80C109DF80E2084F80C24C4F8C3
:102780000604A4F80A14384604F2BE31FFF7DCFA56
:10279000D4F818244AB1287A0D900223002100931E
:1027A00008460CAB0C9606F01FFB0DF56B7DF0BDDB
:1027B0006086002094F87E3394F89D2394F87FC3BC
:1027C00094F89C7394F8805394F89B0384F89D3399
:1027D000042194F89A3384F87D1384F87E2394F8C6
:1027E000811394F8822384F89CC384F87F7394F84F
:1027F00099C394F8837384F89B5384F8800394F806
:10280000985394F8840384F89A1384F8813394F8E5
:10281000971394F8853384F8992394F8962384F8D1
:1028200082C384F8987384F8835384F8970384F8F8
:10283000841384F8852384F8963394F8862394F8D7
:10284000953394F887C394F8947394F8885394F864
:10285000930394F8891384F8952384F8863394F8C5
:10286000922394F88A3384F894C384F8877394F895
:1028700091C394F88B7384F8935384F8880394F885
:10288000905394F88C0384F8921384F8892394F875
:102890008F1394F88D2384F8913394F88E3384F851
:1028A0008AC384F8907384F88B5384F88F0384F878
:1028B0008C1384F88D3384F88E2394F89E2394F837
:1028C000BD3394F89FC394F8BC7394F8A05394F864
:1028D000BB0394F8A11384F8BD2384F89E3394F8C5
:1028E000BA2394F8A23384F8BCC384F89F7394F895
:1028F000B9C394F8A37384F8BB5384F8A00394F885
:10290000B85394F8A40384F8BA1384F8A12394F874
:10291000B71394F8A52384F8B93394F8B63384F840
:10292000A2C384F8B87384F8A35384F8A41384F87A
:10293000B62384F8A53384F8B70394F8A60394F873
:10294000B51394F8A72394F8B43394F8A87394F8C3
:10295000B35384F8B50384F8A61394F8A90394F844
:10296000B21384F8B42384F8A73394F8AA2394F814
:10297000B13384F8B37384F8A85394F8AB7394F824
:10298000B05384F8B20384F8A91394F8AC0394F814
:10299000AF1384F8B12384F8AA3394F8AD2394F8E4
:1029A000AE3384F8AD3384F8AE2384F8B07384F882
:1029B000AB5384F8AF0384F8AC130CA806F094FE74
:1029C0000CA8082106F094FE04F27D310CA84122E7
:1029D00006F0B0FE0CA904AA202304F1080006F0BA
:1029E00057FE0CA806F08EFE9DF810109DF82F00E3
:1029F0009DF811309DF82E209DF812709DF82D50F5
:102A00008DF810008DF82F109DF813009DF82C10F4
:102A10008DF811208DF82E309DF814209DF82B3064
:102A20008DF812508DF82D709DF815509DF82A7074
:102A30008DF813108DF82C009DF816109DF82900C4
:102A40008DF814308DF82B209DF817309DF8282034
:102A50008DF815708DF82A508DF816008DF8172016
:102A60008DF828308DF829109DF818109DF8270052
:102A70009DF819309DF826209DF81A709DF8255074
:102A80008DF818008DF827109DF81B009DF8241074
:102A90008DF819208DF826309DF81C209DF82330E4
:102AA0008DF81A508DF825709DF81D509DF82270F4
:102AB0008DF81B108DF824009DF81E109DF8210044
:102AC0008DF81C308DF823209DF81F309DF82020B4
:102AD0008DF81D708DF822508DF821108DF81F2073
:102AE0008DF820308DF81E0094F87E0394F89D1325
:102AF00094F87F2394F89C3394F8807394F89B5354
:102B000084F89D0384F87E1394F8810394F89A1353
:102B100084F89C2384F87F3394F8822394F89933C3
:102B200084F89B7384F8805394F8837394F89853D3
:102B300084F89A0384F8811394F8840394F8971323
:102B400084F8992384F8823394F8852394F8963393
:102B500084F8987384F8835384F8841384F8962354
:102B600084F8853384F8970394F8860394F89513D2
:102B700094F8872394F8943394F8887394F89353D3
:102B800084F8950384F8861394F8890394F89213D3
:102B900084F8942384F8873394F88A2394F8913343
:102BA00084F8937384F8885394F88B7394F8905353
:102BB00084F8920384F8891394F88C0394F88F13A3
:102BC00084F8912384F88A3394F88D2394F88E3313
:102BD00084F8907384F88B5384F88C1384F88E23D4
:102BE00084F88D3384F88F0394F89E0394F8BD1312
:102BF00094F89F2394F8BC3394F8A07394F8BB53D3
:102C000084F8BD0384F89E1394F8A10394F8BA13D2
:102C100084F8BC2384F89F3394F8A22394F8B93342
:102C200084F8BB7384F8A05394F8A37394F8B85352
:102C300084F8BA0384F8A11394F8A40394F8B713A2
:102C400084F8B92384F8A23394F8A52394F8B63312
:102C500084F8B87384F8B70384F8A41384F8B6230F
:102C600084F8A53384F8A35394F8A65394F8A723C3
:102C700094F8B43394F8B50394F8A81394F8B373A4
:102C800084F8B55384F8B42394F8A95394F8AA238C
:102C900084F8A73394F8B13394F8B0C384F8A6034A
:102CA00084F8B31394F8B20394F8AB1384F8A873C0
:102CB00084F8B25394F8AC7394F8AF5384F8B1230A
:102CC00084F8AA3394F8AD2394F8AE3384F8A903BA
:102CD00084F8B013304604A984F8ABC384F8AF730A
:102CE00084F8AC5384F8AE2384F8AD33FFF700FBCF
:102CF0000DF56B7DF0BDD4F81C24002A3FF455ADD2
:102D000001230021009308460CAB0C9606F06CF8EA
:102D10004BE504F2BE3304F2DA320C9304F2F633DC
:102D200000251092119304F23D3204F27E330F928B
:102D30001393CDE90D551295FEF78AFF01280CBFBC
:102D400022462A460CAB29463046FFF7CDFA0DF550
:102D50006B7DF0BD0CA9FFF70FF8034660B30CA91B
:102D6000304600231AAAFFF7C7FA1EE5D4F810145C
:102D700000293FF41AADAB7B0C9103F00103083539
:102D80000F93042300930F4A0D960CAB284606219F
:102D90000E9506F029F808E5D4F81424002A3FF42B
:102DA00004AD0223002100930C920CAB0846064AA6
:102DB0000D9606F019F8F8E430461A461946FFF762
:102DC0009BFAF2E4FD22040021230400A8DF7047EF
:102DD000704700BF30B5044683B0083000F076F885
:102DE00004F10C010DF106020120FFF7EFFF05468B
:102DF00028B9044B04481C602146FFF727FA2846EF
:102E000003B030BD5C860020A08A002070B44C68FE
:102E1000C460D1E90254064A064E826000211122A4
:102E20000660C0E9045481808271C27170BC704731
:102E3000685705005457050083790B70C3791370E8
:102E4000704700BF62DF704763DF7047704700BFA5
:102E500010B5044605F008FA204610BD034A02608A
:102E6000002282718280C0E9022270476857050003
:102E700010B4054C81800022012104608171C0E9F9
:102E800002225DF8044B704768570500002210B419
:102E9000044C0460816082718280C2605DF8044BE2
:102EA000704700BF685705008379012B0BD08268FB
:102EB0000AB180207047C268002AFAD1012B8CBF6A
:102EC0008020002070471020704700BF2DE9F0439C
:102ED000857983B0002D41D1C7680646002F41D0C7
:102EE000102002F04BFA804638460FF053F8441E8B
:102EF00000B3A94604E00134023C1BD4102D19D0C4
:102F00003B5D2D2B07EB040C4FF010024FF000013E
:102F100001A8F0D08DF806901CF801CC8DF804C003
:102F20008DF805300FF0F4F86B1C023C08F8050032
:102F3000DDB2E3D5C6F80880B8F1000F0ED0B11DA0
:102F40004046FFF77FFF321DB1681020FFF77CFF7E
:102F5000B0FA80F0400903B0BDE8F083012003B06F
:102F6000BDE8F083D0F80880E6E700BF4DDF70478A
:102F70004EDF70474FDF704750DF70474BDF7047C1
:102F800010DF70477CDF70477DDF704760DF704780
:102F900069DF704761DF704766DF704767DF704742
:102FA000704700BF042006F087BA00BF30B52C4C34
:102FB0002C4D83B04FF0FF31D4F8300702F036FFCC
:102FC0000028F7D06DB301A8FFF7D8FF0528034606
:102FD000F0D00028F7D1019A911E10460929F2D8A5
:102FE0000FF2040C5CF821F053300400533004005D
:102FF000C72F0400C72F0400C72F0400C72F0400E9
:10300000C72F04003D3004003D3004003D30040073
:103010000A2B04D0092B21D00B2B02D10120E8F779
:103020000FFC01A8FFF7AAFF0528C3D00028F8D19C
:10303000019BA3F10902022AF3D8E9E70A2A04D086
:10304000092A09D00B2ABED101231846E8F7F8FB5C
:10305000B9E7FDF763FDB6E70223F6E70220DEE7F6
:10306000608600201D0B04002DE9F04F4FF4FA702C
:1030700089B002F083F9B14C00F1080306460393CE
:1030800004F5F16704F5C86A4FF0FF31D4F82C0756
:1030900002F0CCFE0028F7D04FF4FA730DF11601C0
:1030A0003046ADF81630FFF775FF10B10528EBD0AC
:1030B000F2E7B6F80490B9F1130F00F2228104EBA5
:1030C0008903D3F83C573DB131462846FEF776FEDA
:1030D00031469B48FFF72AFB3388013B1B2B5AD80C
:1030E000DFE813F0A20059005900590059005900B7
:1030F0005900590059005900590059005900590008
:103100005900A7001C0059005900590059005900E6
:1031100059005900590059005900FC00DFF8348269
:103120004FF0000B58F8043F184633B1FEF786FD08
:1031300018B10BF1010B5FFA8BFB4745F2D1BBF1E4
:10314000000F06D194F838371BB15946042006F019
:1031500097F92846FEF77CFD012800F00A81E26914
:1031600062B102230021009396F808C0CDF81890B0
:10317000084606ABCDF81CC005F036FE09F5E77829
:1031800004EB8803586810B103685B68984704EB48
:10319000880300225A6031465046FDF77FFF3146D2
:1031A000684801F029FCB4F83A374B45338800F001
:1031B000AA80102B1ED02DB32846FEF749FD01280A
:1031C00003D131465D48FFF78BF82846FEF740FDF6
:1031D00002281BD05C4801F04FFB00BB31465B4826
:1031E000FEF716FFD4F89037002B3FF455AF30466A
:1031F000984751E7F37B012BDDD1B388A4F83A3728
:10320000002DD9D131464D48FFF76AF85048314674
:1032100001F0EEF94C4801F02FFB0028DED03146DA
:10322000494801F02BFBD9E700214846FFF7B4FEDF
:10323000B1E74FF00008D4F83407CDF800804346DA
:1032400042460321434D04F01DFD55F8043F184646
:1032500033B1FEF7F3FC18B108F101085FFA88F802
:10326000BD42F2D194F83837002B57D109F5E778F1
:1032700004EB8805686820B103685B689847002301
:103280006B60F37B012B0BBF94F81B3794F821374D
:1032900094F81AB794F820B70293342004F0E2FFB0
:1032A000029B0093039A5B4649460546FEF792FC53
:1032B00004EB880328465D60FEF7CAFC01284BD06A
:1032C000A269002A3FF467AF01230021009308465A
:1032D00006ABCDF8189005F087FD5CE7D4F88C2795
:1032E000002A3FF458AF02230021009396F908C04A
:1032F000CDF81890084606ABCDF81CC005F074FD5B
:1033000049E70546E8E6102B3FF474AF112B7FF434
:1033100052AF4FF6FF73A4F83A374CE718F10001AB
:1033200018BF0121042006F0ABF894F83837002BC1
:103330009CD00121042006F0A3F897E760860020C6
:1033400080860020048D0020588D0020A08A002057
:1033500070860020988D0020A268002A3FF41BAFE1
:103360000021009006AB0846CDF8189005F03CFD12
:1033700011E7E268002A7FF4F4AEFFE638B50446B0
:10338000FEF774FF04F1100001F002F904F12000CF
:10339000FEF7D4FF04F58860FEF7E2FD04F5C8608F
:1033A000FDF782FD04F28460FDF706FD04F2A460DF
:1033B00001F0A0FA04F5DF6001F044FA4FF4805305
:1033C0000025C4F8103716481649174AC4F81407E0
:1033D00040F20113C4F81817C4F81C27A4F82037CA
:1033E000A4F82257A4F82457294604F23C7050222E
:1033F0000DF0BBFE01224FF6FF73C4F82C57C4F842
:103400003057C4F8345784F82657C4F89057C4F896
:103410008C5784F83827A4F83A37204638BD00BFC7
:10342000010A1700030001011700030004290DD849
:10343000DFE801F02017200D0300134BC0F816370A
:103440000322012380F81A2780F81B3770470F4B9F
:10345000C0F816370222012380F81A2780F81B379C
:1034600070470B4BC0F81637012380F81A3780F8E5
:103470001B377047074BC0F81637012380F81A37FF
:1034800080F81B37704700BFF7006400800006001B
:103490001700020017000300F0B580F824178DB064
:1034A00080F82527BB4E044604F060FF04F066FF59
:1034B00004F01EFF0CA8336940F8243DB649FFF71D
:1034C0005FFD18B1002528460DB0F0BD0120FFF7C3
:1034D0004FFD0120FFF74AFD0120FFF74BFD09A832
:1034E000FFF74AFD099B9B0706D5AC4BD3F8043583
:1034F00013B90220E8F7A4F90023A94A94F8155754
:10350000049209A90120CDE909330B938DF82450C9
:10351000FFF73EFD0028D5D194F825370B90CDE973
:103520000900181C18BF012094F824578DF82700B3
:10353000049A8DF8263009A940208DF82550FFF710
:1035400027FD0028BED194F814170990034661F3B3
:103550000003CDE90A00049A8DF8243009A9A020BF
:10356000FFF716FD0028ADD1D4F810370A900B9064
:10357000049A099309A9A120FFF70AFD0028A1D107
:1035800094F82437002B40F0B68094F82537002BB0
:1035900048D000230225B4F81C77049A099309A99E
:1035A0002320CDE90A338DF82450ADF82670FFF7BB
:1035B000EFFC002886D1CDE9090094F82577B4F80E
:1035C0001E370B90049A8DF8245009A920208DF8FD
:1035D0002670ADF82830FFF7DBFC00287FF472AFCF
:1035E000099094F82037049A8DF82450CDE90A0008
:1035F00009A922208DF82630FFF7CAFC00287FF4A5
:1036000061AFCDE909000B9094F82137049A8DF849
:10361000245009A921208DF82630FFF7B9FC002895
:103620007FF450AF04A8FFF7B1FC00287FF44AAF45
:10363000C3B2CDE9070043F0010307A902208DF8CA
:103640001C30FFF7ABFC00287FF43CAF2046FEF7B0
:103650001BFE054600283FF435AF04F12000FEF7BD
:1036600089FE0CA8337D00F8283D18224D49FFF74C
:1036700089FC00287FF426AF94F82537002B40F012
:10368000848003220021012001F014FFC4F82C07DC
:1036900000283FF417AF05AB0326CDE900634FF4D4
:1036A000A06200234049414803F080F832460021DF
:1036B000012001F0FFFEC4F8300700283FF402AFFC
:1036C00006ABCDE90063C82200233949394803F02D
:1036D0006DF8394B4FF480021A60384B0093002389
:1036E000184601224FF4807104F074FAC4F83407CC
:1036F00000F058FCE7E609900123B4F81657049A45
:103700008DF82430CDE90A0009A92320ADF8265010
:10371000FFF73EFC00287FF4D5AECDE9090094F810
:103720002477B4F818570B90049A8DF8243009A91F
:1037300020208DF82670ADF82850FFF729FC0028CE
:103740007FF4C0AE099094F81A57049A8DF824308B
:10375000CDE90A0009A922208DF82650FFF718FCB0
:1037600000287FF4AFAECDE9090094F81B570B9009
:10377000049A8DF8243009A921208DF82650FFF7EE
:1037800007FC00283FF401AF9CE604F1100000F0B4
:103790000DFF76E770570500A12F0400007002406E
:1037A000006000206C3F0500985705006930040058
:1037B0009C570500AD2F040000E100E0A52F040098
:1037C00030B5084B83B002AC1B7D04F8043D0846BD
:1037D0000D460EF0DFFB294682B22046FFF7D2FBF2
:1037E00003B030BD7057050000B583B002AB08468A
:1037F00023F8022D1946FFF7C7FB20B99DF80600F4
:1038000003B05DF804FB002003B05DF804FB00BFCB
:1038100070B4254B0C4606460FCB85B06D4607C5E8
:103820009DF900202B80A24237D09DF90130A342A0
:1038300033D09DF90230A3422FD09DF90330A3422B
:103840002BD09DF90430A34227D09DF90530A34227
:1038500023D09DF90630A3421FD09DF90730A34223
:103860001BD09DF90830A34217D09DF90930A3421F
:1038700013D09DF90A30A3420FD09DF90B30A3421B
:103880000BD09DF90C30A34207D09DF90D30A34217
:1038900003D0002005B070BC7047012086F8264791
:1038A00005B070BC704700BF8857050090F9260727
:1038B000704700BF80F83817704700BF70B50446E6
:1038C00082B0D0F834070D4604F008FA4FF47A724B
:1038D00006460023A90DA8020DF0D6F9D4F8341736
:1038E0000023024600930846042104F0CBF93EB9B8
:1038F000D4F83407009633463246032104F0C2F967
:1039000002B070BD132906D800EB8100D0F83C0747
:1039100008B1FEF793B90020704700BFB0F83A072E
:10392000704700BF01290CBFB0F81607B0F81C079C
:10393000704700BF13299ABF00EB8100D0F83C0705
:103940000020704710B5064C0021D4F8300702F073
:10395000AFF8D4F82C070021BDE8104002F0A8B859
:103960006086002090F8383703B9704710B582B0F0
:10397000D0F8344703F06AF900230246009320464A
:10398000012104F07FF902B010BD00BFF0B583B093
:10399000002507462B46D0F8340700952A46032118
:1039A00004F070F907F5E76407F5F16654F8041FB1
:1039B000084621B1FEF742F908B10135EDB2B44233
:1039C000F4D197F838370BB903B0F0BD291C18BFF4
:1039D0000121042003B0BDE8F04005F051BD00BF57
:1039E0000148FFF7CBBC00BF6086002008B5183047
:1039F000FDF712FF003018BF012008BD1830FEF798
:103A00000FB800BF30B585B0044641F60F016846D7
:103A1000FFF72EFA69462046FFF7F8F92546684673
:103A2000FFF714FA084B45F8183B684642F619218F
:103A3000FFF71EFA69462846FDF72CFE6846FFF799
:103A400005FA204605B030BDE457050038B50446F8
:103A5000FFF7C0F900B138BD1834054612212046E1
:103A6000FDF760FE2A4620461121FDF773FE204631
:103A70000121FDF75DFE2046BDE83840FDF7A6BBFD
:103A80003CDF70473DDF704711DF704713DF704741
:103A9000B0DF7047B2DF70472DE9F0419EB00646B7
:103AA00004A8148815460F46FDF776FEBDF81030C1
:103AB000A34202D01EB0BDE8F081AB79043B022BDB
:103AC000F8D931465048FFF735FF4FF00008022380
:103AD000314604463846CDE90688CDE908888DF898
:103AE0001830FDF7D5FE06A9002866D03046ADF89F
:103AF0001C80FFF7CDFF2D7B012DDBD1434F4146CD
:103B00003E2238460DF031FB1EAA082322F86A3DFA
:103B10003F492B463046FFF7BDFF68462146FEF77A
:103B2000A3F800983860BDF804309DF80620BA71FB
:103B3000BB802046FEF786F8002846D13349354839
:103B40004FF6FF720B7883EA122383EA131343EADA
:103B500002229BB282EA0332013182EA431381429C
:103B60009AB2EFD1294B2C489A870021FDF7C0F972
:103B70002046FEF7C3F8FF210020FFF783FFB121A5
:103B80000020FFF77DFF002894D1FFF77DFF00287C
:103B900090D1224A4FF0FF314FF01023C2F880102D
:103BA000C2F880115869FFF771FF002882D180F3B5
:103BB0001488586900F0CCFC7CE740F2FD133046D5
:103BC000ADF81C30FFF764FF74E70AA92046FEF742
:103BD000D3F80028B2D01EAB13E903000B0C3860F9
:103BE000B980BB7118AD0FCD0D4EC7F807000AADF7
:103BF0007160B260F3600FCD11360FC695E8070013
:103C000086E807009AE700BF60860020807F0020DA
:103C1000B47F0020BC7F0020A08C002000E100E0E9
:103C2000877F002030B585B004460E496846FFF70F
:103C30002DF969462046FFF7E9F825466846FFF763
:103C400005F9094B45F8183B68460849FFF71EF986
:103C500069462846FDF71EFD6846FFF7F7F820463F
:103C600005B030BDF0570500385805001058050064
:103C700030B5B1B00546FFF7ADF818B1044620469F
:103C800031B030BD2C491AA8FFF700F91AA904A8D1
:103C9000FDF700FD1AA8FFF7D9F804A8FDF73EFDCF
:103CA00004A80421FDF73EFD04A81421FDF73EFD04
:103CB00004A8FDF78BFA044628B104A8FDF76CFAB6
:103CC000204631B030BD183528461821FDF72AFDB1
:103CD00028461721FDF72AFD284601221749FDF73E
:103CE00047FD2846FDF772FA04460028E5D114493D
:103CF0006846FFF7CBF869461AA8FDF7CBFC684683
:103D0000FFF7A4F81AA8FDF709FD02211AA8FDF78C
:103D100009FD02211AA8FDF70BFD1AA8FDF756FAB6
:103D2000044618B11AA8FDF737FAC6E701211AA808
:103D3000FDF790FDF6E700BF00580500993A040032
:103D400020580500C16180F83D207047416280F82D
:103D50003F207047016380F84220704770B584B0FF
:103D6000044641F60A016846FFF782F86946204694
:103D7000FFF74CF86846FFF769F820460E4B40F80D
:103D8000183B242200210DF0F0F90C4E0C480D498F
:103D9000E06200232364E36384F84430182505229D
:103DA00013232046E66184F83D5084F841202163C6
:103DB00084F8423004B070BD685805006C3F0500BF
:103DC000445805004C5805002DE9F0439BB00646C9
:103DD000FFF700F88146002848D1336A002B52D003
:103DE000736A002B46D006F13C04C4F5285808F14C
:103DF000230806F1180506F145072B6804A873B3DC
:103E0000FDF714FC2A68B36B08EB04019A4289B2EF
:103E1000684608BF42F65021FFF72AF8694604A811
:103E2000FDF772FC6846FFF711F804A8FDF776FC71
:103E3000022104A8FDF776FC217804A8FDF778FCA0
:103E400004A8FDF7C3F9814604A8B9F1000F23D1F6
:103E500022782968FDF7C6FC04A8FDF79DF9013416
:103E6000BC4205F10405C8D14FF0000948461BB01B
:103E7000BDE8F08305F022F804460EF08BF874627A
:103E800086F83F00AFE705F059F804460EF082F8D7
:103E9000346286F83E00A3E7FDF77EF948461BB082
:103EA000BDE8F0830022012142700170C0E90122C7
:103EB000C2818281704700BF017001B1704710B5A7
:103EC00004460A2001F038FB606010BD037810B58D
:103ED000044613B9406802F05FF9002301226370C1
:103EE000C4E90133E381A381227010BD0023816006
:103EF0008281C381704700BF037870B504460E46C7
:103F0000D3B94568012363704FF47A720023B0027D
:103F1000B10D0CF0B9FE0146284601F087FFB8B993
:103F20004FF0FF352378002666701BB1606802F001
:103F300033F96660284670BD03220021012001F09C
:103F4000B9FA054660600028DCD14FF0FF35F1E793
:103F5000E589ADB2E6E700BF4078704770B5868965
:103F6000964204463546806828BF154621B12A4648
:103F70000DF0D7F8A068A689E3892B442844761B66
:103F80009BB2A060A681E381284670BD406820B145
:103F900000231A46194601F001BB7047B1DF704794
:103FA000B2DF704708B50C48FCF7F2FC0B490A4831
:103FB000F6F7FCFF58B10A490748F6F7F7FF00B1DA
:103FC00008BD07490448BDE80840F7F70BB80349A6
:103FD0000148F7F707F8EEE7A0750020D458050070
:103FE000E858050000B587B0032304910021039031
:103FF00005920093084603AB024A04F0F5FE07B0B1
:104000005DF804FBC142040010B586B00323CDE97E
:10401000030114460093104603AB034A059407219D
:1040200004F0E2FE06B010BDE543040070B590B0A8
:104030008D798B784A7803954D7902950E79CD78F4
:10404000074C08490196012808BF2146009504A89D
:104050000DF040FF04A90448F7F71EF810B070BD3A
:1040600074580500A4580500A07500202DE9F04300
:10407000D1B00B785B08012B04AF0D460446904687
:1040800068D9022B5FD14F4A4F49504BDFF8489116
:10409000012818BF11460022381DF7F719F907F15A
:1040A00068004A49F7F702F907F1CC0603E007F187
:1040B0006800F7F795FB0022391D3046F7F7C2FB81
:1040C000D7E93410D7E93632F966386797F8E01047
:1040D000D7F8E4007B67BA67D7F8E83087F87C1038
:1040E000412207F1EC01C7F8800007F18800C7F80A
:1040F00084300DF016F807F16800F7F79DFB0446D1
:10410000C0B107F16800F7F771F85028CFD1024627
:10411000414607F16800F7F7EDFA08F13802294641
:104120004846FEF74FFA04460028C0D007F1680061
:10413000F7F756FB381DF7F753FB204607F59A773C
:10414000BD46BDE8F0830024204607F59A77BD46BA
:10415000BDE8F083E9468CB08979AB786A78039141
:104160006979029129790191194E1A49E8780090EC
:1041700004AD012C08BF3146284607F1CC060DF0EE
:10418000A9FE12493046F7F791F829463046002239
:10419000F7F75AF9044650B900243046F7F720FBE8
:1041A0002046CD4607F59A77BD46BDE8F0833046F8
:1041B000F7F71CF8021EEFDD92B241463046F7F7E2
:1041C00099FAEAE7E8580500D4580500A0750020E0
:1041D00074580500A4580500808600202DE9F041A0
:1041E000AAB00E469179937855780391517902914E
:1041F000117901912F4C3049D278009204AF0128F7
:1042000008BF21462A46381D0DF064FE391D07F10E
:1042100034002A4B0022F7F75BF807F13400F7F778
:104220000BFB48B9002407F13400F7F7D9FA204610
:104230009837BD46BDE8F08107F13400F6F7D6FFA8
:10424000041E08DD07F13400F7F792FA211807F190
:104250003400F7F76FFA07F13400F6F7C7FF041ED2
:1042600008DD07F13400F7F783FA211807F134006D
:10427000F7F760FA07F13400F6F7B8FF0028D1DD50
:10428000C31D23F00703E846ADEB030D84B204AD74
:104290002246294607F13400F7F72CFA2246294630
:1042A00030460323FFF77AFEB0FA80F46409C5466E
:1042B000B9E700BF74580500A4580500A075002098
:1042C0002DE9F041B2B092F84E5092F84A30DFF842
:1042D00010C13F4E144692F84920039594F84D5072
:1042E000029594F84C50019504AF94F84B5000950A
:1042F000884601280CBF3146614607F124000DF0C5
:10430000E9FD07F1240133486D46F6F74FFE88B901
:1043100007F1240107F154002E4B0122F6F7D8FFD4
:1043200007F15400F7F788FA50B9B837AD46BD46E3
:10433000BDE8F08107F124012648F6F7ADFEE7E776
:10434000502107F15400F6F77FFF5022214607F174
:104350005400F6F7B9FE20220021381D0CF005FFAD
:1043600041461D48FFF7E6FA391D2022FDF7D6FD2C
:104370003B799BB994F8491094F84D3094F84E204D
:10438000039194F84A10029194F84B10019194F81B
:104390004C100091381D11490DF09CFD381D0DF099
:1043A000F9FD013084B2E1B207F15400F6F74CFF99
:1043B000391D224607F15400F6F786FE07F1540036
:1043C000F7F70EFAB837AD46BD46BDE8F08100BF3D
:1043D00074580500A075002060860020FC58050078
:1043E000A45805002DE9F047AAB004AF07F19804DE
:1043F000002324F8963D0D46814619469046032336
:1044000022462846FFF7CCFD7B886E4623B9B54689
:104410009837BD46BDE8F0870733DB08A6EBC3033A
:104420009D460DF1100A2246284651460323FFF708
:10443000B7FD04460028EAD198F8061098F8023033
:1044400098F80120039198F80510029198F804104B
:1044500001913C483C4998F803500095B9F1010F8F
:1044600018BF0146381D0DF035FD391D07F1340028
:10447000364B0122F6F72CFF07F13400F7F7DCF991
:104480000028C4D0214607F13400F7F753F907F1AB
:104490003400F6F7ABFE041E08DD07F13400F7F731
:1044A00067F9211807F13400F7F744F907F13400F0
:1044B000F6F79CFE041E08DD07F13400F7F758F903
:1044C000211807F13400F7F735F907F13400F6F752
:1044D0008DFE7C8883B2A34210D0E1B207F1340094
:1044E000F6F7B2FE2246514607F13400F6F7ECFD2E
:1044F00007F13400F7F774F9B54689E70733E84662
:10450000DB08A8EBC3039D4604AD2246294607F10C
:104510003400F7F7EFF829467A8850460CF0F2FDA0
:1045200008B9C546E4E707F13400F7F73DF97988A3
:10453000C943014407F13400F7F7FCF8C5467C880D
:10454000CBE700BFA458050074580500A0750020F3
:10455000F0B40346186880F308885868FF2464B2F2
:10456000EFF30585002D01D1A646004725460646F6
:1045700021273FBAF0B40024002500260027F0B41C
:10458000F92040B2004700BFF0BC704775DF7047AC
:1045900010B44FF010144FF448010022C0E900415C
:1045A000C0E902225DF8044B704700BF014800F0EB
:1045B00057B900BF588D0020F8B500240B4F254691
:1045C000A1B23846FFF7B6F90134064648B1FDF707
:1045D00035FB30B13046FDF73BFB022804BF013507
:1045E000EDB2142CECD12846F8BD00BF6086002047
:1045F00070B58D881B480C4694B02946FFF79AF990
:1046000023881A2B1FD01F2B0ED0102B01D014B0D3
:1046100070BD6946FDF7B0FB0028F8D06A46294610
:104620001148FEF775F8F2E754F8080F61686B4619
:1046300003C32846BDF80030ADF802306946FFF7E5
:10464000A5FF14B070BD0646FDF7FAFA0028DED0CB
:104650003046FDF7F7FA0028D9D13046FDF7A4FB24
:10466000D5E700BF6086002080860020A1DF70476C
:10467000A3DF7047A4DF704700238383704700BF28
:10468000006A00F0DDB800BF808B70472DE9F04173
:104690000B88CE88382B86B00C46054642D0392B85
:1046A00025D0362B02D006B0BDE8F081006A00F0BC
:1046B000C7F801466148FFF73DF9FDF7CBFA05F170
:1046C000240807466EB9E28904F110014046FFF75D
:1046D00045FC2B8E2BB1033FBFB2E389013FBB42A8
:1046E00070DA4046FFF752FC06B0BDE8F0810B7B64
:1046F000012B57D0022BD6D1836B002BD3D090F84F
:104700003C20B1F80480CE89920701F1100700F136
:104710008480324639462846984761894046FFF7EB
:10472000A9FFC0E700F12407002E35D10A8A3846D8
:104730003146FFF713FC94F80C80B8F1010F2BD031
:10474000B8F1040FAFD1286A00F07AF801463B486F
:10475000FFF7F0F8FDF77EFA2B8E053880B2834222
:1047600028BF0346002B37D0218AE289286AAC8B08
:10477000ADF80C600A44E96A05918DF80C80ADF83B
:104780001230ADF81020ADF80E4000F059F803A932
:10479000FFF76EFF002886D03846FFF7F7FB06B01C
:1047A000BDE8F081436B002B3FF47DAF90F83C20D7
:1047B000CE8901F11007D1071ED43246394628466A
:1047C000984770E7286A00F03BF86A8EA98BFFF7DC
:1047D0004DFF002885D166E740F20511AA8B286AB3
:1047E000ADF80C10CDE90433ADF80E2000F028F838
:1047F00003A9FFF73DFFCFE703201A46009031469B
:1048000003AB3846CDE90357059604F0EDFA0028CE
:104810007FF449AFE6896B6BCFE703201A4600901F
:10482000314603AB3846CDE90357059604F0DCFA70
:1048300000287FF472AFAB6BE6896AE760860020E0
:104840008088704710B504460430FFF72BFB034BFC
:10485000236000232375204610BD00BF0100FFFF29
:10486000017D01B1704710B504460430FFF724FB09
:104870000123237510BD00BF007D704710B50B8864
:10488000322B18D0332B0CD0302B00D010BDCB885E
:10489000041D0BB94B892BBB2046BDE81040FFF728
:1048A00075BBCB88041D002BF6D14A89002AF3D0B2
:1048B00002EB42020EE04A8922B100230133DBB24F
:1048C0009342FBDBCB88041D002BE5D1002AE3D00B
:1048D00002EB82025200023292B20A312046FFF706
:1048E0003DFBD9E70A310A222046FFF737FBD3E721
:1048F0008ADF704730B403461F22012418628025E6
:10490000828480F82D4000220B4C80F82E50C0E9A4
:1049100011228262C0F8464080F82C2080F82F20B7
:10492000028680F838204263C0E90F22C264A0F8F2
:10493000502030BC704700BFA00050002DE9F04768
:1049400010468AB017460C46FEF7AEFAC0B21028E1
:104950002ED0BF6807220623D4F818A094F81C8034
:104960008DF805208DF80430C6084FF000091F228D
:10497000002102A80CF0F9FBB8F1010F06D8B9F13B
:10498000000F35D000200AB0BDE8F08701AB5146DA
:1049900013F809C042460B784878DC43604503F1C0
:1049A0000105224408D012F0FF022944F3D1E6E7C2
:1049B000043703220223CFE7013B0231DDB2DED010
:1049C0002A4602A80CF0ADFB002DD8D002AC02E0C4
:1049D00013F0FF05D3D02046324639460CF092FB47
:1049E0003444AB1B0028F3D101200AB0BDE8F087A6
:1049F0004FF00109BBE700BF2DE9F0430B888E881B
:104A0000103B87B00C4605460D2B2CD8DFE803F091
:104A100082072B2B2B2B2B2B2B2B2B6D2B2E836AD7
:104A2000F340DB071FD55A48FFF7C6FDD8B9AB6A7C
:104A300095F82C20012404FA06F623EA0606AE6255
:104A40008AB995F82D3073B11F232D62AB8405F11F
:104A5000200105F14400FFF74BFF20B94D48FEF758
:104A600081FF85F82C4007B0BDE8F08390F92E2037
:104A700091F91B309A4230DC90F8383001F1080689
:104A80001BB3454F4FF0000803E05FFA82F843453F
:104A900019D96B6B029703EB0813D3E9011002AA33
:104AA000DB6803910490314628460593FFF746FFE3
:104AB000814602A8FEF7CAF908F1010295F83830DC
:104AC000B9F1000FE1D0984507D095F82F30002BB1
:104AD00039D094F82430012B42D805F12001002070
:104AE000FFF706FF07B0BDE8F0830B7A012BBAD1C0
:104AF000002480F82C402748FEF748FF2A6C002A43
:104B0000B1D006AB0094214643F8104D204604F086
:104B10006BF9A8E7CB7B022BA5D10122836A02FAAD
:104B200006F633430022836280F82C209BE701398C
:104B3000CCB2911CD1D0022C20D95388ADF80830CA
:104B40002A8E9A42C9D1EA6B002A8CD006AB012189
:104B500043F8106D30460091242104F045F982E7B6
:104B6000226A11785078CC43FF2801F101072344D1
:104B7000DDD013F0FF033A44F3D1AEE7224602A89A
:104B80000CF0CFFA002CA8D0BDF80830D8E700BF51
:104B90007086002060860020685705000EB430B58E
:104BA000C2B045A9054651F8042B01910B4602A855
:104BB0004FF480710DF0EEFA2B68044602A95B6891
:104BC000284622469847204642B0BDE8304003B010
:104BD000704700BF2DE9F0477C4F3D6806460C4604
:104BE000904675B1252E09D828F48073032BC8F39D
:104BF000002224D0042B59D0022B3BD00020BDE84A
:104C0000F0872946202272480CF0AFFA714A7249A7
:104C1000724B0D604FF0FF30C2E9000040224D6042
:104C2000C3F88020BFF34F8FBFF36F8F6021C3F8AD
:104C3000802183F806131A6001233B60D2E74FF40A
:104C40000037674B634853F8265090F900102B0249
:104C500003F47C5343F001038D4243EA07030CD075
:104C600090F90160B54224D090F90270BD4222D182
:104C7000022603E04FF44037E3E70026B10001F1DC
:104C8000804101F5C0418555D1F81005504F524D76
:104C900047F8264020F0031020F47C500343012005
:104CA000AA55C1F81035B040BDE8F0874FF4803701
:104CB000C7E70126E2E790F903C0654549D090F9BE
:104CC00004E075455BD090F9058045456DD090F9BD
:104CD00006904D4577D090F907A0AA4501D1072647
:104CE000CCE7013123D13F49D1F8101589071ED1F6
:104CF0000026B10001F1804101F5C0418555D1F890
:104D00001005334F344D47F8264020F0031020F4AF
:104D10007C500343C1F810350023C1F80031012055
:104D2000304BAA55B040C3F80403BDE8F087013604
:104D300006D12C49D1F81415890701D10126D8E7ED
:104D4000013708D12749D1F818158F0703D102265A
:104D5000CFE7032692E7BCF1FF3F06D12149D1F806
:104D60001C158E0701D10326C3E7BEF1FF3F08D112
:104D70001C49D1F82015890703D10426B9E7042678
:104D80007CE7B8F1FF3F06D11649D1F824158F070B
:104D900001D10526ADE7B9F1FF3F08D11149D1F89E
:104DA00028158E0703D10626A3E7052666E7BAF184
:104DB000FF3F7FF423AF0B49D1F82C1589077FF40F
:104DC0001DAF072695E7062658E700BF248E002072
:104DD000FC8D00201C8E0020F48D002000E100E0FE
:104DE0006C53050000600040252825D8264A274B33
:104DF00052F8202093F900108A4238D093F901101C
:104E00008A4236D093F902108A4234D093F90310C3
:104E10008A4232D093F904108A4230D093F90510B7
:104E20008A422ED093F906108A4206D093F90710D1
:104E3000914208BF072101D07047062170B40120BC
:104E4000134E144C144D8840C6F808038A00002005
:104E500002F1804244F82100FF2402F5C0425C5474
:104E60006854C2F8100570BCC2F8000170470021F8
:104E7000E4E70121E2E70221E0E70321DEE7042184
:104E8000DCE70521DAE700BF6C5305001C8E00202B
:104E900000600040FC8D0020F48D00202DE9F043DF
:104EA0001B4B1C4FD3F80463DFF86C80DFF86C9069
:104EB00085B000240123A200A34002F180453342C3
:104EC00005F5C0450FD0D5F8003163B1E357013384
:104ED00006D052F808201AB114F809307BB990476F
:104EE0000023C5F800310134082CE3D1BFF34F8F04
:104EF00000BF00BF00BF00BF05B0BDE8F08304AB3A
:104F0000002143F8041D0846009103F06DFFE7E718
:104F1000006000401C8E0020FC8D0020F48D0020DD
:104F2000F8B500250446C0E90055856091B10846F2
:104F30000E460DF02FF80746411C284600F04EFAA9
:104F400050B1A368C4E9000703B90370A7603146F4
:104F50000DF006F82046F8BD206808B100F028FAE8
:104F600000232360C4E901332046F8BD70B5044630
:104F70008C424FF00000C4E90000A06001D00D6831
:104F80000DB9204670BD8E68711C00F027FA50B133
:104F9000A368C4E9000603B90370A66029460CF0B3
:104FA000DFFF204670BD206808B100F001FA002341
:104FB0002360C4E90133204670BD00BF30B504460C
:104FC0008BB000230846C4E90033A36001A903F0B5
:104FD00069F801A80CF0DEFF0546206810B163688F
:104FE0009D4209D9691C00F0F9F960B1A368C4E9D0
:104FF00000050BB903702068A56001A90CF0B0FF93
:1050000020460BB030BD206808B100F0D1F9002374
:1050100020462360C4E901330BB030BD70B50023D6
:105020008AB0C0E900338360044610EE100A0E46D1
:105030008D1C0BF089FA6DB241EC100B01AA3146C0
:10504000284600F069F950B9206808B100F0B0F9BD
:10505000002320462360C4E901330AB070BD064630
:105060000CF098FF0546206810B163689D420AD98C
:10507000691C00F0B3F90028E6D0A368C4E9000574
:105080000BB903702068A56031460CF069FF20461B
:105090000AB070BD10B50446006800F089F92046DA
:1050A00010BD00BF38B5036813B142688A420BD205
:1050B0000D4604460131184600F090F928B1A36866
:1050C000C4E9000503B90370012038BD884270B5FA
:1050D000044609D00D68006845B908B100F068F9C8
:1050E0000023C4E901332360204670BD8E6810B1EF
:1050F00063689E4209D9711C00F070F958B1A36829
:10510000C4E900060BB903702068A66029460CF0BC
:1051100027FF204670BD20680028DFD1E0E700BFF0
:10512000884238B5044612D000688B680D4628B115
:1051300062689A420DD200F03BF9AB68D5E90021D4
:1051400022600022C4E90113C5E90022AA602046BA
:1051500038BD09680CF004FFAB68A3600023AB60A6
:10516000204638BDF8B50446056849B915B128464A
:1051700000F01EF900232360C4E901332046F8BD86
:1051800008460E460CF006FF074615B163689842C4
:105190000BD92846791C00F021F9054660B1A368B7
:1051A000C4E900070BB903702568A760314628469B
:1051B0000CF0D6FE2046F8BD20680028DAD000F0BA
:1051C000F7F8D7E730B5836883B0044600688DF8F8
:1051D000041000225D1C8DF8052010B16268954214
:1051E0000AD9991C00F0FAF860B1A368C4E9000577
:1051F00013B903702068A368184401A90CF0B0FE2D
:10520000A560012003B030BD70B50E6804461EB124
:105210008D685DB9204670BD206808B100F0C8F8FF
:1052200000232360C4E90133204670BD8268006812
:10523000154410B163689D420BD9691C00F0CEF88B
:105240000028E9D0A268C4E9000512B902702068FC
:10525000A268314610440CF083FEA560DAE700BF77
:105260009A422DE9F84317461E460446884601D85F
:1052700016461F460025C4E90055A56028460121B1
:1052800000F0ACF808B3C4E90005A5600570D8F8D3
:105290000820B24216D9974228BF1746D8F80030E6
:1052A0000022DD5DDA55D8F80000861916D1206895
:1052B00008B100F07DF80023C4E901332360D8F879
:1052C0000030DD552046BDE8F883206808B100F0C5
:1052D0006FF800232360C4E90133D8E730460CF0AF
:1052E00059FE8146206810B1636899450BD909F1D0
:1052F000010100F073F80028D9D0A368C4E90009BF
:105300000BB903702068C4F8089031460CF028FEF1
:10531000D5E700BFFEE700BF10B588B00B461446C6
:105320008DED000B0749024603A80CF0D3FD9DED5F
:10533000000B03A953EC102B20460CF0CBFD2046AC
:1053400008B010BD1C590500014638B54FF47A72FB
:1053500000238002890D0BF097FC054601F076FCD6
:105360000446E0F7B5FF01F071FC001B854200D850
:1053700038BD281ABDE8384001F08CBD10B5044690
:1053800001F0FAFF022804D02046BDE810400BF0DF
:1053900097BE01F053FC20460BF092FE044601F04C
:1053A000F3FC0CB1204610BD03F056FCFAE700BF39
:1053B00010B5044601F0E0FF02280AD144B101F023
:1053C0003DFC20460BF084FEBDE8104001F0DCBC43
:1053D00010BD2046BDE810400BF07ABE38B504463B
:1053E0000D4601F0C9FF022805D029462046BDE838
:1053F00038400CF013BD01F021FC204629460CF08A
:105400000DFD044601F0C0FC0CB1204638BD03F090
:1054100023FCFAE710B5044601F010FC20460BF01F
:105420004FFE044601F0B0FC0CB1204610BD03F065
:1054300013FC204610BD00BF50B110B5044601F06A
:10544000FDFB20460BF044FEBDE8104001F09CBC83
:10545000704700BF38B51C469DF8105043B3002973
:1054600008BF1A460123C4E90F01226084F84630C0
:1054700002F080FCD4E90F132268A26001FB03F163
:10548000CB1A134400200A44FF21A063E36084F890
:105490004410626084F8451004F1100004F05CF8D8
:1054A00004F1240004F058F802F06EFC84F84C502B
:1054B000204638BDF8B5074615460E4669B100FBD3
:1054C00001F05030FFF7A6FF044690B3002200F130
:1054D000500380F84620036007E05020FFF79AFF52
:1054E000044630B384F846602460C4E90F7602F0C5
:1054F00041FCD4E90F132268A26001FB03F1CB1A2F
:10550000134400200A44FF21A063E36084F84410A0
:10551000626084F8451004F1100004F01DF804F1F5
:10552000240004F019F802F02FFC84F84C502046B7
:10553000F8BD00242046F8BDF8B5074650200D46BA
:10554000FFF768FF044630B30026206080F846600D
:105550000664C76302F00EFCD4E90F322168A6632B
:1055600003FB02F39A1A0A440B44FF26C4E90131F3
:10557000E26084F8446004F1100084F8456003F0B0
:10558000EBFF04F1240003F0E7FF02F0FDFB022330
:10559000A56384F84C302046F8BD00BF2DE9F04FDC
:1055A000044685B01D460192884602F0E3FBA26BDB
:1055B000E36BA84F4FF000099A424E46C0F08B8033
:1055C000022D00F006810198002800F03081B9F129
:1055D000000F00F0958002F0D7FB01F02FFB02F0E6
:1055E000C9FB94F84430FF2B08BF84F8446094F85A
:1055F0004530FF2B08BF84F8456002F0C5FB01A9C8
:1056000002A801F05BFE002840F0188102F0B2FB16
:10561000A26BE36B9A4277D002F0B6FB02F0AAFBD2
:1056200094F845304FFA83FABAF1000F1ADD636A35
:10563000C3B104F1240907E00AF1FF33DBB24FFAEA
:1056400083FA7BB1636A6BB1484601F0CBFD002859
:10565000F2D001F06BFE0AF1FF33DBB24FFA83FAAE
:10566000002BEFD1FF2384F8453002F08DFB02F0D0
:1056700081FB94F844304FFA83FABAF1000F1ADD37
:105680002369C3B104F1100907E00AF1FF33DBB26B
:105690004FFA83FA7BB123696BB1484601F0A2FD52
:1056A0000028F2D001F042FE0AF1FF33DBB24FFADC
:1056B00083FA002BEFD1FF2384F8443002F064FB1F
:1056C00001F062FB02F056FBA26BE36B9A424FF0D3
:1056D0000109BFF475AF226CA66B002A40F0FC8074
:1056E00025680136002D00F01881A663636A002B3F
:1056F00040F08C8002F048FB012005B0BDE8F08F3F
:1057000002A801F0CFFD66E704F1100902F03CFBAE
:105710004846019901F0EAFC02F02CFB94F845A000
:105720004FFA8AFABAF1000F1CDD636AD3B104F1B3
:10573000240B08E00AF1FF3A5FFA8AF34FFA83FA82
:1057400083B1636A73B1584601F04CFD0028F1D073
:105750000AF1FF3A01F0EAFD5FFA8AF34FFA83FAA1
:10576000002BEED1FF2384F8453002F00DFB02F050
:1057700001FB94F844304FFA83FABAF1000F06DCCB
:1057800015E00AF1FF33DBB24FFA83FA7BB12369EC
:105790006BB1484601F026FD0028F2D001F0C6FDAD
:1057A0000AF1FF33DBB24FFA83FA002BEFD1FF236C
:1057B00084F8443002F0E8FA01F0E6FA002881D1DA
:1057C0004FF080537B6040BFBFF34F8FBFF36F8FAD
:1057D00078E7226CA66B002A82D04146E0680BF085
:1057E000A0FC236CE26821685B421A448A42E260B2
:1057F00080F0898062681344E360022D00F08380AA
:105800000136A663636A002B3FF474AF04F12400F1
:1058100001F0E8FC00283FF46DAF0E4B4FF08052D2
:105820005A6040BFBFF34F8FBFF36F8F62E70090A6
:1058300002F0AAFA009805B0BDE8F08F02F09AFADB
:1058400094F845506DB2002D18DD636AB3B104F1D0
:10585000240607E000ED00E0013DEBB25DB26BB164
:10586000636A5BB1304601F0BDFC0028F4D0013D15
:1058700001F05CFDEBB25DB2002BF1D1FF2384F8A7
:10588000453002F081FA02F075FA94F844506DB296
:10589000002D16DD2369A3B104F1100605E0013DDA
:1058A000EBB25DB26BB123695BB1304601F09AFC9B
:1058B0000028F4D0013D01F039FDEBB25DB2002BC0
:1058C000F1D1FF2384F8443002F05EFA01F05CFA73
:1058D000002005B0BDE8F08F41465DBBA0680BF02D
:1058E00020FCA368216C62680B44934206F1010618
:1058F000A360FFF4FAAEA663636A2268A260002B7D
:105900003FF4F8AE82E7002E7FF4EFAE0123A363ED
:10591000636A002B3FF4EEAE78E7606801F07EFD2D
:10592000A663636A6560002B7FF470AF00287FF484
:1059300074AFDFE6E0680BF0F4FB236CE2682168EB
:105940005B421A448A42E260BFF457AF52E700BF9D
:10595000F8B50C4679B300250123216081F8463063
:10596000C1E90F35064602F005FAD4E90F32216885
:10597000A56303FB02F39A1A0A440B44FF27C4E908
:105980000131E26084F8447004F1100084F845703D
:1059900003F0E2FD04F1240003F0DEFD02F0F4F96F
:1059A000C4E90055E56084F84C602B462A46294638
:1059B0002046FFF7F3FD2046F8BD00BF2DE9F0417A
:1059C0008C4682B004461746EFF31186402282F3DC
:1059D0001188806BE26B904221D3022B05D000200E
:1059E00086F3118802B0BDE8F08194F84550226C2E
:1059F000D4F838806DB252BB236808F10108002B3F
:105A00004FD06B1CC4F8388037D001356DB284F8A4
:105A10004550012086F3118802B0BDE8F08194F86A
:105A20004550226CD4F838806DB2002AE4D073B9A6
:105A3000A0680BF076FBA368216C62680B4493426C
:105A400008F10108A360DCD32368A360D9E76146AD
:105A5000E06801930BF065FB206CE2682168019B14
:105A6000404202448A42E26002D262681044E0602E
:105A7000022B10D008F10108C3E7636A002BC8D0DD
:105A800004F1240001F0AEFB0028C2D0002FC0D0EA
:105A900001203860A4E7B8F1000F08BF4FF00108FB
:105AA000AFE76068019301F0B9FC019B6360A8E770
:105AB00038B5EFF31184402383F31188826BC36BF5
:105AC00093420ED990F8453001325BB282635A1C82
:105AD0000BD001335BB280F84530012084F311888C
:105AE00038BD002084F3118838BD436A002BF4D000
:105AF00024300D4601F076FB0028EED0002DECD0CE
:105B000001202860EAE700BF2DE9F047044684B091
:105B10008846019202F02EF9D4F83890B9F1000FBE
:105B200040F09380019B002B00F00A8102A801F055
:105B3000B9FBB34F4E4604F1240502F025F901F0FC
:105B40007DF802F017F994F84430FF2B08BF84F871
:105B5000446094F84530FF2B08BF84F8456002F09C
:105B600013F901A902A801F0A9FB002840F08780E1
:105B700002F000F9A36B002B40F0E88002F004F97A
:105B80000199284601F0B2FA02F0F4F894F8453091
:105B90004FFA83F9B9F1000F06DC15E009F1FF3384
:105BA000DBB24FFA83F97BB1636A6BB1284601F02F
:105BB00019FB0028F2D001F0B9FB09F1FF33DBB289
:105BC0004FFA83F9002BEFD1FF2384F8453002F020
:105BD000DBF802F0CFF894F844304FFA83FABAF1C8
:105BE000000F1ADD2369C3B104F1100907E00AF1BF
:105BF000FF33DBB24FFA83FA7BB123696BB14846BE
:105C000001F0F0FA0028F2D001F090FB0AF1FF3326
:105C1000DBB24FFA83FA002BEFD1FF2384F8443034
:105C200002F0B2F801F0B0F800287ED14FF08053B6
:105C30007B6040BFBFF34F8FBFF36F8F02F09AF8C6
:105C4000D4F83890B9F1000F76D0226C52B1E168E7
:105C5000636811449942E16024BF2168E1604046D5
:105C60000BF05FFA09F1FF33A3632369002B40F0C7
:105C7000C98002F089F8012004B0BDE8F08702F085
:105C800079F894F845304FFA83F9B9F1000F06DC42
:105C900015E009F1FF33DBB24FFA83F97BB1636A98
:105CA0006BB1284601F09EFA0028F2D001F03EFBCD
:105CB00009F1FF33DBB24FFA83F9002BEFD1FF2359
:105CC00084F8453002F060F802F054F894F844305B
:105CD0004FFA83FABAF1000F1ADD2369C3B104F158
:105CE000100907E00AF1FF33DBB24FFA83FA7BB108
:105CF00023696BB1484601F075FA0028F2D001F033
:105D000015FB0AF1FF33DBB24FFA83FA002BEFD118
:105D1000FF2384F8443002F037F801F035F802F040
:105D200029F8A36B63B102F02FF802F023F8D4F83E
:105D30003890B9F1000F88D1019B002B7FF4FDAEA4
:105D400002F022F8002004B0BDE8F08702F01CF851
:105D500002F010F894F845304FFA83F9B9F1000FCA
:105D600006DC15E009F1FF33DBB24FFA83F97BB1B2
:105D7000636A6BB1284601F035FA0028F2D001F0D1
:105D8000D5FA09F1FF33DBB24FFA83F9002BEFD1DB
:105D9000FF2384F8453001F0F7FF01F0EBFF94F8A2
:105DA00044304FFA83FABAF1000F1ADD2369C3B108
:105DB00004F1100907E00AF1FF33DBB24FFA83FA6E
:105DC0007BB123696BB1484601F00CFA0028F2D090
:105DD00001F0ACFA0AF1FF33DBB24FFA83FA002B81
:105DE000EFD1FF2384F8443001F0CEFF00F0CCFF68
:105DF00001F0C0FFD4F83890B9F1000F9CD024E72F
:105E000000ED00E004F1100001F0ECF900283FF48F
:105E100030AF054B4FF080525A6040BFBFF34F8FF9
:105E2000BFF36F8F25E700BF00ED00E02DE9F043E1
:105E3000044685B00026019101F09CFFA36BB24F90
:105E4000B0463546002B40F0F380019B002B00F05C
:105E50005D81B8F1000F00F0FC8001F095FF00F0CB
:105E6000EDFE01F087FF94F84430FF2B08BF84F863
:105E7000445094F84530FF2B08BF84F8455001F09A
:105E800083FF01A902A801F019FA00286CD101F0E2
:105E900071FFA36B002B40F0E08001F075FF2368D9
:105EA000002B00F03C8104F124094846019901F0DF
:105EB0001DF901F05FFF94F845304FFA83F8B8F10F
:105EC000000F06DC15E008F1FF33DBB24FFA83F870
:105ED0007BB1636A6BB1484601F084F90028F2D0C7
:105EE00001F024FA08F1FF33DBB24FFA83F8002BFC
:105EF000EFD1FF2384F8453001F046FF01F03AFF6F
:105F000094F844304FFA83F8B8F1000F1ADD236992
:105F1000C3B104F1100907E008F1FF33DBB24FFA17
:105F200083F87BB123696BB1484601F05BF9002827
:105F3000F2D001F0FBF908F1FF33DBB24FFA83F83E
:105F4000002BEFD1FF2384F8443001F01DFF00F057
:105F50001BFF002864D14FF080537B6040BFBFF32C
:105F60004F8FBFF36F8F5BE001F004FF94F8453073
:105F70004FFA83F8B8F1000F1ADD636AC3B104F178
:105F8000240907E008F1FF33DBB24FFA83F87BB155
:105F9000636A6BB1484601F025F90028F2D001F0A0
:105FA000C5F908F1FF33DBB24FFA83F8002BEFD1CC
:105FB000FF2384F8453001F0E7FE01F0DBFE94F8A2
:105FC00044304FFA83F8B8F1000F1ADD2369C3B1EA
:105FD00004F1100907E008F1FF33DBB24FFA83F850
:105FE0007BB123696BB1484601F0FCF80028F2D080
:105FF00001F09CF908F1FF33DBB24FFA83F8002B74
:10600000EFD1FF2384F8443001F0BEFE00F0BCFE67
:1060100001F0B0FEA36B002B00F08A8001F0B4FE0B
:1060200001F0A8FEA36B4FF00108002B3FF40DAF69
:106030002268013BA363002A00F09E802369002BA5
:1060400040F0898001F0A0FE0126304605B0BDE891
:10605000F08302A801F026F9FFE601F095FE01F0B9
:1060600089FE94F845304FFA83F8B8F1000F1ADD35
:10607000636AC3B104F1240907E008F1FF33DBB21E
:106080004FFA83F87BB1636A6BB1484601F0AAF816
:106090000028F2D001F04AF908F1FF33DBB24FFAE1
:1060A00083F8002BEFD1FF2384F8453001F06CFE1C
:1060B00001F060FE94F844304FFA83F8B8F1000F15
:1060C0001ADD2369C3B104F1100907E008F1FF33B9
:1060D000DBB24FFA83F87BB123696BB1484601F01C
:1060E00081F80028F2D001F021F908F1FF33DBB28A
:1060F0004FFA83F8002BEFD1FF2384F8443001F0EE
:1061000043FE00F041FE8BE700ED00E0009301F05C
:106110003BFE009B1E46304605B0BDE8F08301F013
:1061200029FE606801F038F9064601F02DFEBAE656
:1061300001F02AFE002E88D001F01CFE616A19B120
:10614000236B1968C1F10501606801F093F900261D
:1061500001F01AFE79E704F1100001F043F800287D
:106160003FF470AF064B4FF080525A6040BFBFF310
:106170004F8FBFF36F8F65E701F0B2F960605DE7A5
:1061800000ED00E010B5044601F0F4FDA46B01F051
:10619000FBFD204610BD00BF104B5A68904208D04E
:1061A000DA68904208BF012204D090F8463093B1DB
:1061B00070470022002110B403EBC20443F83210F0
:1061C00090F84630616013B15DF8044B70475DF89C
:1061D000044BFFF731B9FFF72FB900BF109C002027
:1061E000074B1A681AB19A6802B17047012210B4BD
:1061F00003EBC20443F8321060605DF8044B704753
:10620000109C002070B505460C46164601F0B2FD04
:1062100095F84430FF2B04BF002385F8443095F8EF
:106220004530FF2B04BF002385F8453001F0ACFD5D
:10623000AB6B2BB93246214605F1240000F092FFEA
:1062400001F098FD95F8454064B2002C16DD6B6AAC
:10625000A3B105F1240605E0013CE3B25CB26BB1E9
:106260006B6A5BB1304600F0BDFF0028F4D0013C02
:1062700001F05CF8E3B25CB2002BF1D1FF2385F8AA
:10628000453001F081FD01F075FD95F8444064B2A0
:10629000002C16DD2B69A3B105F1100605E0013CC9
:1062A000E3B25CB26BB12B695BB1304600F09AFF90
:1062B0000028F4D0013C01F039F8E3B25CB2002BC5
:1062C000F1D1FF2385F84430BDE8704001F05CBD9A
:1062D000F8B5054625301646002914BF0F4601279C
:1062E000FFF798F8044670B1242200210AF03DFF20
:1062F000013504F12403C4E90257A3611EB1237FD1
:1063000043F0010323772046F8BD00BF2DE9F04399
:106310008946017F87B01746CA07054601934CBFDF
:106320003E1D3E4683B9AB682C686A681C44013C3C
:10633000A41AA34200D8E41A0397002C33D10024F6
:10634000204607B0BDE8F08304A800F099FF4FF0A5
:10635000000814E001F05CFA01F008F8686101F04F
:1063600013FD00224FF0FF311046019B01F024F98C
:10637000C5F8148001A904A800F0A0FF80B901F0BD
:10638000F9FCAB682C686A681C44013CA41AA3425F
:1063900098BFE41AA6424FF00000DBD801F0F4FCED
:1063A000002CC0D003972B7FDB0735D4BC4228BF1D
:1063B0003C46AF6803946E68A869BF1BA74228BF1C
:1063C00027463A46304449460AF0ABFEBC423CD828
:1063D000AA682644964228BFB61A6E60002CAED03A
:1063E0006B68296813445B1A934228BF9B1AEA68BA
:1063F0009A42A5D800F022FC2B693BB100231A4633
:106400001946286901F04CF900232B6100F0BCFC0F
:10641000204607B0BDE8F083A64290D86C68AE680D
:10642000A869361B042E374628BF04273A46204465
:1064300003A90AF076FE032E0ED9AF68231DBB42D6
:1064400028BFDB1B039C6B60B5E709EB0701E21B70
:10645000A8690AF066FEBBE703ABD919C7F10402CD
:10646000A8690AF05EFEE8E72DE9F04F8846017F53
:1064700011F0010F87B0054617460CBF0026042611
:1064800073B9836844682A681C44A41AA34298BF5D
:10649000E41AB44213D80024204607B0BDE8F08FB8
:1064A000994601F067FCAB686C682A681C44A41A22
:1064B000A34298BFE41AA64256D201F065FC5EBB27
:1064C0000597BC4228BF3C46002CE4D02E68AF683C
:1064D000A969BF1BA74228BF27463A463144404618
:1064E0000AF01FFEBC4253D8AB6826449E4228BF28
:1064F000F61A2E6000F0A2FB6B693BB100231A462E
:106500001946686901F0CCF800236B6100F03CFC8F
:10651000204607B0BDE8F08F2B680293D5F800B095
:10652000AB68A9690391A642A3EB0B0AB14628BF49
:10653000A146CA4528BFCA465246594405A80193F8
:106540000AF0EFFDD145019B29D809EB0B029342DC
:1065500098BFD21A059B2A609F4202D2029B2B60F1
:1065600099E7A41B1F46ACE7002001F051F900F0A9
:10657000FDFE286101F008FC00224B4610464FF05A
:10658000FF3101F019F800232B616C68AB687AE7E2
:1065900008EB0700E21BA9690AF0C3FDA4E705ABFD
:1065A00003EB0A000399A9EB0A020AF0BAFD019B6A
:1065B000CBE700BF2DE9F041044601F0DBFB344A94
:1065C000344D1368013313602B68002B2FD0324EEB
:1065D000E36A32682AB33148314907680A689F4242
:1065E00038BF03602F48013203EB83030A6000EBDE
:1065F0008300E263211D02F0BFFF01F0C5FB336899
:106600006BB12A68E36AD26A9A4208D2264B4FF0ED
:1066100080525A6040BFBFF34F8FBFF36F8FBDE80A
:10662000F0812A68D26A9A4298BF2C60D3E72C6026
:106630001368012B02D0E36A174ECCE71948DFF844
:1066400094801A4F144E02F087FF194802F084FF1D
:10665000184802F081FF184802F07EFF174802F048
:106660007BFF404602F078FF384602F075FF144881
:1066700002F072FF134802F06FFF134802F06CFF44
:10668000124B134AC2F800801F60E36AA3E700BF01
:10669000988E0020288E0020F88E0020AC8E0020DE
:1066A000A88E0020348E002000ED00E0C48E002073
:1066B000488E00205C8E0020708E0020848E00208A
:1066C000E48E0020108F0020FC8E0020308E0020F1
:1066D0002C8E0020B08E00202DE9F843DDE90964FE
:1066E000002C60D016B93046BDE8F8830D469700FF
:1066F000984602233A4684F8513081462663304654
:10670000A5210AF032FD2A78236B84F83420043F57
:106710002A781F4427F0070702B36B7884F83530D6
:106720006B78DBB1AB7884F83630AB78B3B1EB780B
:1067300084F83730EB788BB12B7984F838302B79AB
:1067400063B16B7984F839306B793BB1AB7984F8FC
:106750003A30AB7913B1EB7984F83B30089D042DC6
:1067600028BF04250026E5626564201D84F83B608F
:10677000A66402F0FDFEC5F1050504F1180002F063
:10678000F7FEE66442464946A561246184F85060FC
:106790006462384601F0B2FA20602046FFF70AFF33
:1067A0002046BDE8F8832046BDE8F8832DE9F04790
:1067B0009600804630460D469946099FFEF72AFE10
:1067C000002869D082465420FEF724FE04460028A3
:1067D0005BD00023C0F830A03246504684F85130D8
:1067E000A5210AF0C2FC2A78236B84F83420043EE9
:1067F0002A781E4426F0070A02B36B7884F83530F5
:106800006B78DBB1AB7884F83630AB78B3B1EB782A
:1068100084F83730EB788BB12B7984F838302B79CA
:1068200063B16B7984F839306B793BB1AB7984F81B
:106830003A30AB7913B1EB7984F83B30089D042DE5
:1068400028BF04250026E5626564201D84F83B60AE
:10685000A66402F08DFEC5F1050504F1180002F0F2
:1068600087FEE664A561246184F8506064624A464C
:106870004146504601F042FA206007B13C60204694
:10688000FFF798FE0120BDE8F0875046FEF7D4FDE3
:106890004FF0FF30BDE8F0874FF0FF30F3E700BF67
:1068A00070B504462D4D01F065FA002C46D0261D2A
:1068B000304602F08BFEA36A1BB104F1180002F00F
:1068C00085FE274A29681368A14203F1010313607A
:1068D0002BD0244A94F851101368013B136091B1F6
:1068E000012937D0204B1A681268BAB91F4B4FF0F4
:1068F000FF321A6001F048FA1D4B1B6813B12B6878
:10690000A3421DD070BD206BFEF796FD2046FEF71A
:1069100093FD154B1A681268002AE7D01A68134BCA
:10692000D268D26852681A60E4E73146114802F032
:1069300023FE114A136801331360DBE72C68B6E7C6
:106940000E4B4FF080525A6040BFBFF34F8FBFF3E2
:106950006F8F70BD2046FEF76FFDC3E7288E0020C5
:10696000A88E0020988E00202C8E0020DC8E002027
:10697000F88E0020108F00209C8E002000ED00E09B
:1069800070B504464C4E01F0F5F9002C39D0251DA8
:10699000284602F01BFEA36A1BB104F1180002F0A6
:1069A00015FE29464548464D02F0E6FD94F8503064
:1069B000012B04BF002384F8503001F0E5F92B6867
:1069C00093B93368A34200D070BD2B68DBB93B4953
:1069D0003C4A09681268914226D03B4B1B682BB396
:1069E0003A4B01221A6070BD01F0C4F9384B1A68A5
:1069F000126892B9374B4FF0FF321A6001F0C4F9B8
:106A0000DFE73468C3E7344B4FF080525A6040BF31
:106A1000BFF34F8FBFF36F8F70BD1A682D4BD268D5
:106A2000D26852681A60E9E7336070BD274A136084
:106A30003268336812681B6B9A4236D9274C284952
:106A400022689300981880000858E0B9551EAB00E2
:106A500058198000085830BB951EAB0058198000AB
:106A6000085800BBD51EAB00581980000858D0B993
:106A7000151FAB00581980000858A0B9053A9300BB
:106A800098188000085813449B00CD180833686894
:106A9000406868600B44984204BF40686860C368FF
:106AA0003360226070BD2A46EDE7306831683431CA
:106AB00002F0D0F8C2E700BF288E0020FC8E002034
:106AC000F88E0020988E0020A48E0020288F0020B1
:106AD0002C8E0020DC8E002000ED00E0AC8E00202B
:106AE000348E002080B170B51B4D2B6883420AD0D4
:106AF000044601F03FF9194B62699A4205D0BDE89E
:106B0000704001F041B970BD7047A36A144A9342C6
:106B1000F5D0002BF3D1261D304602F057FD114A67
:106B2000E36A116810488B4288BF136003EB83034C
:106B300000EB8300314602F01FFD2B68E26ADB6A3E
:106B40009A42DCD3094B4FF080525A6040BFBFF3EA
:106B50004F8FBFF36F8FD2E7288E0020FC8E00206E
:106B6000E48E0020AC8E0020348E002000ED00E08A
:106B700070B584B0002503AA02A901A8CDE901558A
:106B800002F06CF8019C002C46D00298002843D0FB
:106B9000039E20630223B600A521324684F85130BB
:106BA0000AF0E3FA236B1F4A6263201D84F8385011
:106BB000043E84F83B50E562C4E911551E4402F0DE
:106BC000D7FC04F1180002F0D3FC26F007060523D9
:106BD000A3612A461449E56430462461646284F85E
:106BE000505001F08BF820602046FFF7E3FC0F4B7C
:106BF0001C6000F097FF012811D1402383F3118816
:106C00000B490C4A0C4B4FF0FF340C6010601D60B8
:106C100001F08AF804B070BD044B00221A6004B081
:106C200070BD00BF49444C45196F0400D88E002048
:106C3000DC8E0020F88E0020248F0020024A13688A
:106C400001331360704700BFA48E0020014B186809
:106C5000704700BF248F0020024A13681844106058
:106C6000704700BF248F00202DE9F04F3B4B1B687D
:106C700083B0002B42D13A4B1F6801371F60002FB1
:106C80004AD0384B01931B68BB423BD8364EDFF8E5
:106C9000EC80DFF8ECA0DFF8EC90002525E033680D
:106CA000DB68DC68636804F1040B9F42584651D3EB
:106CB00002F08CFCA36A04F118000BB102F086FC10
:106CC000E36AD8F8002003EB8300934259460AEBAD
:106CD000800088BFC8F8003002F04EFCD9F80030C0
:106CE000E26ADB6A9A4228BF012533681B68002BE1
:106CF000D5D1019A4FF0FF33136004E01B4A1368AB
:106D00000133136000251A4B1B68002B0CBF28466B
:106D1000012003B0BDE8F08F134E164B3168164AC0
:106D200018683060196013680133136033681B689A
:106D30003BB90C4B01931A464FF0FF3313601346D7
:106D4000A1E73368074ADB680192DB685B68136080
:106D5000134698E7019A1360D5E700BFA48E002080
:106D6000248F0020DC8E00202C8E0020A08E00209E
:106D7000288F0020308E0020E08E0020AC8E002076
:106D8000348E0020288E00202DE9F04700F0F2FF1D
:106D9000354B1A68013A1A601C68002C57D1334BE6
:106DA0001B68002B53D0DFF8E0A0314E314FDFF8E5
:106DB000DC90DFF8DC80336813B3F368DC68251DF2
:106DC00004F1180002F002FC284602F0FFFBE36A1F
:106DD0003A6803EB83009342294609EB800088BFA1
:106DE0003B6002F0C9FBD8F80030E26ADB6A9A42E5
:106DF0004FF00103DFD3CAF800303368002BDCD139
:106E00003CB11D4B1A6812683ABB1C4B4FF0FF3265
:106E10001A601B4D2C6844B10126FFF725FF08B10D
:106E2000CAF80060013CF8D12C60DAF8003073B188
:106E3000144B4FF080525A6040BFBFF34F8FBFF3E7
:106E40006F8F012400F0A0FF2046BDE8F0870024EA
:106E500000F09AFF2046BDE8F0871A68074BD26819
:106E6000D26852681A60D4E7A48E0020988E002061
:106E7000E48E0020AC8E00202C8E0020DC8E0020C2
:106E8000A08E002000ED00E0288F0020348E00202E
:106E9000288E002070B548B9184B4FF080525A60C8
:106EA00040BFBFF34F8FBFF36F8F70BD144A1549BA
:106EB0001368154E013313600D68044630680430C2
:106EC00002F084FB336864195C600FD20F4B1868C2
:106ED0003168043102F060FB0D4B1A68944238BFF0
:106EE0001C60FFF751FF0028D6D070BD094B186811
:106EF0003168043102F050FBF3E700BF00ED00E021
:106F0000A48E0020248F0020288E00202C8E0020AC
:106F1000DC8E0020308E00202DE9F84F3C4E3D4D98
:106F20003D4CDFF80891DFF80881DFF808B14FF039
:106F3000805A2368D3B100F01DFFF368DF68381D65
:106F400002F044FB2B68013B2B602368013B23606C
:106F500000F01AFF97F85130002B37D0012BE8D101
:106F60003846FEF769FA2368002BE4D12B4B1B68E7
:106F7000012B06D9CBF804A040BFBFF34F8FBFF35E
:106F80006F8F01F08DF8D9F8003033BBD8F800309E
:106F9000DB6A002BCDD1214B1B68012BC9D8204BBC
:106FA000204A1B6812689B1A012BC2D91E4A13681B
:106FB00001331360D9F80030BBB1D8F80030DB6A78
:106FC0000BB9164B1B68FFF7DFFEB2E7386BFEF715
:106FD00033FA3846FEF730FAABE7D8F80030DB6A10
:106FE000002BA6D10D4B1B68A3E7D8F80030DB6A55
:106FF000002BE8D1094B1B68012BE4D8084B18681B
:10700000084B1B68C01A0128DDD900F029FFDAE718
:10701000108F0020988E00209C8E0020348E00203F
:10702000DC8E0020248F0020A48E0020AC8E002057
:10703000288E002000ED00E0274B1B68002B40D17C
:10704000264A70B5264C13602268236812681B6BB1
:107050009A423AD9234D24492A689300981880000F
:107060000858E0B9561EB30098198000085830BB84
:10707000961EB30098198000085800BBD61EB300B6
:10708000981980000858D0B9161FB30098198000CD
:107090000858A0B9053A930098188000085813447E
:1070A0009B00CE1808337068406870600B449842AB
:1070B00004BF40687060C36823602A6070BD3246B8
:1070C000EDE7064B01221A607047206821683431D1
:1070D00001F0C0FDBEE700BFA48E0020288F002075
:1070E000288E0020AC8E0020348E002070B5174D05
:1070F0002B680C4603F1180102F04EFA144B1E687F
:107100002868043002F062FA631C17D02B68A419B7
:107110005C600BD20F4B18682968043102F03CFA0E
:107120000D4B1A68944238BF1C6070BD0B4B186839
:107130002968BDE87040043102F02EBA2968084879
:107140000431BDE8704002F017BA00BF288E00205D
:10715000248F00202C8E0020DC8E0020308E00201A
:10716000FC8E002070B5194D2B680C46164603F1B5
:10717000180102F001FA164B5EB11B682868043052
:1071800002F024FA296813480431BDE8704002F087
:10719000F3B91E682868043002F018FA2B68A419A5
:1071A0005C600BD20C4B18682968043102F0F4F9CA
:1071B0000A4B1A68944238BF1C6070BD084B1868AF
:1071C0002968BDE87040043102F0E6B9288E00203D
:1071D000248F0020FC8E00202C8E0020DC8E0020CE
:1071E000308E002038B5C368DC6804F118052846E5
:1071F00002F0ECF91A4B1B682BBB251D284602F048
:10720000E5F9184AE36A116817488B4288BF136092
:1072100003EB8303294600EB830002F0ADF9134B27
:10722000E26A1B68DB6A9A4282BF114B0120186038
:10723000104B1A68126898BF00204AB90E4B4FF0E5
:10724000FF321A6038BD29460C4802F095F9E6E78E
:107250001A68094BD268D26852681A6038BD00BFFC
:10726000A48E0020AC8E0020348E0020288E0020BA
:10727000288F00202C8E0020DC8E0020E48E002041
:1072800010B5044600F076FD044A054B12681B68F1
:10729000C4E90023BDE8104000F076BDE08E002078
:1072A000248F0020034A044B12681B68C0E90023A6
:1072B000704700BFE08E0020248F0020F8B50D46F7
:1072C000044600F057FD2B681649581C0A6813D075
:1072D000DFF854C0D4E90060DCF80070BE4201D091
:1072E00090421AD9121A93420BD800232B60012521
:1072F00000F04AFD2846F8BD002500F045FD28466F
:10730000F8BDDCF800009B1A0A682B60C4E9000293
:10731000002500F039FD2846F8BD012500F034FDB8
:107320002846F8BD248F0020E08E0020014B01226A
:107330001A607047288F0020084B186860B9084B06
:107340001B6853B9074A084B10681B68013B9842F9
:1073500014BF01200220704700207047E48E0020F7
:10736000288F0020FC8E0020988E0020014B18688A
:10737000704700BF288E0020054B1B6833B1054BBA
:107380001B68002B0CBF02200020704701207047B3
:10739000F88E0020A48E002018B3F8B51C4CC36AE8
:1073A0002268D26A934214D28269002A04DB2268DE
:1073B000D26AC2F105028261164D426903EB830372
:1073C00005EB83039A420DD02368DB6AC362012078
:1073D000F8BD2368406CDB6A98422CBF0020012076
:1073E000F8BD7047061D0746304602F0EFF82268E8
:1073F000094BD06A1A68F862904200D9186000EB15
:10740000800005EB8000314602F0B6F80120F8BD9F
:10741000288E0020348E0020AC8E002050B138B56C
:10742000C16A836C426C013B9142836400D01BB102
:10743000002038BD00207047051D0446284602F094
:10744000C5F80A4A636C1168E362C3F105008B4218
:10745000A061074888BF136003EB830300EB830040
:10746000294602F089F8012038BD00BFAC8E00200B
:10747000348E002048B1426CC36A914238BF114635
:107480008B4202D0826C012A00D07047826970B5AD
:10749000114DC162002A03EB83034269A8BFC1F109
:1074A000050105EB8303A8BF81619A4200D070BD3E
:1074B000061D0446304602F089F8084BE06A1A6857
:1074C000904288BF186000EB800005EB80003146D9
:1074D000BDE8704002F050B8348E0020AC8E002021
:1074E000044B1A681AB119688A6C01328A641868E8
:1074F000704700BF288E0020F8B5284C06460D4680
:1075000000F038FC2368DB6C23B92368012283F880
:107510005020ADB900F038FC00F02CFC2368DD6C85
:107520001DB123684EB96A1EDA642368002283F80D
:10753000502000F029FC2846F8BD0022DA64F4E768
:10754000174B1F682068043002F040F86B1C18D0FD
:107550002368ED195D601AD2124B18682168043156
:1075600002F01AF8104B1A68954238BF1D600F4B95
:107570004FF080525A6040BFBFF34F8FBFF36F8F01
:10758000C8E721680A48043101F0F6FFEFE7094B2C
:1075900018682168043101F0FFFFE8E7288E002019
:1075A000248F00202C8E0020DC8E002000ED00E0D7
:1075B000FC8E0020308E00202DE9F041314C1D461C
:1075C00080460F46164600F0D5FB236893F85030EE
:1075D000022B09D02268D36C23EA0803D364236802
:1075E000012283F85020B5B900F0CEFB00F0C2FBB9
:1075F00016B12368DB6C3360236893F85030022B9C
:107600002CD000252368002283F8502000F0BCFB1A
:107610002846BDE8F0811C4BD3F800802068043078
:1076200001F0D4FF6B1C20D0236815EB08055D60CA
:1076300021D2164B18682168043101F0ADFF144BBC
:107640001A68954238BF1D60124B4FF080525A6045
:1076500040BFBFF34F8FBFF36F8FC5E72268D36C76
:1076600023EA0707D7640125CCE721680A480431DB
:1076700001F082FFE8E7094B18682168043101F046
:107680008BFFE1E7288E0020248F00202C8E002025
:10769000DC8E002000ED00E0FC8E0020308E00200B
:1076A000F8B51E4604460F46154600F063FB0EB1C2
:1076B000E36C336094F8503002216A1EDBB284F828
:1076C0005010032A06D8DFE802F03C0C0402022B1B
:1076D00042D0E764012B0AD0012400F055FB20467C
:1076E000F8BDE26C012B02F10102E264F4D1251D28
:1076F000284601F06BFF194AE36A116818488B426B
:1077000088BF136003EB830300EB8300294601F07D
:1077100033FF144B1A681268BAB9134B4FF0FF329B
:107720001A60124BE26A1B68DB6A9A42D4D9104B8A
:107730004FF080525A6040BFBFF34F8FBFF36F8F3F
:10774000CAE7E26C1743E764C4E71A68064BD268DD
:10775000D26852681A60E4E70024BEE7AC8E0020CD
:10776000348E00202C8E0020DC8E0020288E0020FD
:1077700000ED00E0F8B5EFF31186402383F31188A4
:10778000022390F8502080F85030C36C012A03F196
:107790000103C36402D086F31188F8BD164B1B6841
:1077A0000D46044683B100F11801144801F0E4FECF
:1077B000134BE26A1B68DB6A9A42ECD9BDB1012324
:1077C0002B6086F31188F8BD071D384601F0FEFED8
:1077D0000C4AE36A11680C488B4288BF136003EBC4
:1077E0008303394600EB830001F0C6FEE0E7074B58
:1077F00001221A60CFE700BFA48E0020E48E002093
:10780000288E0020AC8E0020348E0020288F00208F
:1078100010B578B1044600F0ADFA94F85030022B60
:1078200005BF002384F850300024012400F0ACFA96
:10783000204610BD014B1C68EDE700BF288E0020DC
:107840002DE9F04FAD4EDFF8C482AD4D89B03368FD
:107850001C68002C00F08E80DB681C68FFF7EEF9D6
:10786000FFF7F4F9D8F80030984207465DD3844218
:10787000C8F8000040F20B810022E11B2868FEF7E7
:10788000C1FCFFF781FA88B99E4A4FF080535360DC
:1078900040BFBFF34F8FBFF36F8F07E0019B03998A
:1078A00020469847009B002B80F2388128680022F0
:1078B0006946FEF729F90028C9D0009B029C002BDD
:1078C000ECDB636913B1201D01F080FEFFF7BEF908
:1078D000D8F800309842814643D3009BC8F8009006
:1078E000092BE3D8012202FA03F313F4047F69D1D0
:1078F00013F0C70F40F0A1809B06D7D594F82C3029
:10790000002BD3D12046FDF797FDCFE7DB68DC687D
:10791000D3F800A004F10409484601F057FE636A59
:1079200020469847E369012B36D033681A68002A4D
:10793000ECD17549C8F800700A6832600B60FFF737
:1079400023FAB3E7DB68DF68D3F800B007F1040A75
:10795000504601F03BFE7B6A38469847FB69012B95
:1079600025D033681A68002AECD167490A6832606A
:107970000B60B2E7FFF762F9FFF768F9D8F800305B
:1079800083420746D1D8604BC8F800701B681A685C
:10799000B2FA82F2520970E7A36953449A45494604
:1079A00022D263602461306801F0F6FDBDE7BB6957
:1079B0005B449B45514627D27B603F61306801F0B4
:1079C000EBFDCEE7019B246103EB09024A45A3616D
:1079D00062602CD8002B3FF469AF4B4B211D186817
:1079E00001F0DAFD286862E72B68002B9DD00023A8
:1079F000CDE9043A0694FFF7BFFC00231A4604A918
:107A00002868FDF7CBFD90E72B68002BA9D0002359
:107A1000CDE9043B0697FFF7AFFC00231A4604A903
:107A20002868FDF7BBFD9CE74B4500D998B130684D
:107A3000211D01F0B1FD286839E7019BA26924618D
:107A400099182CBF0120002049456160ECD8A9EBB2
:107A500003039A42C1D8636A20469847E369012B21
:107A60007FF424AF019BA2692868134400283FF4E7
:107A70001EAF0022CDE904230694FFF77DFC00230E
:107A80001A4604A92868FDF789FD28680FE7FFF763
:107A90007BF93368DB68D3F80C9009F1040A50468F
:107AA00001F094FDD9F81C30012B04D0D9F8243012
:107AB00048469847FAE6D9F81830C9F81090E21805
:107AC000BA42C9F8042004D95146306801F064FD77
:107AD000ECE73F1BBB421BD82B68002BE6D00023F2
:107AE000CDE90434CDF81890FFF746FC00231A4680
:107AF00004A92868FDF752FDD8E700BF2C8F0020AD
:107B0000B091002000ED00E0308F00205C9100205B
:107B1000034B5146186801F03FFDC7E7029CD0E6D1
:107B2000308F0020F0B5204C89B000F023F9256893
:107B3000FDB100F029F92068C8B1002407AA06A900
:107B400005A8CDE9054401F097F8DDE905300221EB
:107B5000CDE90010079A0293144915482346FEF711
:107B6000BBFD144A0346001B18BF0120136009B077
:107B7000F0BD114F114E384601F0EEFC304601F0D9
:107B8000EBFC0F4A0F4900950F4B17600E600F4A30
:107B900010212020FDF75EFC20600028C9D00C4990
:107BA000FEF71EFBC5E700BFB0910020305905006D
:107BB00041780400B49100203491002048910020C5
:107BC0002C8F0020308F002060910020348F002007
:107BD000285905002DE9F04F804685B030200F462A
:107BE00016461D46FDF716FC0446A8B1DFF888903E
:107BF00000F0C0F8D9F8003093B100F0C5F80E9B42
:107C00006362C4F80080C4E906762562201D01F095
:107C1000AFFC002384F82C30204605B0BDE8F08F7F
:107C2000DFF858B0DFF858A00393584601F094FCF1
:107C3000504601F091FC0B4A0B49039B0093202016
:107C4000C2F800B0C1F800A0084B094A1021FDF7A6
:107C500001FCC9F800000028CFD00649FEF7C0FAA1
:107C6000CBE700BF2C8F0020308F002060910020D8
:107C7000348F002028590500B09100203491002055
:107C80004891002030B5144D2C6885B0C4B1052949
:107C9000CDE9001202900BDCFFF76EFB022812D038
:107CA000002328681A466946FDF778FC05B030BD08
:107CB0001A46204600236946FDF780FE05B030BD18
:107CC000204605B030BD2868089A00236946FDF7B4
:107CD00065FC05B030BD00BFB091002010B5044672
:107CE00000F048F86469003418BF012400F04CF833
:107CF000204610BD402383F31188FEE730B46FF0B7
:107D000002034FF08075074C40F8045C40F80C4CBF
:107D100040F8081C40F8202C40F8243C30BC443883
:107D2000704700BFF57C04000F4C08B5E02384F8D1
:107D3000223000F077F80D4B0D4A00211960D4F87D
:107D4000883043F47003C4F88830536843F04043EC
:107D50005360236943F01003236100F04FF940237F
:107D600083F31188FEE700BF00ED00E0B89100202A
:107D700030EF00E0402383F31188024A1368013397
:107D800013607047B8910020034A1368013B1360E9
:107D90000BB983F311887047B891002041DF704719
:107DA00012DF704770B51B4B00251D6082B01B6849
:107DB0000193019BEFF31186402383F31188164A48
:107DC000164BD2F804451D601B680093009BFEF71C
:107DD0003DFF241A24F07F44012C0DD844B1FEF756
:107DE00043FF054625B10E4B4FF080525A6040BF0D
:107DF00086F3118802B070BDFFF7BEFA0228EED1FB
:107E0000013CFEF731FF013C631C45EA0005F8D157
:107E1000E8E700BF4011014000100140001101409F
:107E200000ED00E00B4B0C4930B41F200B4DC3F8A4
:107E3000080501220224E020C3F804232A601A6006
:107E4000C3F8444381F811034FF400330B6030BC96
:107E5000704700BF0010014000E100E00810014041
:107E60002DE9F041804684B0EFF3108272B6584C91
:107E7000A36883B9574B58480121A160D3F88010FB
:107E800001402160C3F88000D3F8841061604FF096
:107E9000FF31C3F8841002B962B6504ED6F80475AB
:107EA000FFF74AFA00283DD04D4A4E49424528BFC7
:107EB0004246BB1823F07F4301200025C6F8080383
:107EC000C6F840350D600B6801934FF4803301997B
:107ED000C6F80433BFF34F8FB8F1000F54D13F4BB6
:107EE000404D41494FF48030C3F80803002028601A
:107EF0002D680395039D086009680291012102988D
:107F0000C3F80413D3F804353249DB1B23F07F4553
:107F1000954228BF15464FF40033012DC1F880313A
:107F200011D827D0A3685BB1EFF3108372B6294A4A
:107F300021681160616851600022A26003B962B6D5
:107F400004B0BDE8F081681EFEF786FE274BDB68B3
:107F5000DA010FD5264A1368DB070BD5254B51688C
:107F600003FB05F5A5F57425A5F51075AD0A01EB24
:107F700085155560FEF778FE0028D3D01E4B4FF0D4
:107F800080525A6040BFCDE7F1EE103A23F09F03D4
:107F9000E1EE103AF1EE103A0E4B04A84FF4806176
:107FA0004026C3F88461C3F8841100F8045DFFF72C
:107FB000F7FE9DF80C1039B920BFD3F80001D3F8B3
:107FC00004110143F8D08AE7FFF7E8FE87E700BF16
:107FD000249C002000E100E0FC06FFBD00100140F1
:107FE000FDFFFF004011014000110140F0ED00E0F5
:107FF000001000E040420F0000ED00E0074800687C
:1080000080F3088862B661B6BFF34F8FBFF36F8FFE
:108010004FF0E00080F3118800DF00BF0060020035
:10802000064B19680868B0E8F04F80F30988BFF381
:108030006F8F4FF0000080F311887047288E00206A
:10804000EFF30980BFF36F8F144B1A681EF0100F07
:1080500008BF20ED108A20E9F04F10604DF8043D74
:108060004FF0400080F31188BFF34F8FBFF36F8F45
:10807000FEF7E2FF4FF0000080F3118808BC19689A
:108080000868B0E8F04F1EF0100F08BFB0EC108A7F
:1080900080F30988BFF36F8F704700BF288E0020E0
:1080A000704700BF002942D0931E222B3FD8F0B565
:1080B0000A2A8BB035D04FF0000E01AF3B4688B195
:1080C000B0FBF2F602FB16055FFA85FC092D0CF1F8
:1080D000570498BF0CF13004E4B2304603F8014B6A
:1080E0000028EDD1302201E003F8012BBB42FBD088
:1080F000BEF1000F11D10D46BB4209D9681E1A46C8
:1081000012F8014D00F8014FBA42F9D19B1A1D44F3
:10811000002308462B700BB0F0BD2D220A704D1CB9
:10812000EAE70028C7DA40424FF0010EC5E7002019
:10813000704700BF0A490B4A0B4B9B1A03DD043BF7
:10814000C858D050FBDC094809494FF0AD320260F5
:1081500004300439FBD100F08FFCDEF779F8000021
:1081600048800500006000207C63002000F80320A8
:1081700000080000FEE7FEE7FEE7FEE7FEE7FEE799
:10818000FEE7FEE7FEE7FEE708B50020DEF79AF817
:10819000E9F73EFF0E4B43B10E4B7BB1E9F748FFC9
:1081A00000F048FDAFF30080F8E7E9F741FF00F089
:1081B00041FDE9F73DFF00F03DFDF6E7E9F738FF47
:1081C00000F038FDE9F734FF00F034FDF6E700BFBA
:1081D000000000000000000000B583B000F0E8FEE1
:1081E000F2F776FD0E4B019301234FF480620D49A7
:1081F00000930D480023FEF7D9FA4FF4407000F0C9
:1082000039FEFEF7B5FCBFF34F8F0849084BCA682B
:1082100002F4E0621343CB60BFF34F8F00BFFDE772
:10822000BC910020385905008981040000ED00E070
:108230000400FA05014B1868FEF7A2BBBC910020B0
:1082400038B507480C461546DEF7C6F900B938BD03
:108250002A4621460248BDE83840DEF795B800BFFF
:1082600098630020FDF78AB8FDF7A2B8084A0949CB
:1082700008B513681844884202D81060184608BD33
:1082800008F0CAFE0C2303604FF0FF33184608BD08
:108290006861002000F80320114B1A78EAB90178D0
:1082A000104810B40A464FF0804402F00102C1F3B6
:1082B0004001C4F88015C4F878250268D20706D4B6
:1082C000E021012280F80013C0F880210260012221
:1082D00005481A705DF8044B70470448704700BFAA
:1082E000209C002000E100E00000AD0B0C00AD0B75
:1082F0000C4B012230B4C3F88020BFF34F8FBFF383
:108300006F8F094C094D0A490A4A00234FF08040FB
:1083100023604FF460742B60C0F808430B60137047
:1083200030BC704700E100E0C0910020C491002003
:10833000C8910020209C00200268074B4FF080402D
:1083400010B400214FF46074C0F80843196002B102
:108350001A605DF8044B7047C89100204FF08043CD
:108360004FF46072C3F80423704700BF4FF080439E
:108370004FF46072C3F80823704700BF4FF080418C
:10838000034B4FF460700022C1F808031A60704775
:10839000C891002010B54FF0804386B0D3F8044355
:1083A000620705D5D3F8082103F58473002A4ED15E
:1083B000A30603D52A4B1A68002A3FD1600603D5CD
:1083C000284B1A68002A2FD1210602D5264B1A689D
:1083D0000ABBE20502D5254B1A6892B9A3050ED552
:1083E000234B1A685AB100221A601A68214B059271
:1083F000059A1B68022006B0BDE81040184706B079
:1084000010BD00221A601B4A1B68049301201368E8
:10841000049A9847E2E700201860164A1B68039305
:108420001368039A9847D4E700221A60124A1B681F
:10843000029301201368029A9847C5E7002018604C
:108440000D4A1B6801931368019A9847B6E700220A
:108450001A600A4A1B6800931368009A9847A7E7B6
:1084600014010040180100401C01004020010040A0
:1084700024010040C8910020C4910020C091002038
:108480002DE9F04F04799D4DE6003719BF0005EB4B
:10849000070E83B09EF81CC0BCF1000F40F0E580D1
:1084A00091F80CC00068EA51CEF80430BCF1010F1D
:1084B0000B7840F2DE801F2B87BF03F01F08DFF828
:1084C00040E298464FF0A04E012707FA08F7CEF891
:1084D00008751F2B8BBF03F01F071F46DFF820E234
:1084E0004FF0A04E07F5E0774FF001084EF82780D7
:1084F0004F78FF2F00F0E9801F2F8ABF07F01F0978
:10850000B946DFF8FC81009798BF4FF0A04809F505
:10851000E07A4FF0010E0EFA09FE4FF00309C8F899
:108520000CE548F82A9091F802E0BEF1FF0F00F048
:10853000D580BEF11F0F91F80EA088BFDFF8C0B143
:10854000CDF804E08EBF0EF01F08F0464FF0A04BB0
:1085500008F5E0784FEA8A0A4BF828A006EB0408F1
:1085600005EB880888F820E091F803E088F81FE020
:10857000BEF1FF0F2AD091F80490F046B9F1000F38
:1085800040F08680BEF11F0F87BF0EF01F0B5C4FBF
:10859000F3464FF0A0474FF0010A0AFA0BFAC7F86A
:1085A00008A5BEF11F0F86BF0EF01F08DFF850A10F
:1085B0004FF0A04A08F5E07806EB040E4FF0030BED
:1085C00005EB8E0E4AF828B08EF81E9091F80DE05B
:1085D000C0F80835009BD1F80880C0F80C351EF1B2
:1085E000000318BF0123019FC0F81075BCF1020FF2
:1085F000C0F824857FD0BCF1030F79D0BCF1010F06
:1086000056D0C0F854358B79C0F8C035002A58D000
:1086100040220723C0F80423C0F800354A79000B34
:1086200043B25201002BD1B2C0B25BDB5A099200B7
:1086300002F1604203F16043012702F5614203F554
:10864000614300F01F0007FA00F083F80013C2F83E
:1086500080011060344405EB84052A480022012380
:108660006A772B7703B0BDE8F08F274803B0BDE8E9
:10867000F08F1F2B87BF03F01F08DFF884E09846B8
:108680004FF0A04E012707FA08F7CEF80C7520E747
:10869000BEF11F0F87BF0EF01F0B194FF3464FF0AF
:1086A000A0474FF0010A0AFA0BFAC7F80CA578E7C1
:1086B00043F00203C0F854358B79C0F8C035002A66
:1086C000A6D10723C0F80035C4E791F802E04FF0C7
:1086D000FF37BEF1FF0F00977FF42BAF4FF0FF374E
:1086E00001973BE7094B00F00F0003441976B1E70F
:1086F00043F0060385E743F0040382E7CC910020B2
:10870000000300500000AD0B0500AD0BFCEC00E0D9
:10871000F0B40479294A0368E1000D19AD005659F7
:10872000EEB11F0B7EB2002E11DB7609203601233D
:10873000DFF89CC007F01F0703FA07F74CF8267014
:10874000BFF34F8FBFF36F8F555903683DB10819C1
:1087500002EB80001A4DC3F80853407F10BB081984
:1087600002EB800090F82000FF280BD01F288ABF62
:1087700000F01F004FF0A045124D00F5E0700226FA
:1087800045F82060104800258342C3F8005502D107
:108790000E4B01201860214402EB81020023137765
:1087A000F0BC704701205861D3F804010028FBD0C9
:1087B000081902EB800000254577D0E7CC91002016
:1087C000520108000003005000F0024004F0024093
:1087D00000E100E02DE9F04F0479644F4FEAC40C4A
:1087E0000CEB04039B008646F8180E46417F83B0CD
:1087F000002940F0918057F803909046B9F1000F9E
:1088000004D012F0140F04BF012343770CEB0405CE
:1088100007EB850596E80F0095F81FA005F10C0BF6
:10882000BAF1FF0F8BE80F0010D0AA7F5346002A41
:1088300076D0BAF11F0F86BF0AF01F034C494FF0E4
:10884000A041012202FA03F3C1F8083532686AB187
:1088500002F06043B3F1005F08D0644407EB840783
:10886000002344487B7703B0BDE8F08FB16821B1A5
:1088700001F06043B3F1005FEFD1DEF800307568BE
:10888000F068C3F844250022C3F84855C3F83415EE
:10889000C3F83805C3F81821D3F818210192019ABA
:1088A00018F0010218BF0122C3F8502518F0020287
:1088B00018BF012218F0080FC3F8402504BF012299
:1088C0001A61B9F1000F0BD02B48402218F0040FA9
:1088D00014BFC3F80823C3F8042303B0BDE8F08F26
:1088E000D3F81821002AFBD0BAF1FF0F2CD0644432
:1088F00007EB8407BB7F4BB3BAF11F0F84BF0AF0AD
:108900001F0A1B4A1C4898BF4FF0A042012303FADC
:108910000AF3C2F80C35A6E7184803B0BDE8F08F9B
:10892000BAF11F0F4FF0010288BF0AF01F0302FACD
:1089300003F388BF0E49326898BF4FF0A041C1F8D9
:108940000C35002A84D191E70B488CE7BAF11F0F50
:1089500084BF0AF01F0A064A074898BF4FF0A0429A
:10896000012303FA0AF3C2F808357CE7CC91002012
:10897000000300500A00AD0B0000AD0B0B00AD0B67
:10898000194BD3F8182102B970470021174AC3F8D0
:108990001811D3F81811D37F82B0FF2B01910199E0
:1089A0000DD0917F99B11F2B86BF03F01F03104894
:1089B0004FF0A040012101FA03F3C0F80C35002369
:1089C00053771372D2E900310A4802B018471F2BBF
:1089D00086BF03F01F0306484FF0A040012101FAB3
:1089E00003F3C0F80835EAE700300240CC910020DC
:1089F00000030050D49100201B4BD3F8182102B97A
:108A000070470021194AC3F81811D3F8181192F8C9
:108A1000433082B0FF2B019101990ED092F84210A1
:108A2000A9B11F2B86BF03F01F0311484FF0A040D0
:108A3000012101FA03F3C0F80C35002382F841301C
:108A400082F82C30D2E909310A4802B018471F2BAE
:108A500086BF03F01F0306484FF0A040012101FA32
:108A600003F3C0F80835E8E700F00240CC9100209D
:108A700000030050F8910020604B1B6830B45C1C70
:108A800037D05F4A082B126800F08F805B4B5C4A3E
:108A90001B681268082B15D0591C23D0584A12683D
:108AA000082B12D0574AD2F8883043F47003C2F82A
:108AB0008830BFF34F8FBFF36F8F534B534A1A6009
:108AC00030BC7047002A00F08280032AEAD84FF0B9
:108AD0008043D3F80024D20744BF6FF00102C3F8EB
:108AE0000024DFE74A4A4B4B12681B78C2F303129B
:108AF000D6E7484A464B12781B68082AC3F303138B
:108B000001D1032B53D9424A424B12681B78C2F35E
:108B10000312082BBAD1032AB8D84FF080523E4B2B
:108B2000D2F80414C3F82015D2F80814C3F8241599
:108B3000D2F80C14C3F82815D2F81014C3F82C1569
:108B4000D2F81414C3F83015D2F81814C3F8341539
:108B5000D2F81C14C3F84015D2F82014C3F84415F9
:108B6000D2F82414C3F84815D2F82814C3F84C15C9
:108B7000D2F82C14C3F85015D2F83014C3F8541599
:108B8000D2F83414C3F86015D2F83814C3F8641559
:108B9000D2F83C14C3F86815D2F84014C3F86C1529
:108BA000D2F84424C3F8702570E7032A0CD8134B7D
:108BB0001B684FF080420021581CC2F80C11C2F80B
:108BC0001011C2F838159ED00D4A1268A1E7134C57
:108BD0001349144D25601448144AFB24C1F8184564
:108BE00001681268124C21F00F0102F00F020A43D3
:108BF0004FF400710260216050E700BF30010010A7
:108C00003401001000ED00E06C6100200090D00302
:108C1000E80F00F0E00F00F000C000408C5600406C
:108C200000F0004048810300E40E004058020010AC
:108C30004096024008B5DDF74BFB054B4FF08052E4
:108C40005A6040BFBFF34F8FBFF36F8F08BD00BFA7
:108C500000ED00E0704700BF704700BF044B0360A9
:108C600010B46423034C0C6013605DF8044B704730
:108C70001492002068920020054B036010B44FF45A
:108C80008073044C0C6013605DF8044B704700BFA8
:108C9000F89300204C94002070B51F4C84B04FF026
:108CA000FF3203A92068FCF72FFF0028F7D00398B4
:108CB000037A4568052B0DD8DFE803F0272A221C2C
:108CC0001503D0E90361D0E90523C069009030465F
:108CD000A847039803681BB11846FCF769FB039883
:108CE000FCF766FBDBE7D0E90523D0E90301A847E1
:108CF0000398EFE7D0E90412C068A8470398E9E7B2
:108D0000D0E90301A8470398E4E7A8470398E1E7FF
:108D1000C068A8470398DDE7509800202DE9F0438C
:108D20002D4B2E4C5B6885B0C3F30803019001AF57
:108D30002068002B44D0002339461A46FCF73EFE3B
:108D400001283AD0DFF89880D8F8000000224000CF
:108D50000421FCF7AFFB064678B3DFF88890D9F81A
:108D60000000FDF70DFEFFF705F802E03046FCF7C6
:108D700015FC002203A92068FCF7C6FE0023054667
:108D8000642203A90028F1D12068FDF705FA2660C6
:108D9000FEF7FAFFD9F80000FDF7A4FED8F800307E
:108DA0000D4A20685B00C8F800305368C3F308031D
:108DB000394653B96422FCF7F1FB05B0BDE8F083F6
:108DC00039466422FCF7EAFBBAE72B462A46FCF751
:108DD000F5FD05B0BDE8F08300ED00E050980020FF
:108DE0004C980020549800202DE9F8439DF820501D
:108DF00006460F4691469846CDB1A8000C30FCF7C8
:108E0000BDFA044688B10023C0F8049005720360DF
:108E100006B177B92DB1AA00414604F10C0008F063
:108E200080F92046FFF77AFF0120BDE8F883102083
:108E3000E5E73846FCF7A2FA81462060A0B13A4641
:108E4000314608F06EF9002DEBD0691EC9B208EB6F
:108E50008101A8F1040353F8042FB24208BFC3F8FC
:108E600000909942F7D1D6E72046FCF7A1FA484690
:108E7000DBE700BF30B540230B4D83B00446002232
:108E8000184604212B60FCF715FB084B08491860B5
:108E90000223CDE90031A2B2002306490648FDF7BE
:108EA00085FC03B030BD00BF4C98002050980020D6
:108EB0005498002040590500998C04001A4B1978E9
:108EC00069BB70B54FF4405382B01B78102B1AD990
:108ED00043F21002142B126823D943F21401134BEE
:108EE0000C68134D1348A3FB04139B0CA5FB0461F2
:108EF00000FB134089094FF47A76A5FB005006FB6E
:108F00001141800902E008460B460A46CDE90001FE
:108F10000949054808F0DEFF034802B070BD024869
:108F2000704708460B46F1E75898002083DE1B4344
:108F3000D34D621040420F004C59050008B5064859
:108F4000037833B94FF0805304495A6E1B6E08F012
:108F5000C1FF014808BD00BF789800206059050096
:108F600011DF704708B50446FFF7FAFF0D4B4FF0CD
:108F700080414FF0FF32C3F88020C3F88021C3F84E
:108F80008420C3F88421C1F81C45BFF34F8F0649E4
:108F9000064BCA6802F4E0621343CB60BFF34F8F05
:108FA00000BFFDE700E100E000ED00E00400FA058D
:108FB0004FF08043194AD3F80014194830B41160B7
:108FC000D3F80054D3F80024164C17492A43C3F8A9
:108FD0000024D4F840250260002401224FF4003020
:108FE000C3F818459A60C1F88000BFF34F8FBFF3F4
:108FF0006F8F0E4C03F588334FF0A0454FF480304F
:109000004FF0FF31C3F84803C3F808035A609A6071
:10901000C5F80815C4F8081530BC70478C980020B6
:109020009098002000A0004000E100E00003005004
:1090300008B54E20FFF796FF014B1860704700BF40
:109040007061002002381549042822D8DFE800F0BA
:10905000090F151B0300124B0120022208601A6041
:1090600070470F4B0020012208601A6070470C4BBC
:109070000020022208601A607047094B002003227A
:1090800008601A607047064B0020042208601A60CE
:109090007047034A00230B60136070479C980020C0
:1090A00098980020234A01230828137035D00BD943
:1090B00040282DD012D810281FD0202837D11E4B81
:1090C0000522C3F8F425704702282BD01AD30428B0
:1090D0002CD1194B0222C3F8F4257047802807D001
:1090E000B0F5807F24D1144B0822C3F8F4257047D3
:1090F000114B0722C3F8F42570470F4B0422C3F825
:10910000F42570470C4900231370C1F8F4357047FB
:10911000094B0622C3F8F4257047074B0322C3F816
:10912000F4257047044AC2F8F43570477047704719
:10913000704700BF94980020007000400538232835
:1091400027D8DFE800F016262626261A2626262609
:109150001E262626262226262626262626262626BB
:10916000262626262626262626120C4B05221A609F
:1091700070470A4B01221A607047084B02221A609E
:109180007047064B03221A607047044B04221A6092
:109190007047024B00221A60704700BFA098002061
:1091A000252819D8F0B4614B53F82030023B82B027
:1091B0001D2B00F2B980DFE803F011A4A6A8B7B711
:1091C000B7B7B7B7B7B7B7B7B7B7B7B7B7B7B7B72F
:1091D000B7B7B7B7AAACAEB0002070470127544B61
:1091E0001C680023082CADF8063040F398800A2C48
:1091F00040F397800D2CB5BF0C250E2502230323C9
:109200004C494D4AC1F8F03501260023DFF834C13E
:109210004A48C1F80065C1F81435C1F81035C2F8E4
:109220001435C2F81035C2F82435C2F82035C2F81A
:109230003435C2F83035C2F84435C2F84035C2F88A
:109240005435C2F85035C2F86435C2F86035C2F8FA
:109250007435C2F870353A4ADCF80030006812689C
:10926000DFF8E4C01B02000300F4805003F4E06365
:109270001204034302F4E0229CF80000134343EA83
:1092800000630DF10602C1F818350846C1F81475DF
:10929000C1F81075C1F82C26C1F830660E60D0F800
:1092A0000031002BFBD000210123224AC0F800111D
:1092B0004360D2F80431002BFBD0002001231D496C
:1092C000C2F804019360D1F81431002BFBD00023C5
:1092D000C1F81431BDF80620120448BFADF80630BD
:1092E000144B0022C3F80025BDF80600AC4200B2C2
:1092F00004D035BF2C1B641BE040A04002B0F0BC82
:10930000704702276BE7032769E7042767E705270C
:1093100065E7062763E7072761E708275FE7082572
:109320006EE70A2501236BE70020E7E76C53050091
:109330007061002000700040107000409C98002078
:10934000A09800209898002094980020094B0121B3
:109350000020C3F800151A46C3F81001D960D2F8EE
:109360001031002BFBD00023C2F81031C2F80035B9
:10937000704700BF0070004025281BD83C4B53F8B5
:1093800020301F2B86BF03F01F033A4A4FF0A04244
:109390000E290FD8DFE801F0655F59534D4740397A
:1093A000322B241D160F080003F5E07340F2037101
:1093B00042F82310704703F5E07340F2036142F86E
:1093C0002310704703F5E07340F2035142F8231075
:1093D000704703F5E07340F2034142F823107047F1
:1093E00003F5E07340F2033142F82310704703F5B0
:1093F000E07340F2032142F82310704703F5E07355
:1094000040F2031142F82310704703F5E0734FF464
:10941000403142F82310704703F5E0734FF40031F8
:1094200042F82310704703F5E073134942F8231004
:10943000704703F5E073114942F82310704703F5B4
:10944000E073042142F82310704703F5E0730C2108
:1094500042F82310704703F5E073032142F823100C
:10946000704703F5E073002142F82310704700BFF6
:109470006C53050000030050040002000C000300C0
:10948000252811D80A4B53F820301F2B88BF03F032
:109490001F034FF001028CBF06484FF0A04002FAB4
:1094A00003F311B1C0F808357047C0F80C357047A8
:1094B0006C53050000030050252800D970470E4B5F
:1094C00053F820101F298ABF0C4A4FF0A04201F028
:1094D0001F01D2F8140501238B40034214BFD2F8B8
:1094E0000415D2F810150B4202D1C2F808357047A6
:1094F000C2F80C35704700BF6C53050000030050E4
:1095000025280DD8074B53F820201F2A86BF02F0CC
:109510001F0205494FF0A04101239340C1F80835CF
:10952000704700BF6C5305000003005025280DD87C
:10953000074B53F820201F2A86BF02F01F0205495F
:109540004FF0A04101239340C1F80C35704700BF94
:109550006C5305000003005000F108034FF0FF3189
:109560000022816002604360C0E90333704700BF9E
:1095700000230361704700BF4368026810B49C6811
:109580008C609C684B600132616099605DF8044BAF
:1095900008610260704700BF30B40D686B1C11D0C9
:1095A00000F1080200E01A4653681C68AC42FAD980
:1095B00004684B60013499608A60516008610460FE
:1095C00030BC704702695368F2E700BF42688168A7
:1095D000036910B4916081685C684A601A688442CB
:1095E00008BF5960013A002101611A6018685DF8EE
:1095F000044B704738B590F8E8500DB1284638BD97
:10960000012380F8E830044601F024FE0028F5D15B
:109610002046BDE8384000F0AFB800BF10B5044C9C
:10962000204600F0A5F8002384F8E83010BD00BF04
:10963000A498002003680A689A4201D0002070476D
:1096400070B5054684B04FF453700C46FBF796FE98
:109650000646A8B10C4800F0ADF8211D00242A6888
:1096600000912B1D02940949019601F08DFC0446DE
:109670003046FBF79DFEB4FA84F0400904B070BD9B
:10968000002004B070BD00BFA4980020659D0400B8
:10969000F0B585B006464FF453700D461746039358
:1096A000FBF76CFE78B1044600903A46281D311D48
:1096B00003AB01F0E7FC05462046FBF779FE15B940
:1096C000039805B0F0BD002005B0F0BD0022026097
:1096D000704700BF10B50446084601F045FD206004
:1096E000003018BF012010BD00220260704700BF8B
:1096F00010B50446084601F037FD2060003018BF61
:10970000012010BD00230360704700BF00B583B087
:1097100002AB043043F8042D0A46042101F0AEFBED
:1097200018B9019803B05DF804FB002003B05DF8A0
:1097300004FB00BFF0B5054683B04FF463700E46DE
:109740001746FBF71BFE044678B1019055F8040B51
:1097500000953A463146012301F0CCFA05462046F1
:10976000FBF726FEB5FA85F0400903B0F0BD00BF57
:10977000002280F8E420704770B590F8E4400CB106
:10978000204670BD012380F8E43005464FF4BF50F9
:10979000FBF7F4FD06460028F2D03146284600F0DB
:1097A000CDFC0446B4FA84F430466409FBF700FEAD
:1097B000204670BD704700BFF0B5054699B01F4602
:1097C00000230E46144605A819460322D5F8D050AA
:1097D00001F062F938BB0146AD00082303AA05A8D1
:1097E000CDE9034501F098F9E8B9611905A801F040
:1097F000B7F9C0B937B923461022314605A801F0A0
:10980000C7F980B905F1100302A901910094194626
:10981000324605A8029301F0F9F9044B002818BF5D
:10982000184619B0F0BD014819B0F0BD360CF00073
:109830002DE9F04F864C80469E460F4694460FCC4D
:10984000B7B00DF11C0A55460FC594E80F0004F19E
:10985000100685E80F000FCE0FAD0FC596E80F007C
:10986000303485E80F000FCC17AD0FC50FCC0FC5F6
:1098700094E80F00D8F8D040CDF80CE0042C85E82F
:109880000F0001D0082C6BD1409A231DB2EB830F3F
:109890004FEA830B03D06F4837B0BDE8F08F07EB7A
:1098A0000C019CFA8CF30CF118060CF109003B60DA
:1098B0009BFA8BF5802326F00F06321A7D60384420
:1098C0000B72002101F09CFD409B1B09ABF1100BBA
:1098D00000F0BB80042C47D0DDF80C90CDF808B028
:1098E0004B4617ADB1464FF0000823ACBB461E46B1
:1098F00024E0029FCDF814A0069701F00DF903466D
:109900002946204610353BBB01F02AF984464FF02A
:10991000100E4B465A4649462046BCF1000F1BD15B
:109920000DEB0E07CDE90067CDF810E001F06EF900
:10993000103688B9409BB8EB131F58D20023194644
:109940000222204601F0A8F8014608F10108082388
:1099500005AA20460029CCD03F4837B0BDE8F08F9B
:109960003E4837B0BDE8F08FDDF80C90CDF808B078
:1099700033460FAD4E464FF0000823ACBB46994628
:1099800026E0029FCDF814A0069701F0C5F8034623
:10999000294620461035002BDED101F0E1F884463F
:1099A0004FF0100E4B465A4649462046BCF1000F78
:1099B000D2D10DEB0E07CDE90067CDF810E001F034
:1099C00025F910360028C7D1409BB8EB131F0ED2E3
:1099D000002319460222204601F05EF8014608F1F4
:1099E0000108082305AA20460029CAD0B4E7DDF8FB
:1099F00008B0039D0023194601222046CDE9055BEE
:109A000001F04AF801460028A6D1082305AA2046FD
:109A100001F082F800289FD105EB0B01204601F0F0
:109A20009FF80146002897D1409A284601F0E8FCAB
:109A3000409B009540A901912A462046194601F015
:109A4000E5F800283FF428AF86E723ACD1E700BF54
:109A5000DC590500230CF000360CF000210CF0005E
:109A60002DE9F04F2DED028B164687B007321C46CC
:109A7000D308129D0393002800F0BC800F460029F4
:109A800000F0BF80002C54D0BDF80C10804620465A
:109A900000F0BCFF0228064640F2AA8003285DD1F0
:109AA0002378032B40F2A480039B681C591E0123DA
:109AB000019301F0A7FC019B0493019B76429AB2AB
:109AC00006F007064FF0FF0A4AFA06FA08EE102AD7
:109AD0005E1E4FF6FF72103B5FFA8AFA2E44029226
:109AE000059318EE101A2A464046B84700287DD143
:109AF00033780AEA03033370049B102B40D0BDF87F
:109B0000043022461946284600F0ACFE022852D006
:109B1000029B013B0293E4D13E4B039901932846FB
:109B200001F070FC019B184607B0BDEC028BBDE84C
:109B3000F08F99B22A461C46B84703460028ECD15C
:109B4000611E70076A5C42F080025CD16A54002397
:109B5000184607B0BDEC028BBDE8F08F039B00F107
:109B60000709A3EBD90105EBD90001F04BFC4FEA43
:109B7000D903B9F1870F019388BF102304939CE7A1
:109B8000059B05EB030904EB030B07E0002BB6D0A4
:109B9000B84758BB33780AEA0303337010231946D9
:109BA0005A46484600F05EFE0346022B4A464FF0F6
:109BB00010014046EAD1019B002BC8D0013DE918B5
:109BC000012315F8012F13448D422B704FEA2323F4
:109BD000F7D1019B013C2344022214F8011F0A44DF
:109BE0009C4222704FEA2222F7D1B0E7034694E765
:109BF000094B92E7094B184607B0BDEC028BBDE854
:109C0000F08F074B8FE7764206F0070632416A5421
:109C100089E700BF010CF000320CF000250CF000C9
:109C2000140CF0002DE9F0438FB0884607A91746C1
:109C3000044601F0A5FA054600284ED1D4F8D050CC
:109C4000042D01D0082D4ED1D4F8C4300C2B62D88D
:109C5000B8F1000F45D02E1D760106AA04ABCDE960
:109C60000032029707A905AB00222046059600F0B6
:109C7000DFFD00283CD1069B0498D4F8C42023F0D3
:109C80000303083304F1840918449200494601F0A3
:109C9000B3FBD4F8C400069A04992B1D9E0002EB76
:109CA000800200964B4620460692FFF7C1FD05460E
:109CB00050B9B8F1010F33D0034622464946204639
:109CC000FFF77AFDB0B105462046E42101F09AFB8A
:109CD00038464FF4BF5101F095FB28460FB0BDE860
:109CE000F0836E01B9E71B4D28460FB0BDE8F08345
:109CF000194DE9E7D4F8D430012243F00103C4F848
:109D0000D430C4F8CC2000234846C4F8C4304021E5
:109D100001F078FBDCE7114D28460FB0BDE8F08379
:109D20003146204601F06EFB2B462246494620462E
:109D3000FFF742FD0028C6D1D4F8D430084AC4F851
:109D4000CC8023F4803343F00103C4F8D430C4F84A
:109D5000DC20D8E7210CF000260CF000040CF00009
:109D6000CDAB23012DE9F04F9DB0002800F03B81E1
:109D70001646002A00F03D810D4621B98B46584613
:109D80001DB0BDE8F08FB14F04464FF0FF31386889
:109D900001F058FB002840F01981AD4BD4F8DC20CD
:109DA0009A4216D0DFF8B8B22946304601F02AFBB5
:109DB000D4F8C430002B40F00D81386801F05CFB12
:109DC0000028DCD0A34801F0EBFA58461DB0BDE8EE
:109DD000F08FD4F8D430DA0740F10E81D4F8CC30CB
:109DE000113300F20F81D4F8D080B8F1040F05D000
:109DF000B8F1080F02D0DFF86CB2D5E7D4F8C42070
:109E00000C2A00F2FC8004F14003029304F1840A5E
:109E1000002A00F0FD809200514604F1480001F054
:109E2000EBFAD4F8C420029908F104039B000093D4
:109E3000920053462046FFF7FBFC83460028B3D12F
:109E40000346224651462046FFF7B6FC83460028CB
:109E5000AAD104EB88090122D9F80C301BBA9B184F
:109E60001BBAC9F80C304FEA880B16D3D9F8083062
:109E70001BBA9B181BBAC9F808300ED3D9F80430A6
:109E80001BBA9B181BBAC9F8043006D354F8283003
:109E90001BBA13441BBA44F82830002309A81946FA
:109EA000032200F0F9FD002840F0AF8001460823AE
:109EB00007AA09A8CDE9074B00F02EFE002840F0C4
:109EC000A480494609A800F04BFE002840F09D8080
:109ED000614AD4F8D4301A4200F0A2802B0915F060
:109EE0000F0B049300F0998001330493CDF80CB06C
:109EF0005B469D420DD0EA1A11463046059201F0AC
:109F000081FA059A3346314609A800F041FE00283F
:109F10007BD104F1300B10220298594601F06CFA03
:109F20005846102101F06EFA102306A90191CDF8D0
:109F300000B009A85A461946069300F067FE0028AB
:109F400063D1039AA81A3044594601F055FAD4F85F
:109F5000D430DB0509D45A460298049B314600F000
:109F6000CBF9834600287FF41FAFD9F80C30049A50
:109F70001BBAD3181BBAC9F80C3017D3D9F808305C
:109F800001221BBA9B181BBAC9F808300ED3D9F8A6
:109F900004301BBA9B181BBAC9F8043006D354F816
:109FA00028301BBA13441BBA44F828305146012309
:109FB00022462046FFF700FC834600287FF4F4AEDB
:109FC000D4F8CC300133C4F8CC30F1E6234801F0AA
:109FD000E7F9E2E60023C4F8C43004F1840040212C
:109FE00001F010FAE9E6DFF880B058461DB0BDE890
:109FF000F08FDFF878B0C2E6DFF874B0D4E6DFF8AF
:10A0000074B0D1E6DFF870B0CEE6DFF870B0CBE622
:10A010005046402101F0F6F91BE71023039368E74F
:10A0200004F1300318461021039301F0EBF9039B70
:10A030001022194609A800F0ABFD0028E5D1D4F89C
:10A04000D43043F48033C4F8D43047E7309C002048
:10A05000CDAB230184590500000101006C590500B6
:10A060000E0CF000210CF000270CF000000CF000AA
:10A07000080CF000040CF000070CF000360CF000A7
:10A0800070B5002849D00D46002943D0244E04461F
:10A090004FF0FF31306801F0D5F990BB002001F09E
:10A0A00021FA50BB20462A460121FFF7BBFD04469A
:10A0B000012001F017FAB8B9306801F0DDF950B9A4
:10A0C000012001F00FFA08B9204670BD154801F0D3
:10A0D00067F9204670BD144801F062F9012001F0D3
:10A0E00001FA0028F0D0F1E70E4801F059F9306884
:10A0F00001F0C2F90028E3D0EDE70C4801F050F977
:10A10000D0E70B4801F04CF9002001F0EBF90028F2
:10A11000C8D0F2E7074C204670BD074C204670BD02
:10A12000409C0020BC590500845905009C5905003D
:10A130006C590500200CF000250CF00000284CD0D4
:10A14000F0B50D4689B0002938D00446E42101F06D
:10A1500059F901A9204601F013F810B1204809B0BF
:10A16000F0BD204F4FF0FF31386801F06BF980BB34
:10A17000002001F0B7F940BB01A92A46204600F0B3
:10A1800063FB0646012001F0ADF9D0B9386801F053
:10A1900073F978B9002EE1D12046E42101F032F9BB
:10A1A00029462046FFF76CFF0F4B002818BF1846C2
:10A1B00009B0F0BD0D4801F0F3F8EBE70C4809B029
:10A1C000F0BD0C4801F0ECF8E0E70B4801F0E8F8CE
:10A1D000D2E70A4801F0E4F8CAE70948704700BF2F
:10A1E000110CF000409C0020120CF0008459050076
:10A1F000200CF000BC5905009C5905006C59050065
:10A20000250CF00030B4029D4DB1064D941EAC42B9
:10A2100002D830BCFFF724BC034830BC7047034869
:10A2200030BC7047FDFF0700310CF000300CF0002F
:10A2300038B504464FF4806001F040F9054D0648FA
:10A240000649074A00232B6003600B6823601360F4
:10A2500038BD00BFC8B102502CB1025004B1025049
:10A2600008B102500138072805D8DFE800F00A0ECF
:10A27000041204040406094870478B698B600020AF
:10A280007047CB688B60002070470B698B600020A3
:10A2900070474B698B600020704700BF310CF100A4
:10A2A0000B6802E0082B0B6006D8426813424FEAA5
:10A2B0004303F7D00020704700487047310CF1008D
:10A2C000084B094A002119601368002BFCD107488C
:10A2D0000749084A03604FF480604FF0FF3308607D
:10A2E000136070472CB1025010B90250C4B1025033
:10A2F00008BA025008B10250012BF8B516461CD01E
:10A3000010221D460C4601F05FF8E0B1AF1E314649
:10A3100004EB0710102201F057F8A0B1022D0ADD5E
:10A320000025204610342146102201F04DF8013559
:10A3300048B1BD42F5D10020F8BD1146102201F010
:10A3400043F80028F7D10148F8BD00BF020CF00027
:10A35000002877D0F8B50C46002971D01D46002B97
:10A360006ED0064622B1012200232A60C0F8D83000
:10A370002B68002B62D029462046FFF791FF00286A
:10A380005BD128682146FFF76DFF002855D1364B79
:10A390003649374A01271F609C460F60CCF8007091
:10A3A000A368136011688B42F8D1324F3249334AA7
:10A3B000334B4FF0000CC7F800C004270F600A2190
:10A3C00011606FF03A021A60079B012B4FF0805327
:10A3D0003AD0D3F8002C013243D0D3F8002C294BCB
:10A3E000A3FB02321209A368274C2849284F03FB1C
:10A3F00002F303EB4303DB039B092360254B2C682B
:10A400000C601A60069A244C3A604FF48062226015
:10A4100001224FF0FF3441F8C44C43F80C2CD6F81D
:10A42000D8302A6823F07F4343EA0263C6F8D83065
:10A430002A6843EA0223C6F8D830F8BD1748F8BDA9
:10A440001748F8BD16487047D3F80C2C013206D0D7
:10A45000D3F80C2C0B4BA3FB0232FA40C3E71622B5
:10A46000C1E70622BFE700BFC4B1025040B10250AD
:10A4700030B102502CB102500CB1025038B1025030
:10A4800000B10250ABAAAAAAD8B10250CCB1025076
:10A49000D0B10250D4B1025008BA0250310CF100D0
:10A4A000350CF100F0B4C900002401F1FF3C264650
:10A4B000274606E09F4216D00126654519D82C464E
:10A4C0001F46630904F01F0150F823301F2923FAA7
:10A4D00001F304F1010518BF03F00103002CE9D1D9
:10A4E00001263546EBE701369642E6D10248F0BC3C
:10A4F00070470020F0BC7047360CF100002861D096
:10A500002DE9F0414C1EB4F5047F27D233B32AB3B2
:10A51000CD00012B05F1FF3E30D000218C460F46C7
:10A520000E4603F1FF384C0901F01F0550F8244096
:10A530001F2D24FA05F418BF04F0010421B90126E7
:10A54000B44631462746EEE7B34213D0A74201D1C5
:10A550000CF1010C464504D1624502D21A48BDE80F
:10A56000F0813C4601318E4506F10106EAD2002019
:10A57000BDE8F08100264FF0010CF3E70026B44659
:10A5800037463446610904F01F0350F821101F2B91
:10A5900021FA03F118BF01F001013CB15FB98C450C
:10A5A00001D0614608E00136614605E001263446E7
:10A5B0008C460127E6E73E46B242CFD30134AC4297
:10A5C000F6D1D4E700487047370CF1002DE9F04F81
:10A5D00089B01D46149BDDF84CA004460E46174674
:10A5E0004BB94FF08053D3F8002C013200F0A98012
:10A5F000D3F800BC08E04FF08053D3F80C2C0132A4
:10A6000000F0A280D3F80CBC7C480AF5C1622A6035
:10A61000129A00234FF0FF31136000F013FF00285F
:10A6200040F08680764A774B774910600432196093
:10A6300013680693069BD907FAD5714A714B00211E
:10A6400011601B680793043213680793079BDB07AD
:10A65000FAD56C4B6D4A1B680793DDF81C901368A4
:10A660000793079BD807FAD5644800F005FF002838
:10A670005AD1654B994540F0B680D4F8D43013F4E4
:10A6800000790ED1D90512D52B68129A1B68136078
:10A690003BB1D4F8D4309B055BD5484609B0BDE842
:10A6A000F08FDFF87C91484609B0BDE8F08F002FAD
:10A6B00000F08780564A574B1168B2681B689A426F
:10A6C00045D10A2943D194F8DB3005930AF5C26AD3
:10A6D000042500274FF0805804A8FFF7A9FD04982F
:10A6E000820602D510F01A0039D0D4F8D810059A95
:10A6F0000B0A03F47F030B4323F07F43082AC4F8BB
:10A70000D83077D0149B4FEA420CCDE90073002279
:10A7100005AB31462046CDF814C0FFF719FE0028DE
:10A720005FD1013DD8D1B4E73B4800F039FEA0E746
:10A730003A48DFF8F09000F033FE484609B0BDE833
:10A74000F08F4FF0900B5FE74FF4047B5CE7DFF88E
:10A75000D890FFF7B5FD484609B0BDE8F08F129BD1
:10A760005246C3F800B0594600F03CFD002838D1ED
:10A77000D8F8043C129A013318BFD8F8043C116889
:10A7800008BF51230293D8F8083C01332ED0D8F8E3
:10A79000083C03934B1EB3F5047F0FD2029A02913B
:10A7A0005046FFF77FFE48B90299039A4FF4806341
:10A7B0005046FFF7A3FE00283FF46BAF129B1F60CB
:10A7C00093E723F00F03C4F8D430149B0122CDE9A2
:10A7D0000093314605AB2046FFF7BAFD00283FF451
:10A7E00075AF814655E7DFF83C9056E740F23733C6
:10A7F0000393CFE7DFF834904BE700BF489C00207D
:10A8000004BF025000BF025012FA12FA08BF0250F1
:10A8100038B1025030B10250845905006C5905001E
:10A82000330CF000350CF000300CF100320CF1006C
:10A8300030B4DDE90234049D02940024CDE90354D0
:10A8400030BCFFF7C3BE00BF10B586B005AB012416
:10A85000CDE901240093002204ABFFF7B7FE06B058
:10A8600010BD00BFF0B4441831B114F8015D4E1EA4
:10A8700015B931460029F8D1D41833B114F8015D67
:10A880005E1E45B93346002BF8D10D1E18BF0125B9
:10A890002846F0BC70478B4222D325D84C1EA642D6
:10A8A00028BF2646002E23DB013694190025821985
:10A8B00004E0012D38BF012590420BD012F8016D44
:10A8C00014F8017DB742F4D3F6D9002D08BF022554
:10A8D0009042F3D18B4218BF00252846F0BC704748
:10A8E00001252846F0BC704702252846F0BC704779
:10A8F0000025EFE79942F0B50DD801EB03044FEACC
:10A90000540467D3002C7DD04FF0000C171F214654
:10A91000051F624632E003F1804C0CF1FF3C051F3D
:10A92000002600EB8C0C05EB810E34465CF8047FAE
:10A93000E64546EA0706F9D116F1FF3744F1FF3C38
:10A940006FEA0C0C99420CF0010C3ED201F1804EE2
:10A950000EF1FF3E171F02EB8E0507EB830355F840
:10A96000042FAB4246EA0206F9D116F1FF3644F154
:10A97000FF32D24302F0010291B3051F002305EB21
:10A98000810E28463C46194650F8046F54F8045F7F
:10A99000AE4218BF002103F0010318BF002388BF97
:10A9A00041F0010138BF43F001038645ECD1A9B164
:10A9B00082F00100BCF1000F00D108408CF00104CE
:10A9C00002B91C4000EB4400F0BDC3B1171F19468B
:10A9D0000022D3E700263446B446B7E7002BE7D180
:10A9E000BCF1000F03D132B160461446EAE782F0B1
:10A9F00001000023E2E7104613461446E1E76046F3
:10AA00001C46DEE720462346DBE700BF4218084627
:10AA100030B112F8013D411E1BB908460028F8D19B
:10AA200070471A064FEAC00018D4590600F1FF32E9
:10AA300015D49906A0F1020211D4D906A0F103029F
:10AA40000DD41907A0F1040209D45907A0F1050299
:10AA500005D49B07A0F1060201D4073870471046C1
:10AA6000704700BFA1B100EB810001E001390FD0B8
:10AA700050F8043D002BF9D04801A0F1200202E07B
:10AA80000138904206D0002B4FEA4303F8DA7047B2
:10AA900008467047704700BF78B3032A70B50E466A
:10AAA0001546044601D9052A1CD1012E18D8ABB988
:10AAB000022D19D0052D17D04C21204600F0A2FC04
:10AAC000052D88BF4FF0FF3213D900200123C4E9C0
:10AAD0000826C4E90B00C4E90D3370BD094870BDF8
:10AAE000094870BD094870BD56B94C21204600F098
:10AAF00089FC074B53F82520E7E74FF470007047B7
:10AB0000044870BD0E00F0000600F0000200F000E6
:10AB10004C5A05001200F000C8B110B50C4682B1C5
:10AB20008CB9082B0DD15368102B0ED1136843B18B
:10AB300001238362D2E90012103000F05DFC204650
:10AB400010BD044810BD044810BD044810BD4FF4AA
:10AB5000700070470400F0000500F0000300F000F2
:10AB600070B108B5036A013B022B05D831B1102240
:10AB700000F042FC002008BD034808BD034808BDA2
:10AB80004FF47000704700BF0200F0000100F000B9
:10AB900038B349B31AB338B512F00F051BD1046AA4
:10ABA00024F00404032C01D003B31D4613462A46A7
:10ABB00001F022FE58B1A0F57100052818D805282B
:10ABC00016D8DFE800F005030A0303080A4838BD79
:10ABD0004FF4700038BD094838BD094838BD0748F2
:10ABE00070474FF47000704706487047064838BDFC
:10ABF0004FF4750038BD00BF0200F0000A00F000FD
:10AC00000600F0000800F0000900F000F8B5079F0A
:10AC100048B30E460546002A35D0994239D8002F50
:10AC200041D02B6A23F00401032906991FD0002983
:10AC300032D03968B14233D3300703D0012B1CD84E
:10AC4000EB6A23B311463346069A284601F0E0FE2C
:10AC5000044660B3A0F57104052C37D8DFE804F092
:10AC60000310251010174FF470042046F8BDA9B149
:10AC700039680F2914D93107E4D0032BE2D1DFE77B
:10AC8000144C2046F8BD0029C9D0134CEDE7134CF5
:10AC9000EBE7134C2046F8BD002ED3D0114CE4E76F
:10ACA000114C2046F8BD114CDFE7114CDDE72B6A53
:10ACB00023F00403032B01D03E60D6E70698294613
:10ACC000102200F099FB10233B60CEE74FF475048F
:10ACD000CBE700BF0200F0000800F0000A00F0001F
:10ACE0000C00F0000900F0000D00F0001100F00071
:10ACF0000600F0002DE9F84F1E460A9B002B6AD093
:10AD00000D4600296FD0044600287DD0022E5ED863
:10AD100016B10B9B002B79D0D4F8B872B7F5107F21
:10AD20004CD8D4F8BC127B1C994247D895F80090B7
:10AD3000B9F1070F53D8B9F1050F50D009F0060348
:10AD40000737022B4FEAD7073CD07B0001339342F1
:10AD50003BD10A9807F1030B4FF45D7100F1040A2F
:10AD60002BF0030800F04EFB414650463B466A1C60
:10AD700000F002FC002838D14FEA9B0B5B46594695
:10AD800022465046FFF7B6FD022855D119F0040FB0
:10AD90003ED10A9B214603F194004FF4377200F034
:10ADA0002BFB4946504600F06DFC0446002845D177
:10ADB000022E45D00A9A264B13601CE0254C2046F3
:10ADC000BDE8F88F7B1C9342C3D0234CF7E7234C9C
:10ADD0002046BDE8F88F224C2046BDE8F88F214C74
:10ADE0002046BDE8F88F204CE9E7204C0A984FF444
:10ADF0005D7100F007FB0B9B002BE0D04FF46371FB
:10AE0000184600F0FFFADAE7194CD8E7194CD6E7F4
:10AE10000A9B7A1C4C334146184698462A443B46C6
:10AE200000F0AAFB0028E0D140465B465946224686
:10AE3000FFF760FD0228ACD00C4CC0E70E4CD5E704
:10AE40000B99504600F0FCFC0028B3D00446CDE737
:10AE5000010000EC9508F0000F08F0001108F00068
:10AE60000E08F0000708F0000D08F0001008F000D0
:10AE70000208F0001208F0003008F0002DE9F0435D
:10AE800083B0019300283DD01646002A67D002689F
:10AE90001F46354B9A4204461BD18FB3052914D067
:10AEA000072912D8D0F84C33C56C21F0020203F107
:10AEB0000709042A03F11F034FEAD9094FEA531384
:10AEC00005F0010522D0022907D0284803B0BDE8CB
:10AED000F083274803B0BDE8F0833A6809F1010820
:10AEE00042453ED3304645F0020500F8015B9B0029
:10AEF000221D494600F096FB48BBC7F80080E5E7F5
:10AF00001C48E3E71C4803B0BDE8F0833A684FEA09
:10AF1000490808F10108424523D3042930460CBFF3
:10AF20000D4645F006059B0000F8015B221D4946D1
:10AF3000019300F077FB50B909F10100019B04F186
:10AF40004C023044494600F06DFB0028D5D0304615
:10AF5000396800F057FA002308483B60B6E7084814
:10AF6000B4E70848B2E700BF010000EC1508F000A4
:10AF70001A08F0001708F0001408F0001B08F00091
:10AF80001608F0001808F0002DE9F04782B0DDE95E
:10AF90000A98002A5CD01D46002B5ED0B9F1000F44
:10AFA0005DD0B8F1000F5CD0074600285BD08A4620
:10AFB000002948D0144618464FF44C7100F022FA8C
:10AFC0004FF45D71484600F01DFAD4F8BC621F369C
:10AFD0007609B200013E04F1D801404605EB860631
:10AFE00000F00AFA002373602B1DD4F8BC220093F2
:10AFF000514638464346FFF705F90646C8B128468C
:10B000004FF44C7100F0FEF948464FF45D7100F0CA
:10B01000F9F90C9B23B140F66811184600F0F2F9DB
:10B0200040464FF4537100F0EDF9304602B0BDE8F0
:10B03000F087204643464A46294602F06DFE064602
:10B040000028E6D0DBE7094E304602B0BDE8F087C5
:10B05000074E304602B0BDE8F087064EE5E7064EE3
:10B06000E3E7064EE1E7064EDFE700BF9008F00099
:10B070000208F0000308F0000408F0000508F000E2
:10B080009108F0002DE9F041002940D016461F46F6
:10B090000A682B4B9A420C4631D1054600283AD01B
:10B0A0000268013B9A422ED1002E45D0002F45D098
:10B0B000069BB3B300F194014FF4377204F15000D2
:10B0C00000F082F90435211D68BBD4F808333A68D2
:10B0D0000733B2EBD30F4FEAD3081ED3069B2846A3
:10B0E000324600F0DDFB0446F8B9C7F80080069848
:10B0F0004FF4537100F086F92046BDE8F081114C01
:10B100002046BDE8F081104C2046BDE8F0810F4C90
:10B110002046BDE8F0810E4CF2E70E4CC7F80080E7
:10B12000EEE70D4CECE70D4CEAE73968304600F0ED
:10B1300069F900233B60DAE7094CE1E7094CDFE7F6
:10B14000020000EC3408F0003208F0003308F00090
:10B150003108F0003808F0003708F0003A08F00035
:10B160003508F0003608F0000B2804D8034B53F8DC
:10B17000203003B118470020704700BFC05B0500B6
:10B1800030B5042285B00123C0F8D0200B6068469A
:10B190000023CDE90033CDE902330C4600F04EF830
:10B1A0000546C8B9DDE90030DDE90212E360003B85
:10B1B000C4E9040118BF0123A26108B143F00203EE
:10B1C00009B143F004030AB143F008030022284602
:10B1D0006360A26005B030BD014800F0E1F8E1E72E
:10B1E000645A050030B585B004460D4610480392F8
:10B1F0004FF0FF3100F026F9039A68B92046009518
:10B200000123002101F0E6FF0446094800F034F96B
:10B2100038B9204605B030BD064800F0C1F8039AA1
:10B22000ECE7054800F0BCF8204605B030BD00BF93
:10B23000489C00206C5905008459050000234FF4F8
:10B24000FA714FF47A72C0E900228160C360184637
:10B25000704700BF10B500F031F8A0B900F01EF93A
:10B2600020B1032400F070F8204610BD00F03AF938
:10B27000034680B90D4A1268120EF02A06D0052442
:10B2800000F00EF9EEE70424204610BD0849094AF3
:10B290000968914201D00624F2E7074A01201360B1
:10B2A00000F020F904460028DED0E8E728B9025073
:10B2B00024BA02500000E0200CBA025008B5184829
:10B2C00000F0A4F898B9174800F0A0F8B8B91648EB
:10B2D00000F09CF8D8B9154B124A15481A6000F0D6
:10B2E00095F8C0B9134B124A1A60002008BD1248E5
:10B2F00000F056F80B4800F089F80028E7D00F4816
:10B3000000F04EF8084800F081F80028E3D00C481F
:10B3100000F046F8DFE70B4800F042F8E2E700BF34
:10B32000489C0020389C0020449C0020409C002029
:10B330003C9C0020309C0020945A0500B05A050027
:10B34000CC5A0500EC5A050008B500F03BF80F4850
:10B3500000F06AF804210D4800F054F80C4800F0A1
:10B3600063F80B48042100F04DF80A4800F05CF83F
:10B3700040B9094800F058F8BDE8084006480421E3
:10B3800000F040B8054800F00BF8F2E7489C0020B8
:10B39000389C0020449C00203C9C0020CC5A050096
:10B3A000BFF34F8F0549064BCA6802F4E0621343AE
:10B3B000CB60BFF34F8F00BFFDE700BF00ED00E0A3
:10B3C0000400FA05704700BFA2B1013A30B4013958
:10B3D0008518421E002012F8013F11F8014F9542D6
:10B3E00083EA040340EA0300F5D1003818BF0120C6
:10B3F00030BC70471046704705F093BE05F09CBE08
:10B4000005F0B3BE0A46002105F0AFBE10B50446F4
:10B4100010B10020206010BD0248FFF7C1FF0020DE
:10B42000206010BD0C5B050010B5044610B1002073
:10B43000206010BD0248FFF7B3FF0020206010BD60
:10B440000C5B050010B5044680B10123BFF35B8F90
:10B4500054E8002F44E800310029F9D1BFF35B8F95
:10B46000012AF3D0BFF35F8F002010BD0148FFF722
:10B4700097FFEAE7305B050010B5044620B1BFF343
:10B480005F8F0020206010BD0348FFF789FFBFF3E6
:10B490005F8F0020206010BD505B050000207047CA
:10B4A00000207047014B1860704700BF08BA025077
:10B4B000014B1860704700BF04BA025010B5044633
:10B4C00030B1054B18680442FCD0044B1C6010BD21
:10B4D0000348FFF765FFF4E700BA025008BA0250CC
:10B4E000705B050010B54FF0FF3104461748FFF7B9
:10B4F000A9FFE8B9164A54B11368A3B1012B18D0BB
:10B50000013B1360BDE810401048FFF7B5BF10685D
:10B5100038B9104B10490124C3F800450B68002BC3
:10B52000FCD101301060BDE810400848FFF7A4BF0F
:10B5300010BD09490B68002BFCD106480749C0F82B
:10B5400000356FF07E430B601368D9E7449C002000
:10B550009099002000A0025010B9025004BA025085
:10B560003AB10A44013812F8013D00F8013F8A421D
:10B57000F9D10020704700BF002A48D02DE9F041E2
:10B580000446002845D015465A1E053234D811F01D
:10B59000030631D18B422FD8CF1C27F003028A42F9
:10B5A00032D8A2EB030840441A462946FFF726FF8B
:10B5B000414620464FEA9708FFF724FFB8F1010FF4
:10B5C0001DD0FF0804EB87000438231F04EB880517
:10B5D00053F8042F55F8041D12BA09BA83421960B2
:10B5E0002A60F5D118F0010007D054F827301BBAB3
:10B5F00044F82730002000E00748BDE8F0812368C8
:10B600001BBA30462360F8E70448BDE8F0810448DF
:10B6100070470348F1E700BF050DF000090DF00089
:10B62000040DF00030B40AB300B3DBB113F003052E
:10B6300018D18B4216D3A9B1904208D002D9134435
:10B64000984217D3904202D243189A4212D9114419
:10B65000431E11F8014D03F8014F8A42F9D12846E3
:10B6600030BC7047044D284630BC7047034D284617
:10B6700030BC7047024DF6E7050DF000040DF000F8
:10B68000060DF000F0B50446D0F848038DB000F187
:10B690001F062023B6F5187F00937ED20F46694619
:10B6A00001F0F0FB054610B128460DB0F0BD76095B
:10B6B000334604F19002012101F024FD01210846E6
:10B6C000052304F5127201F01DFD334622460121C7
:10B6D000022001F017FD334604F1D80201210420B5
:10B6E00001F010FD04F5907233460121052001F0B0
:10B6F00009FD424A13680193019BDB07FAD5404BD1
:10B7000040493E4A196013680293029BD807FAD554
:10B710003B4B3D49394A196013680393039BD90792
:10B72000FAD5374B3949354A196013680493049B9D
:10B73000DB07FAD5324B364A1A6007F00603022BB4
:10B740002FD004F1480233460121032001F0DAFC36
:10B750002A4A13680593059BDC07FAD5284B2D4927
:10B76000264A196013680693069BD807FAD5244B1E
:10B7700029492A4A196013680793079BD907FAD504
:10B78000274A284B126812F4805F08BF1D460098B4
:10B7900001F062FC28460DB0F0BD234D28460DB0E7
:10B7A000F0BD01F069FE002826D01C4A13680893FA
:10B7B000089BDB07FAD51D4B184A196813680A93D2
:10B7C0000A9BD807FAD51A4A1A4B11601B680993CD
:10B7D000099B5F40F90708D5343A13680B930B9B1C
:10B7E000DB07FAD5064B144A1A60314604F14800CB
:10B7F000032201F05BFCCAE7104DC8E7B0B002506D
:10B8000080B002508021088880411831806108880A
:10B810000051183180310C8800681051B4B00250CA
:10B8200088B002501008F0000F08F0000CB0025071
:10B83000E4B00250DCB00250C03000294021F000DA
:10B8400070B5D0E9D2421F3484B0640900F14803D6
:10B850000D4601EB84061F3201EBC40103910093F6
:10B8600000F5B4710346CDE901565209903000F05D
:10B87000D3FE70B930462146FFF7F4F830B92146BF
:10B880002846FFF7EFF808B904B070BD024804B0CD
:10B8900070BD024804B070BD1008F0003008F00020
:10B8A0002DE9F043D0E9D2451F3485B0640903EB9C
:10B8B000C40E1E4603EB84071F3500F148030093B6
:10B8C000CDE9027E03460196904690306A0900F069
:10B8D000A3FE054640B130464FF45371FFF792FD89
:10B8E000284605B0BDE8F08338462146FFF7BAF890
:10B8F00060B121463046FFF7B5F838B14FEA840908
:10B900004A4640463146FFF72BFEE4E7004DE2E7AA
:10B910002008F1002DE9F04F97B0DDE920744FEADF
:10B92000043E4EEA844E4EEA83149D4D44F0045C7E
:10B930009C012E680096009EF607FAD5229DDFF83E
:10B940006482974EC8F800C0920142EA834242EAFC
:10B95000053545F010454FEA834832680192019A57
:10B96000D207FAD58F4ADFF838C215604EEA811E39
:10B970004EF0104E8E01DCF800200292029AD5079C
:10B98000F9D53D0345EA8745864A854FC2F800E070
:10B9900044EA050949F004593A680392039AD20728
:10B9A000FAD5804ADFF8F8E1C2F8009044EA033C97
:10B9B00048EA0C0747F004574FEA033ADEF8002044
:10B9C0000492049AD207F9D5764ADFF8D4E11760D9
:10B9D0004CEA814949F010498F04DEF800200592B5
:10B9E000059AD207F9D56F4ADFF8B4E1C2F80090A2
:10B9F00045F0104545F48075DEF800200692069A61
:10BA0000D207F9D5DFF89CE1674ADFF89491CEF8C8
:10BA1000005042EA80124FEA801ED9F80050079584
:10BA2000079DED07F9D5DFF87CB1DFF884915C4D17
:10BA3000CBF8002049EA00394FEA003B2A68089217
:10BA4000089AD207FAD5574DC5F80090239A574D5A
:10BA500045EA8249524A12680992099AD507F9D5EE
:10BA6000504A4F4DC2F800904CF0245949F4001947
:10BA70002A680A920A9AD207FAD54A4D484AC5F866
:10BA800000904EEA030343F0484343F482131568E1
:10BA90000B950B9DED07FAD54EEA0B05DFF804E197
:10BAA0003F4ACEF8003045EA080545F004551368D2
:10BAB0000C930C9BDB07FAD53A4B394A1D604CEAD4
:10BAC000804040F0045013680D930D9BDD07FAD5BC
:10BAD000344BDFF8E0C0324A18604AEA0C0C1368B5
:10BAE0000E930E9BD807FAD52E4B2D4DC3F800C0F0
:10BAF00047EA013746EA070C4CF004500A032B686A
:10BB00000F930F9BDB07FAD5264B254D18604CF0A1
:10BB1000104C2B681093109BDB07FAD5214B204D5E
:10BB2000C3F800C02B681193119BDB07FAD51D4B9E
:10BB30001B4D1860274347F004572B681293129B44
:10BB4000DB07FAD5174B16481F60239B44EA08040D
:10BB500044EA033444F0104403681393139BDD0755
:10BB6000FAD5104B0E481C60324342F0245242F486
:10BB7000101203681493149BDC07FAD5094B08488C
:10BB80001A600E4346F0484646F4A2160368159321
:10BB9000159BDB07FAD5034B1E6017B0BDE8F08F8D
:10BBA000B0B0025080B0025000401021004100218E
:10BBB00000011021400128292DE9F04F9FB0AF4F1F
:10BBC0002D9D289E2C0344EA854C4CEA831C4FEAA9
:10BBD000854E01944CF0104C9D013C680494049CEB
:10BBE000E407FAD54FEA801BA54F4BEA033848EA31
:10BBF0008646DFF88882C7F800C046F010461F036B
:10BC0000D8F800400594059CE407F9D5DFF8708268
:10BC1000DFF868C24BEA00340294C8F8006044F0D0
:10BC2000245848F40018DCF800400694069CE60707
:10BC3000F9D5DFF84C92914EC9F8008045EA070C1F
:10BC40004EEA0C0E4EF0104E34680794079CE40741
:10BC5000FAD5299CDFF82892DFF82082C9F800E0A5
:10BC600047EA811646EA84468C0146F01046009465
:10BC7000D8F800400894089CE407F9D5009CDFF848
:10BC80000082DFF8F891C8F8006044EA013E4EF007
:10BC9000245848F40018D9F800400994099CE60794
:10BCA000F9D52A9CDFF8D891744EC9F800804FEA84
:10BCB000043A4AEA844A2A9C4AEA050A4AF0104AA7
:10BCC0004FEA844934680A940A9CE407FAD52B9C0D
:10BCD00047EA844606430396694E684CC6F800A0BE
:10BCE000039E46F0484A4AF0C00A26680B960B9E0F
:10BCF000F607FAD5624C614EC4F800A049EA0C0A76
:10BD00004AF0104A34680C940C9CE407FAD52C9C39
:10BD100047EA84460E430396594E584CC6F800A095
:10BD2000039E2E4346F0484A26680D960D9EF60760
:10BD3000FAD5019C44EA8216514C46EA09094F4E55
:10BD4000C4F800A049F010494FEA821A34680E94F2
:10BD50000E9CE407FAD54A4C484EC4F800904AEAD3
:10BD6000824A4AF0104A4AF4405A4FEA82493468FB
:10BD70000F940F9CE407FAD5414E404CC6F800A042
:10BD800026681096109EF607FAD53D4EDFF8F8A00B
:10BD90003A4CC6F800A026681196119EF607FAD50F
:10BDA000374EDFF8E8A0354CC6F800A0266812969A
:10BDB000129EF607FAD5324EDFF8D4A02F4CC6F803
:10BDC00000A04EF0104E4EF4402E26681396139E9F
:10BDD000F607FAD52A4E2B4CC6F800E044EA804E0E
:10BDE0003036800434681494149CE407FAD547EA8A
:10BDF0008347DFF88CA0214CCAF800E04BEA070625
:10BE000046F0484646F003064FEA834A23681593F6
:10BE1000159BDB07FAD5DFF868E0184CCEF8006018
:10BE2000029B43F0045646F4801623681693169B33
:10BE3000DB07FAD5124CDFF844E02660DEF800306C
:10BE40001793179BDC07F9D50D4CDFF830E026601F
:10BE500040F0045040F48240DEF800301893189B04
:10BE6000DB07F9D5009B054C4AEA01011943044B55
:10BE700041F04841186041F480410BE0B0B00250FD
:10BE800080B002500041009000310C90C0400C90F6
:10BE9000C030202923681993199BDE07FAD5194B66
:10BEA0001948196003681A931A9BDC07FAD5154BD9
:10BEB0001549C3F8008049EA02322A4342F0104291
:10BEC0000B681B931B9BD807FAD50E4B0E491A60C3
:10BED0002F4347F010470B681C931C9BDA07FAD5D9
:10BEE000084B094A1F604CF0104141F430111368AF
:10BEF0001D931D9BDB07FAD5024B19601FB0BDE8EF
:10BF0000F08F00BF80B00250B0B002502DE9F04F6A
:10BF100099B0DFF870C2269C239D270347EA844925
:10BF200049F0104646F0800699464FEA844EDCF808
:10BF300000300193019BDC07F9D5914B914C1E60B9
:10BF40004FEA894949EA801949F0104646F40056FB
:10BF50004FEA801A23680293029BDB07FAD5884BCD
:10BF6000884C1E604AEA003C4CF0245646F4001609
:10BF700023680393039BDB07FAD5814B814C1E603A
:10BF80004EF0104646F4025623680493049BDB07E8
:10BF9000FAD5229B7B4C4FEA834E4EEA811E784BAA
:10BFA0004EF0104E1E604EF4005E8E012368059325
:10BFB000059BDB07FAD5724B724CC3F800E046EAEA
:10BFC000013949F0245B4BF4001B23680693069B60
:10BFD000DB07FAD54FEA053E694B6A4CC3F800B05F
:10BFE0004EEA854E4EF0104E4EF0800E4FEA8548D8
:10BFF00023680793079BDD07FAD5249B604C40EA32
:10C00000834545F048455F4BC4F800E045F40355CF
:10C010001C680894089CE407FAD5594B594C1D60DC
:10C0200048F0104545F4025523680993099BDB0746
:10C03000FAD5259BDFF848E1524CCEF8005041EA92
:10C04000834343F0484545F4025523680A930A9B0D
:10C05000DB07FAD547EA8217494B4A4C1D6047EA8D
:10C06000080848F01047950123680B930B9BDB07EA
:10C07000FAD5434B434C1F6045EA824242F01042DE
:10C0800042F4405223680C930C9BDD07FAD53C4BDD
:10C090003C4C1A6023680D930D9BDA07FAD5384B98
:10C0A000394C384A1C6013680E930E9BDB07FAD597
:10C0B000334B364C334A1C6013680F930F9BDF07DA
:10C0C000FAD52F4B324C1C602E4A49F0104444F4F0
:10C0D000402413681093109BDD07FAD5284B2D4D93
:10C0E000284A1C6045EA8045800413681193119B1F
:10C0F000DC07FAD5224B284C224A1D604AEA040488
:10C1000013681293129BDB07FAD51D4B1D4A1C6066
:10C110004CF0045444F4801413681393139BDF070A
:10C12000FAD5174B174A1C6013681493149BDD074C
:10C13000FAD5134B134A1C6040F0045040F482407F
:10C1400013681593159BDC07FAD50D4B0D4A186043
:10C150000E4346F0484646F4042613681693169B91
:10C16000D907FAD5064B074A1E6013681793179B29
:10C17000DB07FAD5024BC3F800B019B0BDE8F08F69
:10C1800080B00250B0B0025000310C90C0400C9012
:10C19000C030202900410090032008C82DE9F04359
:10C1A000974AABB013680993099BDF07FAD5954B03
:10C1B0009549934A196013680A930A9BDE07FAD5DA
:10C1C000904B92498E4A196013680B930B9BDD07C5
:10C1D000FAD58C4B8E498A4A196013680C930C9BD4
:10C1E000DC07FAD5874B8B49854A196013680D9394
:10C1F0000D9BD807FAD5834B8749814A196013688C
:10C200000E930E9BD907FAD57E4B844A1A601B20E9
:10C2100000F030FD0446182000F02CFD8442784ADE
:10C2200009D913680F930F9E16F00106F9D0754BCC
:10C230007B4A1A6009E013681093109BDB07FAD55C
:10C24000704B784A1A60044600266D4A13681193B1
:10C25000119BDF07FAD56B4B7349694A1960136864
:10C260001293129BDD07FAD5664B704A1A601C20A8
:10C270001D2118220B238DE80F000F230E220D2104
:10C280000C20FFF747FB01340C200D210E220F2359
:10C290008DE80F0024F00104132312221121102035
:10C2A000FFF738FB0125A11E08AB07AA1B20089544
:10C2B00000F02CFD022800F06A81032800F0408184
:10C2C000012800F0168100274D4A13681F931F9B19
:10C2D000DB07FAD54B4B5649494A1960136820933E
:10C2E000209BDD07FAD5474B5249454A1960136830
:10C2F0002193219BD807FAD5424B4F4A1A60043C40
:10C3000039D44FF0170916254FF01A0815211420BB
:10C31000CDE900011A231622CDE90259FFF7FAFAF6
:10C32000142003468DE82201162201F07BFB08ABA6
:10C3300007AA21461B2000F0E9FC00EB870004302F
:10C34000072816D8DFE800F0A1A8A59D99958404D8
:10C3500012271122102315211420CDE9042703935D
:10C36000CDE90001029517231622FFF725FC4FF0B7
:10C37000FF37023CCAD519201C2116221523182488
:10C38000CDE90121CDE9030400930E2214230D21F0
:10C390000C20FFF7BBFD1A4A002F40F08180136884
:10C3A0002693269BDC07FAD5164B2449144A1960BC
:10C3B00013682793279BD807FAD51248204B2149A9
:10C3C000214C0F4A0460002E14BF1E460E4613680F
:10C3D0002893289BD907FAD50A4B094A1E6013688F
:10C3E0002993299BDB07FAD5064B184A1A601823B4
:10C3F0001D221C21012001F029FC2BB0BDE8F08397
:10C40000B0B0025080B00250000200210082202112
:10C41000408220218082242140066E4900966929AD
:10C42000C0066649C00662490006624100166249BC
:10C4300040D62129C0D32029C0142129C055212943
:10C440004007564940075E490007524900065A49CD
:10C450000E270D220C2315211420CDE90427039368
:10C46000CDE90001029517231622FFF7A5FB00274F
:10C470007FE718271D221C23EDE718271D221C2308
:10C4800069E7182719221C23E5E712271322102336
:10C49000E1E70E270F22DDE70E270F220C235AE7D4
:10C4A00013682293229BD907FAD54C4B4C494D4A2D
:10C4B000196013682393239BDB07FAD547484A4B3F
:10C4C0004A494B4C474A0460002E14BF1E460E4694
:10C4D00013682493249BDF07FAD5404B414A1E6022
:10C4E00013682593259BDD07FAD53C4B414A1A601A
:10C4F0007DE73C4A13681393139BD807FAD5374B53
:10C500003D49384A196013681493149BD907FAD52A
:10C51000324B3A49334A196013681593159BDB0770
:10C52000FAD52E4B36492F4A196013681693169B7D
:10C53000DF07FAD5294B334A1A604FF0FF37C3E6BD
:10C54000284A13681B931B9BDF07FAD5234B2E4900
:10C55000244A196013681C931C9BDD07FAD51F4BF6
:10C560002A49204A196013681D931D9BD807FAD5E4
:10C570001A4B27491B4A196013681E931E9BD90743
:10C58000FAD5164B234A1A604FF0FF379CE6154A3E
:10C5900013681793179BDD07FAD5104B1649114AFC
:10C5A000196013681893189BD807FAD50B4B1349D9
:10C5B0000C4A196013681993199BD907FAD5074BD0
:10C5C0000F49084A196013681A931A9BDB07FAD5BA
:10C5D000024B0C4A1A60002776E600BF80B002507A
:10C5E000C0D32029B0B002504007364940073E4929
:10C5F0000007324900063A490005324940053649EC
:10C6000080053A49C0053E49000542494005464972
:10C6100080054A49C0054E492DE9F04F0D4687B0C7
:10C6200004461146284600929846FEF71BFAD4F8B5
:10C63000BC32009904F1D80A1F3306465B09524602
:10C640002846FEF757F9002E70D001286ED0D4E9A5
:10C65000AEB0394B584593F91A2093F91CC000929B
:10C660004FF0200793F91B2093F91D30059738BF31
:10C67000584605A90192CDF808C0039300F002FCCA
:10C68000074618B1384607B0BDE8F08F2B490BF1CB
:10C690001F094FEA59194B46C1F800B02246012143
:10C6A00000F030FD0121084604F5DC72052300F09E
:10C6B00029FD4B4604F1480201210B2000F022FD28
:10C6C000D4F8BC329DF808409DF800001F33524654
:10C6D0005B099DF80CA0012100F014FD42464B4679
:10C6E0002046012100F00EFD109A4B4650460121D4
:10C6F00000F008FD06F11F035B099DF804002A46BF
:10C70000012100F0FFFCFFF749FD11982246494640
:10C7100000F0CCFC12985246494600F0C7FC059840
:10C7200000F09AFC384607B0BDE8F08F044F384659
:10C7300007B0BDE8F08F00BFA05B050090B00250CD
:10C740003008F10038B5224B224A01210546196014
:10C750001368002BFCD1204A1368002BFCD11F4A20
:10C760001368002BFCD11E4A1368002BFCD11D4B13
:10C770001C68002CFCD14FF0FF30FEF793FE2B6AB3
:10C7800023F00403032B184B18680CBF20F0400063
:10C7900020F08000FEF78CFE144B00221A602B6AFA
:10C7A00023F00402032A18BF6C6A114A4FEA83037C
:10C7B00018BF04F0010403F01C031C4314602B6A2F
:10C7C000072B02D10B4B01221A60002038BD00BF9D
:10C7D00000B9025070B4025020BD025020BC02507B
:10C7E00038BD025038BC025004BA0250BCB40250EA
:10C7F000C0B402507CB40250002800F0BF80F8B5ED
:10C800001D46436B0E4617460446002B35D0012BC0
:10C8100002D1B5F5803F33D265484FF0FF31FEF7C6
:10C8200011FE002857D10020FEF75CFE00284ED1F3
:10C83000604B01221A60236A032B28DC002B28DAC4
:10C840005D4A1368002BFCD15A4A1360236A23F017
:10C850000403032B594B18680CBF40F0400040F014
:10C860008000FEF725FE0120FEF73CFE002836D1B1
:10C870004F48FEF701FE28B9F8BDB5F5805FCBD370
:10C880004F48F8BD4F48FEF78BFD0020F8BD072B41
:10C89000D6D1636A012BD3D8636B012BD0D8A36B9D
:10C8A000012BCDD82046FFF74DFF0028C8D1A36A41
:10C8B000012B6CD033F0020263D0236A5A1E062A81
:10C8C0001BD8DFE802F0104B101A1A1A10003E486D
:10C8D000FEF766FDACE73D48FEF762FDA3E73C4886
:10C8E000FEF75EFDC4E73B4B22681A6062685A603F
:10C8F000A2689A60E268DA60236A23F00403032BDB
:10C9000031D0A36B012B4CD0334A344B176020201D
:10C910001D60636B012B2CD0314A324B16601D60B9
:10C92000FEF7CCFD244A1368002BFCD1236A013B9F
:10C93000062B10D8DFE803F00414040F0F0F0400D7
:10C94000244A294B126822601A6862605A68A26001
:10C9500008331B68E3600123236371E7234BC3E7BC
:10C96000224A234BEEE7636B012B01D01020D3E763
:10C970004020204A204B16601D60D1E74FF4710023
:10C9800070471E491E4A0B600123136095E71D4B3B
:10C9900022691A6062695A60A2699A60E269DA6083
:10C9A0008BE7194A194B176080201D60B1E700BF63
:10C9B000489C002010B8025010B9025004BA02502E
:10C9C0000500F100845905009C5905006C590500CB
:10C9D000BC59050040B4025030BD025034BD025075
:10C9E00030BC025034BC025044B4025060B4025017
:10C9F00064B4025028BC02502CBC025038BA025019
:10CA000078B4025000B4025028BD02502CBD025030
:10CA10002DE9F041002800F081801D46036A072BB4
:10CA20000F46044616D055B9032B0FD1036B6BB9D3
:10CA3000C0E90F55C0E9115500F13C0710252B4600
:10CA400039462046BDE8F041FFF7D6BE2E463046B7
:10CA5000BDE8F081436B002B37D1B5F5805F39D24B
:10CA600015B9236B002B35D167484FF0FF31FEF726
:10CA7000E9FC002840F097800020FEF733FD0028F5
:10CA800040F09980614B01221A60236A032B23DC5A
:10CA9000002B23DA5E4E5F4A1368002BFCD15B4902
:10CAA0005D4A0B60106840F04000FEF701FD012078
:10CAB000FEF718FD00287AD15348FEF7DDFC002868
:10CAC000C5D05648FEF76CFCC1E7012BC8D1B5F5BF
:10CAD000803FC5D3524EBAE7072BDBD1636A012BE7
:10CAE00078D8636B012B57D8A36B012B00F284809D
:10CAF0002046FFF727FE06460028CCD1A36A012B6B
:10CB00006AD033F0020271D0236A013B062B13D89E
:10CB1000DFE803F009440912121209004FF471060C
:10CB20003046BDE8F0813F4B22681A6062685A6067
:10CB3000A2689A60E268DA603B493C4A01230B60D4
:10CB40001560002D3BD1226B0AB9394A1360314B75
:10CB50001E68002EFCD1236A013B062B9BD801A244
:10CB600052F823F081CB0400A1CB040081CB040058
:10CB700097CA040097CA040097CA040081CB040036
:10CB8000284A2C4B126822601A6862605A68A260B8
:10CB900008331B68E3607EE7274E7CE7274BC3E73B
:10CBA000264A274BEEE72748FEF7FAFB64E72648BC
:10CBB000FEF7F6FB80E72548FEF7F2FB62E7636BC2
:10CBC000012B1BD0224A234B176010201D60FEF75B
:10CBD00075FCBCE7204E5EE7204B22691A60626953
:10CBE0005A60A2699A60E269DA608DE71C491D4AC1
:10CBF0000B600123136087E71B4E4CE71B4A1C4B5D
:10CC0000176040201D60E2E7489C002010B80250E9
:10CC10000100F10010B9025004BA02508459050015
:10CC20000500F10040B402507CB40250BCB4025084
:10CC300024B5025044B402500300F10060B4025025
:10CC400064B402506C590500BC5905009C5905009C
:10CC500030BC025034BC02500200F10000B402505B
:10CC600038BA025078B402500400F10028BC0250D7
:10CC70002CBC025030B4214A84B013680093009B4E
:10CC8000DC07FAD500F1A05303F52C439B001B4AA7
:10CC9000186813680193019BD907FAD5184B1A68D5
:10CCA00012F11F0348BF02F13E035B11591E0FD45E
:10CCB000124A144D144C13680393039BDB07FAD5F7
:10CCC0000B182B6023680293029B2BB90139F2D217
:10CCD000580104B030BC704701314801A0F1200177
:10CCE0004FF0004202E001388142F2D013424FEA95
:10CCF0005202F8D004B030BC704700BFB4B002504C
:10CD0000ACB00250E4B00250DCB0025070B41C6809
:10CD100085B001F01F0644B91E2E06D01068F04001
:10CD200000F0030005B070BC70470F4D2C680194F3
:10CD3000019CE407FAD500F1A05404F52C44A400AA
:10CD4000094D20682C680394039CE407FAD5074C2E
:10CD500000EB61110648216001680291029911609F
:10CD600000211960DAE700BFB4B00250E4B002500D
:10CD7000DCB00250A0F12003B3F5426F61D8F0B4EB
:10CD80008F2882B053D900F11F035B095B013F3349
:10CD90009B09013311B18B4255D80B46DC004FF48F
:10CDA0008051B1FBF4F1202928BF202102B111608C
:10CDB000264C274D0126002226600239144603FA2C
:10CDC00006F640F6FC778C4204F10104B6BF2A60F7
:10CDD0002F6092191E2C05F10405F4D11D4C1E4D37
:10CDE000226032442A6000F13F011C4A1C4DDFF8EA
:10CDF00090C0E56021F03F0110604031194F1A4E9C
:10CE00001A4D1B48CCF800109B011A493B60336057
:10CE10002B60E3620360D3610A680192019AD20732
:10CE2000FAD5154A0020136002B0F0BC704700F13B
:10CE3000470400F16603E4064FEA5313A6D001331A
:10CE4000A4E70E4870470D48EEE700BF1CB802503B
:10CE500000B0025078B002507CB0025090B0025046
:10CE600020F80F0098B002509CB00250A0B00250C1
:10CE7000A8B00250B4B00250ACB002502221F00071
:10CE800094B0025038B504460D4619484FF0FF31B2
:10CE9000FEF7D8FA60B90020FEF724FB80B92046DF
:10CEA0002A460021FFF766FF0446A0B9204638BD98
:10CEB0001048FEF775FA0020FEF714FB0028EED0AC
:10CEC0000D48FEF76DFA20462A460021FFF752FF73
:10CED00004460028EAD00120FEF704FB20B90448EC
:10CEE000FEF7CAFA204638BD0448FEF759FAF6E7BD
:10CEF000389C00206C5905009C590500BC59050060
:10CF00002DE9F0434E4C89B023680193019BDD0766
:10CF1000FAD54C4B13449B000A181D681E2A05F1D4
:10CF20001F0588BF1E224FEA551502FB05F288BF78
:10CF3000C0F11E01B2F5806F04D94FF48061B1FBDE
:10CF4000F5F1091A002976DD00F1A05000F52C401A
:10CF500005F1010E4FF0000C394ADFF8F4803A4C2D
:10CF600087002EF00106604613680293029BDB07E0
:10CF7000FAD5D7F8009013680393039BDB07FAD523
:10CF8000C8F80090002355B101339D422060FBD1C9
:10CF9000AE4204D92B4601339E422060FBD10CF1F6
:10CFA000010C614507F10407DED1254A136804939B
:10CFB000049BDC07FAD5254B214A196813680593B1
:10CFC000059BD807FAD5224B19607DB100231E4975
:10CFD0001A4601339D420A60FBD1AE4206D91A4976
:10CFE0002B46002201339E420A60FBD1144A13688B
:10CFF0000693069BD907FAD5164B114A1968136890
:10D000000793079BDB07FAD5114B196035B1002355
:10D010000D491A4601339D420A60FBD1AE4207D941
:10D02000094A002301E00EF1010E76451360FAD1A2
:10D0300009B0BDE8F08305F1010E2EF00106B4E75A
:10D04000B4B0025024AC0014D8B002507CB00250EE
:10D05000D4B0025078B0025008B558B90F4B002236
:10D060001A600120FEF73EFA98B90D48FEF704FA5F
:10D0700050B908BD202801464FF0070228BF2021E3
:10D080000020FFF73DFFE9E7BDE808400548FEF74F
:10D0900087B90548FEF784F9E7E700BF1CB80250DE
:10D0A000389C002084590500BC59050010B4124C6E
:10D0B00085B023680193019BDB07FAD502F1A052EA
:10D0C00002F52C4293000C4A1C6813680393039BDF
:10D0D000DB07FAD5094B1C6051B10438084A00EB54
:10D0E000810113680293029B40F8043F8842F8D103
:10D0F00005B05DF8044B7047B4B00250E4B0025084
:10D10000DCB0025070B42F4D85B02C680094009CA8
:10D11000E407FAD500F1A05000F52C408000294C1E
:10D120000568206801900198C607FAD526480126AF
:10D1300005609BB1043A254E02EB830452F8040FBC
:10D140003060A242FAD15E1C26F00102934205D261
:10D150001E4C0020013393422060FBD1194A26F077
:10D16000010013680293029BDC07FAD5184B0B44AD
:10D170009B001B681F33B0EB531F4FEA53121DD2A5
:10D1800010490B680393039BDB07FAD50E4B05444C
:10D19000121A1D6012D000230C4819460133934225
:10D1A0000160FBD15A1C22F00101994206D90748BF
:10D1B000002300E001328A420360FBD105B070BC5D
:10D1C000704700BFB4B00250D4B00250D8B0025083
:10D1D00024AC0014F8B5069E002E33D001292FD8B8
:10D1E000012B31D81C4C074600251C4825600468DB
:10D1F000002CFCD11A4D2C68002CFCD1194D2C6848
:10D20000002CFCD1184D2C68002CFCD1174D2C683B
:10D21000002CFCD1012B19D01548164B02602020A0
:10D220001E6001290BBF144B144B154A154A176099
:10D230001E60FEF743F9144B18680028FCD1F8BDB6
:10D240001248F8BD1248F8BD1248F8BD1248134BF9
:10D25000026080201E60E4E700B9025070B4025002
:10D2600020BD025020BC025038BD025038BC0250D4
:10D2700030BD025034BD02502CBC025034BC0250B0
:10D2800028BC025030BC025010B902500200F40019
:10D290000100F4000300F40028BD02502CBD025030
:10D2A0002DE9F043644A93B013680093009BD907BB
:10D2B000FAD5624B6249634A196013680193019B76
:10D2C000DB07FAD5604B1B68DF0400F1AF805A4AD8
:10D2D00013680293029BDE07FAD5584B5B49594A03
:10D2E000196013680393039BDD07FAD5564B1B683F
:10D2F000DC0400F18580534B554E4F494F4FDFF80A
:10D300006CC14FF00109DFF868E1524D00241A6842
:10D310000492049AD007FAD530681A680692069AE1
:10D32000D207FAD5CEF800002A680592059A12B9FC
:10D330005DE052080134D007FBD514F01F0568D119
:10D340001D680995099DE807FAD5434DD5F8008079
:10D350001D680B950B9DED07FAD5DFF814E13D4DE7
:10D36000CEF800802D680A95E0070A9D05D505F0E6
:10D370000704032C4AD0052C48D002F00302032AEC
:10D3800005D105F00305032D08BFC9F100090A689E
:10D390000C920C9AD407FAD5304A3A600A680D927A
:10D3A0000D9AD007FAD52E4A3A600A680E920E9A64
:10D3B000D207FAD52B4A3A600A680F920F9AD5071E
:10D3C000FAD5294A3A600A681092109AD407FAD519
:10D3D0001B4A3A601A681192119AD007FAD51A4A74
:10D3E0001268D2048FD5484613B0BDE8F0830A68AE
:10D3F0000792079AD207FAD5C7F800C0203486E70B
:10D400004FF00109484613B0BDE8F083C9F10009A7
:10D41000B3E7DFF860E0013D4EEA053E0D68089590
:10D42000089DED07FAD5C7F800E089E74FF000093D
:10D43000484613B0BDE8F083B0B0025080B002504F
:10D4400000082A51B4B0025088B0025000182A5186
:10D4500028B00250DCB002502CB0025000032A4920
:10D4600080022E49C0C228A1C002324980F229613F
:10D47000E4B00250800228612DE9F047894ABAB031
:10D4800013680093009BD807FAD5874B8749884AD1
:10D49000196013680193019BD907FAD5854B1B6866
:10D4A000DB0400F19181824A13680393039BDE073A
:10D4B000FAD5814B7E4A196813680593059BDD07F1
:10D4C000FAD57E4A7E4B11601B680493049F07F0D7
:10D4D0000303032B00F0748207F00703052B714A46
:10D4E00000F0278113681993199BDC07FAD56E4B5E
:10D4F00074496C4A196013681A931A9BD807FAD5B5
:10D50000694B714A1A60FFF7CBFE013000F01D82B3
:10D51000644A13681B931B9BD907FAD562486B4B6F
:10D520000360013F40F071825E49DFF8D0C1604B7B
:10D53000674E624D624CB8460A681C921C9AD2072C
:10D54000FAD5C0F800C008F120081A681D921D9A8B
:10D55000D707FAD537681A681F921F9AD207FAD5EB
:10D560002F6022681E921E9F002FE5D017F0010346
:10D5700011D17F08FE07194603F10103F9D5494887
:10D5800002682092209AD507FAD5524A464842EAC4
:10D59000013198440160434A13682193219BDC07C1
:10D5A000FAD5414B4C493F4A196013682293229B9C
:10D5B000D807FAD53C4B494A3A4CDFF84491484EDB
:10D5C000414D1A609A4623682393239BD907FAD5C5
:10D5D000CAF8009023682493249BDA07FAD5CAF886
:10D5E000006023682593259BDB07FAD5CAF8005015
:10D5F000FFF756FE0130E6D12A4A13682693269B90
:10D60000DC07FAD5284B3749264A19601368279357
:10D61000279BD807FAD5244B3349224A196013684F
:10D620002893289BD907FAD51F4B2A491D4A196010
:10D6300013682993299BDB07FAD51B4B2B49194A01
:10D64000196013682A932A9BDE07FAD5164B2849DE
:10D65000144A196013682B932B9BDD07FAD51248E7
:10D66000244A104BDFF89C90DFF89CE0224EDFF854
:10D670009CC002601A682C922C9AD407FAD5C0F884
:10D6800000901A682D922D9AD107FAD50849094DB4
:10D69000C0F800E000241A682E922E9AD207FAD51C
:10D6A000066035E0B0B0025080B002500008125160
:10D6B000B4B0025088B0025000B00250E4B0025042
:10D6C000DCB0025080021249C0020249C010022997
:10D6D0000CB00250C0000C61C0011E41C0111E49B7
:10D6E00080021E49C0311C98C0100E21C030109815
:10D6F00040021249809184A800182651C0F00D61A3
:10D70000C0111E2140320C88406224884092248837
:10D710000A682F922F9AD207FAD52A68D20460D4C9
:10D7200001341A683092309AD207FAD5C0F800C096
:10D73000B1E713680993099BDB07FAD5854B864946
:10D74000864A196013680A930A9BDF07FAD5814B52
:10D750008349824A196013680B930B9BDE07FAD545
:10D760007C4B80497D4A196013680C930C9BDD0744
:10D77000FAD5784B7C497D4A196013680D930D9B4F
:10D78000DC07FAD57A4B754A1B68D80440F19280C1
:10D7900013680E930E9BD907FAD56E4B75496F4AE5
:10D7A000196013680F930F9BDB07FAD5694B724919
:10D7B0006A4A196013681093109BDF07FAD5654B0E
:10D7C0006E4A1A60002054E0644A13680293029B78
:10D7D000DF07FAD55F4B6A4A1A6001203AB0BDE80C
:10D7E000F087002C3FD0A8EB0404012C33D0621E3C
:10D7F00002F01F01002A4FF00107B8BF04F11E021A
:10D800008F4051111A683292329AD207FAD55D4A86
:10D81000564C026022683392339AD507FAD55A4A99
:10D82000524C156822683492349AD207FAD5574C74
:10D83000574A2944216017601A683592359AD207F1
:10D84000FAD5544A02601A683692369AD507FAD544
:10D85000514A02600EE71A683192319AD107FAD51F
:10D860004E4A026006E707F00303032B40F0C58031
:10D8700001203A4A13683793379BDC07FAD5354BBA
:10D880004749364A196013683893389BD907FAD547
:10D89000304B4449354A196013683993399BDB078B
:10D8A000FAD5334B1B6813F4805F18BF01203AB0E0
:10D8B000BDE8F08713681193119BDE07FAD5254B5D
:10D8C00039492A4A196013681293129BDD07FAD569
:10D8D000274B1B68DC04C3F30030CAD51F4B1A6802
:10D8E0001392139AD107FAD51A4B304A1B491A6082
:10D8F0000B681493149BDA07FAD5164B1E4A174986
:10D900001A600B681593159BDB07FAD5114B284A53
:10D9100012491A600B681693169BDF07FAD50D4B58
:10D92000244A0E491A600B681793179BDE07FAD535
:10D93000084B214A09491A600B681893189BDD07A8
:10D94000FAD5044B1D4A1A603CE700203AB0BDE806
:10D95000F08700BF80B0025040120229B0B00250E0
:10D96000C01124618071109800181A51B4B002508F
:10D9700088B002508031022180211861C060109867
:10D98000C0000E410002224120B00250D4B002502B
:10D99000D8B0025040821C98C0900C88C0700C888F
:10D9A00080310C8800481851009818518051022984
:10D9B00040121071C061249840021071C0901C8800
:10D9C000343A13680693069BDC07FAD5104B1149CD
:10D9D000114A196013680793079BD807FAD50C4BB7
:10D9E0000E490D4A196013680893089BD907FAD5A8
:10D9F000074B0B4A1A6000203BE707F00707052F8B
:10DA00004FF001003FF435AFE8E64FF00008ADE518
:10DA100080B00250C0100221B0B0025080110C61E1
:10DA2000C0601098F0B595B07D4C1A9E370347EA58
:10DA3000864747F0045545F0800526680096009E0D
:10DA4000F607FAD51B9C764E920142EA0434754AD9
:10DA500044F01044156044F4002432680192019AA5
:10DA6000D507FAD56F4A6E4E146047EA811747F022
:10DA700010478A0134680294029CE407FAD54FEA01
:10DA8000033C4CEA834C674B654C1F604CF00456DA
:10DA900046F0800623680393039BDF07FAD5614BAA
:10DAA0005F4C1E6023680493049BDD07FAD55D4B31
:10DAB0005D4F5E4C5A4E1C6047EA81478C043368C8
:10DAC0000593059BDB07FAD5564B554E1F604CF06E
:10DAD000104C4CF4807C33680693069BDD07FAD526
:10DAE000504E534D4E4FC6F800C045EA8015860192
:10DAF0003B680793079BDB07FAD54A4F4D4BDFF88E
:10DB000020C13D6043EA003E0703DCF80030089383
:10DB1000089BDD07F9D5434DDFF828C1C5F800E0C3
:10DB20001C9B30354CEA834E2B680993099BDB071D
:10DB3000FAD53C4B3A4DC3F800E02B680A930A9B98
:10DB4000DB07FAD5374B3C4DDFF8FCC01D60344D88
:10DB500046EA0C0C2B680B930B9BDB07FAD5314B79
:10DB60002F4DC3F800C03E4346F0045646F400264D
:10DB70002B680C930C9BDF07FAD52A4D2F4B2E6098
:10DB800043EA804030352B680D930D9BDE07FAD5B4
:10DB9000244B234D18602B680E930E9BDB07FAD5A0
:10DBA000204B274D1E481D60144344EA013444F0C5
:10DBB00004550E0303680F930F9BDF07FAD5194B2B
:10DBC00017481D6044F0104403681093109BDB0756
:10DBD000FAD5144B12481C6003681193119BDF07A0
:10DBE000FAD5104B0E481D60164346F0245646F4F5
:10DBF000101603681293129BDC07FAD5094B0848EC
:10DC00001E600A4342F0484242F4A2120368139392
:10DC1000139BDB07FAD5034B1A6015B0F0BD00BFAC
:10DC2000B0B0025080B002508020009080200821C7
:10DC30000040102100011021802020298020002197
:10DC40004021282900410021024010C830B42D4C49
:10DC500088B0206800900098C507FAD52A4C2B4858
:10DC60002B4D2560303440EA834523680193019BA6
:10DC7000D807FAD5900140EA8240234B214A1D6023
:10DC800040F0104444F4C04413680293029BDB0745
:10DC9000FAD51D4B1B4A1C6013680393039BDD07D9
:10DCA000FAD58B0143EA8141174B1A4D1D60154A85
:10DCB00041F0104545F4C04513680493049BDB070D
:10DCC000FAD5114B0F4A1D6013680593059BDD07BC
:10DCD000FAD50D4B0B4A1C6041F05841136806936E
:10DCE000069BDC07FAD5084B064A196040F05840FD
:10DCF00013680793079BDB07FAD5034B186008B03E
:10DD000030BC7047B0B0025080B0025080710098B3
:10DD1000C0210229806118902DE9F04385B00028C8
:10DD20004CD00E4600294ED01546002A4DD0002B6F
:10DD30003FD0D0F8BC22039305F14C0700F5B67331
:10DD40001F3201F1040905F10408CDE901870093B0
:10DD50005209494600F592730446FEF75DFC0746FA
:10DD6000A8B94FF43772214606F15000FDF744FB85
:10DD7000174B336021464FF4377205F19400FDF7DD
:10DD80003BFB144B2B60384605B0BDE8F083002404
:10DD90004846346021462C604C22FDF731FB40465A
:10DDA00021469022FDF72CFB0B4F384605B0BDE80D
:10DDB000F0830A4F384605B0BDE8F083084F384677
:10DDC00005B0BDE8F083074FDDE7074FDBE700BF95
:10DDD000020000EC010000EC3008F0000508F00043
:10DDE0000208F0000308F0000408F0000048704743
:10DDF000F05B050000487047CC5E050000487047A6
:10DE0000A861050000487047846405000048704719
:10DE100060670500004870473C6A0500004870478D
:10DE2000186D050000487047F46F05000048704702
:10DE3000D072050000487047AC7505000048704777
:10DE4000887805000B460146184603F0D7B808B598
:10DE5000F0EEE07A2DED028BB0EEC08A38EE278A24
:10DE6000B5EE408AF1EE10FA0BD0C0EE087A80EEE3
:10DE7000880A20EE000AA7EEA70A00F073FB28EE3E
:10DE8000008AB0EE480ABDEC028B08BD08B503F06D
:10DE90008FF808B503F08CF82DE9F04F10EE100A5A
:10DEA00085B010EE104A02F04FFBC4F30A520F4641
:10DEB00040F22A418A42064661D8DFF84481304662
:10DEC000D8E94A23394602F097FBD8E948AB064621
:10DED0000F4602460B465046594602F0D7F95246C5
:10DEE0005B4604460D4602F0CFF902460B4630462B
:10DEF000394602F0C9F904F01F02CDE9024508EBEA
:10DF0000C205D5E90045D8E9502306460F46CDE9BC
:10DF1000004502F071FB0022344B02F0B7F9D8E95A
:10DF20004C2382468B463046394602F065FBD8E9E1
:10DF30004E2302F0ABF93246804689463B463046D6
:10DF4000394602F059FB02460B464046494602F06C
:10DF500053FB029C52465B4602F098F9E303DDE96D
:10DF600000450022A4185D4122462B4602F044FBE6
:10DF700002F03AFE00EE100A05B0BDE8F08F14F58D
:10DF8000000F24D0B2F5FF6F1CD2DFED197A07EE37
:10DF9000104AB4EEE77AF1EE10FA1BDCDFED157AE9
:10DFA000B4EEE77AF1EE10FA1AD4DFED137AB4EE9C
:10DFB000E77AF1EE10FA80D5002005B0BDE8F04F09
:10DFC00001F0B6BB07EE904A37EEA70AD4E79FED03
:10DFD0000B0AD1E7002005B0BDE8F04F01F0AEBB61
:10DFE000002005B0BDE8F04F01F09CBB0000F03F01
:10DFF0001772B142B4F1CFC2CF8ECEC20000000082
:10E00000687B050082B08DED010A019BC3F3C75206
:10E01000002BA2F17F01B4BF4FF0FF3001201E2979
:10E0200012DC002918DBC3F31603162943F400039E
:10E0300017DC4FF480020A411344C1F11701CB40B1
:10E0400003FB00F002B07047DDED017AFDEEE77AE8
:10E0500017EE900A02B07047013118BF002002B0DD
:10E060007047963A9340EBE700F0D2BAF0B52DED49
:10E07000028B8BB055EC104B00F0AEFB364BB0EE84
:10E08000408AF0EE608A93F90060731C0ED022463D
:10E090002B462046294602F049FD074630B90022AA
:10E0A00000232046294602F023FD38B9B0EE480A85
:10E0B000F0EE680A0BB0BDEC028BF0BD274B089761
:10E0C000CDE90245CDE904450193B6B9244F4FF09F
:10E0D00060462046294600220023CDE9066702F06B
:10E0E000F3FC88B302230093684601F0EBFC98B17F
:10E0F000089BB3B99DED068BD8E71A4B0022CDE9FA
:10E100000623204629460022002302F0DDFC68B1E8
:10E1100002239E420093E7D102F07EFF2223036098
:10E12000E6E702F079FF089B0360E3E70123022E94
:10E1300000930BD102F070FF212303600A4801F025
:10E14000C3FC8DED060BD3E701230093684601F075
:10E15000B9FC0028F2D1EDE774610020B07C050025
:10E16000FFFFEFC70000F0FF4C5B05000000000060
:10E170002DE9F04F2DED028BDFF824A38BB057EC87
:10E18000106B55EC114B00F0C7FB9AF90080B0EE14
:10E19000408AF0EE608AB8F1FF3F33D022462B462A
:10E1A0002046294602F0C2FC834658BB32463B4615
:10E1B0003046394602F0BAFC8146002866D1304626
:10E1C00039460022002302F07FFC20B30022002306
:10E1D0002046294602F078FC834600287DD09FED3A
:10E1E000A67B0122AA4BCDF820900092CDE90267D0
:10E1F000CDE904458DED067B0193B8F1000F5ED0AB
:10E200009FED9F8BB0EE480AF0EE680A0BB0BDECB4
:10E21000028BBDE8F08FB0EE480AF0EE680A01F01C
:10E2200049FC8046002800F082804FF000084FF043
:10E23000000951EC180B42464B4602F045FC002801
:10E24000E0D047EC106B01F035FC0028DAD045EC4B
:10E25000104B01F02FFC0028D4D09AF900308C4AE2
:10E26000019204210022022BCDE90267CDE9044589
:10E27000CDE906890091089203D0684601F022FC9E
:10E2800010BB02F0C9FE222303601DE00022002320
:10E290002046294602F018FC0028B3D09FED788B69
:10E2A00001227B4BCDF820B0B8F1020F0092CDE9EE
:10E2B0000267CDE904458DED068B0193A2D0684637
:10E2C00001F000FC002878D0089B1BB102F0A4FEEE
:10E2D000089B03609DED068B94E745EC104B01F025
:10E2E000E9FB00288ED0002200232046294602F0B8
:10E2F000F5FB002886D0664A9AF90030CDF820B0A8
:10E300000121CDE90267CDE90445CDE90012002BDA
:10E3100058D060490020022BCDE9060156D102F009
:10E320007BFE21230360089B002BD3D0CEE747EC74
:10E33000106B01F0BFFB00283FF477AF45EC104BAA
:10E3400001F0B8FB00283FF470AF53EC182B18EE27
:10E35000100A194602F0EAFB9AF9009000286FD1E2
:10E360000323DFF82CC108902946204600930022A1
:10E37000494BCDF804C0CDE90445CDE9026702F070
:10E380003BF904460D46B9F1000F25D1DFF8149191
:10E390004FF060480022002330463946CDE9068917
:10E3A00002F09CFB38BB684601F08CFB0028BAD118
:10E3B00002F032FE22230360B5E702F02DFE212396
:10E3C000036081E79FED2C7B8DED067B684601F0B5
:10E3D00079FB0028A7D1A2E79FED2B7B0022002329
:10E3E000304639468DED067B02F078FBB0B9B9F1C5
:10E3F000020FDDD0D7E745EC104B01F06DFB224654
:10E400002B4651EC100B02F05FFBB0B9234B9AF98D
:10E4100000904FF06042CDE90623E8E745EC104B51
:10E4200001F05AFB22462B4651EC100B02F04CFB3C
:10E4300018B9184B0022CDE906239AF90090D6E7C7
:10E440000122134BCDF820800092CDE90267CDE97F
:10E4500004450193B9F1000FB4D000220023104607
:10E46000194602F0F3F9B9F1020FCDE906013FF4C4
:10E4700056AFABE7AFF300800000000000000000E3
:10E48000000000000000F03F000000000000F07FEE
:10E49000B87C05000000F0FF0000E03FFFFFEFC781
:10E4A00074610020FFFFEF472DE9F0432DED028B53
:10E4B0008BB055EC104B00F08BFF274BB0EE408A31
:10E4C000F0EE608A93F90060731C12D022462B464E
:10E4D0002046294602F02AFB074650B94FF00008B3
:10E4E0004FF000092046294642464B4602F0F6FA14
:10E4F00040B9B0EE480AF0EE680A0BB0BDEC028BF2
:10E50000BDE8F0830122154B08970092CDE9044540
:10E51000CDE90245019396B142464B4640464946F5
:10E5200002F094F9022ECDE906010AD102F074FD41
:10E5300021230360089B53B99DED068BD9E7CDE9F4
:10E540000689684601F0BEFA0028F3D1EEE702F032
:10E5500063FD089B0360EFE774610020BC7C05004D
:10E5600001F000B810B52DED028B8AB0B0EE408AF4
:10E5700001F0B6F8244B93F90040631C09D0B4EEC7
:10E58000488AF1EE10FA04D6B5EEC08AF1EE10FA20
:10E5900003D40AB0BDEC028B10BD01231B4A0093CB
:10E5A00018EE100A00230192089301F0CDFF00221B
:10E5B000CDE90401CDE902010023BCB110461946A2
:10E5C00002F044F9022CCDE9060111D102F024FD3C
:10E5D00021230360089B8BB9DDE9060102F004FBEF
:10E5E00000EE100A0AB0BDEC028B10BDCDE9062387
:10E5F000684601F067FA0028ECD1E7E702F00CFD6D
:10E60000089B0360E8E700BF74610020C47C05003C
:10E6100051EC110B43422DE9F047034321F0004E2A
:10E620006B4F4EEAD373BB4255EC104B1ED863427E
:10E63000234325F0004A4AEAD373BB42A94615D8C2
:10E6400001F1404303F5801303433DD08E1706F0DC
:10E6500002065AEA040346EAD5760FD1022E52D0BA
:10E66000032E3CD148A1D1E9000103E022462B460C
:10E6700001F00CFE41EC100BBDE8F0875EEA0003F0
:10E6800026D0BE452FD0BA4522D0AAEB0E0E4FEAB7
:10E690002E5EBEF13C0F3ADC00293CDA1EF13C0F45
:10E6A00039DA00200021012E51D0022E42D0002E56
:10E6B000E0D037A3D3E9002301F0E6FD36A3D3E988
:10E6C000002301F0E1FDD5E7BDE8F04701F03CB8DB
:10E6D000B9F1000F13DB32A1D1E90001CAE710EE56
:10E6E000100A2946C6E7F24535D0022E0BD0032E7C
:10E6F000B8D0012E4FF0000037D00021BAE72AA190
:10E70000D1E90001B6E724A1D1E90001B2E724A1D3
:10E71000D1E90001C7E702460B462046294602F030
:10E7200095F841EC100B01F0BBF901F00DF851EC3C
:10E73000100BB8E716A3D3E9002301F0A5FD0246AC
:10E740000B4615A1D1E9000101F09EFD92E701F110
:10E75000004319468EE7022E12D0032E0CD0012E54
:10E7600006D013A1D1E9000184E74FF0004181E711
:10E7700011A1D1E900017DE711A1D1E9000179E7FB
:10E7800011A1D1E9000175E7182D4454FB2109C0FE
:10E79000075C143326A6A13C182D4454FB210940E4
:10E7A000182D4454FB21F93F182D4454FB21F9BF87
:10E7B000182D4454FB21E93F182D4454FB21E9BF97
:10E7C000D221337F7CD902C0D221337F7CD9024051
:10E7D0000000F07F000000002DE9F04355EC104BE5
:10E7E000B5F5801F83B02B461FDA25F00042224387
:10E7F00064D0002D6DDB29460022434B10EE100A39
:10E8000001F0FAFE414A0D462B46934204466FF052
:10E8100035010FDD22462B462046294601F036FD04
:10E8200041EC100B03B0BDE8F083384A93424FF03F
:10E830000001EFDC1815A0F2FF3008444FEAD07950
:10E840004844C3F3130801F06DFEC9F57F73033329
:10E8500048EA035545EC104B06460F4601F028FBED
:10E860003046394622A3D3E900238DED000B01F099
:10E87000C3FE9DED000B04460D461FA3D3E9002304
:10E8800051EC100B01F0B8FE02460B46204629461B
:10E8900001F0FCFC1AA3D3E9002304460D463046E0
:10E8A000394601F0A9FE02460B462046294601F0F2
:10E8B000EDFC41EC100B03B0BDE8F0830022002317
:10E8C0000020134901F0C2FF41EC100B03B0BDE87A
:10E8D000F08310EE102A2046294601F0D5FC0022D4
:10E8E000002301F0B3FF41EC100B9BE7AFF3008076
:10E8F000362BF111F3FE593D0EE526157BCBDB3FA0
:10E9000000609F501344D33F00005043FFFFEF7F50
:10E91000000050C3000000002DE9F04F51EC110B36
:10E9200021F0004555EA000393B010D059EC108B4C
:10E930006D4B29F000449C424E4610EE10AA0DDDAE
:10E9400004F1404404F5801454EA0A0356D167499F
:10E95000002041EC100B13B0BDE8F08F0F4611EE14
:10E9600010CA48D09D42EBDC5F4B9D425FD0002E29
:10E97000CDE900015FDB4FF0000BBCF1000F0ED1C1
:10E98000594B9D4243D0594B9D4200F08C80B7F1CA
:10E99000804F00F09E80564B9F4200F0B88349ECB8
:10E9A000108B01F07DF851EC100BBAF1000F06D17D
:10E9B000002C5AD04D4B26F040429A4255D0F60FCB
:10E9C00006F1FF3A5BEA0A0373D04A4B9D4240F3DB
:10E9D000998003F104739D4240F33884464B9C4276
:10E9E00072DD002F72DD3EA3D3E9002310461946E5
:10E9F00001F002FEADE7B8F1000F05D03F4813B0BB
:10EA0000BDE8F04F01F060B8A542F7DCACE704F1D7
:10EA1000404303F5801353EA0A0398D0364B9C42D7
:10EA200040F37F83002F51DBDDE9000191E7BCF16A
:10EA3000000F9CD084E7324B9D4231DCA3F154732C
:10EA40009D4298DD2B15A3F2FF33142B40F3A183D5
:10EA5000C3F134032CFA03F202FA03F363458AD1BB
:10EA600002F00102C2F1020B87E7002F05DA02462D
:10EA70000B4600201D4901F0E9FE002EBFF669AFEC
:10EA800004F1404404F5801454EA0B0300F03A8486
:10EA9000BBF1010F7FF45DAF01F10043194658E768
:10EAA0004FF0020B69E7002FC0F24483404649460D
:10EAB0004FE742464B461046194601F0E5FB024639
:10EAC0000B4601F0C3FE44E7002F8CDB0020002141
:10EAD0003FE742464B464046494601F08DFD38E748
:10EAE0009C7500883CE4377E0000F07F0000F03F1A
:10EAF0000000E03F0000E041FFFFEF3F4C5B0500FE
:10EB0000FFFF3F43B4F5801F80F260830022D04BAB
:10EB100001F072FD6FF034060C462315CD4AC4F3A4
:10EB20001304A3F2FF3344F07F559E1994420D96CF
:10EB300045F4401540F33D83C74B9C4240F30184AC
:10EB40009FEDAD7B8DED087B8DED107B9FEDAC7B5C
:10EB50008DED067B01360D96A5F580154FF000086A
:10EB6000DDE906232946064601F08EFBDDE9062392
:10EB7000CDE90A013046294601F088FB02460B46E2
:10EB80000020B64901F062FE03460C46CDE90E3482
:10EB900002460B46DDE90A0101F02EFD6B1043F041
:10EBA000005303F500230A462F46014603EB0805F0
:10EBB0000023CDE902120293DDE902890024CDE9A8
:10EBC00004122B4622464046494601F015FD0246F6
:10EBD0000B46DDE90A0101F057FBDDE90623CDE92B
:10EBE0000A012046294601F04FFB02460B463046FB
:10EBF000394601F049FB42464B4601F0FDFC024616
:10EC00000B46DDE90A0101F03FFBDDE90E2301F0CF
:10EC1000F3FCDDE90445CDE9060122462B462046FA
:10EC2000294601F0E9FC78A3D3E9002304460D4608
:10EC300001F0E2FC76A3D3E9002301F027FB224692
:10EC40002B4601F0D9FC74A3D3E9002301F01EFB8D
:10EC500022462B4601F0D0FC71A3D3E9002301F03A
:10EC600015FB22462B4601F0C7FC6FA3D3E9002316
:10EC700001F00CFB22462B4601F0BEFC6CA3D3E94D
:10EC8000002301F003FB224606460F462B46204692
:10EC9000294601F0B1FC02460B463046394601F0E8
:10ECA000ABFC424604460D464B46DDE9040101F04B
:10ECB000EDFADDE9062301F09FFC22462B4601F028
:10ECC000E5FA424606460F464B464046494601F0A5
:10ECD00093FC0022624BCDE90A0101F0D7FA3246DB
:10ECE0003B4601F0D3FA02980D46044622462B46D5
:10ECF0004046494601F080FC002280468946584B38
:10ED00002046294601F0C0FADDE90A2301F0BCFAE9
:10ED100002460B463046394601F0B6FADDE90423D7
:10ED200001F06AFC224606460F462B46DDE9060145
:10ED300001F062FC02460B463046394601F0A6FA65
:10ED400006460F4602460B464046494601F09EFAEB
:10ED5000029839A3D3E9002304460D4601F04CFC88
:10ED60004246CDE904014B462046294601F08CFA83
:10ED700002460B463046394601F086FA30A3D3E905
:10ED8000002301F039FC30A3D3E9002306460F46E7
:10ED90002046294601F030FC02460B4630463946F3
:10EDA00001F074FADDE9102301F070FA06460D98BF
:10EDB0000F4601F0B7FB3246804689463B46DDE907
:10EDC000040101F063FADDE9082301F05FFA42462D
:10EDD0004B4601F05BFA029842464B4604460D460C
:10EDE00001F052FADDE9082301F04EFADDE90423CF
:10EDF00038E000BFAFF3008000000000000000001A
:10EE0000000000000000F03FEF4E454A287ECA3F58
:10EE100065DBC9934A86CD3F01411DA96074D13F8E
:10EE20004D268F515555D53FFFAB6FDBB66DDB3FA0
:10EE3000033333333333E33F000000E009C7EE3FD1
:10EE4000FD033ADC09C7EE3FF5015B14E02F3EBE3F
:10EE5000000040438E98030079B60B000000F03F9D
:10EE60000000084001F010FA0B46024639463046D1
:10EE700001F00AFA0BF1FF3353EA0A03CDE904016A
:10EE800000F05F819FEDD27B8DED027BDDE900AB71
:10EE9000002356465F46CDE900670093DDE9006731
:10EEA000504632463B46594601F0EEF922462B4683
:10EEB00001F0A2FB5246804689465B46DDE904012B
:10EEC00001F09AFB02460B464046494601F0DEF946
:10EED0003246804689463B4620462946CDE904898C
:10EEE00001F08AFB0B46024606460F46404649465D
:10EEF00001F0CCF9D04B994204460D468A4640F3C6
:10EF0000258101F13F4303F5E003034340F0FE8117
:10EF1000B1A3D3E90023DDE9040101F0B7F93246DA
:10EF2000804689463B462046294601F0ADF9024617
:10EF30000B464046494601F0EFFD002840F0E681CF
:10EF4000A8464FEA2853A3F2FE324FF48013134130
:10EF50005344C3F30A52B94DA2F2FF321541C3F331
:10EF6000130423EA05010020C2F1140B44F48014B9
:10EF7000BAF1000F02460B4644FA0BFB3046394605
:10EF8000B8BFCBF1000B01F07FF906460F463246C1
:10EF9000DDE904013B4601F079F94FEA0B5A0D46D1
:10EFA00000248FA3D3E900232046294601F024FB47
:10EFB0003246804689463B462046294601F064F9A0
:10EFC00002460B46DDE9040101F05EF986A3D3E9B0
:10EFD000002301F011FB86A3D3E9002306460F4668
:10EFE0002046294601F008FB02460B4630463946CA
:10EFF00001F04CF906460F4602460B46404649468C
:10F0000001F044F942464B4604460D4601F03CF9F6
:10F0100002460B463046394601F036F92246804614
:10F0200089462B462046294601F0E6FA72A3D3E929
:10F03000002306460F4601F0DFFA71A3D3E900234F
:10F0400001F022F932463B4601F0D6FA6EA3D3E92D
:10F05000002301F01BF932463B4601F0CDFA6CA3C8
:10F06000D3E9002301F010F932463B4601F0C4FA1F
:10F0700069A3D3E9002301F009F932463B4601F0C8
:10F08000BBFA02460B462046294601F0FDF806462B
:10F090000F4602460B462046294601F0ADFA0022F3
:10F0A000CDE900014FF080433046394601F0ECF8DD
:10F0B00002460B46DDE9000101F0C8FB4246064668
:10F0C0000F464B462046294601F096FA42464B46EB
:10F0D00001F0DCF802460B463046394601F0D4F820
:10F0E00022462B4601F0D0F802460B460020544938
:10F0F00001F0CAF88A44BAF5801F02460B46C0F2F6
:10F1000030815146DDE9022301F076FA21E4002E38
:10F11000FFF645AC49EC108B13B0BDE8F04F00F0A2
:10F1200057B9002FBFF6D2ACDDE90034184604F120
:10F1300000410EE442464B460020414901F086FB67
:10F1400007E49FED377B8DED027B9FE63D4B21F081
:10F150000048984540F3E8803B4B0B4403430AD1F9
:10F1600032463B4601F090F8DDE9042301F0CAFC89
:10F1700000283FF4E6AEDDE902012BA3D3E900232A
:10F1800001F03AFA28A3D3E9002301F035FAFFF79A
:10F19000E0BBBCF1000F40F0D080C3F1140345FA8E
:10F1A00003F202FA03F3AB4200F0E380E346FFF719
:10F1B000EABB9FED1F7B8DED087B8DED107B9FEDF6
:10F1C000047B4FF000088DED067BC9E40026A4E423
:10F1D000000000000000F03FFE822B654715973CC1
:10F1E00000000000432EE63FEF39FAFE422EE63FD4
:10F1F000396CA80C615C20BED0A4BE726937663E33
:10F20000F16BD2C541BDBB3E2CDE25AF6A56113F26
:10F2100093BDBE166CC1663F3E5555555555C53F0D
:10F22000000000000000F0BF59F3F8C21F6EA501F6
:10F230000000000000000000FFFF8F40FFFF0F00F4
:10F240000000F03FFFCB904000346F3F5C4B9C428E
:10F250007FF73AAC5B4B9C423FF7C3AB0022594B64
:10F2600001F012F846A3D3E9002304460D4601F04D
:10F27000C3F945A3D3E900238046894620462946A1
:10F2800001F0BAF90022CDE902014F4B2046294690
:10F2900001F0B2F902460B463DA1D1E9000100F0B0
:10F2A000F3FF22462B4601F0A7F902460B46002049
:10F2B000464900F0E9FF224606460F462B46204607
:10F2C000294601F099F902460B463046394601F0CD
:10F2D00093F931A3D3E9002301F08EF902460B46DE
:10F2E000DDE9020100F0D0FF02460B4606460F465C
:10F2F0004046494600F0CAFF002004460D464246FB
:10F300004B46AFE502460B46FFF7D5BBDDE90201F0
:10F3100023A3D3E9002301F06FF921A3D3E900234C
:10F3200001F06AF9FFF715BB284B98453FF709AE86
:10F33000DDE900239246934632E64FF0000BFFF7DB
:10F340002EBB9FED197B8DED087B9FED197B8DED1D
:10F35000107B9FED197B4FF480288DED067BFFF726
:10F36000FFBB584643EC102B00F03EFC51EC100B59
:10F37000C8E602F00102C2F1020BFFF704BB00BFB6
:10F38000000000604715F73F44DF5DF80BAE543EC8
:10F39000555555555555D53FFE822B654715F73FB9
:10F3A0009C7500883CE4377E0000004003B8E23FD3
:10F3B00006D0CF43EBFD4C3E000000000000F83FBC
:10F3C000FEFFEF3F0000F03F0000D03F0000E03FB5
:10F3D0002DE9F041624A57EC106BBA4300F095807A
:10F3E000002F3B4610EE101A344654DD3F1500F056
:10F3F000AF80C3F31303A7F2FF3743F48013E20F88
:10F40000F90702EB43034FEA440503D5ED0F05EB83
:10F410004303A50000267F10B44616224FF40011C6
:10F420000CEB010098424FEAD5744FEA450503DC26
:10F430001B1A00EB010C0E44013A04EB43034FEAA4
:10F440005101EDD11046964620244FF0004209E0CC
:10F4500052D05B00013C03EBD5734FEA52024FEAF6
:10F46000450536D0634502EB0E01F1DD002901EBC5
:10F47000020E0ADBE046A3EB0C03A94288BF03F1AE
:10F48000FF336D1A1044C446E3E7BEF1000FF1DB11
:10F490000CF10108EFE727F0004232432AD0002F99
:10F4A00049D1CA0A153B4905002AFAD012F4801046
:10F4B00001D050E020465200D50200F10104F9D5F8
:10F4C000C4F1200501FA04F4E9401F1A41EA0203DD
:10F4D0008FE72B4329D144087110F30701F17F51C5
:10F4E00001F5001148BF44F0004401EB07532246E8
:10F4F00043EC102BBDE8F081A942AAD8002901EB0A
:10F50000020EC2DB98460023BBE710EE102A3B46F2
:10F5100010EE100A394601F06FF832463B4600F013
:10F52000B5FE41EC100BBDE8F081421C16BF421C39
:10F5300001365408D0E710EE102A3046394600F064
:10F54000A3FE02460B4601F081F941EC100BD1E716
:10F550001A463B46AAE70C4620254FF0FF30B3E79A
:10F560000000F07F10B582B0CDED010A019B23F0C1
:10F570000042B2F1FF4FF0EE407A18DC10EE100AB4
:10F5800020F00041B1F1FF4F11DCB3F17E5F3DD0BF
:10F590009C1704F0020444EAD07471B9022C4AD0DA
:10F5A0009FED440A032C18BFB0EE670A03E09DEDFF
:10F5B000017A37EE270A02B010BD42B99FED3E0A2C
:10F5C000DFED3E7A0028B8BFB0EE670AF3E7B2F18C
:10F5D000FF4F20D0B1F1FF4F30D08A1AD2153C2A0C
:10F5E00035DC002B36DA3C3234DA9FED350A012C5B
:10F5F00042D0022C37D0002CDDD0DFED327A9FEDE7
:10F60000327A70EE277A37EEC70AD4E702B0BDE847
:10F61000104000F073BBB1F1FF4F34D0022C0AD080
:10F62000032C3DD0DFED297A9FED250A012C08BF80
:10F63000B0EE670ABFE79FED240ABCE7DFED1E7A54
:10F640009FED1E0A0028A8BFB0EE670AB3E79FED42
:10F650001A0ACCE79DED010A87EE800A00F020FC33
:10F6600000F04CFBC3E7DFED177A9FED177A70EEE1
:10F67000277A37EE670A9EE710EE103A03F100434F
:10F6800000EE103A97E7022C10D0032C0BD0DFEDE0
:10F69000107A9FED100A012C08BFB0EE670A8AE7C6
:10F6A0009FED040A87E79FED0C0A84E79FED0B0AA4
:10F6B00081E700BFDB0F49C0DB0FC93FDB0FC9BFCC
:10F6C000000000002EBDBB33DB0F4940000000806E
:10F6D000DB0F49BFDB0F493FE4CB16C0E4CB16403C
:10F6E000B1EEC00A704700BF10B52DED028BB0EE31
:10F6F000408A044601F090FCB0EE480ABDEC028B53
:10F70000046010BD30B1F1EE407A27EE800A22206D
:10F71000FFF7EABFF0EE407A27EE800A2220FFF7DB
:10F72000E3BF00BF9FED010AFFF7ECBF0000001030
:10F730009FED010AFFF7E6BF0000201A9FED010AC6
:10F74000FFF7E0BF000000702DE9F84F55EC104BBB
:10F75000C94B25F000469E42AA4610DDC74B9E428B
:10F7600000F3B58000F0B080BAF1000F40F3F980EB
:10F77000A5A1D1E9000141EC100BBDE8F88FC04B09
:10F780009E4200F3C380A3F1DE739E4240F3A98042
:10F790004FF0FF3B22462B462046294600F02CFF27
:10F7A00002460B468046894600F026FF98A3D3E91F
:10F7B000002306460F4600F01FFF97A3D3E900235E
:10F7C00000F064FD32463B4600F016FF94A3D3E9F7
:10F7D000002300F05BFD32463B4600F00DFF92A394
:10F7E000D3E9002300F052FD32463B4600F004FF0F
:10F7F0008FA3D3E9002300F049FD32463B4600F0D9
:10F80000FBFE8DA3D3E9002300F040FD42464B46AA
:10F8100000F0F2FE8AA3D3E90023804689463046F1
:10F82000394600F0E9FE88A3D3E9002300F02CFD5F
:10F8300032463B4600F0E0FE85A3D3E9002300F00A
:10F8400023FD32463B4600F0D7FE83A3D3E90023D5
:10F8500000F01AFD32463B4600F0CEFE80A3D3E90D
:10F86000002300F011FD32463B4600F0C5FE024683
:10F870000B464046494600F009FD22462B4600F063
:10F88000BBFEBBF1FF3F02460B466ED07D4B7E4E6A
:10F890004FEACB0B5B44D3E9002300F0F5FC224692
:10F8A0002B4600F0F1FCB34402460B46DBE90001B5
:10F8B00000F0EAFCBAF1000F0FDA01F1004319463B
:10F8C00041EC100BBDE8F88F002C3FF44DAF224601
:10F8D0002B462046294600F0D9FC41EC100BBDE830
:10F8E000F88F61A3D3E9002310EE100A294600F037
:10F8F000CDFC0022654B01F00FF900283FF448AF22
:10F900002046294641EC100BBDE8F88F00F0C8F8FE
:10F910005F4B9E4255EC104B2FDCA3F550239E42CB
:10F9200058DC10EE102A10EE100A2B46294600F083
:10F93000ADFC0022554B00F0A7FC002206460F4606
:10F940004FF080432046294600F0A0FC02460B46BB
:10F950003046394600F07AFF4FF0000B04460D4662
:10F9600018E743A1D1E90001B7E72046294600F096
:10F970008BFC41EC100BBDE8F88F464B9E421DDC22
:10F9800010EE100A0022444B294600F07DFC0022B4
:10F9900006460F46404B2046294600F02DFE002229
:10F9A0003A4B00F073FC02460B463046394600F0F5
:10F9B0004DFF4FF0020B04460D46EBE62B4610EED2
:10F9C000102A0020354900F041FF4FF0030B044698
:10F9D0000D46DFE610EE100A00222C4B294600F0FF
:10F9E00053FC002206460F46284B2046294600F0CD
:10F9F0004DFC02460B463046394600F027FF4FF0DB
:10FA0000010B04460D46C5E6182D4454FB21F93F71
:10FA100011DA22E33AAD903FEB0D76244B7BA93F00
:10FA2000513DD0A0660DB13F6E204CC5CD45B73FCE
:10FA3000FF8300922449C23F0D5555555555D53F7A
:10FA40002F6C6A2C44B4A2BF9AFDDE522DDEAD3F6E
:10FA50006D9A74AFF2B0B33F711623FEC671BC3F0E
:10FA6000C4EB98999999C93F9C7500883CE4377E0E
:10FA7000182D4454FB21F9BFFFFF0F440000F07F15
:10FA8000FFFFDB3FF07C0500D07C05000000F03F6D
:10FA9000FFFFF23FFF7F03400000F83F0000F0BF90
:10FAA00051EC100B10EE102A21F0004343EC102B08
:10FAB000704700BF10EE903A43F0004000F5801010
:10FAC000C00F7047002070479FED010B704700BFCB
:10FAD000000000000000F87FF0B551EC100BC1F3FE
:10FAE0000A55A5F2FF32132A83B00B464FEAD176AE
:10FAF00010EE104A2FDC002A4ADB394D154101EA8D
:10FB00000507074323D06D0829400C430CD04FF460
:10FB10008021132A23EA050541FA02F343EA05038B
:10FB20000CBF4FF0004400242E4A02EBC6062046CC
:10FB3000D6E9004502462946204600F0A7FBCDE95C
:10FB4000000122462B46DDE9000100F09DFB41EC5F
:10FB5000100B03B0F0BD332A07DDB2F5806FF6D18C
:10FB600010EE102A00F092FBF1E7A5F213454FF0DA
:10FB7000FF32EA401042EAD052081042D4D04FF08F
:10FB8000804124EA020241FA05F542EA0504CBE786
:10FB900021F000420243DAD0C1F31302024354427F
:10FBA000104D1443240B05EBC6004F0C04F4002148
:10FBB000D0E900457F0410EE102A41EA07032046F1
:10FBC000294600F063FBCDE900012B462246DDE922
:10FBD000000100F059FB21F0004343EAC671B6E78B
:10FBE000FFFF0F00107D050038B553EC102BC3F359
:10FBF0000A511C46054629BB10EE101A23F000449A
:10FC000021431ED019460022394B3A4C10EE100AFF
:10FC100000F0F2FCA54202460B4636DB0C46C1F36F
:10FC20000A513639294440F2FE70814235DC002900
:10FC300014DD24F0FF4424F4E00444EA015343ECCF
:10FC4000102B38BD40F2FF708142EBD110EE100A4C
:10FC5000194600F01BFB41EC100B38BD11F1350FBC
:10FC60001EDA4CF250318D4243EC112B28DD9FED12
:10FC70001C0B00F0F7FA1AA3D3E9002351EC100B88
:10FC800000F0BAFC41EC100B38BD17A3D3E90023F8
:10FC900000F0B2FC41EC100B38BD43EC112BE6E751
:10FCA00024F0FF4424F4E004363144EA01531046C2
:10FCB00019460022104B00F09FFC41EC100B38BDA0
:10FCC0009FED090B00F0CEFA07A3D3E9002351EC16
:10FCD000100B00F091FC41EC100B38BDAFF300802D
:10FCE0009C7500883CE4377E59F3F8C21F6EA5016D
:10FCF00000005043B03CFFFF0000903C38B510EED0
:10FD0000105A25F00044B4F1A14FF0EE407A0BDB1D
:10FD1000B4F1FF4F58DCDFED4F7A9FED4F0A002D15
:10FD2000D8BFB0EE670A38BD4C4B9C425BDCB4F1E7
:10FD3000445F4CDB4FF0FF3367EEA76ADFED481AF4
:10FD4000DFED482A9FED482A9FED483ADFED483A1B
:10FD50009FED484ADFED484A9FED485ADFED485A8B
:10FD60009FED480A9FED486A26EEA67A5A1CE7EEF8
:10FD7000212AA7EE023AE2EE873AA3EE074AE3EE23
:10FD8000874AA4EE075AE4EE875AA5EE070AA5EEC5
:10FD9000876A20EE070AA6EE260A20EE270A37D049
:10FDA0003A493B4A9B00194491ED007A30EE470AEC
:10FDB000134430EE670AD3ED007A002D37EEC00A07
:10FDC000B1DAB1EE400A38BD30EE000A38BD9FED21
:10FDD000317A30EE077AF7EE006AB4EEE67AF1EEA9
:10FDE00010FAA7DD38BD00F05BF82B4B9C4212DC0B
:10FDF000A3F5D0039C4223DCF0EE007ABFEE007A3C
:10FE0000A0EE277A002330EE270AC7EE007A93E7A8
:10FE100037EEC00A38BD214B9C420BDCF7EE087A66
:10FE2000B7EE007AA0EE277A022330EE670AC0EE22
:10FE3000077A81E7BFEE007AC7EE007A03237BE7FB
:10FE4000F7EE007A30EE677A30EE270A0123C7EE2C
:10FE5000007A71E7DB0FC9BFDB0FC93FFFFFDF3E51
:10FE6000D769853C59DA4B3D21A215BD6BF16EBDBA
:10FE7000356B883D95879DBD6E2EBA3D388EE3BDAE
:10FE80002549123ECDCC4CBEABAAAA3E307D050022
:10FE9000207D0500CAF24971FFFF973FFFFF1B401D
:10FEA00010EE103A23F0004300EE103A704700BF06
:10FEB0002DE9F04F51EC100BB1F5801F85B00B46CA
:10FEC00080F2CE8021F00042024300F0D880002969
:10FED000C0F2EA800022DE4B00F08EFBDD4A0B46CA
:10FEE00093426FF0350700F3C180C3F3130505F5A6
:10FEF000152606F6647606F4801686F07F5282F4A4
:10FF0000401242EA05011C150022D34B00F0BCF957
:10FF1000AB1CA4F2FF34C3F313033C44022B04EBE9
:10FF2000165482468B464FF0000240F3B3804FF0E8
:10FF3000804300F0ABF902460B465046594600F0AC
:10FF400085FC064620460F4600F0ECFA3246CDE925
:10FF500002013B4630463946CDE9006700F04CFBD4
:10FF600002460B468046894600F046FBA2A3D3E931
:10FF7000002306460F4600F03FFBA1A3D3E9002370
:10FF800000F084F932463B4600F036FB9EA3D3E9ED
:10FF9000002300F07BF932463B4600F02DFB9CA38A
:10FFA000D3E9002300F072F942464B4600F024FBEF
:10FFB00099A3D3E90023804689463046394600F0AC
:10FFC0001BFB97A3D3E9002300F060F932463B46C0
:10FFD00000F012FB94A3D3E9002300F057F9324656
:10FFE0003B4600F009FB0B4602464946404600F0FE
:10FFF0004DF9A5F5C223C5F5D725A3F27A435135AE
:020000025000AC
:100000001D43002D06460F4640F38F800022934B80
:100010005046594600F0F0FA52465B4600F0ECFAC2
:1000200002460B46804689463046394600F02EF996
:10003000DDE9002300F0E0FA06460F46002C40F010
:100040008B8002460B464046494600F01DF90246A9
:100050000B465046594600F017F941EC100B0BE0E7
:100060007C4A93424FF000077FF73FAF02460B46B2
:1000700000F00CF941EC100B05B0BDE8F08F002248
:1000800000230020764900F0E1FB41EC100B05B0A5
:10009000BDE8F08F002300F017FD80B1002C40F088
:1000A00084809FED630BE7E710EE102A00F0ECF878
:1000B0000022002300F0CAFB41EC100BDCE75EA33A
:1000C000D3E900235046594600F096FA02460B4603
:1000D0000020624900F0D8F8524606460F465B46BB
:1000E0005046594600F088FA02460B4630463946DB
:1000F00000F082FA06460F462CB3204600F012FAB2
:100100004FA3D3E900238046894600F075FA4EA339
:10011000D3E9002304460D464046494600F06CFAF8
:1001200002460B46304639462EE002460B46504604
:10013000594600F0A9F8DDE9002300F05DFA064613
:100140000F46002C4DD132463B465046594600F0F2
:100150009BF841EC100B8FE739A3D3E90023DDE9CD
:10016000020100F049FA38A3D3E9002304460D4602
:10017000DDE9020100F040FA32463B4600F086F825
:1001800002460B464046494600F07EF852465B4622
:1001900000F07AF802460B462046294600F074F833
:1001A00041EC100B05B0BDE8F08F204600F0BAF925
:1001B00023A3D3E9002306460F4600F01DFA22A32D
:1001C000D3E9002304460D463046394600F014FAC0
:1001D00002460B462046294600F058F841EC100B29
:1001E0004AE7DDE9028916A3D3E9002340464946E0
:1001F0008BE700BFAFF3008044523EDF12F1C23FF5
:10020000DE03CB966446C73F599322942449D23FDC
:10021000935555555555E53F9FC678D0099AC33F2C
:10022000AF788E1DC571CC3F04FA97999999D93F43
:100230000000000000000000555555555555D53FAC
:100240000000E0FE422EE63F763C7935EF39EA3D8C
:1002500000005043FFFFEF7F0000F03F0000E03F51
:10026000000050C353EC102B11EE900A23F0004114
:1002700000F0004041EA000343EC102B704700BF40
:1002800081F0004102E000BF83F0004330B54FEA47
:1002900041044FEA430594EA050F08BF90EA020FB4
:1002A0001FBF54EA000C55EA020C7FEA645C7FEA47
:1002B000655C00F0E2804FEA5454D4EB5555B8BF6A
:1002C0006D420CDD2C4480EA020281EA030382EADB
:1002D000000083EA010180EA020281EA0303362D6D
:1002E00088BF30BD11F0004F4FEA01314FF4801C40
:1002F0004CEA113102D0404261EB410113F0004F52
:100300004FEA03334CEA133302D0524263EB430308
:1003100094EA050F00F0A780A4F10104D5F1200EA6
:100320000DDB02FA0EFC22FA05F2801841F1000101
:1003300003FA0EF2801843FA05F359410EE0A5F1D5
:1003400020050EF1200E012A03FA0EFC28BF4CF006
:10035000020C43FA05F3C01851EBE37101F00045BC
:1003600007D54FF0000EDCF1000C7EEB00006EEBC9
:100370000101B1F5801F1BD3B1F5001F0CD3490853
:100380005FEA30004FEA3C0C04F101044FEA4452AA
:1003900012F5800F80F09A80BCF1004F08BF5FEA31
:1003A000500C50F1000041EB045141EA050130BD11
:1003B0005FEA4C0C404141EB010111F4801FA4F1B4
:1003C0000104E9D191F0000F04BF01460020B1FA09
:1003D00081F308BF2033A3F10B03B3F120020CDA41
:1003E0000C3208DD02F1140CC2F10C0201FA0CF01F
:1003F00021FA02F10CE002F11402D8BFC2F1200C84
:1004000001FA02F120FA0CFCDCBF41EA0C01904039
:10041000E41AA2BF01EB0451294330BD6FEA040482
:100420001F3C1CDA0C340EDC04F11404C4F120026D
:1004300020FA04F001FA02F340EA030021FA04F37F
:1004400045EA030130BDC4F10C04C4F1200220FAD6
:1004500002F001FA04F340EA0300294630BD21FA14
:1004600004F0294630BD94F0000F83F4801306BFDA
:1004700081F480110134013D4EE77FEA645C18BFCE
:100480007FEA655C29D094EA050F08BF90EA020F65
:1004900005D054EA000C04BF1946104630BD91EA5D
:1004A000030F1EBF0021002030BD5FEA545C05D160
:1004B0004000494128BF41F0004130BD14F580049F
:1004C0003CBF01F5801130BD01F0004545F0FE4113
:1004D00041F470014FF0000030BD7FEA645C1ABF48
:1004E000194610467FEA655C1CBF0B46024650EA7F
:1004F000013406BF52EA033591EA030F41F40021AB
:1005000030BD00BF90F0000F04BF0021704730B530
:100510004FF4806404F132044FF000054FF0000105
:1005200050E700BF90F0000F04BF0021704730B5C6
:100530004FF4806404F1320410F0004548BF40429B
:100540004FF000013EE700BF42004FEAE2014FEAF0
:1005500031014FEA02701FBF12F07F4393F07F4FCB
:1005600081F06051704732F07F4208BF704793F0CE
:100570007F4F04BF41F40021704730B54FF46074E1
:1005800001F0004521F000411CE700BF50EA0102E4
:1005900008BF704730B54FF000050AE050EA01028D
:1005A00008BF704730B511F0004502D5404261EBFD
:1005B00041014FF4806404F132045FEA915C3FF43E
:1005C000D8AE4FF003025FEADC0C18BF03325FEADB
:1005D000DC0C18BF033202EBDC02C2F1200300FA8C
:1005E00003FC20FA02F001FA03FE40EA0E0021FAB1
:1005F00002F11444BDE600BF70B54FF0FF0C4CF49F
:10060000E06C1CEA11541DBF1CEA135594EA0C0F50
:1006100095EA0C0F00F0DEF82C4481EA030621EA8B
:100620004C5123EA4C5350EA013518BF52EA0335C6
:1006300041F4801143F4801338D0A0FB02CE4FF078
:100640000005E1FB02E506F00042E0FB03E54FF0A8
:100650000006E1FB03569CF0000F18BF4EF0010EA0
:10066000A4F1FF04B6F5007F64F5407404D25FEA9C
:100670004E0E6D4146EB060642EAC62141EA55514F
:100680004FEAC52040EA5E504FEACE2EB4F1FD0C91
:1006900088BFBCF5E06F1ED8BEF1004F08BF5FEA0F
:1006A000500E50F1000041EB045170BD06F00046C1
:1006B00046EA010140EA020081EA0301B4EB5C046E
:1006C000C2BFD4EB0C0541EA045170BD41F4801166
:1006D0004FF0000E013C00F3AB8014F1360FDEBF8B
:1006E000002001F0004170BDC4F10004203C35DA67
:1006F0000C341BDC04F11404C4F1200500FA05F3EA
:1007000020FA04F001FA05F240EA020001F000428A
:1007100021F0004110EBD37021FA04F642EB060100
:100720005EEA430E08BF20EAD37070BDC4F10C042A
:10073000C4F1200500FA04F320FA05F001FA04F2EE
:1007400040EA020001F0004110EBD37041F10001DA
:100750005EEA430E08BF20EAD37070BDC4F12005E5
:1007600000FA05F24EEA020E20FA04F301FA05F24D
:1007700043EA020321FA04F001F0004121FA04F2F5
:1007800020EA020000EBD3705EEA430E08BF20EAC5
:10079000D37070BD94F0000F0FD101F000464000FF
:1007A00041EB010111F4801F08BF013CF7D041EA81
:1007B000060195F0000F18BF704703F00046520085
:1007C00043EB030313F4801F08BF013DF7D043EA56
:1007D0000603704794EA0C0F0CEA135518BF95EA0C
:1007E0000C0F0CD050EA410618BF52EA4306D1D193
:1007F00081EA030101F000414FF0000070BD50EAB2
:10080000410606BF1046194652EA430619D094EA3B
:100810000C0F02D150EA013613D195EA0C0F05D125
:1008200052EA03361CBF104619460AD181EA030179
:1008300001F0004141F0FE4141F470014FF0000031
:1008400070BD41F0FE4141F4780170BD70B54FF0CC
:10085000FF0C4CF4E06C1CEA11541DBF1CEA13554C
:1008600094EA0C0F95EA0C0F00F0A7F8A4EB05042E
:1008700081EA030E52EA03354FEA013100F0888025
:100880004FEA03334FF0805545EA131343EA1263EE
:100890004FEA022245EA111545EA10654FEA0026A3
:1008A0000EF000419D4208BF964244F1FD0404F55C
:1008B000407402D25B084FEA3202B61A65EB0305B8
:1008C0005B084FEA32024FF480104FF4002CB6EB75
:1008D000020E75EB030E22BFB61A754640EA0C00F5
:1008E0005B084FEA3202B6EB020E75EB030E22BF35
:1008F000B61A754640EA5C005B084FEA3202B6EB76
:10090000020E75EB030E22BFB61A754640EA9C0034
:100910005B084FEA3202B6EB020E75EB030E22BF04
:10092000B61A754640EADC0055EA060E18D04FEAC2
:10093000051545EA16754FEA06164FEAC30343EA62
:1009400052734FEAC2025FEA1C1CC0D111F4801F2F
:100950000BD141EA00014FF000004FF0004CB6E728
:1009600011F4801F04BF01430020B4F1FD0C88BFC7
:10097000BCF5E06F3FF6AFAEB5EB030C04BFB6EBD2
:10098000020C5FEA500C50F1000041EB045170BDC5
:100990000EF0004E4EEA113114EB5C04C2BFD4EBF2
:1009A0000C0541EA045170BD41F480114FF0000E76
:1009B000013C90E645EA060E8DE60CEA135594EAF2
:1009C0000C0F08BF95EA0C0F3FF43BAF94EA0C0FF5
:1009D0000AD150EA01347FF434AF95EA0C0F7FF46A
:1009E00025AF104619462CE795EA0C0F06D152EABE
:1009F00003353FF4FDAE1046194622E750EA4106A2
:100A000018BF52EA43067FF4C5AE50EA41047FF4B2
:100A10000DAF52EA43057FF4EBAE12E74FF0FF3C17
:100A200006E000BF4FF0010C02E000BF4FF0010CE8
:100A30004DF804CD4FEA410C7FEA6C5C4FEA430C61
:100A400018BF7FEA6C5C1BD001B050EA410C0CBFB0
:100A500052EA430C91EA030F02BF90EA020F002012
:100A6000704710F1000F91EA030F58BF994208BF79
:100A700090422CBFD8176FEAE37040F00100704736
:100A80004FEA410C7FEA6C5C02D150EA013C07D18D
:100A90004FEA430C7FEA6C5CD6D152EA033CD3D0D8
:100AA0005DF8040B704700BF8446104662468C46D2
:100AB0001946634600E000BF01B5FFF7B7FF002805
:100AC00048BF10F1000F01BD4DF808EDFFF7F4FF2E
:100AD0000CBF012000205DF808FB00BF4DF808EDB9
:100AE000FFF7EAFF34BF012000205DF808FB00BFDC
:100AF0004DF808EDFFF7E0FF94BF012000205DF8FE
:100B000008FB00BF4DF808EDFFF7CEFF94BF0120B2
:100B100000205DF808FB00BF4DF808EDFFF7C4FFAB
:100B200034BF012000205DF808FB00BF4FEA410CF4
:100B30007FEA6C5C02D150EA013C0AD14FEA430CD7
:100B40007FEA6C5C02D152EA033C02D14FF0000014
:100B500070474FF0010070474FEA410212F5001252
:100B600015D211D56FF47873B3EB625212D94FEAF4
:100B7000C12343F0004343EA505311F0004F23FADE
:100B800002F018BF404270474FF00000704750EA33
:100B9000013005D111F0004008BF6FF000407047F0
:100BA0004FF00000704700BF4A0011D212F500124A
:100BB00011D20DD56FF47873B3EB62520ED44FEAB5
:100BC000C12343F0004343EA505323FA02F0704735
:100BD0004FF00000704750EA013002D14FF0FF3073
:100BE00070474FF0000070474FEA4102B2F1E04316
:100BF00024BFB3F5001CDCF1FE5C0DD901F0004C04
:100C00004FEAC0024CEA5070B2F1004F40EB830053
:100C100008BF20F00100704711F0804F21D113F17F
:100C20003872BCBF01F00040704741F480114FEAB8
:100C30005252C2F11802C2F1200C10FA0CF320FA41
:100C400002F018BF40F001004FEAC1234FEAD3235E
:100C500003FA0CFC40EA0C0023FA02F34FEA4303C8
:100C6000CCE77FEA625307D150EA01331EBF4FF051
:100C7000FE4040F44000704701F0004040F0FE406C
:100C800040F40000704700BF53B94AB9002908BFBB
:100C900000281CBF4FF0FF314FF0FF3000F086B945
:100CA000ADF1080C6DE904CE00F01AF8DDF804E0AF
:100CB000DDE9022304B07047430803F05533C01A3E
:100CC000830803F0333300F03330184400EB101086
:100CD00000F00F3000EB002000EB0040000E7047EA
:100CE0002DE9F047089E04468846002B4BD18A42E6
:100CF000154667D9B2FA82F24AB1C2F1200701FA69
:100D000002F320FA07F7954047EA030894404FEAB8
:100D1000154E230CB8FBFEF71FFA85FC0EFB178857
:100D200043EA084307FB0CF1994209D9EB1807F194
:100D3000FF3080F01B81994240F21881023F2B4422
:100D40005B1AA4B2B3FBFEF00EFB103344EA03447B
:100D500000FB0CFCA44509D92C1900F1FF3380F0ED
:100D60000781A44540F2048102382C4440EA074040
:100D7000A4EB0C0400271EB1D4400023C6E90043B5
:100D80003946BDE8F0878B4209D9002E00F0EB8090
:100D90000027C6E9000138463946BDE8F087B3FAB6
:100DA00083F7002F47D18B4202D3824200F2FA80B0
:100DB000841A61EB030301209846002EE0D0C6E9B7
:100DC0000048DDE702B9FFDEB2FA82F2002A40F005
:100DD0008F80491B4FEA154E1FFA85F80127B1FB9A
:100DE000FEFC230C0EFB1C1143EA014308FB0CF133
:100DF000994207D9EB180CF1FF3002D2994200F268
:100E0000CD808446591AA3B2B1FBFEF00EFB10143C
:100E100043EA044408FB00F8A04507D92C1900F167
:100E2000FF3302D2A04500F2B6801846A4EB0804B6
:100E300040EA0C409FE7C7F1200CBB4022FA0CFEB1
:100E40004EEA030E01FA07F420FA0CF521FA0CF32E
:100E50004FEA1E482543B3FBF8F92C0C08FB193365
:100E60001FFA8EFA44EA034309FB0AF49C4202FA91
:100E700007F200FA07F10BD91EEB030309F1FF306B
:100E800080F087809C4240F28480A9F1020973447B
:100E90001B1BADB2B3FBF8F008FB103345EA03446B
:100EA00000FB0AFAA24508D91EEB040400F1FF3347
:100EB0006BD2A24569D90238744440EA0940A0FBCC
:100EC0000289A4EB0A044C45C2464B4654D351D088
:100ED000002E69D0B1EB0A0564EB030404FA0CFCA4
:100EE000FD40FC404CEA0505C6E90054002747E7F1
:100EF000C2F1200320FA03F7954001FA02F021FA2B
:100F000003F34FEA154E3843010CB3FBFEF71FFA0B
:100F100085F80EFB173341EA034107FB08F38B42C8
:100F200004FA02F407D9691807F1FF3C2FD28B426B
:100F30002DD9023F2944CB1A81B2B3FBFEF00EFB40
:100F4000103341EA034100FB08F38B4207D96918CB
:100F500000F1FF3C17D28B4215D902382944C91A37
:100F600040EA07473BE73746304609E70746E7E6EA
:100F70001846FBE64145ABD2B8EB020A69EB0E021C
:100F800001381346A4E76046E9E7184695E7674647
:100F9000D1E781467CE702382C4447E7ACF1020CEC
:100FA0002B442FE7384608E73746E9E6704700BF8D
:100FB00008B5062000F072FF012002F089FF000052
:100FC0001FB51C46094B1B680546D86852B1084B33
:100FD0000091CDE9013207492B46224600F036F850
:100FE000FFF7E6FF044B1A46F2E700BF78610020E6
:100FF000407D05004D7D05007B7D050010B5054C4D
:1010000013462CB10A4601460220AFF3008010BD02
:101010002046FCE700000000014B1868704700BF45
:101020007861002008B5074B044613B10021AFF3E7
:101030000080054B1868836A03B19847204602F088
:1010400047FF00BF000000007C7D05000EB403B523
:10105000014603AB054853F8042B0068019300F0E8
:101060006DF902B05DF804EB03B0704778610020C1
:1010700070B50D4E0D4CA41BA4100025A54209D13E
:101080000B4E0C4C02F026FFA41BA4100025A54219
:1010900005D170BD56F8253098470135EEE756F872
:1010A000253098470135F2E7486300204863002067
:1010B0004863002078630020D0F8EC0070470000FF
:1010C000024B0146186800F0B5B800BF78610020F7
:1010D000024B0146186800F05FB800BF786100203D
:1010E00082B001B901A942B14BB113780B601278FB
:1010F000101C18BF012002B070471046FBE76FF0CC
:101100000100F8E730B50024A24201D1002007E039
:10111000035D01340D1915F8015CAB42F4D0581B86
:1011200030BD10B5431E0A44914200D110BD11F8E4
:10113000014B03F8014FF7E7884210B501EB0203BA
:1011400007D8421E99420AD011F8014B02F8014F0C
:10115000F8E78342F5D98118D21AD34200D110BDE5
:1011600013F8014D01F8014DF7E70244034693429D
:1011700000D1704703F8011BF9E738B502FB01F411
:10118000214600F057F8054618B122460021FFF726
:10119000ECFF284638BD000038B50546002945D08B
:1011A00051F8043C0C1F002BB8BFE41802F050F9B2
:1011B0001F4A1368104633B9636014602846BDE8BF
:1011C000384002F046B9A3420CD921686218934214
:1011D00004BF1A685B68636004BF52182260046031
:1011E000ECE713465A680AB1A242FAD919685818AE
:1011F000A0420BD120680144581882421960DDD109
:10120000106852685A6001441960D7E702D90C236C
:101210002B60D3E7206821188A4204BF1168526806
:10122000626004BF091821605C60C7E738BD00BF79
:101230009499002070B5CD1C25F0030508350C2DC0
:1012400038BF0C25002D064601DBA94203D90C232B
:101250003360002070BD02F0FBF8214A146821467B
:1012600091B9204C23681BB9304600F0DFFD2060A7
:101270002946304600F0DAFD431C24D10C233360AC
:10128000304602F0E6F8E4E70B685B1B18D40B2B42
:101290000FD90B60CD50CC18304602F0DAF804F1CB
:1012A0000B00231D20F00700C31AD3D05A42E2508E
:1012B000D0E78C424B6816BF636013600C46EBE7C7
:1012C0000C464968CCE7C41C24F00304A04205D0B6
:1012D000211A304600F0AAFD0130CFD02560DBE7AF
:1012E00094990020989900209368013B002B10B43A
:1012F000936008DA9469A34201DB0A2903D15DF8FF
:10130000044B00F055BF1368581C10601970084654
:101310005DF8044B7047F8B506460F461446D518DD
:10132000AC4201D1002007E03A4614F8011B3046D8
:10133000FFF7DAFF431CF3D1F8BD00002DE9F04FB1
:101340009DB00C4617460393064618B183690BB946
:1013500001F032FF7B4B9C4257D17468A389180778
:101360005DD52369002B5AD00023099320238DF8E3
:10137000293030238DF82A304FF0010BB84645460E
:1013800015F8013B0BB1252B54D1B8EB070A0BD054
:1013900053463A4621463046FFF7BDFF013000F084
:1013A000C280099B5344099398F80030002B00F049
:1013B000BA8000234FF0FF32CDE905230493079351
:1013C0008DF853301A93A846052218F8011B5E4881
:1013D00001F0EEFF049B78BBD90644BF20228DF8B4
:1013E00053201A0744BF2B228DF853202A782A2A2B
:1013F0002AD0079AA84600200A25414611F8013B49
:10140000303B092B69D960B324E0504B9C4201D199
:10141000B468A3E74E4B9C4208BFF4689EE72146A0
:10142000304600F025FF00289ED04FF0FF301DB061
:10143000BDE8F08FA846A2E7434A801A0BFA00F0F5
:10144000184304904546BEE7039A111D12680391A4
:10145000002A01DB079204E0524243F002030792A4
:10146000049398F800302E2B0ED198F801302A2BD7
:1014700038D1039B1A1D1B680392002BB8BF4FF095
:10148000FF3308F102080593324D98F8001003224B
:10149000284601F08DFF40B14023401B03FA00F0C5
:1014A000049B034308F10108049398F800102A48AC
:1014B0008DF82810062208F1010701F079FF0028B5
:1014C00037D0264B1BBB039B073323F0070308339E
:1014D0000393099B4B44099350E705FB023201201B
:1014E00088468AE7002308F10108059319460A2572
:1014F000404610F8012B303A092A03D9002BC3D0FB
:101500000591C1E705FB012101238046F0E703AB0C
:1015100000932246124B04A9304600F0B7F8B0F110
:10152000FF3F8146D5D1A3895B063FF57EAF099881
:101530007DE703AB00932246094B04A9304600F037
:101540005BFBECE7007F05008A7D0500207F05003E
:10155000E07E0500907D0500947D05008D16050058
:10156000171305002DE9FF4755EC104B0D9FDDF8D3
:1015700030A0002D0E4691461946B8BF22462B4694
:1015800027F02007BBBF05F100431D4600232D2394
:10159000B8BF1446462F0B7004D0452F00D101363A
:1015A000022100E0032103AB019302AB009332461A
:1015B000534645EC104B00F057FF472F804602D1B1
:1015C00019F0010F26D0462F08EB060911D198F823
:1015D0000030302B0AD10022002320462946FFF795
:1015E00073FA18B9C6F10106CAF80060DAF80030DB
:1015F00099440022002320462946FFF765FA38B9AE
:101600003022039B4B4505D2591C03911A70F8E711
:10161000CDF80C90039B0E9AA3EB08034046136091
:1016200004B0BDE8F087F7B500290446BABF4942C7
:101630002D232B23092904F8022B437020DD0DF103
:1016400007031F460A2691FBF6F506FB15113031FC
:10165000092D03F8011C03F1FF32294609DC303162
:10166000023B02F8011CBB42224604D3101A03B00D
:10167000F0BD1346E7E713F8012B04F8012BF2E75E
:10168000302319448370021DC170EFE72DE9F04F3C
:101690008DB00C46DDF8588016461F46054601F011
:1016A00015FE03680493184600F074FC00230A93A7
:1016B000D8F800300590073323F0070303F1080240
:1016C00094F818A0D4F800B0C8F80020D3E900239B
:1016D000C4E91223D4E9128929F000430793CDF815
:1016E00018804FF0FF32A74BDDE90601FFF71EFA25
:1016F00070BB4FF0FF32A34BDDE90601FFF7F8F9AD
:1017000030BB0022002340464946FFF7E7F910B1FD
:101710002D2384F843309C4A9C4BBAF1470F8CBF71
:101720009046984603232BF00402236122604FF079
:101730000009009733460BAA2146284600F0E6F937
:10174000013040F08D804FF0FF300DB0BDE8F08FDC
:1017500042464B4640464946FFF7E8F910B18C4AED
:101760008C4BDAE761684B1C4BF480620AA83ED1CF
:10177000062363600023CDE9020309AB009349EC23
:10178000108B0DF123032260CDF804A06168284678
:10179000FFF7E8FE0AF0DF03472B804609D1099BDB
:1017A000D81C02DB6268934247DDAAF1020A5FFAA5
:1017B0008AFABAF1650F099924D80139524604F121
:1017C00050000991FFF72FFF0A9A1318012A81464A
:1017D000236102DC2268D10701D5013323619DF822
:1017E0002330002BA5D02D2384F84330A1E7BAF194
:1017F000670F00F07781BAF1470FBBD10029B9D14B
:101800000123B6E7BAF1660F19D1002963680CDD30
:10181000216113B92268D20702D501330B44236139
:10182000099BA3654FF00009D9E713B92268D007D7
:1018300001D50233F3E70123F1E74FF0670ADDE951
:101840000932934205DB22682361D107E8D50133D1
:10185000E5E7002BD4BFC3F1020301231344DEE705
:1018600023685A0507D42369424631462846B847BB
:1018700001302BD167E7BAF1650F40F2DC8000221E
:101880000023D4E91201FFF71FF9002833D0012308
:10189000414A31462846B84701303FF454AFDDE9AC
:1018A00009239A4202DB2368D8070FD5DDE9042318
:1018B00031462846B84701303FF445AF4FF00008A5
:1018C00004F11A090A9B013B434509DC23689B0785
:1018D00000F10381E0680B9B9842B8BF184634E7DB
:1018E00001234A4631462846B84701303FF42BAF22
:1018F00008F10108E6E7099B002B2BDC0123264AAF
:1019000031462846B84701303FF41DAF099B23B943
:101910000A9B13B92368D907D8D5DDE904233146DA
:101920002846B84701303FF40EAF4FF0000904F1EC
:101930001A0A099B5B424B4501DC0A9B94E7012391
:10194000524631462846B84701303FF4FCAE09F113
:101950000109EEE70A9AA36D9A42A8BF1A46002A27
:10196000914607DD1346314642462846B8470130C6
:101970003FF4E9AE04F11A034FF0000B29EAE979CC
:10198000069315E0FFFFEF7F9F7D05009B7D05001F
:10199000A77D0500A37D0500AB7D05000123069A08
:1019A00031462846B84701303FF4CDAE0BF1010B6C
:1019B000D4F858A0AAEB09035B45EFDCDDE9092365
:1019C0009A42D04415DB2368DA0712D40A9B09999E
:1019D000A3EB0A02A3EB010A9245A8BF9246BAF113
:1019E000000F0EDC4FF000082AEAEA7A04F11A0927
:1019F00019E0DDE9042331462846B8470130E5D136
:101A0000A1E65346424631462846B8470130E9D15F
:101A100099E601234A4631462846B84701303FF44B
:101A200092AE08F10108DDE909239B1AA3EB0A0332
:101A30004345EEDC4AE70A9A012A01DCDB073AD586
:101A40000123424631462846B84701303FF47BAE79
:101A5000DDE9042331462846B847013008F1010882
:101A60003FF471AE0A9B002203F1FF3AD4E9120160
:101A70000023FFF729F8C8B95346424631462846A5
:101A8000B84701300ED15EE6012352463146284662
:101A9000B84701303FF457AE08F101080A9B013BFB
:101AA0004345F1DC4B4604F15002DEE64FF00008FE
:101AB00004F11A0AF2E70123DFE701234A4631461F
:101AC0002846B84701303FF43EAE08F10108E3680C
:101AD0000B9A9B1A4345F0DCFCE64FF0000804F13A
:101AE0001909F4E700293FF48BAE0023CDE9020386
:101AF00009AB009349EC108B2260CDF804A00DF1E6
:101B000023032846FFF72EFD804648E62DE9F047DF
:101B100091461F468A680B69DDF820809342B8BF62
:101B20001346C9F8003091F8432006460C4612B11E
:101B30000133C9F800302368990642BFD9F8003054
:101B40000233C9F80030256815F0060507D104F105
:101B5000190AE368D9F800209B1AAB4228DC94F8F4
:101B600043302268003318BF012392062DD404F1BC
:101B7000430239463046C047013020D02368E5682B
:101B8000D9F8002003F00603042B08BFAD1AA368A0
:101B900022690CBF25EAE57500259342C4BF9B1A54
:101BA000ED184FF000091A344D451AD1002008E015
:101BB0000123524639463046C047013003D14FF029
:101BC000FF30BDE8F0870135C3E7E1185A1C30202B
:101BD00081F84300224494F8451082F84310023300
:101BE000C5E70123224639463046C0470130E6D0DA
:101BF00009F10109D8E700002DE9F04301F1430C98
:101C00000C46097E85B06E291746064698460C9A02
:101C100000F0B38022D8632936D00AD8002900F01A
:101C2000B980582900F0838004F1420584F84210FD
:101C300032E0642901D06929F6D1206813680506CD
:101C400003F104012AD51B681160002B03DA2D2251
:101C50005B4284F843206F480A2239E0732900F080
:101C60009D8008D86F2920D07029DDD1236843F0EA
:101C70002003236003E0752917D07829D4D1782375
:101C800084F84530644855E01368191D1B681160DD
:101C900004F1420584F8423001238CE01B68116096
:101CA00010F0400F18BF1BB2CFE713682568181D4E
:101CB0001060280601D51B6802E06806FBD51B886A
:101CC00054486F2914BF0A220822002184F84310C7
:101CD0006568A560002DC0F29580216821F004019F
:101CE0002160002B3DD1002D40F08E806546082AF2
:101CF0000BD12368DB0708D5236962689A42DEBFEF
:101D0000302305F8013C05F1FF35ACEB05032361F9
:101D1000CDF800803B4603AA21463046FFF7F6FE89
:101D200001304DD14FF0FF3005B0BDE8F0833948A8
:101D300084F84510136821681D1D1B6815600A068C
:101D40000BD5CA0744BF41F0200121601BB92268AE
:101D500022F0200222601022B7E74D0648BF9BB256
:101D6000EFE76546B3FBF2F102FB1133C35C05F804
:101D7000013D0B460029F5D1B9E713682568616973
:101D8000181D106028061B6801D5196002E06A065C
:101D9000FBD51980002323616546B9E71368191D37
:101DA00011601D6862680021284601F001FB08B13E
:101DB000401B606063682361002384F84330A7E719
:101DC00023692A4639463046C0470130AAD02368E5
:101DD0009B0713D4E068039B9842B8BF1846A3E75B
:101DE00001234A4639463046C04701309AD0013572
:101DF000E368039A9B1AAB42F2DCEBE7002504F19F
:101E00001909F5E7002BACD1037884F8423004F1CE
:101E100042056CE7AD7D0500BE7D0500024B0A461C
:101E20000146186801F0F2BD7861002038B5064C13
:101E30000023054608462360F6F718FA431C02D132
:101E4000236803B12B6038BD4C9C00201F2938B596
:101E500004460D4604D9162303604FF0FF3038BD09
:101E6000426C12B152F821304BB9204600F030F8E4
:101E70002A4601462046BDE8384000F017B8012B3D
:101E80000AD0591C03D1162303600120E7E7002480
:101E900042F82540284698470020E0E7024B0146DB
:101EA0001868FFF7D3BF00BF7861002038B5074C32
:101EB0000023054608461146236001F0F1FF431C4C
:101EC00002D1236803B12B6038BD00BF4C9C0020B9
:101ED00001F0D6BF0EB400B59CB01DAB02900690C9
:101EE0006FF00041094807910491094953F8042B08
:101EF00005910068019302A901F008FE029B0022EF
:101F00001A701CB05DF804EB03B0704778610020D4
:101F10000802FFFF10B503461A785C1C3AB9013B72
:101F200011F8012B03F8012F002AF9D110BD234627
:101F3000F2E7C9B2034610F8012B1AB18A42F9D16F
:101F400018467047002918BF0023F9E710F8012B45
:101F500011F8013B012A28BF9A42F7D0D01A7047E6
:101F6000034611F8012B03F8012B002AF9D1704721
:101F700070B503461A4612F8015B4DB14C1E01E0E4
:101F8000AE4205D014F8016F002EF9D11346F1E7E7
:101F9000181A70BD034613F8012B002AFBD1181A3A
:101FA0000138704770B50139044602B970BD234647
:101FB00011F8015F03F8015B561E2DB91444A342CA
:101FC000F4D003F8015BFAE71C463246EDE738B57A
:101FD00003460D4669B9BDE83840FFF7AABF431C68
:101FE000044629461846FFF7A4FF0028F7D12046EB
:101FF00038BD0024F5E770B503461A4612F8015BB8
:102000003DB14C1E01E0AE4205D014F8016F002E28
:10201000F9D1181A70BD1346EFE72DE9F047804655
:10202000894692461E460F463D46089815F8014BD4
:10203000FFF742F82044437813F0080330D12D2CE9
:1020400030D17C78BD1C0121002E5CD0102E09D12E
:10205000302C07D12B7803F0DF03582B4ED16C784E
:10206000102602354FF0FF320023B2FBF6F206FBDA
:1020700002FC6FEA0C0C1846A4F13007092F17D8A0
:102080003C46A64223DD002B1EDB82421CD301D13D
:10209000A44519DB00FB0640012315F8014BEBE7D3
:1020A0002F46C1E72B2C04BFBD1C7C781946CBE71B
:1020B000A4F14107192F01D8373CE2E7A4F16107E9
:1020C000192F04D8573CDCE74FF0FF33E5E7002B2E
:1020D00009DA2223C8F800304FF0FF30BAF1000FC0
:1020E00007D1BDE8F08701B14042BAF1000FF8D046
:1020F0000BB105F1FF39CAF80090F2E73024002E49
:10210000B0D10826AEE7302CA4D00A26AAE70000FA
:10211000084B37B51C68084D236A002B08BF2B46B7
:10212000009313460A4601462046FFF776FF03B0A8
:1021300030BD00BF78610020DC61002030B5141E86
:1021400005469BB0184605DA8B232B604FF0FF3015
:102150001BB030BD4FF40273ADF80C3014BF04F166
:10216000FF332346029305934FF6FF7300910491CA
:10217000ADF80E3002461E9B6946284601F0C6FCAB
:10218000431CBCBF8B232B60002CE1D0009B0022A2
:102190001A70DDE707B5009313460A460146034867
:1021A0000068FFF7CBFF03B05DF804FB7861002007
:1021B000F8B50E461446054618B183690BB900F010
:1021C000FBFF214B9C422AD16C68A369A360A389C1
:1021D0001A072ED5236963B323692068C01A63697F
:1021E000F6B28342374604DC2146284600F07AFFE7
:1021F00028BBA368013BA36023685A1C22601E70A1
:1022000063690130834204D0A389DB0719D50A2E04
:1022100017D12146284600F065FF90B10FE00B4B27
:102220009C4201D1AC68D0E7094B9C4208BFEC68E6
:10223000CBE72146284600F01BF80028CCD04FF011
:10224000FF373846F8BD00BF007F0500207F05003E
:10225000E07E050049B1FF2A85BF8A2303600A702A
:102260004FF0FF3098BF01207047084670470000CC
:10227000324B70B51D6806460C4625B1AB6913B9E3
:10228000284600F099FF2E4B9C420FD16C68B4F9A0
:102290000C309AB215072CD4D00611D40922326022
:1022A00043F04003A3814FF0FF303EE0254B9C42BA
:1022B00001D1AC68EBE7244B9C4208BFEC68E6E731
:1022C000510712D5616B41B104F14403994202D028
:1022D0003046FEF761FF00236363A38923F02403E4
:1022E000A3810023636023692360A38943F008036B
:1022F000A38123694BB9A38903F42073B3F5007F4D
:1023000003D02146304601F013F8A28912F00103F0
:102310000CD00023A36063695B42A361236953B9B6
:10232000B4F90C3013F08000BAD170BD920758BFD9
:102330006369A360F2E70020F7E700BF786100203F
:10234000007F0500207F0500E07E05002DE9F74FA6
:1023500003690C69A3428046C0F28280013C01F10E
:1023600014074FEA840C00F1140657F8245056F86D
:10237000240006EB0C03013507EB0C090193B0FBBD
:10238000F5F595B34FF0000A3846B646D34650F8F7
:10239000042B93B205FB03A34FEA134A9BB2ABEBAA
:1023A0000303120CDEF800B005FB02A213FA8BF354
:1023B0004FEA124A1FFA82FBDEF80020CBEB1242F2
:1023C00002EB23429BB243EA024381454FEA224B90
:1023D0004EF8043BDBD256F80C3033B9019B043B7A
:1023E0009E421A4630D3C8F81040404601F048FAE1
:1023F000002825DB013530464FF0000C57F8042B40
:10240000D0F800E093B2ACEB0303120C13FA8EF396
:10241000C2EB1E4202EB23429BB243EA0243B945A0
:102420004FEA224C40F8043BE8D256F8242006EB51
:1024300084032AB9043B9E421A460BD3C8F81040C5
:10244000284603B0BDE8F08F1268043B002ACAD1C9
:10245000013CC5E71268043B002AEFD1013CEAE7E2
:102460000020EEE7000000002DE9F04F57EC106B64
:1024700097B0456A069104460B921293DDF880806E
:10248000CDE900673DB91020F2F778FF6062C0E93E
:1024900001550560C560636A196851B15A684A60A0
:1024A000012393408B60204601F008F8636A002204
:1024B0001A603B1EBBBF23F000430193002301229F
:1024C000ACBFC8F80030C8F80020AF4BDDF804807E
:1024D00033EA080314D1129A42F20F731360009B7F
:1024E00023B9C8F31300002800F04285219BDFF8D0
:1024F000ACB2002B00F044850BF1030300F03EBDAD
:10250000DDE900670022002330463946FEF7DCFA99
:10251000814668B1129A01231360219B002B00F0C1
:1025200024859A4B219A03F1FF3B136000F028BDEC
:1025300014AA15A947EC106B204601F018FAC8F34D
:102540000A550490002D7CD0C7F3130343F07F5B42
:10255000B2464BF4401BA5F2FF35CDF84C9000225B
:102560008B4B50465946FDF78FFE81A3D3E90023DC
:10257000FEF742F880A3D3E90023FDF787FE064665
:1025800028460F46FDF7CEFF7DA3D3E90023FEF7D3
:1025900033F802460B4630463946FDF777FE0646CD
:1025A0000F46FEF7D9FA002282460023304639460C
:1025B000FEF794FA48B15046FDF7B4FF32463B4669
:1025C000FEF782FA08B90AF1FF3ABAF1160F59D8A4
:1025D000704901EBCA01DDE90023D1E90001FEF7F2
:1025E0009BFA002850D00AF1FF3A00230F93149B66
:1025F0005D1BB5F1010849BFC5F101030023059337
:102600004FF0000858BF0593BAF1000F3EDB0023DE
:10261000D044CDF838A00793069B092B00F2908098
:10262000052BC4BF043B0693069BA3F10203CCBF5A
:1026300000250125032B00F28F80DFE803F07D7F6A
:102640003171DDE914531D4405F23240202813DDB9
:10265000C0F14000009B08FA00F805F2124023FA8E
:1026600000F048EA0000FDF74DFF01238246A1F18A
:10267000F87B013D139372E7009BC0F1200003FA41
:1026800000F0F0E70123B1E70F90B0E7059BA3EB63
:102690000A030593CAF10003079300230E93BBE7D7
:1026A00001230A930B9B002B59DD02939946666A1E
:1026B00000227260042202F114009842716853D91A
:1026C000204600F0C7FE636A3060B9F10E0FD3F800
:1026D00000B000F2E680002D00F0E3809DED007B6D
:1026E000BAF1000F8DED107B74DD2A4A0AF00F035A
:1026F00002EBC30393ED007B4FEA2A16F0068DED43
:10270000087B65D5244BDDE91001D3E90823FEF7EA
:102710009DF8CDE9000106F00F0603251E4F4CE0A1
:1027200001230A930B9B534403F1010902934B4687
:10273000012BB8BF0123BAE70023B2E70023F0E77B
:102740000125002306930A954FF0FF330293994623
:10275000002212230B92AAE701230A93F4E7012334
:10276000029399461A46F5E7013171605200A2E7DB
:1027700061436F63A787D23FB3C8608B288AC63F87
:10278000FB799F501344D33F0000F07FAC7D0500E0
:102790000000F83F687F0500407F0500D97E0500F6
:1027A000F10708D5DDE90801D7E90023FDF724FF8B
:1027B000CDE90801013576100837002EF0D1DDE9AA
:1027C0000823DDE90001FEF741F8CDE900011AE038
:1027D0000225A3E700F0A080CAF100069F4BA04F9E
:1027E00006F00F0203EBC203D3E90023DDE9100179
:1027F000FDF702FFCDE90001361100230225002E6E
:102800007FD1002BE1D10F9B002B00F08780DDE909
:1028100000670022934B30463946FEF75FF90028E7
:102820007CD0B9F1000F79D0029B002B35DD0AF185
:10283000FF330893394600228B4B3046FDF7DCFE10
:10284000CDE90001029F01352846FDF76BFEDDE969
:102850000023FDF7D1FE0022844BFDF717FD05464E
:10286000A1F15076002F5DD10022814BDDE90001FE
:10287000FDF70AFD2A463346CDE90001FEF74CF983
:10288000002840F088822A4606F10043DDE9000175
:10289000FEF724F9002840F07C82DDE91023CDE921
:1028A0000023159B002BC0F25081BAF10E0F00F3EC
:1028B0004C816A4B03EBCA0393ED007B0B9B002B0F
:1028C0008DED027B80F2D880B9F1000F00F3D48047
:1028D00040F05E820022664B51EC170BFDF78CFE38
:1028E000DDE90023FEF70EF94F464E46002840F082
:1028F000348231230BF101058BF800300AF1010A13
:102900002FE2F20705D5D7E90023FDF775FE013563
:1029100001237610083772E7022574E7CDF820A06E
:102920004F4691E74D4B03EBC70353E902010A9B66
:10293000002B47D002460B4600204E49FDF786FF8C
:102940002A463346FDF7A0FCCDE90C015D46DDE9E2
:102950000001FEF701F90646FDF7E4FD02460B46CD
:10296000DDE90001FDF790FC303605F8016BDDE98B
:102970000C23CDE90001FEF7B1F8002863D1DDE9B1
:10298000002300203749FDF77FFCDDE90C23FEF72B
:10299000A5F8002840F0B780A5EB0B039F427FF716
:1029A0007CAF0022304BDDE90C01FDF725FE002253
:1029B000CDE90C012C4BDDE90001FDF71DFECDE951
:1029C0000001C4E72A463346FDF716FECDE90C01A7
:1029D0000BEB07055E46DDE90001FEF7BDF8074693
:1029E000FDF7A0FD303702460B46DDE90001FDF79B
:1029F0004BFC06F8017BAE42CDE900014FF000022E
:102A000026D11C4BDDE90C01FDF740FC02460B46CC
:102A1000DDE90001FEF780F8002874D1DDE90C2320
:102A200000201449FDF730FC02460B46DDE90001A9
:102A3000FEF754F800283FF430AF15F8013C302B76
:102A400005F1FF3202D0DDF820A04AE01546F4E798
:102A5000054BFDF7D1FDCDE90001BCE7687F05001E
:102A6000407F05000000F03F0000244000001C40B3
:102A7000000014400000E03FDDE900675D46DDE94D
:102A8000022330463946FDF7E1FEFEF765F8804641
:102A9000FDF748FDDDE90223FDF7AEFD02460B46DA
:102AA0003046394608F13006FDF7EEFB05F8016BBC
:102AB000A5EB0B06B14502460B4639D1FDF7E6FB07
:102AC000DDE9022306460F46FEF726F8C8B9DDE920
:102AD000022330463946FDF7F7FF10B118F0010F19
:102AE0000FD10499204600F0E9FC0023129A2B70C4
:102AF0000AF101031360219B002B00F041821D604D
:102B00003EE2CDF820A015F8012C392A05F1FF335B
:102B100008D19B450AD1089B0133089330238BF8D9
:102B200000305B461A7801321A708CE71D46EAE7DE
:102B300000229B4BFDF760FD0022002306460F4656
:102B4000FDF7C2FF00289AD0CBE70A9A002A00F0CE
:102B50008B80069A012A6EDC139A002A67D003F252
:102B60003343079F059D059A01211A44204605928B
:102B7000984400F043FD0646002D0CDDB8F1000F2F
:102B800009DD4545059A2B46A8BF4346D21A059252
:102B9000ED1AA8EB0308079BEBB10A9B002B67D04B
:102BA0008FB131463A46204600F0C8FD049A0146EE
:102BB0000646204600F02BFD04990890204600F0C0
:102BC0007DFC089B0493079BDA1B04D004992046E4
:102BD00000F0B4FD04900121204600F00FFD0E9B93
:102BE0000746002B00F0D0811A460146204600F02F
:102BF000A5FD069B012B074640DC009B002B39D12D
:102C0000019BC3F31303002B36D1019B23F0004338
:102C10001B0D1B052BB1059B0133059308F1010822
:102C2000012307930E9B002B2AD1012030E0149B37
:102C3000C3F1360395E7079B09F1FF37BB42BFBFDE
:102C4000079B0797FA1A0E9BBBBF9B180E93DF1BBF
:102C50000027B9F1000FB5BF059B059DA3EB090542
:102C60004B46B8BF00237EE7079F059D0A9E83E77A
:102C7000079AABE70023D4E7009BD2E70023079332
:102C80003B6907EB8303186900F06AFCC0F1200080
:102C9000404410F01F0047D0C0F12003042B3BDD5F
:102CA000059BC0F11C000344059305448044059B2B
:102CB000002B05DD1A460499204600F08DFD049096
:102CC000B8F1000F05DD39464246204600F084FD8C
:102CD00007460F9B53B33946049800F0D1FD0028F6
:102CE00024DA00230A220499204600F0FEFB0A9B06
:102CF00004900AF1FF3A002B00F04D810023314689
:102D00000A22204600F0F1FB029B002B06464FDC16
:102D1000069B022B4CDD11E0C9D0059A1C331A44E6
:102D200005921D449844C2E70346F6E7B9F1000F47
:102D300038DC069B022B35DDCDF80890029B63B989
:102D400039460522204600F0D0FB0146074604988C
:102D500000F096FD00283FF7CCAD0B9B5D466FEA77
:102D6000030A4FF000093946204600F0A7FB002E69
:102D70003FF4B7AEB9F1000F05D0B14503D04946D5
:102D8000204600F09BFB3146204600F097FBA8E66A
:102D900000273E46E1E7DDF820A03E46A9E500BF5A
:102DA000000024400A9BCDF80890002B00F0FA8028
:102DB000002D05DD31462A46204600F00DFD064671
:102DC000079B002B4CD07168204600F043FB326912
:102DD00002320546920006F10C010C30FEF7A1F913
:102DE00001222946204600F0F7FC009BCDF814B0E4
:102DF00003F00103B1460793064639460498FFF7EE
:102E0000A5FA4946054600F13008049800F038FD5F
:102E1000324600903946204600F04CFDC368024619
:102E200003BB01460890049800F02AFD089A034667
:102E300011462046089300F041FB089BA3B9069A6F
:102E400092B9079A82B9B8F1390F29D0009B002BAB
:102E500001DD05F13108059B5D1C83F8008082E7E8
:102E60003046C2E70123E3E7009A002A04DB25D1BC
:102E7000069A1ABB079A0ABB002BECDD01220499C3
:102E8000204600F0A9FC3946049000F0F9FC002827
:102E900003DCE0D118F0010FDDD0B8F1390FD8D143
:102EA000059B059A5D1C3923137015F8013C392BDD
:102EB00005F1FF324FD00133137054E7059A002B10
:102EC00002F1010506DDB8F1390FE9D008F101087A
:102ED000059BC2E7029A05F8018CA5EB0B03934210
:102EE00021D000230A220499204600F0FEFAB145C1
:102EF00004904FF000034FF00A024946204605D1E6
:102F000000F0F3FA81460646059576E700F0EDFA03
:102F10003146814600230A22204600F0E6FA0646A2
:102F2000F2E74FF0000901220499204600F054FC1A
:102F30003946049000F0A4FC0028B6DC02D118F059
:102F4000010FB2D115F8013C302B05F1FF327FF4AF
:102F50000AAF1546F6E7934505D131230AF1010A78
:102F60008BF80030FFE615469FE7DFF864B007E016
:102F7000219BDFF860B01BB10BF10803219A1360AD
:102F8000584617B0BDE8F08F069B012B7FF735AE92
:102F90000E9B079349E6029B002B03DC069B022B4A
:102FA0003FF7CCAE5D4639460498FFF7CFF900F104
:102FB000300805F8018B029AA5EB0B039A42B0DDAD
:102FC00000230A220499204600F08FFA0490EAE7D1
:102FD000AB7D0500D07E05008A892DE9F0410546CC
:102FE00010070C4658D44B68002B05DC0B6C002BEB
:102FF00002DC0020BDE8F081E66A002EF9D0002353
:1030000012F480522F68216A2B6032D0606DA38940
:103010005A0705D56368C01A636B0BB1236CC01ADD
:1030200000230246E66A216A2846B047431CA3896A
:1030300006D129681D2948D8294ACA40D60744D54F
:1030400000226260D9042269226004D5421C01D1A9
:103050002B6803B96065616B2F600029C9D004F14A
:103060004403994202D02846FEF796F80020606398
:10307000C0E701232846B047411CC8D12B68002B6C
:10308000C5D01D2B01D0162B01D12F60B1E7A3892C
:1030900043F04003A381ADE70F69002FA9D0930748
:1030A0000E6808BF4B690F6018BF0023A6EB070826
:1030B0008B60B8F1000F9CDD43463A46216AA66A50
:1030C0002846B047002806DCA38943F04003A381CB
:1030D0004FF0FF308EE70744A8EB0008E9E700BF98
:1030E0000100402038B50B6905460C46DBB118B12C
:1030F00083690BB900F060F80C4B9C4209D16C68F5
:10310000B4F90C307BB121462846BDE83840FFF7C2
:1031100063BF074B9C4201D1AC68F1E7054B9C4271
:1031200008BFEC68ECE7002038BD00BF007F050059
:10313000207F0500E07E0500002310B50446C0E9AD
:103140000033836081814366C281C0E904338361B7
:10315000194608225C30FEF708F8054B6362054B00
:10316000A362054BE362054B2462236310BD00BFDD
:10317000F93C05001B3D0500533D0500773D05006A
:10318000014900F085B800BFE530050070B54A1E62
:10319000682555430E4605F17401FEF74BF80446C9
:1031A00040B10021C0E900160C30A06005F16802B2
:1031B000FDF7DBFF204670BD836910B5044633BBC5
:1031C000C0E912330365124B124A1B6882629842AF
:1031D00004BF0123836100F01FF86060204600F007
:1031E0001BF8A060204600F017F80022E0600421E0
:1031F0006068FFF7A1FF01220921A068FFF79CFF8B
:1032000002221221E068FFF797FF0123A36110BD9E
:103210007C7D050081310500F8B51B4B1E68B36944
:10322000074613B93046FFF7C7FF4836D6E90134E1
:10323000013B03D5336833B13668F7E7B4F90C5076
:103240006DB16834F4E704213846FFF79FFF306022
:103250000028F1D10C233B6004462046F8BD0B4BFF
:103260006566C4E90055A560C4E90335C4E90555A0
:103270000822294604F15C00FDF777FFC4E90D55EB
:10328000C4E91255E9E700BF7C7D05000100FFFF9E
:103290002DE9F8438046894600F14804002614B918
:1032A0003046BDE8F883D4E90175013F01D52468B3
:1032B000F5E7AB89012B07D9B5F90E30013303D0FF
:1032C00029464046C84706436835EEE7044B1B686D
:1032D000186A044B002808BF1846F030704700BF3A
:1032E00078610020DC61002070B50E46B1F90E1047
:1032F000002996B014461D4607DA00232B60B389D7
:103300001A0610D44FF480630EE06A4600F05AFDAE
:103310000028F2DB019A02F47042A2F500535A42EF
:103320005A412A60EEE740230020236016B070BDAA
:103330008B8973B59D0706460C4607D504F14703F4
:10334000236023610123636102B070BD01AB6A4653
:10335000FFF7CAFF009905463046FDF76BFF48B9F5
:10336000B4F90C309A05EFD423F0030343F00203C1
:10337000A381E3E70D4BB362A389206043F0800390
:10338000A381009B6361019B20615BB1B4F90E10C6
:10339000304600F029FD28B1A38923F0030343F050
:1033A0000103A381A3891D43A581CDE781310500D8
:1033B00001F0FF01102A2BDB10F0070F08D010F8E6
:1033C000013B013A8B422DD010F0070F42B3F6D1EA
:1033D000F0B441EA012141EA014122F007047FF003
:1033E00000070023F0E80256083C85EA010586EA5A
:1033F000010685FA47F5A3FA87F586FA47F6A5FA96
:1034000087F68EB9EED1F0BC01F0FF0102F00702A1
:1034100032B110F8013B013A83EA010313B1F8D14C
:103420000020704701387047002D06BF354603382D
:10343000073815F0010F07D1013015F4807F02BF66
:10344000013015F4C03F0130F0BC0138704700BFB7
:103450007047704770B5456A04460E463DB9102066
:10346000F1F78CFF6062C0E901550560C560656ACF
:10347000EB6883B1636ADB6853F82600B8B90121B1
:1034800001FA06F56A1D92002046FDF776FE60B14E
:10349000C0E901650EE0212204212046FDF76DFE02
:1034A000636AE860DB68002BE4D1002070BD02682D
:1034B00043F826200023C0E90333F7E770B5446AD8
:1034C00006460D463CB91020F1F758FF7062C0E97E
:1034D00001440460C4603DB1736A6A68DB6853F8F4
:1034E0002210296043F8225070BD2DE9F0410D698A
:1034F0001F4606460C4601F1140C0023DCF80000C0
:1035000081B202FB01710F0C000C02FB007089B24A
:10351000013301EB00419D424FEA10474CF8041B78
:10352000ECDCD7B1A368AB4212DC616830460131F4
:10353000FFF790FF2269023204F10C0180469200ED
:103540000C30FDF7EEFD21463046FFF7B7FF44464D
:1035500004EB850301355F6125612046BDE8F081FC
:10356000020C12040346B2B90304102013F07F4F7B
:1035700004BF1B02083013F0704F04BF1B0104305E
:1035800013F0404F04BF9B000230002B06DB5B00B2
:1035900003D5013070470020E8E72020704703681A
:1035A00013F0070201460BD0DA0723D4980749BF6E
:1035B0005B089B0801200B605CBF0B60022070471A
:1035C00098B2A8B91B0C102013F0FF0F04BF1B0A00
:1035D00008301A0704BF1B0904309A0704BF9B0870
:1035E0000230DA0702D45B0806D001300B60704766
:1035F0001046E9E7002070472020704710B50C46C0
:103600000121FFF727FF01224461026110BD2DE96E
:10361000F74F14460A6923699A42B8BF0B46884699
:10362000BCBFA0461C46D8F81070D4F81090D8F84B
:103630000830D8F8041007EB0906B342B8BF0131CF
:10364000FFF708FF00F1140505EB860E2B4600225C
:10365000734516D304F1140208F1140102EB890337
:1036600001EB87070093009B019293420CD8002E38
:1036700003DD5EF8043D002B5DD0066103B0BDE8BC
:10368000F08F43F8042BE3E7B2F800B0BBF1000F72
:1036900023D08946AC464FF0000859F8044BDCF8BB
:1036A00000A0A3B21FFA8AFA0BFB03A34FEA144A45
:1036B000DCF8004043444FEA14480BFB0A8404EB57
:1036C0001344E2469BB243EA04434F454FEA144891
:1036D0004AF8043B2BD8CCF80480019BB3F802A035
:1036E0000432BAF1000F20D02B688946A8464FF06B
:1036F000000BB9F800C0B8F802400AFB0C445C4467
:10370000C4469BB243EA04434CF8043B59F8043BDB
:10371000B8F804B01B0C0AFB03B303EB14434F458A
:103720004FEA134B05D8C8F8043004359BE7D4465C
:10373000B3E7E046DDE7013E99E700002DE9F843F5
:10374000154612F0030206460F4607D0013A214CF7
:10375000002354F82220FFF7C8FE0746AD1035D0ED
:10376000746A3CB91020F1F709FE7062C0E90144A7
:103770000460C460D6F82480D8F808404CB940F200
:1037800071213046FFF73AFF0023C8F808000446CD
:1037900003604FF00008EB070AD539462246304651
:1037A000FFF735FF394681463046FFF787FE4F4623
:1037B0006D100BD0206838B9224621463046FFF7FD
:1037C00026FF2060C0F800800446E4E73846BDE8E4
:1037D000F88300BF308005002DE9F0470C464FEA22
:1037E000621A236949680AEB0309A368074616466B
:1037F00009F10105AB4232DB3846FFF72BFE00230F
:10380000804600F114011A4653452BDB20692AEA51
:10381000EA7A04F1140316F01F0201EB8A0103EBAC
:10382000800C25D0C2F1200E00201E688A469640EA
:1038300030434AF8040B53F8040B9C4520FA0EF071
:1038400014D8486008B109F10205013D3846C8F8AE
:1038500010502146FFF732FE4046BDE8F0870131A7
:103860005B00C7E741F823200133CDE75146DCE791
:10387000043953F8042B41F8042F9C45F9D8E4E7A8
:1038800003690A699B1A30B50CD1920014301431C7
:103890008418114454F8045D51F8042D954203D066
:1038A00005D30123184630BDA042F3D3FAE74FF009
:1038B000FF33F7E72DE9F0470D4607461146284646
:1038C0001446FFF7DDFF061E08D131463846FFF7E4
:1038D000C1FD0123C0E90436BDE8F087A4BF23463B
:1038E0002C4638466168A6BF1D4600260126FFF714
:1038F000B1FD2B69C660266905F1140904F11402B3
:1039000002EB860709EB830800F114054FF0000E67
:1039100052F804AB59F8044B1EFA8AF1A3B2C91A43
:10392000230CC3EB1A4303EB214389B24FEA234E26
:10393000C84541EA0343944645F8043BE8D8BC45F2
:1039400004D355F8043D83B10661C5E75CF8041B58
:103950001EFA81F31A1402EB11429BB243EA0243AE
:103960004FEA224E45F8043BE9E7013EE9E72DE93D
:10397000F7430E46012159EC108B1546FFF76AFDFF
:10398000C9F30A540746C9F3130334BB0193B8F1D2
:10399000000327D002A840F8083DFFF700FE009979
:1039A000F0B1019AC0F1200302FA03F30B43C240C5
:1039B0007B610192019BBB61002B14BF022101219D
:1039C0003961C4B1A4F2334404443460C0F1350019
:1039D0002860384603B0BDE8F08343F48013D5E790
:1039E0007961E7E701A8FFF7DAFD019B7B6101211F
:1039F00039612030E5E707EB8103A0F23240306007
:103A00001869FFF7ADFDC0EB4110E1E7F8B50746D7
:103A100014460E4621B91146BDE8F840FDF70ABC30
:103A200022B9FDF7B9FB25462846F8BD00F0FEF99E
:103A3000A0420FD221463846FDF7FCFB0546002880
:103A4000F2D031462246FDF76CFB31463846FDF791
:103A5000A3FBE9E73546E7E72DE9F0478E689E428C
:103A600082460C469046994637D88A8912F4906F60
:103A700031D0256809696F1A6569022305EB450590
:103A800095FBF3F509F101033B449D4238BF1D4608
:103A9000530530D52946FDF7CDFB064650B90C231A
:103AA000CAF80030A38943F04003A3814FF0FF30F0
:103AB000BDE8F0873A462169FDF733FBA38923F47B
:103AC000906343F08003A381266165613E44ED1B52
:103AD0002660A5604E464E4500D94E4632464146C8
:103AE0002068FDF729FBA3689B1BA36023681E4485
:103AF00026600020DCE72A46FFF788FF06460028FC
:103B0000E2D121695046FDF747FBC8E72DE9F04FA8
:103B10009DB0804603938B891D060C4616460FD533
:103B20000B696BB94021FDF785FB2060206128B946
:103B30000C23C8F800304FF0FF30C7E0402363612A
:103B40000023099320238DF8293030238DF82A3063
:103B50004FF0010B37463D4615F8013B0BB1252BC5
:103B60003ED1B7EB060A0BD05346324621464046BB
:103B7000FFF772FF013000F0A480099B53440993C2
:103B80003B78002B00F09D8000234FF0FF32CDE901
:103B90000523049307938DF853301A932F4605227B
:103BA00017F8011B4F48FFF703FC049BD0B9D90657
:103BB00044BF20228DF853201A0744BF2B228DF8D2
:103BC00053202A782A2A15D0079A2F4600200A2542
:103BD000394611F8013B303B092B4DD9B8B10FE004
:103BE0002F46B8E73F4A801A0BFA00F018430490BA
:103BF0003D46D3E7039A111D12680391002A01DBA9
:103C0000079204E0524243F00203079204933B7888
:103C10002E2B0CD17B782A2B33D1039B1A1D1B68CA
:103C20000392002BB8BF4FF0FF33023705932E4DA0
:103C3000397803222846FFF7BBFB38B14023401BED
:103C400003FA00F0049B03430137049339782748B3
:103C50008DF8281006227E1CFFF7AAFB002838D01A
:103C6000234B13BB039B073323F007030833039352
:103C7000099B4B4409936DE705FB023201200F4677
:103C8000A6E700230137059319460A25384610F8A0
:103C9000012B303A092A03D9002BC8D00591C6E779
:103CA00005FB012101230746F0E703AB0093224601
:103CB000104B04A94046FDF7E9FCB0F1FF3F8146F7
:103CC000D6D1A3895B063FF536AF09981DB0BDE894
:103CD000F08F03AB00932246064B04A94046FDF744
:103CE0008BFFEAE78A7D0500907D0500947D050045
:103CF0008D160500593A050010B50C46B1F90E10A5
:103D000000F09CF80028ABBF636DA3891B1823F457
:103D10008053ACBF6365A38110BD2DE9F0411F4600
:103D20008B89DB0505460C46164605D50223002285
:103D3000B1F90E1000F068F8A389B4F90E1023F45D
:103D40008053A38132463B462846BDE8F04100F04F
:103D500017B810B50C46B1F90E1000F055F8431C19
:103D6000A38915BF606523F4805343F48053A38176
:103D700018BFA38110BDB1F90E1000F013B80000F8
:103D800038B5074C054608461146002222601A46FF
:103D9000F4F756FA431C02D1236803B12B6038BDF7
:103DA0004C9C002038B5064C00230546084623608D
:103DB00000F056F8431C02D1236803B12B6038BDD4
:103DC0004C9C002038B5074C002305460846114698
:103DD000236000F04DF8431C02D1236803B12B602F
:103DE00038BD00BF4C9C002038B5064C002305466A
:103DF0000846236000F04CF8431C02D1236803B14D
:103E00002B6038BD4C9C002038B5074C0546084651
:103E10001146002222601A4600F04AF8431C02D1E3
:103E2000236803B12B6038BD4C9C002051F8043C42
:103E3000181F002BBCBF0B58C018704738B5074C73
:103E4000054608461146002222601A4600F038F85E
:103E5000431C02D1236803B12B6038BD4C9C002069
:103E6000024B58221A604FF0FF3070474C9C0020E4
:103E7000024B58221A604FF0FF3070474C9C0020D4
:103E8000024B58221A604FF0FF3070474C9C0020C4
:103E9000024B58221A600020704700BF4C9C002043
:103EA000024B58221A604FF0FF3070474C9C0020A4
:103EB000024B58221A604FF0FF3070474C9C002094
:103EC000024B58221A604FF0FF3070474C9C002084
:103ED000FEE700BFF8B500BFF8BC08BC9E467047BF
:103EE000F8B500BFF8BC08BC9E46704754696E79AF
:103EF0005553422053657269616C00000000000058
:103F0000000000003165020089630200796302004D
:103F1000F16202003D630200116302006D63020062
:103F2000D1630200F0FFFFFF0000000029650200DE
:103F300012010002000000409A23298000010102C2
:103F40000301000009020900000100A03200000086
:103F500030313233343536373839414243444546BF
:103F600041646166727569740000000046656174A1
:103F7000686572206E52463532383430204578708C
:103F800072657373000000004D6173732053746F8A
:103F90007261676500000000312E30007573626445
:103FA00000000000050F3900021810050038B6089F
:103FB00034A909A0478BFDA0768815B665000101DC
:103FC000011C100500DF60DDD88945C74C9CD26517
:103FD0009D9E648A9F00000306B200020001030058
:103FE0005D6F0200CD6F0200F96F0200ED700200FC
:103FF000B171020000000000997B0200A97B020061
:10400000B97B02004D7C02008D7D020000000000A3
:1040100039730200497302005973020049740200A7
:104020007D76020000000000C58A0200E98A0200D5
:104030000D8B0200358C0200A993020000000000E5
:10404000157702007177020099770200B1780200BB
:10405000B578020000000000ED84020049850200EE
:1040600069850200956C02003586020000000000A0
:104070005F757362645F71646566000042617474A9
:10408000657279204D6F6E69746F7200312E312E1A
:1040900035000000AA93BCEA5F782315DEEF121208
:1040A00023150000554353442042696F454520477E
:1040B000726F75700000000042696F636F696E2057
:1040C00076312E312E350000AA93BCEA5F78231595
:1040D000DEEF121224150000AA93BCEA5F782315C4
:1040E000DEEF121225150000AA93BCEA5F782315B3
:1040F000DEEF121228150000AA93BCEA5F782315A0
:10410000DEEF121229150000AA93BCEA5F7823158E
:10411000DEEF12122A150000424C452054580000D0
:10412000160000002C00000059000000B200000042
:104130000B01000015020000800200009B0200003D
:1041400020030000790300002B0400003505000067
:104150000000000005000000040000000200000054
:104160000000000001000000160000002C0000000C
:1041700059000000B20000000B0100001502000011
:10418000800200009B020000200300007903000071
:104190002B0400003505000008090000C9020000DA
:1041A000080C00006C200000F0210000100000004E
:1041B00010040000C9020000280A000009000000E5
:1041C0008C23000004010000040A0000594800008C
:1041D000040A00007BF20000000A000009800000D1
:1041E000F02200000000000030220000AFA587DEB2
:1041F000502200003F100000B02200003C200000D0
:1042000030220000A0A587DE00010203060304059A
:104210000607070709090A00C8000000E8030000B4
:104220008813000010270000204E0000409C000072
:104230008038010000710200000000000000000052
:104240006E000000E8030000D0070000B80B00007B
:10425000A00F000070170000401F00001027000092
:10426000E02E0000803E0000204E0000C05D0000F7
:1042700030750000007D0000409C000080BB000005
:1042800000FA0000084C010000770100A086010040
:10429000C0D4010000F4010000710200A0FD020082
:1042A00000E8030000D007000000803F0000C03F8E
:1042B00000000040000080400000104100030201A7
:1042C0000338FDD8704700004C45442048656172B2
:1042D000746265617400000044617461204D6F7602
:1042E00065720000000000000000000000000000F7
:1042F000000000001553040015530400155304007A
:1043000015530400155304001553040015530400FD
:104310002020202049203D20252E35662075410A89
:1043200000000000434120706172616D6574657228
:104330007320636F6E7461696E206E6F6E2D666997
:104340006E6974652076616C7565732E00000000DF
:1043500043412073616D706C696E67496E7465725C
:1043600076616C206D757374206265203E20302E5E
:104370000000000043412070726F63657373696EC3
:1043800067496E74657276616C206D757374206216
:1043900065203E20302E000050726F636573736994
:1043A0006E6720696E74657276616C206E656564F7
:1043B0007320746F206265206D6F72652074686170
:1043C0006E2073616D706C696E6720696E746572C2
:1043D00076616C2E000000004341206368616E6EC0
:1043E000656C206D75737420626520696E20726142
:1043F0006E6765205B302C20335D2E0050756C732A
:104400006520706F74656E7469616C206973206FCC
:104410007574206F662072616E676520666F72200A
:1044200063757272656E7420567A65726F2E2056AF
:10443000616C69642072616E6765205B000000003A
:104440002C2000005D206D562E0000007665637400
:104450006F723A3A5F4D5F64656661756C745F6157
:104460007070656E64000000434120737461727463
:10447000206661696C656420647572696E672041AD
:10448000443539343020696E697469616C697A61C8
:1044900074696F6E2E000000434120737461727462
:1044A000206661696C656420647572696E6720734B
:1044B000657475704D6561737572656D656E742E8A
:1044C000204144353934304572723D0043412073F8
:1044D00074617274206661696C65642077616B69D0
:1044E0006E67204144353934302E000073616D70A1
:1044F0006C696E6720696E74657276616C20697391
:1045000020746F6F2073686F727420666F722077EB
:10451000616B6575702074696D657220636F6E667E
:10452000696775726174696F6E00000043412073A2
:1045300074617274206661696C656420636F6E6675
:1045400069677572696E672077616B657570207435
:10455000696D65723A200000766563746F723A3A4D
:104560005F4D5F72616E67655F696E73657274003F
:104570000000000000000000192B0300492B03007D
:10458000812B0300692A03008D2E0300B12903004B
:104590003928030011280300392D030043562070E9
:1045A0006172616D657465727320636F6E746169A9
:1045B0006E206E6F6E2D66696E6974652076616C13
:1045C0007565732E0000000043562070726F63659E
:1045D0007373696E67496E74657276616C206D7570
:1045E0007374206265203E20302E000043562070F8
:1045F000756C73655769647468206D757374206297
:1046000065203E20302E00004356204573746570AF
:10461000206D757374206265206E6F6E2D7A6572E1
:104620006F2E00004356206368616E6E656C206DCE
:1046300075737420626520696E2072616E676520F3
:104640005B302C20335D2E00435620766F6C7461F6
:10465000676520706172616D657465727320617247
:1046600065206F7574206F662072616E67652066C5
:104670006F722063757272656E7420567A65726F00
:104680002E2056616C69642072616E6765205B0044
:104690004356207374617274206661696C6564208E
:1046A000647572696E672041443539343020696E13
:1046B000697469616C697A6174696F6E2E000000BB
:1046C0004356207374617274206661696C6564205E
:1046D000647572696E672073657475704D6561737A
:1046E0007572656D656E742E2041443539343045E0
:1046F00072723D0043562073746172742066616962
:104700006C65642077616B696E672041443539348C
:10471000302E000043562073746172742066616904
:104720006C656420626563617573652072616D708C
:104730002073746174652069732053746F702E0048
:104740004356207374617274206661696C656420DD
:10475000636F6E6669677572696E672077616B65F6
:1047600075702074696D65723A2000004356207799
:10477000616B6575702074696D65722076616C750A
:1047800065732061726520696E76616C69642E00C4
:104790000000000000000000C9370300F9370300E3
:1047A0000140030011360300E13B030031380300F0
:1047B00051360300E93503008D3A0300445056207A
:1047C000706172616D657465727320636F6E746180
:1047D000696E206E6F6E2D66696E697465207661F4
:1047E0006C7565732E0000004450562070726F6324
:1047F000657373696E67496E74657276616C206D5E
:10480000757374206265203E20302E00445056207F
:1048100070756C73655769647468206D7573742066
:104820006265203E20302E004450562070756C7317
:1048300065506572696F64206D75737420626520C0
:104840003E20302E000000004450562070756C73DE
:1048500065506572696F64206D75737420626520A0
:104860003E3D2070756C736557696474682E000056
:10487000445056204573746570206D7573742062C2
:1048800065206E6F6E2D7A65726F2E004450562033
:104890006368616E6E656C206D757374206265204F
:1048A000696E2072616E6765205B302C20335D2E4F
:1048B0000000000044505620766F6C7461676520DC
:1048C000706172616D657465727320617265206FCD
:1048D0007574206F662072616E676520666F722046
:1048E00063757272656E7420567A65726F2E2056EB
:1048F000616C69642072616E6765205B0000000076
:10490000445056207374617274206661696C6564EA
:1049100020647572696E67204144353934302069EE
:104920006E697469616C697A6174696F6E2E0000DA
:10493000445056207374617274206661696C6564BA
:1049400020647572696E672073657475704D65615A
:10495000737572656D656E742E204144353934303F
:104960004572723D0000000044505620737461721D
:1049700074206661696C65642077616B696E67207D
:104980004144353934302E004450562073746172DE
:1049900074206661696C656420636F6E6669677513
:1049A00072696E672077616B6575702074696D65DB
:1049B000723A20004450562077616B657570207400
:1049C000696D65722076616C756573206172652012
:1049D000696E76616C69642E0000000000000000C2
:1049E00000000000014E0300314E03008D5603000D
:1049F000454C030011520300694E0300894C03002B
:104A00001D4C0300BD500300467265713A20252EEF
:104A10003266205B487A5D2C204D61673A20252E56
:104A20003566205B4F686D5D2C2050686173653A78
:104A300020252E3566205B6465675D0A0000000056
:104A4000494D5020706172616D65746572732063A9
:104A50006F6E7461696E206E6F6E2D66696E69741B
:104A6000652076616C7565732E000000494D5020FD
:104A700073616D706C696E67496E74657276616C96
:104A8000206D757374206265203E20302E0000007A
:104A9000494D502070726F63657373696E67496E1C
:104AA00074657276616C206D757374206265203E4A
:104AB00020302E00494D50206672657175656E6319
:104AC00079206D757374206265203E20302E0000C1
:104AD000494D5020456163206D75737420626520D7
:104AE0003E20302E00000000494D5020342D7769C3
:104AF000726520666C6167206D7573742062652035
:104B000030206F7220312E00494D502041432D63DB
:104B10006F75706C656420666C6167206D75737469
:104B20002062652030206F7220312E00494D5020C8
:104B30007374617274206661696C65642064757257
:104B4000696E672041443539343020696E69746973
:104B5000616C697A6174696F6E2E0000494D502056
:104B60007374617274206661696C65642064757227
:104B7000696E672073657475704D656173757265D4
:104B80006D656E742E204144353934304572723D66
:104B900000000000494D50207374617274206661FA
:104BA000696C65642077616B696E672041443539B3
:104BB00034302E00494D502073616D706C696E6702
:104BC00020696E74657276616C20746F6F207368F3
:104BD0006F727420666F722077616B6575702074D8
:104BE000696D65722E000000494D5020737461722A
:104BF00074206661696C656420636F6E66696775B1
:104C000072696E672077616B6575702074696D6578
:104C1000723A20000000000000000000416503001F
:104C200071650300C967030071630300316B030002
:104C3000A9650300B16303004963030091690300A0
:104C4000496F6E746F70686F7265736973207061FD
:104C500072616D657465727320636F6E7461696EE5
:104C6000206E6F6E2D66696E6974652076616C7555
:104C700065732E00496F6E746F70686F726573692B
:104C8000732073616D706C696E67496E74657276BE
:104C9000616C206D757374206265203E20302E009B
:104CA000496F6E746F70686F7265736973206D61A0
:104CB0007843757272656E74206D757374206265C9
:104CC000203E20302E000000496F6E746F70686FB8
:104CD0007265736973207374696D43757272656E62
:104CE00074206D757374206265203E3D20302E0067
:104CF000496F6E746F70686F726573697320737437
:104D0000696D43757272656E74206D75737420627F
:104D100065203C3D206D617843757272656E742E1E
:104D200000000000496F6E746F70686F7265736980
:104D300073207374617274206661696C65642064A9
:104D40007572696E672041443539343020696E6967
:104D50007469616C697A6174696F6E2E000000007D
:104D6000496F6E746F70686F7265736973207374C6
:104D7000617274206661696C656420647572696E25
:104D8000672044414320636F6E6669677572617482
:104D9000696F6E2E204144353934304572723D00C2
:104DA0000000000000000000897503008D750300FD
:104DB000D5750300997503008576030071750300AE
:104DC0007975030085750300757503005374696D6B
:104DD000756C6174696F6E2043757272656E7420B4
:104DE0004D6F6E69746F7200566F6C7461676520E9
:104DF0003D20252E356620286D56290A000000002A
:104E00004F435020706172616D65746572732063E9
:104E10006F6E7461696E206E6F6E2D66696E697457
:104E2000652076616C7565732E0000004F4350203D
:104E300073616D706C696E67496E74657276616CD2
:104E4000206D757374206265203E20302E000000B6
:104E50004F43502070726F63657373696E67496E5C
:104E600074657276616C206D757374206265203E86
:104E700020302E00496E76616C6964204F435020CB
:104E80006368616E6E656C2E000000004F43502019
:104E90007374617274206661696C656420647572F4
:104EA000696E672041443539343020696E69746910
:104EB000616C697A6174696F6E2E00004F435020F7
:104EC0007374617274206661696C656420647572C4
:104ED000696E672073657475704D65617375726571
:104EE0006D656E742E204144353934304572723D03
:104EF000000000004F43502073746172742066619B
:104F0000696C65642077616B696E6720414435394F
:104F100034302E004F43502073616D706C696E67A2
:104F200020696E74657276616C20746F6F2073688F
:104F30006F727420666F722077616B657570207474
:104F4000696D65722E0000004F43502073746172CA
:104F500074206661696C656420636F6E666967754D
:104F600072696E672077616B6575702074696D6515
:104F7000723A20000000000000000000C57B030022
:104F8000F57B03006D7E03000D7A03007D81030035
:104F90002D7C03004D7A0300E5790300298003008E
:104FA00053575620706172616D657465727320632A
:104FB0006F6E7461696E206E6F6E2D66696E6974B6
:104FC000652076616C7565732E000000535756207E
:104FD00070726F63657373696E67496E746572761C
:104FE000616C206D757374206265203E20302E0048
:104FF0005357562070756C7365506572696F6420E5
:105000006D757374206265203E20302E0000000014
:10501000535756204573746570206D757374206204
:1050200065206E6F6E2D7A65726F2E005357562075
:105030006368616E6E656C206D75737420626520A7
:10504000696E2072616E6765205B302C20335D2EA7
:105050000000000053575620766F6C74616765201E
:10506000706172616D657465727320617265206F25
:105070007574206F662072616E676520666F72209E
:1050800063757272656E7420567A65726F2E205643
:10509000616C69642072616E6765205B00000000CE
:1050A000535756207374617274206661696C65642D
:1050B00020647572696E6720414435393430206947
:1050C0006E697469616C697A6174696F6E2E000033
:1050D000535756207374617274206661696C6564FD
:1050E00020647572696E672073657475704D6561B3
:1050F000737572656D656E742E2041443539343098
:105100004572723D0000000053575620737461725F
:1051100074206661696C65642077616B696E6720D5
:105120004144353934302E00535756207374617220
:1051300074206661696C656420636F6E666967756B
:1051400072696E672077616B6575702074696D6533
:10515000723A20005357562077616B657570207442
:10516000696D65722076616C75657320617265206A
:10517000696E76616C69642E00000000000000001A
:1051800000000000C9890300F9890300F5910300BC
:105190000D880300D98D0300318A03005188030074
:1051A000E5870300858C030054454D5020706172E3
:1051B000616D657465727320636F6E7461696E20D2
:1051C0006E6F6E2D66696E6974652076616C7565AB
:1051D000732E000054454D502073616D706C696EE4
:1051E00067496E74657276616C206D7573742062A8
:1051F00065203E20302E000054454D502070726FC7
:1052000063657373696E67496E74657276616C204D
:105210006D757374206265203E20302E0000000002
:10522000496E76616C69642054454D502063686115
:105230006E6E656C2E00000054454D5020737461F5
:105240007274206661696C656420647572696E674A
:105250002041443539343020696E697469616C6964
:105260007A6174696F6E2E0054454D5020737461DD
:105270007274206661696C656420647572696E671A
:105280002073657475704D6561737572656D656EBB
:10529000742E204144353934304572723D0000008F
:1052A00054454D50207374617274206661696C6559
:1052B000642077616B696E67204144353934302E44
:1052C0000000000054454D502073616D706C696E94
:1052D0006720696E74657276616C20746F6F2073DD
:1052E000686F727420666F722077616B65757020CD
:1052F00074696D65722E000054454D5020737461C1
:105300007274206661696C656420636F6E6669679C
:105310007572696E672077616B6575702074696D51
:1053200065723A200000000000000000000000004C
:1053300051A0030081A00300F9A20300999E03007D
:1053400009A60300B9A00300D99E0300719E0300C3
:10535000B5A403002F6465766963656E616D652E83
:105360007478740042696F636F696E001900000001
:10537000180000000A0000002F0000002A000000B2
:1053800028000000070000002200000010000000BC
:105390001A0000001B0000000600000008000000CA
:1053A0002900000004000000050000001E000000AD
:1053B0001C00000002000000030000001D000000AF
:1053C0001F0000000C0000000B0000000F00000098
:1053D0000D0000000E00000013000000140000008B
:1053E000110000001600000017000000150000006A
:1053F000090000002B0000002C0000002D00000020
:105400002E0000000000000000000000C9AE0300F4
:10541000CDAE03002E2E00002F0000000000000083
:105420000000000049B20300C9B00300F96902009E
:1054300079B10300EDB1030009B10300BDB1030070
:105440006C66735F63616368655F726561640000C9
:105450006C66735F63616368655F70726F6700009D
:105460006C66735F63747A5F66696E640000000047
:105470006C66735F63747A5F657874656E64000050
:105480006C66735F66696C655F73796E63000000BC
:105490006C66735F72656D6F766500006C66735F36
:1054A000696E6974000000007063616368652D3E79
:1054B000626C6F636B203D3D203078666666666681
:1054C00066666600626C6F636B203C206C66732DB1
:1054D0003E6366672D3E626C6F636B5F636F756ED4
:1054E00074000000433A5C55736572735C646861D4
:1054F0006C6C5C2E706C6174666F726D696F5C7041
:1055000061636B616765735C6672616D65776F720D
:105510006B2D61726475696E6F6164616672756925
:10552000746E726635325C6C696272617269657341
:105530005C41646166727569745F4C6974746C6512
:1055400046535C7372635C6C6974746C6566735CFF
:105550006C66732E6300000068656164203E3D2028
:10556000322026262068656164203C3D206C6673ED
:105570002D3E6366672D3E626C6F636B5F636F7574
:105580006E740000656E7472792E642E7479706585
:10559000203D3D204C46535F545950455F5245478E
:1055A000000000006E626C6F636B203E3D20322075
:1055B0002626206E626C6F636B203C3D206C667308
:1055C0002D3E6366672D3E626C6F636B5F636F7524
:1055D0006E7400006C66732D3E6366672D3E6C6FC3
:1055E0006F6B61686561642025203332203D3D206A
:1055F000300000006C66732D3E6366672D3E6C6F55
:105600006F6B6168656164203E2030006C66732DAD
:105610003E6366672D3E70726F675F73697A6520BF
:1056200025206C66732D3E6366672D3E726561644E
:105630005F73697A65203D3D203000006C66732DF4
:105640003E6366672D3E626C6F636B5F73697A655C
:105650002025206C66732D3E6366672D3E70726F49
:10566000675F73697A65203D3D203000342A6C669F
:10567000735F6E7077322830786666666666666637
:1056800066202F20286C66732D3E6366672D3E6270
:105690006C6F636B5F73697A652D322A3429292018
:1056A0003C3D206C66732D3E6366672D3E626C6FD9
:1056B000636B5F73697A65006C6974746C6566739B
:1056C0000000000072657300000000006410B71D48
:1056D000C8206E3BAC30D9269041DC76F4516B6B20
:1056E0005861B24D3C7105502083B8ED44930FF0E2
:1056F000E8A3D6D68CB361CBB0C2649BD4D2D38698
:1057000078E20AA01CF2BDBD00000000000000000D
:10571000ED08040001090400110000000000000071
:105720000000000099110400B1110400CD11040023
:10573000F11304000000000000000000851B0400BD
:10574000A91B0400100018000000C80000000000A1
:1057500000000000D12D0400D12D0400D52D04003F
:1057600000000000000000004D2E0400512E040037
:10577000A0570500A8570500B0570500C4570500FD
:105780000010020011000000D8ECF0F4F8FC000258
:105790000304050607080000424C4500534F430030
:1057A0005075626C69630000537461746963000032
:1057B00050726976617465205265736F6C766162B0
:1057C0006C65000050726976617465204E6F6E20C2
:1057D0005265736F6C7661626C65000000000000BA
:1057E00000000000D12D0400D12D04004D3A04002A
:1057F00023D1BCEA5F782315DEEF121230150000CA
:1058000023D1BCEA5F782315DEEF121232150000B7
:1058100023D1BCEA5F782315DEEF121231150000A8
:1058200023D1BCEA5F782315DEEF12123415000095
:105830000000000000000000D12D0400D12D040064
:10584000713C0400312E362E310000004164616647
:105850007275697420496E6475737472696573003A
:105860000000000000000000D12D0400D12D040034
:10587000C93D04002F61646166727569742F626F9F
:105880006E645F707270682F253032582530325840
:10589000253032582530325825303258253032588C
:1058A000000000002F61646166727569742F626F79
:1058B0006E645F636E74722F253032582530325813
:1058C000253032582530325825303258253032585C
:1058D000000000002F61646166727569742F626F49
:1058E0006E645F70727068002F61646166727569C2
:1058F000742F626F6E645F636E747200253032586D
:105900003A253032583A253032583A253032583A12
:10591000253032583A2530325800000025252564BC
:105920002E25646600000000546D725100000000D6
:10593000546D7220537663006C6F6F70000000002E
:1059400043616C6C6261636B0000000073256C75D1
:1059500020256C752E256C752E256C7500000000B9
:105960002530386C582530386C5800004661696C19
:1059700020746F2061637175697265206D7574653F
:10598000780A00004661696C20746F2072656C654E
:10599000617365206D757465780A00004661696CF5
:1059A00020746F20696E63726561736520504D20AD
:1059B000636F756E7465720A000000004661696C61
:1059C00020746F20646563726561736520504D209B
:1059D000636F756E7465720A0000000000010203B7
:1059E0000405060708090A0B0C0D0E0F10111213FF
:1059F0001415161718191A1B1C1D1E1FC6A13B379C
:105A0000878F5B826F4F8162A1C8D8799503E3A22B
:105A1000245A2BE43C9874EDFE1BED9EF29000B6E8
:105A20002A499FD0A9F39A6ADD2E77809DBA41A7B3
:105A300077F3B46A37B7AAAE49D6DF8D2F7A3C60C8
:105A40000708D124ACD3C5DE3B65844700000000C5
:105A5000010000000300000002000000FFFFFFFF44
:105A6000070000004661696C20746F206765742030
:105A700054524E4720636861726163746572697A3B
:105A80006174696F6E20706172616D6574657273A7
:105A9000200A00004661696C20746F2063726561A2
:105AA00074652053594D206D757465780A000000A7
:105AB0004661696C20746F20637265617465204172
:105AC00053594D206D757465780A00004661696C04
:105AD000656420746F2063726561746520506F7710
:105AE0006572206D757465780A0000004661696C06
:105AF00020746F206372656174652047656E56651A
:105B000063206D757465780A0000000043616E279C
:105B10007420696E697469616C697A65206D757449
:105B200065782C20776173204E554C4C0D0A00008F
:105B300043616E2774206C6F636B206D757465789C
:105B40002C20776173204E554C4C0D0A000000004C
:105B500043616E277420756E6C6F636B206D757476
:105B600065782C20776173204E554C4C0D0A00004F
:105B7000536153695F48616C57616974496E74651C
:105B800072727570742063616E742077616974201D
:105B9000666F72206E6F7468696E670A000000009D
:105BA000000102030405060708090A0B0C0D0E0F7D
:105BB000101112131415161718191A1B1C1D1E1F6D
:105BC000EDDD0400F5DD0400FDDD040005DE04006C
:105BD0000DDE040015DE04001DDE040025DE0400D9
:105BE0002DDE040035DE04003DDE04000000000070
:105BF00073ACFFFFFEFFFFFFFFFFFFFFFFFFFFFF95
:105C0000FFFFFFFF00000000000000000000000098
:105C10000000000000000000000000000000000084
:105C20000000000000000000000000000000000074
:105C30000000000000000000000000000000000064
:105C40000000000000000000000000000000000054
:105C50000000000000000000000000000000000044
:105C60000000000000000000000000000000000034
:105C70000000000000000000000000000000000024
:105C8000070000000000000000000000000000000D
:105C90000000000000000000000000000000000004
:105CA00000000000000000000000000000000000F4
:105CB00000000000000000000000000000000000E4
:105CC0000000000000000000B3B616CA9AABDF1651
:105CD000FAB8010000000000000000000100000010
:105CE00000000000000000000000000000000000B4
:105CF00000000000000000000000000000000000A4
:105D00000000000000000000000000000000000093
:105D100000000000BB7E4DDDF5F43630769E01A418
:105D200092A17AE32C384C3B0000000000000000F8
:105D30000000000000000000000000000000000063
:105D40000000000000000000000000000000000053
:105D5000000000000000000000000000EE4F3CF0DA
:105D6000C33317538682C26BEDDC8F3135F98C93C8
:105D70000000000000000000000000000000000023
:105D80000000000000000000000000000000000013
:105D90000000000000000000000000000000000003
:105DA00000000000010000000000000000000000F2
:105DB000800000000000000000000000FFFFFFFF67
:105DC000FFFFFFFFFF0000000000000000000000D8
:105DD00000000000000000000000000000000000C3
:105DE00000000000000000000000000000000000B3
:105DF00000000000000000000000000000000000A3
:105E00000000000000000000000000000000000092
:105E10000000000000000000000000000000000082
:105E20000000000000000000000000000000000072
:105E30000000000000000000000000000000000062
:105E40000000000000000000000000000000000052
:105E50000000000000000000000000000000000042
:105E60000000000000000000000000000000000032
:105E70000000000000000000000000000000000022
:105E80000000000000000000000000000000000012
:105E90000000000000000000000000000000000002
:105EA0000000000000000000A0000000A1000000B1
:105EB0000500000000000000534543475F50524971
:105EC0004D455F3136304B3100000000FFFFFF7F52
:105ED000FFFFFFFFFFFFFFFFFFFFFFFFFFFFFFFFD2
:105EE00000000000000000000000000000000000B2
:105EF00000000000000000000000000000000000A2
:105F00000000000000000000000000000000000091
:105F100000000000FCFFFF7FFFFFFFFFFFFFFFFF10
:105F2000FFFFFFFFFFFFFFFF000000000000000079
:105F30000000000000000000000000000000000061
:105F40000000000000000000000000000000000051
:105F500000000000000000000000000045FA65C5D8
:105F6000ADD4D4819FF8AC658B7ABD54FCBE971C30
:105F70000000000000000000000000000000000021
:105F80000000000000000000000000000000000011
:105F90000000000000000000000000000000000001
:105FA00000000000572275CAD3AE27F9C8F40100DB
:105FB00000000000000000000100000000000000E0
:105FC00000000000000000000000000000000000D1
:105FD00000000000000000000000000000000000C1
:105FE00000000000000000000000000000000000B1
:105FF00082FCCB13B98BC368896964462873F58E1C
:1060000068B5964A00000000000000000000000093
:106010000000000000000000000000000000000080
:106020000000000000000000000000000000000070
:10603000000000000000000032FBC57A3751230445
:1060400012C9DC597D9468315528A6230000000050
:106050000000000000000000000000000000000040
:106060000000000000000000000000000000000030
:106070000000000000000000000000000000000020
:10608000010000000000000000000000800000008F
:106090000000000000000000FFFFFFFFFFFFFFFF08
:1060A000FF000000000000000000000000000000F1
:1060B00000000000000000000000000000000000E0
:1060C00000000000000000000000000000000000D0
:1060D00000000000000000000000000000000000C0
:1060E00000000000000000000000000000000000B0
:1060F00000000000000000000000000000000000A0
:10610000000000000000000000000000000000008F
:10611000000000000000000000000000000000007F
:10612000000000000000000000000000000000006F
:10613000000000000000000000000000000000005F
:10614000000000000000000000000000000000004F
:10615000000000000000000000000000000000003F
:10616000000000000000000000000000000000002F
:10617000000000000000000000000000000000001F
:1061800000000000A0000000A100000005000000C9
:1061900001000000534543475F5052494D455F3170
:1061A000363052310000000073ACFFFFFEFFFFFFEE
:1061B000FFFFFFFFFFFFFFFFFFFFFFFF00000000EB
:1061C00000000000000000000000000000000000CF
:1061D00000000000000000000000000000000000BF
:1061E00000000000000000000000000000000000AF
:1061F00070ACFFFFFEFFFFFFFFFFFFFFFFFFFFFF92
:10620000FFFFFFFF00000000000000000000000092
:10621000000000000000000000000000000000007E
:10622000000000000000000000000000000000006E
:106230000000000000000000BA8803F55A4D660413
:10624000492757AB8BEB59FBD334E1B40000000076
:10625000000000000000000000000000000000003E
:10626000000000000000000000000000000000002E
:10627000000000000000000000000000000000001E
:106280006BA1A1F318A886E71E35000000000000EE
:1062900000000000010000000000000000000000FD
:1062A00000000000000000000000000000000000EE
:1062B00000000000000000000000000000000000DE
:1062C0000000000000000000000000006DCE44311E
:1062D0009D19F7301BF14F1F7E113A2934B0DC5263
:1062E00000000000000000000000000000000000AE
:1062F000000000000000000000000000000000009E
:10630000000000000000000000000000000000008D
:10631000000000002E3FD4A7FE2C98F90DFA71E082
:1063200096F231E3F2FEAFFE000000000000000034
:10633000000000000000000000000000000000005D
:10634000000000000000000000000000000000004D
:10635000000000000000000000000000010000003C
:1063600000000000000000008000000000000000AD
:1063700000000000FFFFFFFFFFFFFFFFFF00000026
:10638000000000000000000000000000000000000D
:1063900000000000000000000000000000000000FD
:1063A00000000000000000000000000000000000ED
:1063B00000000000000000000000000000000000DD
:1063C00000000000000000000000000000000000CD
:1063D00000000000000000000000000000000000BD
:1063E00000000000000000000000000000000000AD
:1063F000000000000000000000000000000000009D
:10640000000000000000000000000000000000008C
:10641000000000000000000000000000000000007C
:10642000000000000000000000000000000000006C
:10643000000000000000000000000000000000005C
:10644000000000000000000000000000000000004C
:10645000000000000000000000000000000000003C
:10646000A0000000A10000000500000002000000E4
:10647000534543475F5052494D455F3136305232A4
:106480000000000037EEFFFFFEFFFFFFFFFFFFFFF2
:10649000FFFFFFFFFFFFFFFFFFFFFFFF0000000008
:1064A00000000000000000000000000000000000EC
:1064B00000000000000000000000000000000000DC
:1064C00000000000000000000000000000000000CC
:1064D00000000000000000000000000000000000BC
:1064E00000000000000000000000000000000000AC
:1064F000000000000000000000000000000000009C
:10650000000000000000000000000000000000008B
:106510000000000003000000000000000000000078
:10652000000000000000000000000000000000006B
:10653000000000000000000000000000000000005B
:10654000000000000000000000000000000000004B
:106550000000000000000000000000008DFDDE745F
:106560006A46690F17FCF226FEFFFFFFFFFFFFFFE1
:10657000FFFFFFFF0000000000000000000000001F
:10658000000000000000000000000000000000000B
:1065900000000000000000000000000000000000FB
:1065A00000000000000000007D6CE0EAB1D1A51DF4
:1065B00034F4B780027DB026AEE957C00EF14FDB50
:1065C00000000000000000000000000000000000CB
:1065D00000000000000000000000000000000000BB
:1065E00000000000000000000000000000000000AB
:1065F0009D2F5ED988AA82403486BE15D06341841F
:10660000A728569C6D2F2F9B000000000000000063
:10661000000000000000000000000000000000007A
:10662000000000000000000000000000000000006A
:106630000000000000000000010000000000000059
:1066400000000000800000000000000000000000CA
:1066500000000000000000008000000000000000BA
:10666000000000000000000000000000000000002A
:10667000000000000000000000000000000000001A
:10668000000000000000000000000000000000000A
:1066900000000000000000000000000000000000FA
:1066A00000000000000000000000000000000000EA
:1066B00000000000000000000000000000000000DA
:1066C00000000000000000000000000000000000CA
:1066D00000000000000000000000000000000000BA
:1066E00000000000000000000000000000000000AA
:1066F000000000000000000000000000000000009A
:106700000000000000000000000000000000000089
:106710000000000000000000000000000000000079
:106720000000000000000000000000000000000069
:10673000000000000000000000000000C000000099
:10674000C00000000500000003000000534543475F
:106750005F5052494D455F3139324B3100000000E6
:10676000FFFFFFFFFFFFFFFFFEFFFFFFFFFFFFFF3A
:10677000FFFFFFFFFFFFFFFF000000000000000021
:106780000000000000000000000000000000000009
:1067900000000000000000000000000000000000F9
:1067A0000000000000000000FCFFFFFFFFFFFFFFF4
:1067B000FEFFFFFFFFFFFFFFFFFFFFFFFFFFFFFFEA
:1067C00000000000000000000000000000000000C9
:1067D00000000000000000000000000000000000B9
:1067E00000000000000000000000000000000000A9
:1067F000B1B946C1ECDEB8FE49302472ABE9A70F4F
:10680000E7809CE5190521640000000000000000FD
:106810000000000000000000000000000000000078
:106820000000000000000000000000000000000068
:1068300000000000000000003128D2B4B1C96B1480
:1068400036F8DE99FFFFFFFFFFFFFFFFFFFFFFFFAF
:106850000000000000000000000000000000000038
:106860000000000000000000000000000000000028
:106870000000000000000000000000000000000018
:10688000000000001210FF82FD0AFFF40088A143FF
:10689000EB20BF7CF69030B00EA88D1800000000F1
:1068A00000000000000000000000000000000000E8
:1068B00000000000000000000000000000000000D8
:1068C0000000000000000000000000001148791ED8
:1068D000A177F973D5CD246BED11106378DAC8FF79
:1068E000952B1907000000000000000000000000C8
:1068F0000000000000000000000000000000000098
:106900000000000000000000000000000000000087
:106910000000000001000000000000000000000076
:1069200080000000000000000000000000000000E7
:1069300000000000800000000000000000000000D7
:106940000000000000000000000000000000000047
:106950000000000000000000000000000000000037
:106960000000000000000000000000000000000027
:106970000000000000000000000000000000000017
:106980000000000000000000000000000000000007
:1069900000000000000000000000000000000000F7
:1069A00000000000000000000000000000000000E7
:1069B00000000000000000000000000000000000D7
:1069C00000000000000000000000000000000000C7
:1069D00000000000000000000000000000000000B7
:1069E00000000000000000000000000000000000A7
:1069F0000000000000000000000000000000000097
:106A00000000000000000000000000000000000086
:106A10000000000000000000C0000000C0000000F6
:106A20000500000004000000534543475F505249F1
:106A30004D455F3139325231000000006DE5FFFFF6
:106A4000FEFFFFFFFFFFFFFFFFFFFFFFFFFFFFFF57
:106A5000FFFFFFFFFFFFFFFF00000000000000003E
:106A60000000000000000000000000000000000026
:106A70000000000000000000000000000000000016
:106A80000000000000000000000000000000000006
:106A900000000000000000000000000000000000F6
:106AA00000000000000000000000000000000000E6
:106AB00000000000000000000000000000000000D6
:106AC00000000000000000000000000005000000C1
:106AD00000000000000000000000000000000000B6
:106AE00000000000000000000000000000000000A6
:106AF0000000000000000000000000000000000096
:106B00000000000000000000000000000000000085
:106B100000000000F7B19F7671A9F0CA8461ECD241
:106B2000E8DC0100000000000000000000000000A0
:106B30000100000000000000000000000000000054
:106B40000000000000000000000000000000000045
:106B50000000000000000000000000000000000035
:106B60005CA4B7B60E657E0FA97570E4E967A469E9
:106B7000A128FC30DF99F04D335B45A100000000F7
:106B80000000000000000000000000000000000005
:106B900000000000000000000000000000000000F5
:106BA0000000000000000000A5616D55DB4BCAE24B
:106BB00059BDB0C0F719E3F7D6FBCA824234BA7F99
:106BC000ED9F087E000000000000000000000000B3
:106BD00000000000000000000000000000000000B5
:106BE00000000000000000000000000000000000A5
:106BF0000100000000000000000000008000000014
:106C00000000000000000000FFFFFFFFFFFFFFFF8C
:106C1000FF00000000000000000000000000000075
:106C20000000000000000000000000000000000064
:106C30000000000000000000000000000000000054
:106C40000000000000000000000000000000000044
:106C50000000000000000000000000000000000034
:106C60000000000000000000000000000000000024
:106C70000000000000000000000000000000000014
:106C80000000000000000000000000000000000004
:106C900000000000000000000000000000000000F4
:106CA00000000000000000000000000000000000E4
:106CB00000000000000000000000000000000000D4
:106CC00000000000000000000000000000000000C4
:106CD00000000000000000000000000000000000B4
:106CE00000000000000000000000000000000000A4
:106CF00000000000E0000000E100000005000000CE
:106D000005000000534543475F5052494D455F32EF
:106D100032344B3100000000010000000000000090
:106D200000000000FFFFFFFFFFFFFFFFFFFFFFFF6F
:106D3000FFFFFFFF00000000000000000000000057
:106D40000000000000000000000000000000000043
:106D50000000000000000000000000000000000033
:106D6000FEFFFFFFFFFFFFFFFFFFFFFFFEFFFFFF35
:106D7000FFFFFFFFFFFFFFFFFFFFFFFF000000001F
:106D80000000000000000000000000000000000003
:106D900000000000000000000000000000000000F3
:106DA0000000000000000000B4FF552343390B270A
:106DB000BAD8BFD7B7B04450563241F5ABB3040C84
:106DC000850A05B40000000000000000000000007B
:106DD00000000000000000000000000000000000B3
:106DE00000000000000000000000000000000000A3
:106DF0003D2A5C5C4529DD133EF0B8E0A216FFFF9A
:106E0000FFFFFFFFFFFFFFFFFFFFFFFF000000008E
:106E10000000000000000000000000000000000072
:106E20000000000000000000000000000000000062
:106E3000000000000000000000000000211D5C11A7
:106E4000D68032342211C256D3C1034AB9901332CC
:106E50007FBFB46BBD0C0EB7000000000000000047
:106E60000000000000000000000000000000000022
:106E70000000000000000000000000000000000012
:106E800000000000347E00859981D5446447075A8C
:106E9000A07543CDE6DF224CFB23F7B5886337BDF1
:106EA00000000000000000000000000000000000E2
:106EB00000000000000000000000000000000000D2
:106EC00000000000000000000000000001000000C1
:106ED0000000000000000000800000000000000032
:106EE0000000000000000000000000008000000022
:106EF0000000000000000000000000000000000092
:106F00000000000000000000000000000000000081
:106F10000000000000000000000000000000000071
:106F20000000000000000000000000000000000061
:106F30000000000000000000000000000000000051
:106F40000000000000000000000000000000000041
:106F50000000000000000000000000000000000031
:106F60000000000000000000000000000000000021
:106F70000000000000000000000000000000000011
:106F80000000000000000000000000000000000001
:106F900000000000000000000000000000000000F1
:106FA00000000000000000000000000000000000E1
:106FB00000000000000000000000000000000000D1
:106FC00000000000000000000000000000000000C1
:106FD000E0000000E00000000500000006000000E6
:106FE000534543475F5052494D455F323234523129
:106FF000000000002FFCFFFFFEFFFFFFFFFFFFFF71
:10700000FFFFFFFFFFFFFFFFFFFFFFFFFFFFFFFF90
:10701000FFFFFFFF00000000000000000000000074
:107020000000000000000000000000000000000060
:107030000000000000000000000000000000000050
:107040000000000000000000000000000000000040
:107050000000000000000000000000000000000030
:107060000000000000000000000000000000000020
:107070000000000000000000000000000000000010
:1070800000000000070000000000000000000000F9
:1070900000000000000000000000000000000000F0
:1070A00000000000000000000000000000000000E0
:1070B00000000000000000000000000000000000D0
:1070C000000000000000000000000000414136D038
:1070D0008C5ED2BF3BA048AFE6DCAEBAFEFFFFFF3E
:1070E000FFFFFFFFFFFFFFFFFFFFFFFF00000000AC
:1070F0000000000000000000000000000000000090
:10710000000000000000000000000000000000007F
:1071100000000000000000009817F8165B81F2598B
:10712000D928CE2DDBFC9B02070B87CE9562A0559C
:10713000ACBBDCF97E66BE790000000000000000F8
:10714000000000000000000000000000000000003F
:10715000000000000000000000000000000000002F
:10716000B8D410FB8FD0479C195485A648B417FD9E
:10717000A808110EFCFBA45D65C4A32677DA3A4883
:1071800000000000000000000000000000000000FF
:1071900000000000000000000000000000000000EF
:1071A00000000000000000000100000000000000DE
:1071B000000000008000000000000000000000004F
:1071C000000000000000000080000000000000003F
:1071D00000000000000000000000000000000000AF
:1071E000000000000000000000000000000000009F
:1071F000000000000000000000000000000000008F
:10720000000000000000000000000000000000007E
:10721000000000000000000000000000000000006E
:10722000000000000000000000000000000000005E
:10723000000000000000000000000000000000004E
:10724000000000000000000000000000000000003E
:10725000000000000000000000000000000000002E
:10726000000000000000000000000000000000001E
:10727000000000000000000000000000000000000E
:1072800000000000000000000000000000000000FE
:1072900000000000000000000000000000000000EE
:1072A00000000000000000000000000000010000DD
:1072B000000100000500000007000000534543479F
:1072C0005F5052494D455F3235364B31000000006A
:1072D000FFFFFFFFFFFFFFFFFFFFFFFF00000000BA
:1072E000000000000000000001000000FFFFFFFFA1
:1072F000000000000000000000000000000000008E
:10730000000000000000000000000000000000007D
:107310000000000000000000FCFFFFFFFFFFFFFF78
:10732000FFFFFFFF00000000000000000000000061
:1073300001000000FFFFFFFF000000000000000050
:10734000000000000000000000000000000000003D
:10735000000000000000000000000000000000002D
:107360004B60D2273E3CCE3BF6B053CCB0061D65F9
:10737000BC86987655BDEBB3E7933AAAD835C65A82
:1073800000000000000000000000000000000000FD
:1073900000000000000000000000000000000000ED
:1073A0000000000000000000512563FCC2CAB9F3D0
:1073B000849E17A7ADFAE6BCFFFFFFFFFFFFFFFFAC
:1073C00000000000FFFFFFFF0000000000000000C1
:1073D00000000000000000000000000000000000AD
:1073E000000000000000000000000000000000009D
:1073F0000000000096C298D84539A1F4A033EB2DC7
:10740000817D0377F240A463E5E6BCF847422CE1B6
:10741000F2D1176B00000000000000000000000027
:10742000000000000000000000000000000000005C
:10743000000000000000000000000000F551BF3710
:107440006840B6CBCE5E316B5733CE2B169E0F7C89
:107450004AEBE78E9B7F1AFEE242E34F00000000FA
:10746000000000000000000000000000000000001C
:10747000000000000000000000000000000000000C
:107480000000000001000000FFFFFFFF7F00000080
:10749000800000000000000000000000FFFFFFFF70
:1074A0007F000000800000000000000000000000DD
:1074B00000000000000000000000000000000000CC
:1074C00000000000000000000000000000000000BC
:1074D00000000000000000000000000000000000AC
:1074E000000000000000000000000000000000009C
:1074F000000000000000000000000000000000008C
:10750000000000000000000000000000000000007B
:10751000000000000000000000000000000000006B
:10752000000000000000000000000000000000005B
:10753000000000000000000000000000000000004B
:10754000000000000000000000000000000000003B
:10755000000000000000000000000000000000002B
:10756000000000000000000000000000000000001B
:10757000000000000000000000000000000000000B
:1075800000000000000000000001000000010000F9
:107590000500000008000000534543475F50524972
:1075A0004D455F323536523100000000FFFFFFFFCE
:1075B0000000000000000000FFFFFFFFFEFFFFFFD4
:1075C000FFFFFFFFFFFFFFFFFFFFFFFFFFFFFFFFCB
:1075D000FFFFFFFFFFFFFFFFFFFFFFFF00000000B7
:1075E000000000000000000000000000000000009B
:1075F00000000000FCFFFFFF000000000000000092
:10760000FFFFFFFFFEFFFFFFFFFFFFFFFFFFFFFF8B
:10761000FFFFFFFFFFFFFFFFFFFFFFFFFFFFFFFF7A
:10762000FFFFFFFF0000000000000000000000005E
:10763000000000000000000000000000EF2AECD372
:10764000EDC8852A9DD12E8A8D3956C65A8713508A
:107650008F081403124181FE6E9C1D18192DF8E34A
:107660006B058E98E4E73EE2A72F31B300000000DF
:10767000000000000000000000000000000000000A
:10768000000000007329C5CC6A19ECEC7AA7B04859
:10769000B20D1A58DF2D37F4814D63C7FFFFFFFF8E
:1076A000FFFFFFFFFFFFFFFFFFFFFFFFFFFFFFFFEA
:1076B000FFFFFFFF000000000000000000000000CE
:1076C00000000000000000000000000000000000BA
:1076D000B70A7672385E543A6C2955BF5DF202558E
:1076E000382A5482E041F759989BA78B623B1D6E64
:1076F00074AD20F31EC7B18E37058BBE22CA87AA90
:107700000000000000000000000000000000000079
:1077100000000000000000005F0EEA907C1D437A2C
:107720009D817E1DCEB1600AC0B8F0B51331DAE993
:107730007C149A28BD1DF4F829DC9292BF989E5DB6
:107740006F2C26964ADE173600000000000000006D
:107750000000000000000000000000000000000029
:107760000100000000000000000000008000000098
:107770000000000000000000000000000000000009
:107780008000000000000000000000000000000079
:1077900000000000000000000000000000000000E9
:1077A00000000000000000000000000000000000D9
:1077B00000000000000000000000000000000000C9
:1077C00000000000000000000000000000000000B9
:1077D00000000000000000000000000000000000A9
:1077E0000000000000000000000000000000000099
:1077F0000000000000000000000000000000000089
:107800000000000000000000000000000000000078
:107810000000000000000000000000000000000068
:107820000000000000000000000000000000000058
:107830000000000000000000000000000000000048
:107840000000000000000000000000000000000038
:107850000000000000000000000000000000000028
:107860000000000080010000800100000500000011
:1078700009000000534543475F5052494D455F336F
:107880003834523100000000FFFFFFFFFFFFFFFF11
:10789000FFFFFFFFFFFFFFFFFFFFFFFFFFFFFFFFF8
:1078A000FFFFFFFFFFFFFFFFFFFFFFFFFFFFFFFFE8
:1078B000FFFFFFFFFFFFFFFFFFFFFFFFFFFFFFFFD8
:1078C000FFFFFFFFFFFFFFFFFF01000000000000C0
:1078D000FCFFFFFFFFFFFFFFFFFFFFFFFFFFFFFFBB
:1078E000FFFFFFFFFFFFFFFFFFFFFFFFFFFFFFFFA8
:1078F000FFFFFFFFFFFFFFFFFFFFFFFFFFFFFFFF98
:10790000FFFFFFFFFFFFFFFFFFFFFFFFFFFFFFFF87
:10791000FF01000000000000003F506BD41F45EF46
:10792000F1342C3D88DF733507BFB13BBDC0521623
:107930007B937EEC51391956E109F18E9189B4B8E7
:10794000F315B3995B72DAA2EE4085B6A0219A9244
:107950001F9A1C8E61B93E95510000000000000086
:10796000096438911EB76FBBAE479C89B8C9B53B57
:10797000D0A509F74801CC7F6B962FBF838786512E
:10798000FAFFFFFFFFFFFFFFFFFFFFFFFFFFFFFF0C
:10799000FFFFFFFFFFFFFFFFFFFFFFFFFFFFFFFFF7
:1079A000FF010000000000000000000066BDE5C20D
:1079B000317E7EF99B426A85C1B34833DEA8FFA2BF
:1079C00027C11DFE2859E7EF775E4BA1BA3D4D6BED
:1079D00060AF28F821B53F053981649C42B49523F6
:1079E00066CB3E9ECDE90404B7068E85C600000036
:1079F000000000005066D19F7694BE8840C272A2FB
:107A000086703C356107AD3F01B950C54026F45E34
:107A10009972EE972C663E2717BDAF1768449B57A7
:107A20004944F598D91B7D2CB45F8A5C04C03B9A0D
:107A3000786A2939180100000000000001000000E8
:107A400000000000000000008000000000000000B6
:107A500000000000000000000000000080000000A6
:107A60000000000000000000000000000000000016
:107A70000000000000000000000000000000000006
:107A800000000000000000000000000000000000F6
:107A900000000000000000000000000000000000E6
:107AA00000000000000000000000000000000000D6
:107AB00000000000000000000000000000000000C6
:107AC00000000000000000000000000000000000B6
:107AD00000000000000000000000000000000000A6
:107AE0000000000000000000000000000000000096
:107AF0000000000000000000000000000000000086
:107B00000000000000000000000000000000000075
:107B10000000000000000000000000000000000065
:107B20000000000000000000000000000000000055
:107B30000000000000000000000000000000000045
:107B40000902000009020000050000000A00000010
:107B5000534543475F5052494D455F3532315231AD
:107B60000000000000000000000000000000F03FE6
:107B7000748515D3B0D9EF3F0F89F96C58B5EF3F35
:107B8000515B12D00193EF3F7B517D3CB872EF3FC8
:107B9000AAB968318754EF3F3862756E7A38EF3F83
:107BA000E1DE1FF59D1EEF3F15B7310AFE06EF3FE0
:107BB000CBA93A37A7F1EE3F2234124CA6DEEE3FB6
:107BC0002D89616008CEEE3F272A36D5DABFEE3F19
:107BD000824F9D562BB4EE3F295448DD07ABEE3F54
:107BE00085553AB07EA4EE3FCD3B7F669EA0EE3F2A
:107BF000745FECE8759FEE3F8701EB7314A1EE3FD5
:107C000013CE4C9989A5EE3FDBA02A42E5ACEE3FAE
:107C1000E5C5CDB037B7EE3F90F0A38291C4EE3FFB
:107C20005D253EB203D5EE3FADD35A999FE8EE3FB6
:107C3000475EFBF276FFEE3F9C5285DD9B19EF3FDE
:107C40006990EFDC2037EF3F87A4FBDC1858EF3F4B
:107C50005F9B7B33977CEF3FDA90A4A2AFA4EF3F0A
:107C600040456E5B76D0EF3F000000000000E84228
:107C70009423914BF86AAC3FF3C4FA50CEBFCE3F89
:107C8000D6520CFF422EE63F0000000000003843B1
:107C9000FE822B65471547409423914BF86ABC3E02
:107CA000F3C4FA50CEBF2E3FD6520CFF422E963F61
:107CB0006C6F673130000000706F77007371727401
:107CC0000000000073717274660000000000000084
:107CD0004FBB610567ACDD3F182D4454FB21E93FE4
:107CE0009BF681D20B73EF3F182D4454FB21F93FD3
:107CF000E2652F227F2B7A3C075C143326A6813C59
:107D0000BDCBF07A8807703C075C143326A6913C03
:107D1000000000000000304300000000000030C3FD
:107D20003863ED3EDA0F493F5E987B3FDA0FC93F7B
:107D30006937AC3168212233B40F14336821A23380
:107D40002C2066756E6374696F6E3A2000617373E0
:107D5000657274696F6E2022257322206661696CDA
:107D600065643A2066696C6520222573222C206C9C
:107D7000696E65202564257325730A007C610020E7
:107D80004300504F534958002E00232D302B200024
:107D9000686C4C0065666745464700494E46006979
:107DA0006E66004E414E006E616E00300030313222
:107DB0003334353637383941424344454600303153
:107DC00032333435363738396162636465660000B2
:107DD000202020202020202020282828282820207B
:107DE0002020202020202020202020202020202093
:107DF000881010101010101010101010101010100B
:107E000004040404040404040404101010101010EA
:107E100010414141414141010101010101010101C3
:107E200001010101010101010101011010101010F7
:107E30001042424242424202020202020202020294
:107E400002020202020202020202021010101020BC
:107E50000000000000000000000000000000000022
:107E60000000000000000000000000000000000012
:107E70000000000000000000000000000000000002
:107E800000000000000000000000000000000000F2
:107E900000000000000000000000000000000000E2
:107EA00000000000000000000000000000000000D2
:107EB00000000000000000000000000000000000C2
:107EC00000000000000000000000000000000000B2
:107ED000496E66696E697479004E614E000000005B
:107EE0000000000000000000000000000000000092
:107EF0000000000000000000000000000000000082
:107F00000000000000000000000000000000000071
:107F10000000000000000000000000000000000061
:107F20000000000000000000000000000000000051
:107F30000000000000000000000000000000000041
:107F40000080E03779C34143176E05B5B5B8934655
:107F5000F5F93FE9034F384D321D30F94877825A21
:107F60003CBF737FDD4F1575000000000000F03F3F
:107F70000000000000002440000000000000594004
:107F80000000000000408F40000000000088C34057
:107F900000000000006AF8400000000080842E41CC
:107FA00000000000D01263410000000084D7974118
:107FB0000000000065CDCD41000000205FA002421E
:107FC000000000E876483742000000A2941A6D4293
:107FD000000040E59C30A2420000901EC4BCD64286
:107FE00000003426F56B0C430080E03779C3414331
:107FF00000A0D8855734764300C84E676DC1AB43A7
:10800000003D9160E458E143408CB5781DAF1544C4
:1080100050EFE2D6E41A4B4492D54D06CFF080449F
:10802000F64AE1C7022DB544B49DD9794378EA44B4
:1080300005000000190000007D00000000000000A5
:0880400010E2FC7F01000000CA
:10804800000000000A00000000000306B20008005B
:1080580001000000A800080002000000A0001400B1
:10806800030057494E55534200000000000000002D
:1080780000008400040007002A0044006500760020
:1080880069006300650049006E00740065007200B5
:108098006600610063006500470055004900440020
:1080A8007300000050007B0039003700350046009F
:1080B80034003400440039002D0030004400300002
:1080C80038002D0034003300460044002D003800ED
:1080D8004200330045002D003100320037004300D4
:1080E800410038004100460046004600390044007F
:1080F8007D0000000000000010000C00C86F002088
:1081080070400500000000000000000000000000B2
:108118000000000000000000000000000000000057
:108128000000000000000000000000000000000047
:108138000000000000000000000000000000000037
:108148000000000000000000000000000000000027
:1081580000000000FF001400000000007109040086
:1081680055090400290904001D09040080000000C5
:108178008000000080000000E00000008000000097
:1081880000000000000000000000000000000000E7
:10819800B90A0400250A0400190A0400090A04009F
:1081A800FFFFFFFF44760020509C00200090D00382
:1081B8000A000000010000007C61002000000000AF
:1081C800007F0500207F0500E07E0500000000001C
:1081D8000000000000000000000000000000000097
:1081E8000000000000000000000000000000000087
:1081F8000000000000000000000000000000000077
:108208000000000000000000000000000000000066
:108218000000000000000000000000004300000013
:108228000000000000000000000000000000000046
:1082380000000000000000000000000043000000F3
:108248000000000000000000000000000000000026
:1082580000000000000000000000000043000000D3
:108268000000000000000000000000000000000006
:1082780000000000000000000000000043000000B3
:1082880000000000000000000000000000000000E6
:108298000000000000000000000000004300000093
:1082A80000000000000000000000000000000000C6
:1082B8000000000000000000000000004300000073
:1082C80000000000000000000000000000000000A6
:1082D8000000000000000000000000004300000053
:1082E8000000000000000000000000000000000086
:1082F80000000000000000000000000055220500FA
:10830800E110050000000000CF7D0500887D050014
:108318007B7D05007B7D05007B7D05007B7D050061
:108328007B7D05007B7D05007B7D05007B7D050051
:108338007B7D0500FFFFFFFFFFFFFFFFFFFFFFFF44
:10834800FFFF0000010041534349490000000000BD
:108358000000000000000000000000000000000015
:10836800000000000000415343494900000000009C
:1083780000000000000000000000000000000000F5
:1083880000000000000000000162020035620200E7
:1083980025660200FDC0020089C30200191D030002
:1083A800F92703002DAC030095AE0300C9090400AA
:0C83B800E13904001D960400116202006F
:040000034000813503
:00000001FF
