:020000022000DC
:106000000000042069E20400A9E2040021F1040078
:10601000ADE20400AFE20400B1E2040000000000C1
:10602000000000000000000000000000EDE004009F
:10603000B5E20400000000000DE10400B9E2040034
:10604000E9E40400BBE20400BBE20400BBE204009C
:10605000BBE20400BBE20400CDAC0400BBE20400E0
:10606000BBE20400BBE20400BBE20400BBE20400AC
:10607000BBE20400BBE20400BBE20400BBE204009C
:10608000BBE2040071DE0400BBE20400BBE20400DA
:10609000BBE20400BBE20400958D0400BBE20400F7
:1060A000BBE20400BBE20400BBE20400BBE204006C
:1060B000BBE20400BBE2040000000000000000009E
:1060C000BBE20400BBE20400BBE20400D5EA04002A
:1060D000BBE20400BBE20400BBE20400496C020026
:1060E000BBE20400BBE20400BBE2040000000000CD
:1060F00000000000BBE20400000000004DEB0400C3
:10610000000000000000000000000000000000008F
:10611000000000000000000000000000000000007F
:10612000000000000000000000000000000000006F
:10613000000000000000000000000000000000005F
:10614000000000000000000000000000000000004F
:10615000000000000000000000000000000000003F
:10616000000000000000000000000000000000002F
:10617000000000000000000000000000000000001F
:10618000000000000000000000000000000000000F
:1061900000000000000000000000000000000000FF
:1061A00000000000000000000000000000000000EF
:1061B00000000000000000000000000000000000DF
:1061C00000000000000000000000000000000000CF
:1061D00000000000000000000000000000000000BF
:1061E00000000000000000000000000000000000AF
:1061F000000000000000000000000000000000009F
:10620000F1EE103A43F08073E1EE103A704700BFB0
:1062100010B5054C237833B9044B13B10448AFF3E0
:1062200000800123237010BD7C630020000000006B
:106230007430060008B5034B1BB103490348AFF3A4
:10624000008008BD0000000080630020743006005C
:10625000154B002B08BF134B9D46A3F5803A002138
:106260008B460F461348144A121A31F0BCFA0F4BF2
:10627000002B00D098470E4B002B00D098470020F1
:10628000002104000D000D48002802D00C48AFF397
:10629000008031F015FA2000290028F047F831F08D
:1062A000E9F900BF00000800000004200000000021
:1062B000000000007C630020209D00200000000002
:1062C000000000000146014800F08EBAB4630020CF
:1062D00038B5064B1D783DB100242046013400F04E
:1062E000EBFDE0B28542F9D838BD00BFB0630020B5
:1062F000407DFF2806D010B500F034FD044618B1EB
:10630000204610BD0020704728F03EFD204610BDFD
:10631000407DFF280ED000B583B00DF1070100F0DD
:106320006BFD20B19DF8070003B05DF804FB4FF052
:10633000FF30F9E74FF0FF30704700BF407DFF2886
:1063400011D000B583B001220DF1070100F016FD58
:1063500020B94FF0FF3003B05DF804FB9DF8070053
:1063600003B05DF804FB4FF0FF307047407DFF281D
:1063700001D000F0A1BD7047407DFF2801D000F0A2
:10638000E1BD0020704700BFF8B50646407DFF28FC
:106390001CD017465AB10D46144600F0BDFC2946E4
:1063A000224680B1707D00F031FD241A01D13846BB
:1063B000F8BD054428F0E8FC707D00F0ADFC2946EE
:1063C00022460028EED13F1B3846F1E70020F8BDF9
:1063D0000AB32DE9F043524991F81C6191F81D511F
:1063E00091F81E7193B0994614467B1CAA1C8046F6
:1063F000B01C81F81C0181F81D2181F81E3101A813
:106400004222002131F0EFF9B9F1410F05D8002007
:1064100013B0BDE8F083422070478DF806608DF818
:106420000E608DF82660721C40F20126D2B2ADF8E3
:106430001060DFF8F0C08DF81E20242640F6083EDC
:106440006B1C8DF827208DF83120ADF804E08DF815
:1064500016608DF820608DF82460CDF818C00426F1
:1064600065F07F0540F209424FF0010E4FF0060C37
:1064700098F81410ADF80C208DF81CE005228DF86A
:106480001F608DF830608DF825C040F207568DF8FA
:106490002A5020464FF0030E63F07F044FF0080CA3
:1064A00002234FF411658DF814108DF807308DF824
:1064B00008308DF809308DF812308DF821308DF8C4
:1064C00022308DF815208DF823208DF82BE08DF8E3
:1064D0002CC04FF00A0EADF82E504FF0400C01A921
:1064E000ADF8286007258DF833308DF840208DF801
:1064F0004140422244F20204ADF838608DF83B304E
:106500008DF83A708DF834E08DF83CC08DF83F502E
:10651000ADF8424031F043F9422013B0BDE8F083BA
:10652000B463002020010524A0F11000FFF750BF44
:1065300070B50368184A5B6882B093428DF8071003
:1065400024D10546407DFF281DD000F0E5FB0DF16C
:10655000070601243146224688B1687D00F056FCCA
:10656000241A02D1012002B070BD064428F00CFCB0
:10657000687D00F0D1FB314622460028EDD1C4F100
:10658000010002B070BD002002B070BD01220DF10B
:106590000701984702B070BD89630200437DFF2B5D
:1065A00000D07047094B1A78002AFAD110B500F1D3
:1065B000100442750649204601221A7000F0E0F9E5
:1065C00021460448BDE8104000F0F0B8B063002058
:1065D000F8A60500B4630020407DFF2807D000B571
:1065E00083B000F099FB20B103B05DF804FB0020FC
:1065F0007047019028F0C8FB019803B05DF804FBD8
:1066000001B900B1704700B583B0694600F09AFB4C
:10661000009BB3F5966F02D003B05DF804FB00F069
:1066200029FBF9E730B4084B084A4FF47F4102F1E7
:106630000805002430324FF47A7099821D60C3E956
:1066400001401A6130BC70479863002008A705001C
:106650002DE9F0410024484E2546435D4719A3B17A
:1066600003F14002D2B2012A0AD9F42B08D81A0643
:106670000ED44FF0010EA3F55842B2F5006F56D27A
:1066800001354719435D002BEAD12046BDE8F08172
:1066900003F0E002C02A57D003F0F002E02A66D0EF
:1066A00003F0F802F02AEBD103F007024FF0040EDA
:1066B0007B7803F0C00CBCF1800FE1D197F802C0E9
:1066C0000CF0C00803F03F03B8F1800F43EA8213D7
:1066D000D6D10CF03F0CBEF1030F4CEA83132DD042
:1066E000FA7802F0C007802FCAD102F03F0242EAD6
:1066F0008313A3F58032B242C2D8A3F55847B7F549
:10670000006FBDD3B3F5803F05F1040510D31E2CF7
:10671000BBDC6300970A0B44C2F30902A7F52057BC
:10672000A2F5105221F814705A80023495E775448E
:10673000202CAAD021F8143001348EE7A3F5006292
:10674000B2F5784F97D39BE77A7802F0C007802F95
:1067500003F01F0394D102F03F0242EA8313A3F136
:106760008002B2F5F06F8BD24FF0020E83E703F098
:106770000F024FF0030E9BE7FFFF0F0090F8503120
:106780000B2B0CD871B103F1480210B45C1C80F8DB
:10679000504140F822105DF8044B18467047002322
:1067A000184670470B461846704700BF70B5044640
:1067B0000E68B4F81821B4F81A31656936689B1A66
:1067C00008469BB294F81C112A44B04758B1B4F85B
:1067D00018216369104480B2A4F81801588094F815
:1067E0001C211A71012070BD2DE9F043284DDFF8FE
:1067F000B090AC4604468846BCE80F0089B003AFB1
:106800000FC703AE0FCE05F1140E25460FC59EE847
:106810000700DCF800303B806B4636682E8003C3EF
:106820006B4603CB012504F118034FF480766361B6
:10683000A061E16184F8202004F59870C4F81891F3
:106840002022A4F81C61002184F81E5130F0CBFFF7
:1068500040F20947042240F2EF230E4E0E48C4F8DE
:1068600028010021C4F82C1184F85021A3804FF492
:10687000E131A571C4F82071C4F824610748FFF71D
:106880008DFE404600F0E4F9284609B0BDE8F083EB
:106890003CA705006CA7050078A7050098630020B9
:1068A0000900000100487047B4630020014B58699B
:1068B000704700BFB46300202DE9F04F89B0F8B1F4
:1068C000032816D02B4C94F8503183424FD94830CE
:1068D00004F5AA7154F82000FFF7BAFEC0B20130E7
:1068E000400040F44070A4F85201234809B0BDE8CC
:1068F000F08F204CD4F82C0150B104F5AA71EBE7CD
:106900001C4CD4F82031A4F854314FF44170EAE71C
:10691000684600F0B1F9054610B300F1FF3A0DF1F9
:106920000103164FE94653FA8AFAA64604AE97E8E1
:106930000F0019F801CB86E80F000CF00F080DF1DD
:10694000200BD8440BEB1C1C18F8108C1CF8103CC6
:10695000AEF85681D145AEF854310EF1040EE6D1B1
:106960006800C0B20130400040F44070BBE7002036
:10697000BCE700BFB4630020066500205CA70500EB
:1069800010B504460248FFF7F9FE207110BD00BFA4
:10699000B4630020024B53F8200000B1C068704778
:1069A0004865002030B4094CBDF8085054F8204028
:1069B00044B1246934B10846A44611461A462B4610
:1069C00030BC6047002030BC704700BF48650020E5
:1069D00030B4084CBDF8085054F8204044B1646904
:1069E00034B10846A44611461A462B4630BC6047CF
:1069F00030BC70474865002000207047024B186883
:106A000008B190F860007047506500202DE9F84308
:106A1000234C2568002D3CD01E462C2303FB00533D
:106A20001746D3F8209088460446B9F1000F32D0BB
:106A3000484631F07DFE2C2303FB0454D4E909546D
:106A4000DFF864C0174B08280246494628BF0822D1
:106A50004046002D08BF6546002C08BF1C4630F09C
:106A60009EFE284631F064FE10280246294628BFC3
:106A70001022384630F093FE204631F059FE0428AB
:106A800002462146304628BF0422BDE8F84330F0D4
:106A900086BEBDE8F883DFF814900820CBE700BF7E
:106AA00050650020A4A7050094A705006CA7050069
:106AB00070B5104E3368D3B12C2404FB0034054666
:106AC00062691AB19047336884F832002C2202FBC5
:106AD000053393F8324014B10124204670BD284696
:106AE00023463A22022101F049F8204670BD1C4697
:106AF000204670BD50650020074B1B6853B110B491
:106B00002C2404FB0030C46A038E0C6013805DF8F3
:106B1000044B7047704700BF5065002008B5202225
:106B20000023052101F02AF84FF0FF3008BD00BF17
:106B300030B4094C24685CB10D4611462C2202FB8E
:106B40000044E46924B11A462846234630BC18475D
:106B5000012030BC704700BF5065002030B4094CA4
:106B6000029A246854B10D462C2101FB0044A4680C
:106B700024B119462846234630BC18474FF0FF3051
:106B800030BC70475065002030B4094C029A24682C
:106B900054B10D462C2101FB0044E46824B1194690
:106BA0002846234630BC18474FF0FF3030BC7047B2
:106BB00050650020044B1B682BB12C2202FB0030D7
:106BC000036903B11847704750650020054B1B68E7
:106BD0002BB12C2202FB0030836903B1184701203E
:106BE000704700BF5065002004F02ABE00B5144B6A
:106BF000402283B083F82723002002F03DFE4FF0AF
:106C0000804302A80024D3F8385400F8084D27F038
:106C1000EDFB02A80B4B40F8043D27F037FC27F0B2
:106C200047FCEB0707D400214FF0FF3003F0C8F812
:106C3000FFF74EFBF7E7204604F002FEF3E700BF44
:106C400000E100E0E96B0200002004F055BA00BF4B
:106C500000B5002383B00322CDE900230349044893
:106C6000C82225F001FE03B05DF804FBA8A70500CB
:106C7000ED6B020028F058BC4FF08052536E1BBAE7
:106C80000360136E1BBA43600820704700487047CA
:106C9000B0A7050070B51E4C2368D3B1012901D0FF
:106CA000012070BD1578C5F34115012D13D0022DBB
:106CB0000FD15478012C21D0022CF1D19388072BCD
:106CC00007D1144C114623892246BDE8704003F0D9
:106CD00053BD002070BD51782229E1D11146528860
:106CE000003218BF01225A7503F02EFD2268D369C5
:106CF000002BD5D0507D9847284670BD9C69002C4C
:106D0000E7D0114623782246BDE8704003F034BD39
:106D1000546500200460002010B5044602F094FD84
:106D200008B9002010BD02F097FD0028F9D1044BEE
:106D30004FF4567202FB0434207900F0010010BDBC
:106D400058650020064A4FF4567303FB00230833AE
:106D5000186808609A889B798B718A80704700BF99
:106D60005865002008B5044A4FF4567303FB002011
:106D7000103002F0C9FB08BD586500202DE9F04134
:106D80004FF4567505FB00F51A4E4FF6FF734FF69C
:106D9000FE7005F11004824288BF1A46344492B254
:106DA000204602F0DBFB0746204602F0C5FB3F28E9
:106DB00002D83846BDE8F08106EB0508002098F8B7
:106DC000031002F05DFF0028F3D0204602F0B4FB70
:106DD0003F2805D898F80310002002F061FFE8E78B
:106DE00005F53672324498F803104023002002F073
:106DF00067FFDEE758650020034A4FF4567303FB34
:106E00000020103002F014BC586500202DE9F84332
:106E10004FF4567606FB00F6254F4FF6FF734FF6FC
:106E2000FE7006F12404824288BF1A463C4492B2A6
:106E3000204602F037FC0546204602F065FB3F285D
:106E400002D82846BDE8F88302F0FEFC0028F8D0FE
:106E500002F002FD80460028F3D1204602F054FBE8
:106E60000028EED007EB0609404699F8021002F020
:106E700007FF0028E5D006F5467637442046394618
:106E8000402202F06BFB034668B13A4699F80210C3
:106E9000404602F015FF0028D3D1064B1B68DB07E4
:106EA000CFD500BECDE799F8021002F0F9FEC8E791
:106EB00058650020F0ED00E02DE9F041054602F0B4
:106EC000C3FC10B90020BDE8F08102F0C5FC064605
:106ED0000028F7D14FF4567404FB05F4174F04F162
:106EE00024053D44284602F00FFB0028EAD007EBBA
:106EF0000408304698F8021002F0C2FE0028E1D0E3
:106F000004F54674274428463946402202F026FB01
:106F1000044668B13A4698F802103046234602F01B
:106F2000CFFE48B9064B1B68DB07CBD500BECAE7CE
:106F300098F8021002F0B4FE2046C4E7586500201D
:106F4000F0ED00E008B5044A4FF4567303FB00204F
:106F5000243002F0F1FA08BD58650020F0B51A4C53
:106F600083B000214FF4567220460E46012530F0C2
:106F70003AFCFF234FF4E13204F138016371A2605F
:106F80002B460827009604F110004FF48072A77377
:106F900002F07EFA2B464FF4807204F59C7104F1E6
:106FA0002400009502F074FA04F50E71284624F0CE
:106FB0002DFD04F5227120622846E66124F026FDAD
:106FC000C4E90C0603B0F0BD5865002010B5094BAC
:106FD000002203F1240403F110001A601A7102F078
:106FE000EDFB204602F0EAFB20460121BDE81040FF
:106FF00002F004BC586500202DE9F0414B79022BCA
:1070000082B004D00025284602B0BDE8F0818B791B
:10701000022BF7D1304EB3782BB1304B1B68DB0716
:10702000F0D500BEEEE78B7833700C780C44074641
:107030006378242B4FF009050BD1082A02D822E0EF
:10704000AA4220D323781C441D446378242BADB27C
:10705000F6D0052B2CD0042B15D163790A2B12D135
:107060001F4A94F8008001920223013200923846B0
:1070700004EB08011A4602F053FD0028CDD00E356E
:1070800018FA85F5ADB2174802F056FA3F28BAD97A
:10709000F178002002F0F4FD0028B4D0114802F08D
:1070A0004BFA3F28F17811D8002002F0F9FDAAE749
:1070B0002146384602F0C0FD0028AED0A378737098
:1070C00023781C441D44ADB26378C4E7064A4023CC
:1070D000002002F0F5FD96E758650020F0ED00E095
:1070E0005A650020686500203068002038B51378A4
:1070F00003F06003202B01D0002038BD264C93887C
:1071000025789D42F8D15378203B032BF4D8DFE853
:1071100003F029200802012931D0032934D00120AD
:1071200038BD01292BD00329F9D155881B48257179
:10713000E94301F0010102F061FB194B002BEED095
:10714000C5F3400205F001010020FFF759FA0120C4
:1071500038BD0129E3D111460723124A03F00CFB85
:10716000012038BD0129F6D00329D8D10E4B002BC0
:10717000D5D00C490020AFF30080012038BD114666
:1071800003F0E2FA012038BD084B002BC7D051882C
:107190000020AFF30080C2E7586500207C65002026
:1071A0000166020060650020000000000000000091
:1071B0002DE9F047574CE2788A420D4607461E46B5
:1071C00056D19AB204F5367104F1100002F06AFA51
:1071D000514BD3B16379FF2B17D0B6B104F2D72846
:1071E00008EB060AA8F2C72902E0C2450DD0637970
:1071F00018F8012F9A42F8D1484602F095F9002874
:10720000F3D16179AFF30080EFE7444B23B14448F9
:1072100002F08AF900285DD0414802F08DF93F283C
:107220005BD8A378AB4203D001252846BDE8F087A0
:107230003C4B13B10020AFF3008002F005FB20BBF4
:10724000394802F061F90028EED1002EECD016F09A
:107250003F06E9D1A178384602F012FD0546002824
:10726000E2D0A17838463346324602F029FDDCE709
:10727000A3788B42DCD02D4B1D6815F00105D4D0CE
:1072800000BE00252846BDE8F08702F0E5FA054675
:107290000028D5D1244802F037F90028D0D0A178B1
:1072A000284602F0EDFC0028CAD021494022A1F571
:1072B0003D7002F053F9034638B328461C4AA178C2
:1072C00002F0FEFC0028AFD1184B1B68DB07B7D5D6
:1072D00000BEB5E7AFF300809EE7E178002002F042
:1072E000CFFC00289DD00E4802F026F93F2804D894
:1072F000E178002002F0D4FC93E740230D4AE178C6
:10730000002002F0DDFCA3788CE7A17802F0C8FC35
:1073100096E700BF58650020000000000000000054
:1073200068650020000000007C650020F0ED00E0B2
:1073300070680020306800204FF48C7200210148F2
:1073400030F051BAB06800204FF48C72002101482F
:1073500030F049BAB06800202DE9F04F4B79032B8B
:1073600083B004D00024204603B0BDE8F08F0B7931
:10737000C3EBC3041234A4B2944206D8304E7778DB
:10738000002F57D096F88D202AB12E4B1B68DA07B4
:10739000E8D500BEE6E74FF08D0B4FF08E0E8C2740
:1073A0004FF001080A7801EB020C9CF80150212DE6
:1073B000EBD14FF08C0909FB08698A46C9F888C0EF
:1073C000895C054606EB0E0206EB0B00019000926D
:1073D00061441A462846032302F0A2FB0028D4D0B9
:1073E0009AF80630012B04BF9AF8073089F8033069
:1073F0008C2303FB08F806EB080301221A719AF8A4
:10740000022006F80820D3F888209978B2F80720DF
:10741000DA800029A7D007F14802324428464023E9
:1074200002F04EFC00289ED1064B1B68DB079AD564
:1074300000BE98E7B8464FF0010B4FF0020EB1E7DF
:10744000B0680020F0ED00E02DE9F04F137803F074
:107450001F06012E83B003D0002003B0BDE8F08FDB
:10746000DFF81482978898F80040FFB2BC4200F021
:10747000B58098F88C40BC42EED13746B4464FF008
:10748000900A4FF094094FF0D40E4FF0910B13F087
:1074900060030C460546164604D1012900F0A98078
:1074A0000120DAE7202BD7D15378013B0A2BD3D820
:1074B00001A252F823F000BF917502008775020007
:1074C0007175020059740200597402005974020067
:1074D00059740200597402003375020009750200E4
:1074E000E574020001291ED00329D9D171885F4BB0
:1074F0008C2606FB0786C9B23171002BD0D06046BE
:10750000AFF300800120A8E70129C9D17188584A4A
:107510008C2303FB0787090A797122B16046AFF318
:107520000080002898D03146284603F00DF901204C
:1075300093E7012900F085800329B1D1F48871888F
:10754000402C4FEA1122204628BF402011F0FF01B5
:1075500008EB0E0307D0012C05D91C788C4202D110
:10756000013880B2013300906046FFF731FA97E7A7
:10757000012995D108EB0A0231462846234603F03B
:10758000FBF8204669E701298AD108EB0B02F3E7F3
:10759000012985D1F3887188402B4FEA11221846C2
:1075A00028BF402011F0FF01C84455D0012B53D90A
:1075B000013880B288F8001008F10103009060469D
:1075C000FFF7F0F90444A3B2002B48D1294A12680E
:1075D000D2077FF541AF00BE18463EE70027BC4604
:1075E0004FF0040A4FF008094FF0480E4FF0050B1A
:1075F0004DE75378062B7FF42FAF53881B0A212BBE
:1076000010D0222B7FF428AF6046FFF7C3F98C23FC
:1076100003FB0787024631462846FB8803F0ACF897
:1076200020461AE78C2303FB0787D7F88820002A17
:107630003FF412AF1378314603B0BDE8F04F03F0CA
:107640009BB8F388402B3FF607AF08EB0E0231469C
:1076500003F092F8204600E743460024AEE7424696
:107660003146284603F088F80120F6E600000000C5
:1076700000000000F0ED00E0B0680020F0B5224C02
:10768000A67865788E4283B0074612D0A94235D0DD
:1076900094F88E0094F88D50884231D08D4221D0DC
:1076A0001A4B1B68DA0702D4002003B0F0BD00BEFD
:1076B000FAE700208D4217D000229BB204F1480562
:1076C000114600932B46FFF783F92A46A1783846E6
:1076D000402302F0F5FA70B90C4B1B68DB07E3D5C9
:1076E00000BEE2E78C340120094A22B19AB204F1CB
:1076F0000801AFF30080012003B0F0BD0020F3E7E4
:107700008C340120D6E700BFB0680020F0ED00E027
:107710000000000030B5154C83B000210D464FF439
:107720001672204630F05FF804F1380104F11000C1
:1077300000950123802201F0ABFE0123802204F199
:10774000B801009504F1240001F0A2FE04F59C713B
:10775000012024F05BF904F5C47120620120E56189
:1077600024F054F9C4E90C0503B030BD6C9A002034
:1077700010B5084C002304F11000C4E90033C4E93B
:10778000023302F01BF804F12400BDE8104002F0BF
:1077900015B800BF6C9A00202DE9F0474B79012BFA
:1077A00003D000242046BDE8F0878B79012BF8D167
:1077B000CB79002BF5D10B78CD1899B26C78242CAD
:1077C0000BD1914202D9ECE78A42EAD32B781D44CF
:1077D0000B446C78242C99B2F6D0042CE1D16B794F
:1077E000012BDED1AB79032BDBD1EB79002BD8D188
:1077F000DFF8B88098F8013013B998F802702FB10B
:10780000274B1B68DB07CCD500BECAE7AB7888F8EE
:1078100000302E7892462A798B1981469CB22E44EC
:1078200032B91FE0337897421C44A4B21E4419D2E7
:10783000A24517D37378052BF4D13146484602F0A0
:10784000FBF90028DCD0B378DA0914BF88F80130DE
:1078500088F8023033782A7901371C44FFB2A4B289
:107860001E44DFE70F4801F067FE3F289AD998F8D9
:107870000210002002F004FA002893D0094801F019
:107880005BFE3F2898F8021003D8002002F008FAA7
:1078900088E7054A4023002002F012FA82E700BF81
:1078A000F0ED00E07C9A0020449C00206C9A0020BF
:1078B00000207047F8B53D4CA2788A421F4613D18C
:1078C0009AB204F5EC7104F1100001F0EBFE384BB4
:1078D00013B10020AFF30080364801F02DFE3F28A1
:1078E0002CD801252846F8BD63788B4208D0324B4E
:1078F0001D6815F00105F5D000BE00252846F8BD2D
:10790000064604F1240001F0FFFD40BB2B4801F0C6
:10791000FBFD0028E5D1002FE3D017F03F07E0D1B1
:107920006178304602F0ACF905460028D9D061787C
:1079300030463B463A4602F0C3F9D3E7A17800202F
:1079400002F09EF905460028CBD01A4801F0F4FD5C
:107950003F28A17820D8002002F0A2F9C2E7617880
:10796000002002F08DF90028D0D0402204F50671E5
:1079700004F1240001F0F2FD034698B104F506720B
:107980006178002002F09CF90028AAD10A4B1B68FC
:10799000DB07BBD500BEB9E7094A4023002002F04F
:1079A0008FF99FE7617802F07BF9AFE76C9A0020CE
:1079B000000000007C9A0020F0ED00E0909A00208A
:1079C000449C002030B4114B9C689A6B93F83C5057
:1079D00083F82C10A21A022183F830109A6225B97C
:1079E00042F2050183F83E50998744B13AB11A7BBF
:1079F000D20906D193F82F1030BC02F0A1B930BCE7
:107A0000704793F82E1030BC02F09AB9C86B002072
:107A100038B5214B214C05461BB1607BFFF7D6F8EA
:107A2000A8B1A06BA36894F82F101D4A1B1AB3F5D8
:107A3000007F28BF4FF4007328469BB202F040F944
:107A400020B9184B1B68DB0700D500BE38BDA26803
:107A5000A36B84F83E0042F20771D31A0120A1877C
:107A60000221A36284F82C0084F83010002AEDD0A3
:107A7000002BEBD0237BDB0906D194F82F1028468E
:107A8000BDE8384002F05CB994F82E102846BDE8F5
:107A9000384002F055B900BFCD6B0200C86B002022
:107AA000C8690020F0ED00E070B5314CE28AA368AF
:107AB00052BA92B286B0054612B1B3FBF2F292B25C
:107AC000A66BD4F81110607B9B1BB3F5007F28BF19
:107AD0004FF4007309BA0093B6FBF2F302FB136292
:107AE0001944244BFFF73AF8031E22DB94F82E20AA
:107AF0000DD011469BB228461E4A02F0E1F8B0B9FB
:107B00001D4B1B68DB0712D500BE06B070BD0724F5
:107B1000194603A8CDF80E30ADF812308DF80C5090
:107B20008DF8102005938DF80D4001F02FFF06B061
:107B300070BDA268A36B43F602200021D31AA08770
:107B400084F83E1001200221A36284F82C0084F8FE
:107B50003010002AEBD0002BE9D0237BDB0914BFC7
:107B600094F82E1094F82F10284602F0E9F8DEE77A
:107B7000C86B0020C8690020F0ED00E010B4054C8F
:107B8000012084F83C1084F83D2084F83E305DF8F4
:107B9000044B7047C86B00204022002101482FF0A1
:107BA00022BE00BFC86B00204022002101482FF0F8
:107BB0001ABE00BFC86B00204B79082B01D00020F3
:107BC00070478B79062BFAD1CB79502BF7D1162A37
:107BD00006D81C4B1B68D907F1D500BE00207047A2
:107BE00070B5194D8B7885F82D300B7882B005F182
:107BF0002F0205F12E0619440223CDE900261A466C
:107C0000044601F08DFF48B90E4B1B68DA0702D518
:107C100000BE02B070BD002002B070BD20461F2320
:107C200000242A4695F82F1085F8304002F048F8D5
:107C300030B9044B1B68DB0702D500BE1720E8E70C
:107C40001720E6E7F0ED00E0C86B0020012901D025
:107C50000120704770B5137803F07F01022984B0CA
:107C6000054606D003F06003202B1AD0002004B094
:107C700070BD5478012CF5D15388002BF6D1404EBD
:107C8000918896F83030042BC9B272D096F82E2025
:107C90008A423DD096F82F408C4250D0012004B04B
:107CA00070BD5378FE2B16D0FF2BDFD15388002BED
:107CB000DCD1D488A3B2002BD8D1314E114628464E
:107CC00086F83030C6E90D33B48786F83E3002F0CE
:107CD0003BFD0120CBE75388002BC7D1D388012B74
:107CE000C4D128498DF80F30002946D00192FEF703
:107CF00085FE019A0028B9D0431EDBB204AC1146C0
:107D000004F8013D28462246012302F035FDC5E76F
:107D1000022BC3D1B46BB3681B1B11460324B3629F
:107D200006F120020D2386F8304001F0C9FF00283B
:107D3000B4D1154B1B68DB0798D500BE97E7002B25
:107D4000ACD1214601F0EEFF0028A7D121462846FC
:107D500002F0B8FC0028A1D1002386F83030284674
:107D600096F82F10064A1F2301F0AAFF0028E0D042
:107D700094E701F0E5FF204679E70B46BEE700BF38
:107D8000C86B0020FD690200F0ED00E02DE9F04134
:107D9000AB4C94F83050012D8EB01E46074645D0AE
:107DA0002BD3032D05D0022D60D001200EB0BDE8ED
:107DB000F08194F82E308B42F7D10D2EF5D1E37B74
:107DC000282B00F035812A2B40F028819D4B13B1E0
:107DD000607BFEF7EFFE002084F830001F23984AF6
:107DE00094F82F10384601F06BFF002878D1964B9D
:107DF0001B68DA0777D500BED8E794F82F208A42AF
:107E0000D3D11F2B03D1914B216899426DD004230C
:107E100094F82E1084F83030384601F091FF38463F
:107E200094F82F1001F08CFF0020BFE7E27BA36BDA
:107E3000282A12D02A2A00F09180217B626B1E44EE
:107E4000CB09A6637DD096420DD27F4B1B68DB0722
:107E500046D500BE94F83050A5E7626B1E449642AA
:107E6000A663C0F0CB80022384F8303094F82E1043
:107E7000384602F027FC002897D1A368A26B94F83B
:107E80002E10934202D9207BC00956D19A1A03259D
:107E9000A26238460D236E4A84F8305001F010FF7C
:107EA0000028A4D081E76B4B002B00F0FF81E17C20
:107EB0003046C1F3400301F001020909FEF738FE24
:107EC000002840F0F38194F83C302BB943F60222AD
:107ED0000023A28784F83E3001213846FFF772FD67
:107EE00094F830505FE7002060E75B4BE07B61680F
:107EF000236200236162A362012184F82C30A36312
:107F00002828A36884F83010636300F0CE802A2804
:107F100060D0002B00F02281217BC90940F01E8136
:107F2000B3F5007FD8D811469BB24C4A384601F0D1
:107F3000C7FE00283FF45BAFD2E7384601F000FFF0
:107F400033E793B2607B454A04F10F01FEF7E6FD8B
:107F50000028C0F28980A66B626B74E7E28A52BA8D
:107F600092B21AB1A168B1FBF2F292B2D4F8111038
:107F70003A4DB3FBF2FC09BA02FB1C32607B00965F
:107F800061442B46FEF700FE0028C0F2C380864203
:107F900039D9361A40B1A36B291813FA80F3324647
:107FA0002846A3632FF006FC0023CDF816301946AF
:107FB00094F82F20ADF81A3005A807238DF8147017
:107FC00007968DF818208DF8153001F0DFFC94F835
:107FD0003050E8E6E18A49BA89B2002B69D0257BA6
:107FE000ED0940F08C80002900F00082B3FBF1F134
:107FF000002900F02382282838460CD1FFF754FDD1
:1080000094F83050CFE6D4E90D231E449642A6637F
:10801000BFF429AF3846FFF7FBFC61E7104B002B9C
:108020003FF4D9AE04F10F01607BAFF30080D2E6DC
:108030000C4B002B3FF4CFAE607BAFF30080CAE661
:10804000C86B0020B56B0200F0ED00E055534243D1
:10805000E86B0020316B020055534253C869002081
:108060000000000000000000A368A66B94F83C101C
:1080700084F82C509A1B0220A26284F8300021B9A7
:1080800042F2050084F83E10A087002B3FF464AF55
:10809000002A3FF461AF237BDB0940F0BC8194F8F8
:1080A0002F10384601F04CFE55E7E18A49BA89B2F3
:1080B0000BBB00293FF4D7AE94F83C00A362022129
:1080C00084F82C1084F8301000287FF4CFAE42F2F0
:1080D00005000021A08784F83E10002B3FF4C6AEB7
:1080E000237BDB0940F08F811146384601F028FEE2
:1080F00094F8305057E6257BED097FF474AF94F87F
:108100003C00A362022184F82C1084F8301000286F
:10811000DDD0E5E7A36BA2681E4443F602200021F0
:10812000931BA08784F83E1001200221A663A3625E
:1081300084F82C0084F83010002A3FF497AE002B0E
:108140003FF494AE237BDB0940F05D8194F82F105F
:10815000384601F0F5FD94F8305024E6667B25287A
:1081600000F2328101A353F820F000BFA182020087
:10817000C9830200C98302004F830200C983020041
:10818000C9830200C9830200C9830200C9830200B7
:10819000C9830200C9830200C9830200C9830200A7
:1081A000C9830200C9830200C9830200C983020097
:1081B000C9830200FF820200C9830200C983020052
:1081C000C9830200C9830200C9830200C983020077
:1081D000C9830200B7820200A77E0200C9830200A1
:1081E000C9830200C9830200C9830200C983020057
:1081F000C9830200C983020055820200C9830200BC
:1082000005820200304604AA05A9FEF775FC059B0D
:10821000002B00F00881BDF81020002A00F0038137
:10822000013B8B491BBA12BAC1E900320820A3688E
:10823000002B3FF451AE984228BF184683B26063CA
:10824000834A94F82E10384601F03AFD00283FF496
:10825000CEAD45E605AD00230DF10E02304604A972
:108260006B600593AB60FEF747FC049A002A00F0B0
:10827000DA80BDF80E30002B00F0D58012BA5BBA60
:1082800008200221ADF81E3006928DF817008DF8F7
:108290001C1095E807006E4B83E807000C20C6E72A
:1082A0003046FEF705FC00283FF40DAEA368002B16
:1082B0003FF4D9AD10E69DF816306649002203F070
:1082C000800362F3C7138DF8163003238DF8152051
:1082D0008DF817208DF81430002900F0B180304659
:1082E000FEF774FC9DF81630594A80F0010060F3E7
:1082F000C7138DF81630059B1360042097E74FF0E5
:10830000203302250022CDE90522304607A909AA1B
:1083100008934FF0800C079309930D93CDE90A332E
:108320000C931F260DAB8DF816508DF8175005AD28
:108330008DF818608DF815C0FEF768FB0FCD444E20
:108340000FC60FCD0FC62B68336024206FE794F85B
:108350003C2094F83D0094F83E10DFF8F4C0DFF8BC
:10836000FCE04FF000084FF00003CDE90588CDE9AF
:10837000078862F303038DF81630F0220A23ADF864
:1083800024808DF820008DF821108DF814208DF8B0
:108390001B3005AD0FCDACE80F002B68ACF80030FA
:1083A000BEF1000F4ED0ACF1100130464FF4007218
:1083B000AFF300800028A4F83C8084F83E8008DBFE
:1083C00000283FF473AF32E794F83C30002B7FF481
:1083D00083ADA38E1E4A2049607BFEF79FFB0028D9
:1083E000FFF67AAD00283FF461AF20E7012194F851
:1083F0003C0084F82C100221A36284F8301000287D
:108400007FF46BAE63E694F82E10384601F098FCCA
:1084100094F83050C7E494F82E10384601F090FCE0
:10842000D4E90D260FE594F83C30002B7FF454ADD1
:1084300043F6022284F83E30A2874DE50221D6E7BA
:1084400001204FE7A4F83CE084F83EE01220EEE67D
:10845000C8690020CD6B0200D76B0020000000002F
:108460002DE9F041054601F0EFF910B90020BDE813
:10847000F08101F0F1F906460028F7D14FF4E674D7
:1084800004FB05F4174F04F118053D44284601F09C
:108490003BF80028EAD007EB0408304698F80110B2
:1084A00001F0EEFB0028E1D004F5C674274428460D
:1084B0003946402201F052F8044668B13A4698F82D
:1084C00001103046234601F0FBFB48B9064B1B6800
:1084D000DB07CBD500BECAE798F8011001F0E0FB3E
:1084E0002046C4E7086C0020F0ED00E030B5154CE4
:1084F00083B000210D464FF4E67220462FF073F949
:1085000004F12C01201D00950123402200F0C0FF42
:108510000123402204F16C01009504F1180000F0E1
:10852000B7FF04F1AC01012023F070FA04F1FC0163
:1085300060610120256123F069FAC4E9090503B0EF
:1085400030BD00BF086C002010B5064C204600234B
:1085500040F8043B01F032F904F11800BDE8104086
:1085600001F02CB9086C00204B79FF2B01D00020C2
:1085700070472DE9F0412C4E737882B00BB9B37877
:108580001BB1002002B0BDE8F0810C780F798B7828
:1085900033700D460C44002F39D06378052B0AD078
:1085A000A3189C4202D306E0A34204D921780C44CC
:1085B00061780529F8D1DFF87880CDF8048008F1DA
:1085C000010300933A460223214601F0A9FA28B993
:1085D000164B1B68DB07D4D500BED3E72B79B178E7
:1085E000C3EBC3031C4469B1002001F049FB48B14F
:1085F00008F1030000F0A0FF3F280DD8B17800205B
:1086000001F04EFB737813B10020FFF729FF601BC8
:1086100080B202B0BDE8F08108F24B124023B1787D
:10862000002001F04DFBEDE7086C0020F0ED00E0CC
:10863000096C002070B5304CA078884210D0627868
:108640008A420BD12D4A1AB199B20020AFF30080B3
:1086500001F0FAF800BB0125284670BD0025FBE7B4
:108660009AB204F5A671201D01F01CF8244B13B139
:108670000020AFF30080A178002001F001FB054647
:108680000028E8D01F4800F057FF3F28A17829D8DC
:10869000002001F005FBDFE701F0DEF806460028C8
:1086A000D9D1194800F030FF0028D4D06178304685
:1086B00001F0E6FA05460028CDD014494022A1F584
:1086C000BA7000F04BFF6178034688B10F4A30461C
:1086D00001F0F6FA0028BED10D4B1B68DB07BAD5B6
:1086E00000BEB9E70B4A4023002001F0E9FAB3E7E6
:1086F00001F0D6FAB0E700BF086C002000000000CF
:10870000000000000C6C0020206C0020946D002004
:10871000F0ED00E0546D0020F8B50E688D88B77854
:108720003544AE420BD23B469F42344603D10BE068
:108730006378042B05D023781C44A542F8D8002088
:10874000F8BDA3789F42F6D1E3789A42F3D1A542CF
:10875000F5D9237D012B06D9144B1B68DA07EED51A
:1087600000BE0020ECE723790D46DBB1012BE6D1FA
:108770002278E389617A13441144234421449942C5
:1087800004D3DCE70A7811448B42D8D94A78052A09
:10879000F8D101F051FA28B9044B1B68DB07CED59C
:1087A00000BEF8BDA41BEC800120F8BDF0ED00E098
:1087B000C28832B9634B1B68DB0700D500BE0020BE
:1087C0007047F0B40378604803EB830403EB440381
:1087D000C058831803D08E781C7BA64207D9594B0A
:1087E0001B68D90700D500BE0020F0BC70472EB929
:1087F000012C01D90120F8E701268E7001248C603C
:10880000C1F80E404C7700256FF03F0481F82250EC
:108810008C766FF003056FF06404CD760C774B4DCA
:10882000C1F81E50082481F82340825CB3F80D4043
:1088300014441C441344A342D1D2454F9D78112DBA
:108840000CD827FA05F0C04310F0010006D1DA7801
:10885000964203D107E05A78242AEFD01A781344BD
:108860009C42F8D8BBE79C42B9D0042D5AD0062DC3
:10887000BBD1CF781A79974218D81FB9012AB9D835
:108880000127CF701A781A44A2420FD2967806F0C8
:10889000FD0CBCF1050F0FD0112E03D10CE0567862
:1088A000242EF3D0167832449442F8D8254B1B6816
:1088B000DA0799D500BE98E7D678B742F2D194424C
:1088C000F4D0D1F812406CB9042D2FD0062D07D169
:1088D000B2F80530B2F8074004FB03F42401E408C1
:1088E000C1F812404B685BB9557E012D82D8D2F891
:1088F0001A3025B9D2F81E209A427FF47BAF4B6024
:10890000144AA2FB03235A0BD0D0631E1344B3FBBB
:10891000F2F30233B3F5807F28BF4FF48073C1F8C0
:10892000163067E7012248730A73A2E7B2F80560C0
:10893000B2F807505C7D05FB06F304FB03F4E40882
:10894000CEE700BFF0ED00E0D46D0020030101018F
:10895000501002005917B7D12DE9F84F0B78574C3A
:1089600003EB8305894603EB45030989E65817465F
:10897000804681B131440024897801F0B1FEB9F814
:108980000A30A9F8084033B133444046997801F0E1
:10899000A7FEA9F80A400023B9F80240B9F804502C
:1089A000C9F81430C9E9033334443544A278AC42E1
:1089B00038BF134609D29A4203D10CE06378042BE6
:1089C00006D023781C44A542F8D80020BDE8F88FD3
:1089D000A3789A42F5D1E3789F42F2D1A542F4D927
:1089E00094F804A0BAF1020F36D8A31BA9F80630F8
:1089F000002F37D023781C44BAF1000F27D04FF056
:108A0000000BAC4206D327E0042B25D023781C446E
:108A1000A54221D96378052BF6D1E37803F003034F
:108A2000002F3AD0012B3BD02146404601F004F9FB
:108A300000283DD009EB4B03A21B1A8122780BF1D1
:108A400001039A4514444FF0010BDAD817B1022301
:108A500089F81D300120B9E7194B1B68DA07B4D536
:108A600000BEB2E799F81D30012B10D009F11E03AA
:108A7000394689F81D70C9F81870184630222EF052
:108A8000B2FE01464846FFF793FE00289DD02378AA
:108A90001C44BAF1000FB2D1DCE7022BC4D094E73A
:108AA000A388D9F81820C3F30A039342BCD28CE7F9
:108AB000034B1B68DB0788D500BE87E7D46D002019
:108AC000F0ED00E010B4064C06480023C4E9003382
:108AD0001946C4F8073050225DF8044B2EF083BECF
:108AE000D46D0020E06D002010B4064C0648002331
:108AF000C4E900331946C4F8073050225DF8044B2E
:108B00002EF071BED46D0020E06D00202DE9F04103
:108B10004B790E2B04D04FF000084046BDE8F081A1
:108B20008B79012BF7D1CB79012BF4D13E4E3368F1
:108B30002BB13E4B1B68DB07EDD500BEEBE71446BF
:108B40000F461A46314605463760B480FFF7E4FD0C
:108B50000028E0D0F2883368B97813443C44A74237
:108B600093F814C03B4605D308E05A78042A4DD048
:108B70000B2A4BD01A7813449C42F6D8BCF1000F54
:108B80004ED02B494A88002AD3D1D81B1FFA80F82F
:108B90003272A1F802809C4293F802E00A8098BFEA
:108BA000034605D80BE05A78042A2BD00B2A29D08B
:108BB0001A7813449C42F6D8DB1B1FFA83F8002274
:108BC000BCF1010FA1F804804A77B2D117FA80F006
:108BD00017FA83F3984281780AD282788A4203D1C5
:108BE00018E04278042AF8D0027810448342F8D87A
:108BF000284600220E49FFF7AFFE00288BD0A6F8CA
:108C000004808AE79A787245D2D0D5E79A788A426A
:108C1000B0D0B3E7C278012AE6D18342EFD1E7E7CB
:108C2000DB1B1FFA83F8EAE7D46D0020F0ED00E0CB
:108C3000E06D00202DE9F047167806F01F04012CA6
:108C40008CB004D0002420460CB0BDE8F087DFF8DB
:108C5000F892B2F804C0D9F80070804615465FFA61
:108C60008CF317B1BA789A422CD0B44F7C88002C80
:108C7000E9D03A7802EB820002EB400259F802E0B8
:108C80007444A2789A42DDD1C6F34116F3B2002BA8
:108C900000F09C80012B12D15FEA1C2C0FD16B8855
:108CA0001B0A022B00F02E81062B00F01781012BEE
:108CB00000F0F580A24B1B68DB0700D500BE072340
:108CC0003B77BFE7C6F34116F4B2002C47D0012C26
:108CD00025D15FEA1C2C26D0B9F80620BB18B95C58
:108CE000DA89114419448B420ED29A78023A052A45
:108CF00006D8DA78624503D107E05A78242AF4D0FE
:108D00001A7813449942F8D849B1002389F80930F8
:108D1000012498E78A4B1B68D90700D500BE0723BA
:108D200089F809308EE76B881B0A012B00F09580CB
:108D3000022BEFD16B78812B00F04781862BE9D194
:108D40000129E2D10B46404629467E4A01F014FD36
:108D50000028DAD1FF2389F80930002473E76B7803
:108D60000A2B4AD00B2B3ED10129CED1EB88002B08
:108D7000F0D1B9F80630FA181179A9B1F85CD189A7
:108D8000537A0144034413440A44934205D395E1C2
:108D900019780B449A4240F2918159780529F7D10C
:108DA0009978404601F09CFC0026A9F806606A8884
:108DB00065494046FFF7B0FC04460028CAD0294662
:108DC000404601F0C1FC89F809603CE76B780A2B4A
:108DD00027D00B2B7FF46EAF012900F0BD8000235C
:108DE0003B7701242FE7564B1B6813F001032FD16B
:108DF00007221C4689F8092025E7012985D1EB883F
:108E0000012BA7D1B9F80620BF18A3D00CAAF97876
:108E100002F8301D294601F0AFFC04460028D2D1EB
:108E200098E70129DBD1EB88012B35D1FB889BB377
:108E30001EEB030330D00CAADB7802F8303D40462D
:108E40000B46294601F098FC044628B33E77FAE623
:108E500000BE072389F80930F5E66B78812B00F016
:108E6000D180862B00F0BE80012B7FF453AF012907
:108E700000F0CB8002297FF448AF344B002B3FF445
:108E800044AF99F80A100020AFF30080B0FA80F4E4
:108E900089F809006409D6E6FF233B77D2E67B7F99
:108EA0000BB187F81DC06C78842C61D8822C65D2F8
:108EB000012C00F00A81812C7FF4FCAE01298ED1B7
:108EC000EB883BB1294640463023214A01F054FC4F
:108ED000002884D1FF233B770024B4E66B78812BF4
:108EE00000F0A180862B7FF4E5AE01297FF477AFF7
:108EF000294640460123134A01F03EFC00287FF436
:108F00006EAFE7E76B78812BD8D040F2B080852B2D
:108F100000F09780862B7FF4CDAE01297FF45FAF00
:108F2000EB88012BD6D10B4640462946094A01F071
:108F300023FC00287FF453AFCCE700BFE06D002096
:108F4000F0ED00E0E9A70500D46D0020000000006E
:108F5000FE6D0020EAA705006A8839464046FFF703
:108F6000FBFC002898D02946404601F0EDFB36E78F
:108F7000862CD2D065D3872C7FF49CAE01297FF458
:108F80002EAFEB88002BA5D0B44EE94606F1300A8F
:108F900030687168B268F368CC46ACE80F001036F0
:108FA0005645E146F4D19DF80210002940F09F801B
:108FB000832C00F07D81872C00F05E81822C00F0F4
:108FC0005B8108233B7700243DE601297FF49DAEB9
:108FD000294640460123A24A01F0CEFB00287FF437
:108FE00094AEB7E601297FF490AEEB88012B7FF4B5
:108FF000B1AE294640469B4A01F0BEFB00287FF4F3
:1090000084AEA7E601297FF480AEEB88012B7FF4C4
:10901000A1AE294640460123934A01F0ADFB00284A
:109020007FF473AE96E601297FF4D9AE0B46404635
:10903000294607F11C0201F09FFB00287FF4CFAE08
:1090400048E701297FF4CBAEEB88022B7FF442AFD7
:109050000CAA302122F8301D4046294601F08CFB35
:10906000044600283FF436AF00233B77EBE5012BA5
:109070007FF420AE01293FF425AF02297FF4AFAE83
:109080007649A1F11E00FFF793FB044660B3774BCE
:109090007A6BBA613BB1714A79783878AFF3008066
:1090A00000287FF49CAE002302214FF48072C7E9B0
:1090B00003337B61A7F85010BA83C4E56C4B1B687F
:1090C000D8077FF547AE00BE44E601293FF4FAAE6B
:1090D00002297FF484AE6149A1F11E00FFF768FB0D
:1090E000044600287FF47BAE08233B77ABE59DF870
:1090F000030000287BD1FA88002A3AD01EEB020335
:1091000037D01EF80220B3F80D005A4E1044184410
:10911000134498420FD99A78112A04D826FA02F2F9
:10912000D20700F1CF801A7813449842F1D95A78C7
:10913000242AF8D1EDE70346832C54D0872C4AD05B
:10914000822C7FF43EAF01218DF803101A781A4467
:10915000904233D9947804F0FD06052E10D0112CDE
:109160000ED0147822449042F2D95478242CF8D1AD
:10917000EEE73F4B1B68D9077FF523AF00BE20E722
:10918000D478A142EDD19978042919D006297FF429
:1091900018AFB2F80510B2F8073003FB01F31B015A
:1091A000DB08CDF812306A4629464046302301F0EC
:1091B000E3FA044600283FF48DAE55E70246E2E7A5
:1091C000B2F80510B2F807205B7D02FB01F203FB49
:1091D00002F3DB08E5E79A78042A06D0062A7FF432
:1091E000F0AE9979B0E71979AEE7997DACE7019BCC
:1091F000002BD8D1FA88002ABBD01EEB0203B8D0CE
:109200001EF802E0B3F80D20DFF868C072449E1823
:1092100073449E420ED99A78112A03D82CFA02F28E
:10922000D20754D41A7813449E42F2D95A78242A89
:10923000F8D1EEE733461A7813449E4262D99A7801
:1092400002F0FD01052946D0112A44D01A781344B2
:109250009E42F2D95A78242AF8D1EEE7FE6D00201A
:10926000DD6D0020EAA70500DE6D00200000000093
:10927000F0ED00E05010020001238DF802300123D0
:109280004FF00112029300230392ADF810304FF615
:10929000C0428DF8223040F29B13ADF81A20ADF891
:1092A0001C30404ACDF81E2008238DF823307AE781
:1092B000FB88002BE3D01EEB0303E0D01B7B8DF873
:1092C0000230DCE7DA7891427FF42DAF34E7DA78C8
:1092D0009142A7D1AFE7DA789042B7D1823C052C12
:1092E0003FF66FAE01A252F824F000BF6D9302006A
:1092F0005193020033930200C38F0200C38F020018
:10930000099302003346E9E7D3F8151042F21073CF
:10931000B1FBF3F3019100293ED0DDF812208BB9A7
:10932000931CB3F5807F28BF4FF48073CDF81630BF
:1093300039E75A7E72BBD3F8221042F21073B1FBA8
:10934000F3F3E7E7013A1A44B2FBF3F30233E8E739
:109350005A7ECAB1053203EB8202D2F80210D3F86A
:109360001A3042F21072B3FBF2F3D3E75A7E72B1B5
:10937000053203EB8202D2F80220D3F81A1042F22F
:109380001073B2FBF3F3C5E7D3F81E10E7E7D3F889
:109390001E20F2E7002301930023ADF81630ADF84C
:1093A000183000E7030101012DE9F843334C23890C
:1093B00053B12278324F02EB820502EB45057D590D
:1093C0002B449F788F420AD02E4B1B68DB0703D5B6
:1093D00000BE0020BDE8F8830020BDE8F883D4E992
:1093E00004369E4205460BD327490023C4E90333C4
:1093F000636119B161781046AFF300800120E9E79D
:1094000000F03EFC0028E7D0D4E9040194F8503085
:10941000A269A0EB010808EB0306964228BF164696
:10942000B34213D9174B1B6813F0010301D000BEE0
:10943000002339462846154A00F042FC0028DDD1B9
:10944000104B1B68DA07C7D500BEC3E7E268A6EB7E
:10945000030950331144E0184A462EF0A0F963691D
:10946000C84503EB09026261B3B2E2D194F851201E
:1094700042F0020284F85120DBE700BFE06D0020DB
:10948000D46D0020F0ED00E000000000306E002000
:109490002DE9F041B2F5004F9DF8188030D8044610
:1094A000C0681E460F46154618B14FF0FF3122F036
:1094B0001BFD206918B14FF0FF3122F015FDE28845
:1094C000E068276066F30E02C2F30721002368F309
:1094D000C711E2806381A580E171238118B11A462A
:1094E000194622F0B9F8206938B100231A46194606
:1094F00022F0B2F80120BDE8F0810120BDE8F08142
:109500000020BDE8F08100BF03894289808892B2C3
:109510009BB2934236BFC2EB40029B1A9B189BB290
:10952000984228BF18467047028943899BB2981A0F
:10953000B0FA80F04009704703894289808892B26E
:109540009BB2934236BFC2EB40029B1A9B189BB260
:10955000984286BFC01A80B2002070472DE9F843B8
:10956000054600690E46174618B14FF0FF3122F04C
:10957000BBFC2B896989A8889BB289B28B4236BF14
:10958000C1EB40045C1AE418A4B2002C4AD0A042FB
:1095900006D283422CBF191A191889B26981044670
:1095A000BC4228BF3C468842A4B203D8091A89B2FB
:1095B0008842FBD9EA882B68401AC2F30E0887B2AA
:1095C0001FFA88F2BC4202FB013125D917FB08F9CA
:1095D0001FFA89F94A4630462EF0E1F8E21B12FBE9
:1095E00008F206EB090092B229682EF0D8F86A89D1
:1095F000A88892B211198BB29A4215D940001B1A51
:109600009BB228696B8120B100231A46194622F0CB
:1096100023F82046BDE8F88302FB04F230462EF022
:10962000BEF8E4E769898BB240008342E9DBE6E7F4
:1096300038B5054600690C4618B14FF0FF3122F0ED
:1096400053FC29896B89AA8889B29BB2994236BF9B
:10965000C3EB4200C81A401880B200B3824209D25C
:1096600091422CBF8B1A8B189BB29A426B8103D804
:109670009B1A9BB29A42FBD9EA882968C2F30E0270
:10968000204602FB03112EF08AF80124286920B13C
:1096900000231A46194621F0DFFF204638BD044654
:1096A000F4E700BF2DE9F047144612B92046BDE8A3
:1096B000F0870546C0680F4618B14FF0FF3122F021
:1096C00013FCE9792E896A89AB88C909B6B292B2CE
:1096D00031D1964236BFC2EB4302B21A921992B20E
:1096E0009A4231D29A1A92B29442E98828BF14461B
:1096F000C1F30E089E42304603D3C01A80B298428E
:10970000FBD21B1A2A681FFA83F9A14508FB002027
:1097100026D308FB04F239462EF041F8A3199BB278
:10972000AA88B3424FEA420201D3934201DB9B1A5B
:109730009BB22B8109E0E9889C42C1F30E0822D339
:10974000E41A08FB0477ABBB0024E8680028ADD01E
:1097500000231A46194621F07FFF2046BDE8F08716
:1097600019FB08FA1FFA8AFA524639462EF017F802
:10977000A4EB090212FB08F207EB0A0192B2286877
:109780002EF00DF8CAE7964210D25800811A3144E3
:1097900089B221448142ADDBD618361BB6B2B24243
:1097A00001D8B042A6DC361AB6B2A3E7B11A89B224
:1097B0005800EEE716461C469AE700BF10B504466F
:1097C000C06818B14FF0FF3122F08EFB206918B14C
:1097D0004FF0FF3122F088FBE06800236381238192
:1097E00018B11A46194621F037FF206920B100232D
:1097F0001A46194621F030FF012010BD38B5044645
:10980000C0680D4618B14FF0FF3122F06DFB2069A2
:1098100018B14FF0FF3122F067FBE379E06865F3A0
:10982000C713E37120B100231A46194621F014FF33
:10983000206920B100231A46194621F00DFF0120AE
:1098400038BD00BF704700BF024B5878003018BFCA
:1098500001207047886F0020024B1878C0F3800009
:10986000704700BF886F0020024B1878FF3818BF80
:1098700001207047146100202DE9F043384C237813
:10988000FF2B83B003D0012003B0BDE8F083382262
:109890000021054633482DF0A6FF3349012022F070
:1098A000B5F8324B186000283AD0314F3B460026BD
:1098B00033F80C0B7A687988009621F029FEB96894
:1098C000064622F0EBFC2B4B1E60002E40D02A4BAC
:1098D00023B12A48AFF30080294B1860274EDFF8E8
:1098E000A8803278264F4FF000094B460EE03868CA
:1098F00010EBC10325D01B689847327809F10109A4
:109900005FFA89F9511D49454B4611DB9B1A4A45BF
:1099100009EB490103EB4303E9D808EBC303EAE78A
:10992000184B1B68DC0701D500BEADE70020ABE794
:109930002846257001F04EF9284601F04DF9012026
:10994000A2E7104A1268D207F0D500BE18469BE77E
:109950000C4B1B68D907E9D500BE304694E700BF21
:1099600014610020886F0020386F0020C06F002035
:10997000B8600020C46F002000000000346F002099
:10998000306F0020F0ED00E0ECA705002DE9F0417C
:109990004378023B84B005460C46042B0CD8DFE824
:1099A00003F03A4E03A23000574B1A78D00711D576
:1099B0001A7842F004021A70544B18686CB92346A6
:1099C0004FF0FF32294621F047FE22466978287879
:1099D000FFF738FF04B0BDE8F08104AA002342F885
:1099E0000C3D294622F048F8019B002BEDD0484B56
:1099F0004FF080525A6040BFBFF34F8FBFF36F8F5D
:109A0000E3E7414AD3780133DBB2D3703F4B1868A8
:109A1000002CE2D1D3E73C4B1A786FF300021A70A6
:109A20001A7800216FF341021A7059701A7861F3A5
:109A300082021A70354B1868002CCED1BFE7324B2A
:109A40001A7852072CD51A7830496FF382021A70AF
:109A500003788DF8043005220023CDF80A30CDF8C4
:109A60000630ADF80E3008688DF80520002C44D083
:109A700004AA01A942F8103D21F0FEFF009B43B16A
:109A8000234B4FF080525A6040BFBFF34F8FBFF35C
:109A90006F8F22469DF805109DF80400FFF7D2FE57
:109AA0001C4EDFF8788031781B4F0024224609E0F5
:109AB0003B6813EBC0030ED10134E4B24B1DA3424B
:109AC000224687DBA14204EB4400F1D8521A02EB94
:109AD000420208EBC2035B69002BEDD0696828786D
:109AE00098473178E8E7084B1A78D1077FF572AFCD
:109AF0001A786FF382021A705EE723464FF0FF3246
:109B000001A921F0A9FDC4E7886F0020C46F0020DF
:109B100000ED00E0346F0020306F0020ECA705005E
:109B20002DE9F84F0A9F002A4BD00C4649780529A9
:109B30000ED1E67806F00306B34209D1A37803F00C
:109B40007F03082B0DD9204B1B68DA0700D500BE18
:109B50001D4B1B68DB0702D40020BDE8F88F00BE58
:109B6000FAE7DFF868A0DFF868909AF800B090464E
:109B700000250EE06378052BEAD1E37803F00303B8
:109B8000B342E5D1A37803F07F03082BDBD89AF822
:109B900000B099F80210204602F072F80028D2D0E6
:109BA0005846214601F030F80028D1D0A378DA09D0
:109BB00016BF0B9A3B7013702378013545451C4442
:109BC000D8D10120BDE8F88FF0ED00E0146100204D
:109BD000886F002030B5164D85B008240023029010
:109BE000019303918DF8054028681446CAB104AA70
:109BF00001A942F8103D21F03FFF009B43B10D4BFE
:109C00004FF080525A6040BFBFF34F8FBFF36F8F4A
:109C100022469DF805109DF80400FFF713FE05B0DD
:109C200030BD134601A94FF0FF3221F015FDEFE7DB
:109C3000C46F002000ED00E038B58B7803F07F039F
:109C4000082B06D90B4B1B68DB0700D500BE002094
:109C500038BD094A094B0C46204691781D7802F020
:109C60000FF80028EED021462846BDE8384000F025
:109C7000CBBF00BFF0ED00E0886F00201461002032
:109C8000CB09263301F07F010348044A03EB41016D
:109C90000844116801F0AABF886F0020C06F00203F
:109CA000CB09263301F07F010348044A03EB41014D
:109CB0000844116801F0C6BF886F0020C06F002003
:109CC00038B5154C01F07F0504EB450404EBD114C5
:109CD0002034A079C00706D5104B1B68DA0700D5E1
:109CE00000BE002038BDA5790D4845F0010500787B
:109CF000A57101F0C5F80028F4D1A379074A60F3F3
:109D00000003A371A37960F38203A3711368DB07D7
:109D1000E7D500BE38BD00BF886F0020F0ED00E041
:109D200014610020054B01F07F0203EB420303EBBB
:109D3000D11191F8260000F001007047886F0020D3
:109D400010B50D4C01F07F0204EB420404EBD1147A
:109D500094F826309B0700D510BD084B20341878A6
:109D600001F088F9A37943F00203A371A37943F0CA
:109D70000103A37110BD00BF886F00201461002093
:109D800010B50D4C01F07F0204EB420404EBD1143A
:109D900094F826309B0700D410BD084B2034187867
:109DA00001F090F9A3796FF34103A371A3796FF3E5
:109DB0000003A37110BD00BF886F00201461002054
:109DC000C04B1B78FF2B00F0AF812DE9F04F04460C
:109DD0008DB04FF47A7200238002A10D2DF07CFA31
:109DE000B94DDFF808B3B94F8246631C286800F00C
:109DF0002F81002C00F02C81BAF1000F14BF5246C5
:109E0000012209A921F0DEFEC0B19DF82530013BF9
:109E1000072B00F21681DFE813F0F000CB001401ED
:109E2000BC00B0004300140008000A9B0BB10B9863
:109E30009847286822F004FA0028D6D10DB0BDE872
:109E4000F08F9DF82810A24B01F07F0603EB46032C
:109E500003EBD11393F826006FF3000083F826007C
:109E600093F826006FF3820083F82600002E00F09E
:109E70005381984A1B7D12789342C0F03F81501D58
:109E80009842C0F242819B1A03EB43030BEBC303DE
:109E90001E699DF829200B9B9DF82400B047C8E758
:109EA0008B4EF378013BDBB2F370F37803F0FF00E5
:109EB000002BBED133789DF8249043F0010333701A
:109EC00096F8263060F3000386F8263096F82630A0
:109ED00060F3820386F8263096F8273060F300039B
:109EE00086F8273096F8273060F3820386F827300B
:109EF00000F0ACFC9DF8283003F06002602A00F00E
:109F00002F81402A00F0118103F01F03012B00F084
:109F1000DC81C0F03581022B40F022819DF82C10AD
:109F200001F07F03082B00F21B815B00F0184FEA61
:109F3000D11C6044DFF89CE190F814809EF800008A
:109F4000804580F05382386808EB480800EBC80869
:109F5000002A00F01C82B8F1000F00F00681D8F84A
:109F60000C0000F073FCD8F80C3048460AAA012116
:109F7000984700287FF45DAFF7E0554B1B78D90771
:109F80007FF557AF544B002B3FF453AFAFF3008036
:109F90004FE74F4B1A78D0077FF54BAF4F4A002A57
:109FA0003FF447AF1878C0F3C000AFF3008040E73C
:109FB000DFF820819DF8246098F80010002399466E
:109FC00011E03B6813EBC20300F092805B683046FF
:109FD000984798F8001009F101095FFA89F94A1DBC
:109FE00091454B464EDC5B1A894509EB490203EB70
:109FF0004303E6D30BEBC303E8E7DFF8D8809DF813
:10A00000246098F800100023994610E03B6813EB99
:10A01000C20351D05B683046984798F8001009F1A8
:10A0200001095FFA89F94A1D91454B4612DC5B1A1A
:10A03000894509EB490203EB4303E7D30BEBC30369
:10A04000E8E7274B1B68DA077FF5F3AE00BEF0E6C2
:10A050002246D6E6382200211D482DF0C4FB214AB5
:10A060004FF0FF33C2E90533C2E90033C2E90233DE
:10A07000D3611384136100F0DFFB154B9DF828209A
:10A080009A70D6E63822002111482DF0ACFB154A13
:10A090004FF0FF33C2E90533C2E90033C2E90233AE
:10A0A000D3611384136100F0C7FB0F4B002B3FF407
:10A0B000C0AEAFF30080BCE6094B1B68DE07DAD503
:10A0C00000BED8E714610020C46F0020306F00206C
:10A0D000886F0020346F00200000000000000000A6
:10A0E000F0ED00E08C6F002000000000ECA7050000
:10A0F000BA4B1B68D807D6D500BED4E73A6803EB45
:10A10000430312EBC3037FF4C3AEB44B1B68DC07FD
:10A110007FF594AE00BE91E60B9B9DF829209DF83B
:10A12000240000F0A9FB84E67047AD48E8B100F0D8
:10A130008DFB48460AAA0121FCF7ACFD00287FF4FC
:10A1400078AE12E0581EC0B2FCF7B0FB18B14378ED
:10A15000022B00F0B281A14B1B68DB0700D500BECB
:10A160009E4B1B68DE0700D500BE9DF82400002131
:10A1700000F080FF80219DF8240000F07BFF58E66E
:10A18000202A00F0D780002AEAD19DF82930092B37
:10A19000E6D801A252F823F08FA2020073A20200B7
:10A1A00061A10200AFA2020061A1020059A2020057
:10A1B00009A2020061A10200F5A10200C1A10200F2
:10A1C0009DF82A3003931A4673789A420AD073781E
:10A1D000002B40F04A81039B002BB3D1814B0BB184
:10A1E000AFF300809DF80C30737048460AA900F068
:10A1F000ABFA1EE60CAA737802F80E3D484601231E
:10A200000AA900F0B9FA14E6BDF82A00030A5A1E9A
:10A21000C0B20E2AA9D801A151F822F077A60200F7
:10A220005DA602004DA602006BA102006BA1020018
:10A2300027A602005DA602006BA102006BA102002E
:10A240006BA102006BA102006BA102006BA10200D6
:10A250006BA1020033A402000AA800F0FDFA4846F0
:10A260009DF82A1000F0BEFC337843F002033370EF
:10A27000DFE5BDF82A30012B7FF477AF337848460D
:10A280006FF3C3030AA9337000F05EFAD1E53378A7
:10A29000990801F00201C3F340130CAA0B4322F802
:10A2A0000E3D484602230AA900F066FAC1E5BDF852
:10A2B0002A30012B7FF459AF3378484643F0080326
:10A2C0000AA9337000F040FAB3E59DF82C300F2B4B
:10A2D0003FF64BAF3344444A1B791278934247D23E
:10A2E0003E6803EB430316EBC3063FF43EAFF06852
:10A2F00000F0ACFAF3680AAA012148469847002802
:10A300007FF497AD9DF8283013F060067FF42DAFF1
:10A310009DF829300A3B012B3FF627AF00F096FA53
:10A320009DF829300A2B00F097800AA9484600F0D2
:10A330000BFA7EE59DF82C300F2B3FF616AF334419
:10A34000294A1B79127893425ED23E6803EB43039D
:10A3500016EBC3063FF409AFF06800F077FAF36834
:10A3600048460AAA0121984700287FF462ADFCE61E
:10A37000511D9942FFF6F9AE9B1A03EB43030BEB19
:10A38000C306B4E7002A7FF4F0AE4FF000089DF852
:10A390002920012A03D041D3032A7FF4E1AEBDF87E
:10A3A0002A3023B9012A484640D0FFF7C9FCB8F14A
:10A3B000000F3FF43EADD8F80C0000F047FAD8F893
:10A3C0000C300AAA012148469847002000F03EFAC6
:10A3D00096F82730DB073FF52CADA6E7F0ED00E05F
:10A3E000956C020000000000346F002000F1050EA3
:10A3F000C645C7DBA8EB000808EB48080BEBC8080C
:10A40000002A7FF4ACADC2E7511D9942FFF6ADAE14
:10A410009B1A03EB43030BEBC3069DE733446344F2
:10A4200020330CAA9B79C3F3400338E7FFF7A8FC5D
:10A43000BDE7994B002B3FF498AEFCF727FC024692
:10A4400000283FF48DAE484653880AA900F094F9DD
:10A4500000287FF4EEAC88E60CAA0AA902F80E6D7B
:10A460004846012300F088F9E3E4484600F05AFC2E
:10A47000DFF82882B37802930023019498F8000053
:10A480001C4610E03B6813EBC10300F0C5805B681D
:10A490004846984798F800000134E4B2411D8C42C8
:10A4A000234600F3A3801B1A844204EB440103EB10
:10A4B0004303E7D30BEBC303E9E7C27933785111C8
:10A4C00061F30413921162F3451333704388CDF89E
:10A4D0001890CDE901A4C318059300F10908059B64
:10A4E000434557D998F801300B2B03BF98F800303B
:10A4F00098F803A098444FF0010A98F80130042B13
:10A500002FD1059B654ACDF81CA0A3EB08030021C1
:10A510009BB20491127889469A4617E03C6814EB86
:10A52000C1041ED0524641460698A36898470828A1
:10A5300009F1010201D9824537D2584B5FFA82F9FD
:10A540001A78CDF81090511D894520DC049B914567
:10A5500009EB4901A3EB0202E0D3182303FB02B489
:10A56000E0E74F4B1B68DA07DDE901A47FF5F8ADA2
:10A57000F5E502464B46044641464A4801F0B2FB27
:10A58000464B049A1B7805339342A044A7DADDE9D1
:10A5900001A4E0E5444BDDF81890DDE901A4002BAF
:10A5A0003FF420AEAFF300801CE6DDF81CA0BAF14A
:10A5B000010F0AD1A3683D493D4A8B4208BF4FF0C5
:10A5C000020A934208BF4FF0020A0021CBB2534562
:10A5D00001F10101CDD298F80220134456FA83F319
:10A5E0001A79FF2ABDD183F80490EFE738220021C1
:10A5F0003048019C2DF0F7F82F4A4FF0FF33C2E9A5
:10A600000533C2E90033C2E90233D3611384136115
:10A610009DF80830B370DEE5214B019C1B68D9071B
:10A62000F6D500BEF4E7254B002B3FF49EADAFF30B
:10A630000080024600283FF498AD484613780AA9E6
:10A6400000F09AF800287FF4F4AB8EE5BDF82C10EA
:10A65000FCF732F902460028EFD186E5022B16D02E
:10A66000174B002B3FF481ADAFF300800246002A68
:10A670003FF476ADE7E6FCF715F9122302460AA986
:10A68000484600F079F800287FF4D3AB6DE5FCF77D
:10A690000DF90246EBE700BF8D6C0200346F00201D
:10A6A000F0ED00E09C6F002000000000F96F020058
:10A6B00099770200886F00208C6F00200000000056
:10A6C00000000000054B01F07F0203EB420303EBA7
:10A6D000D11191F82600C0F340007047886F002028
:10A6E000144BFBB110B5144B18780C4600F064FB0A
:10A6F000124904F07F0301EB430101EBD41191F8FF
:10A7000026306FF3410381F8263091F826306FF33D
:10A71000000381F8263091F826306FF3820381F828
:10A72000263010BD064B1B68DB0701D500BE704705
:10A73000704700BFB9AD020014610020886F00208F
:10A74000F0ED00E0704700BF0A4630B4094C49689C
:10A7500005461068234603C30023C4E9023392F977
:10A7600000209A422846ACBF802119461A4630BCC8
:10A77000FFF7A6BA88700020F0B50E462B4C49684A
:10A7800007463068A260254603C50021E181F588AF
:10A79000AB4228BF2B4683B0A381ADB13BB3002AA7
:10A7A0003DD094F90000402B28BF402300282CDB2B
:10A7B0001F4A3846FFF784FA98B91E4B1B68DB071F
:10A7C00012D500BE03B0F0BD96F90030002BACBF2F
:10A7D0008021002138462B462A46FFF771FA0028CF
:10A7E000EBD0012003B0F0BD002003B0F0BD94F920
:10A7F0000020002AACBF194680211A463846FFF7D0
:10A800005FFA0028D9D00120ECE7114608480193EF
:10A810001A462CF0C4FF064A019B8021EEE7054B47
:10A820001B68D907E0D500BE1046CBE78870002032
:10A830009C700020F0ED00E0034B0022C3E90022F1
:10A84000C3E902221A61704788700020014B186129
:10A85000704700BF887000200346064A59680068A8
:10A8600010B41346002403C3C2E902445DF8044B4C
:10A87000704700BF8870002070B5404C2278C9092D
:10A88000B1EBD21F82B0064615D03BB13C4B1B68E2
:10A89000DA0700D500BE002002B070BD2146FFF7E8
:10A8A00051FF2369002B40D02246304603219847B0
:10A8B000012002B070BD94F90020A068002A08DBD6
:10A8C0000028E8D01A462F4901932CF068FFA068B1
:10A8D000019BE589E2881D44ADB21844AA42A060FC
:10A8E000E58101D03F2B23D8236923B1234A0221DC
:10A8F0003046984788B194F9002000239A42ACBFB3
:10A900008021194630461A46FFF7DAF968B91C4B20
:10A910001B68DB07BFD500BEBEE70146304600F02E
:10A92000A9FB3046802100F0A5FB012002B070BDDC
:10A93000A28994F90010531B9BB2402B28BF4023DF
:10A9400000290ADB95424FF0000112D00D4A304633
:10A95000FFF7B6F90028DAD0E7E795420BD00146B9
:10A960001A46084801932CF01AFF8021054A019BE2
:10A97000EDE70A46EBE780210022E8E78870002037
:10A98000F0ED00E09C70002042DF704743DF70472D
:10A9900044DF704712DF7047F0B5334CBFF35B8F75
:10A9A000014604F590730125D3E84F2FC3E8405FBB
:10A9B0000028F9D1BFF35B8F12F0FF0F48D10829AF
:10A9C00029D04E01A21954F806C028489388284F70
:10A9D00001F5947601EB810E50F82660D2889A1A20
:10A9E00093B2B6B200EB8E0209B2B34228BF33462F
:10A9F000C2F800C707EB8100C2F8043747F82150BE
:10AA0000BFF36F8FBFF34F8F1A4B984218D0043BA0
:10AA1000984215D0F0BD154BD3F8C024D1030FD404
:10AA200094F80B1161B11449D4F80001C3F8A007E0
:10AA3000C3F8A4270D60BFF36F8FBFF34F8FF0BD36
:10AA40000023BFF35B8F84F82031BFF35B8FF0BD31
:10AA50000A4B0B485A68C2F30802003218BF0122A1
:10AA6000BDE8F040FFF7B6B8DC700020007002408F
:10AA700028700240507002404870024000ED00E033
:10AA8000E9AA0200144BBFF35B8F0122D3E84F1FEA
:10AA9000C3E84C2FBCF1000FF8D1BFF35B8F11F06E
:10AAA000FF0F14D10260BFF36F8FBFF34F8F0B4BBB
:10AAB000984203D0043B984200D07047084BBFF344
:10AAC0005B8F002283F82021BFF35B8F7047014624
:10AAD0000448FFF77FB800BFFC71002050700240AF
:10AAE000DC70002085AA0200F0B5334CBFF35B8F09
:10AAF000C1B204F590730126D3E84F2FC3E8406F2D
:10AB00000028F9D1BFF35B8F12F0FF0F47D108295E
:10AB100028D04D01621954F805E028489388DFF8E1
:10AB2000B0C001F5947550F82570D2888D009A1A3E
:10AB300093B2BFB26A1800EB8202BB4228BF3B4609
:10AB4000C2F800E76544C2F804374CF82160BFF34F
:10AB50006F8FBFF34F8F1A4B9D4218D0043B9D421D
:10AB600015D0F0BD154BD3F8C024D1030FD494F801
:10AB70000B1161B11349D4F80001C3F8A007C3F861
:10AB8000A4270E60BFF36F8FBFF34F8FF0BD00237C
:10AB9000BFF35B8F84F82031BFF35B8FF0BD0A4BAE
:10ABA0000A485A68C2F30802003218BF0122BDE801
:10ABB000F040FFF70FB800BFDC70002000700240CB
:10ABC000507002404870024000ED00E0E9AA020027
:10ABD00028700240704700BF014B80225A607047C6
:10ABE00000E100E0074BD3F80014D3F80024002064
:10ABF0000A434FF48001C3F80024C3F85801C3F896
:10AC0000041370470070024070B48A788C88414EFB
:10AC1000C97802F07F03D50905EB430006EB00106D
:10AC200001F00301C4F30A04012904812BD001219E
:10AC300001FA03F4BDB1384802339940C0F8041357
:10AC4000D0F810352343C0F81035334B42F48071EF
:10AC5000C3F81825C3F80C15BFF36F8FBFF34F8FE0
:10AC6000012070BC70472C4803F10C06B140C0F8BD
:10AC70000413D0F8141503F594730C43C0F814456D
:10AC800040F82350E1E7082B08D0244B186810F057
:10AC90000100E6D000BE002070BC7047EDB9B6F8E8
:10ACA00018311BB11C4B8022C3F81C251A4A002303
:10ACB000C2F85031D2F8003313F4001308BFC2F8C1
:10ACC0005431154B4FF44012C3F80423D3F8142524
:10ACD00042F48072C3F81425BEE7B6F808210E4B83
:10ACE0000021C3F82C1112B18022C3F81C250A4A96
:10ACF000D2F8003313F4001308BFC2F85431064BE6
:10AD0000074AC3F80423D3F8102542F48072C3F82D
:10AD10001025A1E7DC70002000700240F0ED00E09B
:10AD2000000820001F4B80222DE9F041C3F8842049
:10AD3000BFF34F8FBFF36F8F01241B4D1B4FA046F6
:10AD40000026A30004F10C02A11C03F1804303F5CB
:10AD50001C3308FA01F108FA02F20A43C7F8082383
:10AD600028465E60013420229E6200212CF03BFDCB
:10AD7000082C05F12005E4D10D4BC7F8083320223B
:10AD8000C7F81C6500217E620A48BE642CF02BFDCA
:10AD9000C7F81485C7F81085024B80225A60BDE8B9
:10ADA000F08100BF00E100E0FC7000200070024074
:10ADB00000083000DC71002001F07F02082A70B426
:10ADC0004FEAD11128D0012303FA02F0C043B1B1F8
:10ADD000294C951CAB40C4F80833D4F81055274BC8
:10ADE0002840C4F8100501EB420103EB01110023D8
:10ADF000CB72BFF36F8FBFF34F8F70BC70471E4C89
:10AE000002F10C05AB40C4F80833D4F814551B4BC1
:10AE10002840C4F81405E6E7184B03EB01100024A2
:10AE2000A0F808411448D1B14FF40064C0F80843B9
:10AE3000D0F8104524F48074C0F81045B3F81841D8
:10AE4000B3F808510C48EC424FF0000608BF4FF42D
:10AE50000014C0F81C6508BFC0F80843C3E74FF4EE
:10AE60008014C0F80843D0F8144524F48074C0F866
:10AE70001445C0F85011E1E700700240DC7000207A
:10AE800001F07F004FEAD11CF0B50CEB4005704F8C
:10AE90002D017E1985B0F47A4CB16E4B1C6814F00C
:10AEA000010401D000BE0024204605B0F0BD04F02E
:10AEB000FF0E7A510C46B380A6F806E0002840D178
:10AEC000002B54D1644BD3F88034C3F3C0136345D3
:10AED0004DD0BFF35B8F07F590710122D1E84F3F52
:10AEE000C1E8402F0028F9D1BFF35B8FDBB2002B04
:10AEF00040F09F8059490A60BFF36F8FBFF34F8FB7
:10AF0000BFF35B8F87F82031BFF35B8F544B5968D9
:10AF1000C1F3080100314FF000034FF4E06201A8D3
:10AF200018BF0121CDF8063003938DF80840ADF825
:10AF30000A30ADF80420FEF729FD0124204605B0B3
:10AF4000F0BDBCF1000F15D107EB40170123FB72D8
:10AF5000BFF36F8FBFF34F8FBB7A23B1FB7A03F040
:10AF6000FF04002B6ED10124204605B0F0BDBCF1DA
:10AF7000000F3CD007EB401100EB8003CD8A8A8A9A
:10AF80000C8B0969521B9B0092B203F1804303F5BD
:10AF90001C33A24228BF2246324DC3F8001600B22D
:10AFA000C3F80426304BBFF35B8F05EB8001012211
:10AFB000D3E84F4FC3E8462F002EF9D1BFF35B8F84
:10AFC000E4B2002C3AD145F82020BFF36F8FBFF3D5
:10AFD0004F8F224B994202D0043B9942C3D1BFF319
:10AFE0005B8F002387F82031BFF35B8FBBE7012223
:10AFF0001D4BFA72BFF35B8FD3E84F4FC3E8412F6D
:10B000000029F9D1BFF35B8FE4B26CB9174B1A601A
:10B01000BFF36F8FBFF34F8FBFF35B8F87F820C1F4
:10B020001446BFF35B8F3FE710491148FEF7D2FD8E
:10B030003AE70A490E48FEF7CDFD67E70C48FEF7F0
:10B04000C9FD31E787F80AC0FFF7A6FC2CE700BF6F
:10B05000DC700020F0ED00E0007002405070024013
:10B0600000ED00E004700240FC7100204C700240D2
:10B0700085AA020011F07F0008B512D008280BD075
:10B080000E4B41F48072C909C3F8182504D10C4B4A
:10B0900003EB40139A7A62B9BFF36F8FBFF34F8F00
:10B0A00008BD064B01225A65BFF36F8FBFF34F8F68
:10B0B00008BD9972FFF770FCEEE700BF0070024018
:10B0C000DC70002011F0770F12D00A4B41F480722F
:10B0D000C3F80C15C3F80C25CA09C3F8181504BF2A
:10B0E00001F5947143F82120BFF36F8FBFF34F8FA9
:10B0F000704700BF007002402DE9F04FAA4BAB4CE7
:10B10000D3F80003002389B01E461F46012520FA0C
:10B1100003F11A19C9074FEA820209D5116839B13A
:10B1200005FA03F117600E43BFF36F8FBFF34F8F24
:10B130000133192BEBD1F20700F14A829C4D330504
:10B1400008D5994BD3F8A83601229BB2A5F8163141
:10B1500085F81C21B70206F4800429D5924BD3F858
:10B160001425D00540F10582002C00F0C182D3F8EF
:10B170000024D20740F1BC82D3F81035DB0540F142
:10B18000018295F81C310DF116070DF11408002B02
:10B1900040F0DA820023CDF8163003227B603B8139
:10B1A000404601218DF814308DF81520FEF7EEFB96
:10B1B00004B37D4AD2F8004440F201732340E7050E
:10B1C000C2F8003400F16D82600510D5764B012283
:10B1D000C3F808259A65D3F8002312F4001208BFBB
:10B1E000C3F85421704B4FF40012C3F80423A10597
:10B1F00000F14682320240D56B4BD3F88024D3F85D
:10B200008414D3F888C4D3F88C74D3F89084D3F81A
:10B210009444D3F89804D3F89C34D2B25FFA80FAFD
:10B22000D8B25306C9B25FFA8CFCFFB25FFA88F855
:10B230005FFA84FE01D105291FD04FF000094B466B
:10B240004C4662F3070368F3070461F30F236EF3C0
:10B250000F246CF317436AF3174460F31F6467F31A
:10B260001F634FF4C062012105A8ADF81690CDE927
:10B270000634ADF81420FEF789FB4E4B3340002B0B
:10B2800040F09681DFF82891474F4D46CA4609F5B0
:10B29000907800241FE02B44DA7A002A00F0E48141
:10B2A000DA88AAF804200022DA72DB8807930121E9
:10B2B0004FF4E06305A8CDF81620ADF81A208DF8FC
:10B2C00018B0ADF81430FEF761FBBBF1080F47D0A2
:10B2D00001340AF1200A04F10C0326FA03F3D8071B
:10B2E0005FFA84FBF1D504EB840307EB8303DAF800
:10B2F0000020D3F80807630112FA80F2E918CAF8AF
:10B300000020CA8880B2024492B2082CCA80C2D0FF
:10B31000BAF808208242BED1CA88BAF80410914215
:10B32000B9D9BBF1000FD0D10122BFF35B8FD8E8B0
:10B330004F3FC8E8412F0029F9D1BFF35B8F13F0CD
:10B34000FF0F1D4940F06C820A60BFF36F8FBFF39F
:10B350004F8FBFF35B8F85F82031BFF35B8FB7E76B
:10B36000164B3340002B00F001810F4BD3F86CA437
:10B37000C3F86CA4BFF36F8FBFF34F8F16F48066D2
:10B3800000F07B81D3F88024D3F8803483F08003ED
:10B39000C3F3C0130393C2F3C0130293D046DFF884
:10B3A00008B00024AA4613E000700240409C001040
:10B3B000DC700020FCFB1F004C7002400004000108
:10B3C000002C00F01082072F50D0013409F1200921
:10B3D00028FA04F204EB8403D2070BEB83030AEB95
:10B3E0004415E7B2ECD5D3F80816D9F81020C9B245
:10B3F0000A44C9F81020E88A014489B2E982B449B4
:10B40000E88AB9F8146061188900864200914FF00B
:10B41000010E67F07F0101914FF0000C714605A805
:10B4200040F2B580E88AB9F81810C3F80026361A39
:10B43000B6B28E4228BF0E46A64AC3F80466BFF3D2
:10B440005B8FD2E84F3FC2E841EF0029F9D1BFF34B
:10B450005B8F13F0FF0F40F00181009BC3F800E009
:10B46000BFF36F8FBFF34F8F072FAED118F4803F1C
:10B470005546C24601D1039B43B1EB7A23B1EB8819
:10B48000AA889A4200F293810123AB721AF4003F1A
:10B490000AD095F82B3023B1EB8CAA8C9A4200F29B
:10B4A000A781012385F82A301AF4802F0CD095F853
:10B4B0004B3033B1B5F84630B5F844209A4200F22B
:10B4C0009B81012385F84A301AF4002F0CD095F89F
:10B4D0006B3033B1B5F86630B5F864209A4200F2AB
:10B4E0009B81012385F86A301AF4801F0CD095F8EF
:10B4F0008B3033B1B5F88630B5F884209A4200F22B
:10B500005A81012385F88A301AF4001F0CD095F86F
:10B51000AB3033B1B5F8A630B5F8A4209A4200F2AA
:10B520004E81012385F8AA301AF4800F0CD095F8CB
:10B53000CB3033B1B5F8C630B5F8C4209A4200F22A
:10B540004281012385F8CA301AF4000F0ED095F815
:10B55000EB30002B00F00D81B5F8E630B5F8E420B3
:10B560009A4240F206810720FFF716FA09B0BDE8BB
:10B57000F08FD3F81025D1053FF503AE4FF400123C
:10B58000C3F808230DF116070DF1140802E6EB8A43
:10B5900007934FF4E063ADF814309DF80430CDF814
:10B5A00016C0ADF81AC08DF81830FEF7EFF90AE7AB
:10B5B000BFF35B8F95F82031BFF35B8F002B40F01A
:10B5C000DC80454B1B68DC077FF55CAE00BE59E6AE
:10B5D000424B434A434D444800244FF00109C2F80E
:10B5E0001495C2F81095546094625C609C629C60F3
:10B5F000DC62DC601C631C615C635C619C639C615D
:10B60000DC63DC611C6454629464C2F85841D2F873
:10B610000034D2F800140B43C2F80034D2F80033DF
:10B62000C2F808332146C2F804030DF116070DF1E4
:10B63000200828464FF492722CF0D5F84FF480730E
:10B64000CDF816407C603C8128F80C3D40234946EB
:10B6500040462B832B81FEF799F970E572460099DD
:10B660002248FEF7B7FAAEE61B4B1B68D9077FF5F9
:10B670007DAF00BE09B0BDE8F08FCDE902668DE672
:10B6800000230522012105A8CDF81A30CDF8163087
:10B69000ADF81E308DF814308DF81520FEF776F9D0
:10B6A000A8E50121C2F82C150023042205A8CDF835
:10B6B0001A30CDF81630ADF81E308DF814308DF8F4
:10B6C0001520FEF763F960057FF591AD7EE500BFBB
:10B6D000019C0010FC710020F0ED00E004700240BD
:10B6E00000700240DC7000200514C00185AA020031
:10B6F0004D4BBFF35B8F0122D3E84F1FC3E8402FB0
:10B700000028F9D1BFF35B8F11F0FF0F3DD1474BFC
:10B71000D3F8C004C7035AD495F80B1101F0FF0702
:10B7200000296DD04249D5F80071C3F8A077C3F85D
:10B73000A4070A60BFF36F8FBFF34F8FD3F81035A4
:10B74000D9053FF51EAD1DE70023B5F81611CDF85C
:10B75000163085F81C31BB804FF4E06207918823D6
:10B7600040460121ADF814208DF81830FEF70EF98F
:10B7700010E5012385F8EA30F8E60023BFF35B8F7C
:10B7800085F82031BFF35B8F7CE52A4B2A485A6845
:10B79000C2F30802003218BF01220821FEF71AFA8C
:10B7A000224BD3F81035DB053FF5EBACEAE6002081
:10B7B000FFF7F2F86AE60420FFF7EEF8A4E60520AA
:10B7C000FFF7EAF8B0E60620FFF7E6F8BCE6BFF3BD
:10B7D0005B8F85F82011BFF35B8FD3F81035D80548
:10B7E0003FF5CFACCEE6029A002A3FF4EEADFAE583
:10B7F0000120FFF7D1F857E60220FFF7CDF863E606
:10B80000BFF35B8F85F82071BFF35B8FD3F81035E2
:10B81000DA053FF5B6ACB5E60320FFF7BDF863E601
:10B820000648FEF7D7F953E5FC710020007002408E
:10B830004870024000ED00E0E9AA020085AA02007B
:10B8400030B5012885B000F09F8057D3022840D141
:10B85000B94BD3F80435002B40F0DD80B64AD2F85E
:10B8600000341C05FBD54FF40063C2F80034BFF36D
:10B870006F8FBFF34F8FB14AB14B12681B68082A14
:10B8800000F0DD80AC4BAF4D80240122C3F81C4595
:10B89000C3F80423C5F88441FDF7E6FF002840F013
:10B8A000FF80A94D43F204044FF080432268AA426E
:10B8B00011D0D3F80C14D3F80C24D003F6D5CA0752
:10B8C000F4D59D4B0122C3F80425BFF36F8FBFF35E
:10B8D0004F8F05B030BD04AA002102F80C1D1046A0
:10B8E000FFF758F89DF804000028E2D010460191B7
:10B8F000FFF74EF8019A002AD8D0E2E78E4BD3F832
:10B900000025002AE5D14FF480014FF40062C3F80E
:10B910000813C3F80024BFF36F8FBFF34F8F874B1B
:10B920001B68082B00F0BE80834B0122C3F8002562
:10B93000BFF36F8FBFF34F8F43F2040203F18D53B8
:10B9400003F57723126803F2DB539A4200F0D180AB
:10B950004FF08043D3F80C24D3F80C34D90301D52D
:10B96000D207B6D443F20402774B12689A4200F031
:10B970001E81764B00221A601B6801934FF08043B2
:10B98000012201991A60A4E76B4BD3F80025002A25
:10B990009FD00022C3F80425BFF36F8FBFF34F8FF2
:10B9A00068498020C1F88400BFF34F8FBFF36F8FC9
:10B9B000D3F80013C3F80813C3F80025BFF36F8F43
:10B9C000BFF34F8F43F2040103F18D5303F5772347
:10B9D000096803F2DB53994200F0A08001AB5C4A96
:10B9E000012111605B4A5168C1F30801003118461A
:10B9F0004FF002024FF0000318BF0121CDF80A30CA
:10BA0000CDF80630ADF80E308DF804308DF80520F5
:10BA1000FDF7BCFF5DE743F204024B4B12689A420C
:10BA200000F0B0804FF08043D3F80C24D3F80C34EE
:10BA3000DB037FF513AFD5077FF510AF49E7032B85
:10BA40000AD8454A1168002940F09880434C49F2D1
:10BA500075301060216010605A1E022A11D83E4ACB
:10BA60001168002940F082803D4D3448344B006815
:10BA70001B6849F2753414602960146008287FF44B
:10BA800001AF032B3FF6FEAE3649374B40F2E37071
:10BA9000402208601A60BFF36F8FBFF34F8FF1E64B
:10BAA0006C60FEE6264B1B685A1E022A12D82A4BEF
:10BAB0001A68002A40F08D80294949F27532032026
:10BAC0001A6008601A601D4A1D4B12681B68082A1C
:10BAD0007FF42AAF032B3FF627AF1F4B1A68002ACB
:10BAE00073D11E4949F27532C0201A6008601A608D
:10BAF0001AE704AB002203F80C2D1846FEF74AFFA4
:10BB00009DF8041000293FF423AF18460192FEF778
:10BB10003FFF019B002B7FF4DCAE23E704AB03F86F
:10BB20000C2D1846FEF736FF9DF80420002A3FF43E
:10BB300056AFFEF72BFF55E70070024030010010B2
:10BB40003401001000E100E0DBE5B15100010040EC
:10BB50000400004000ED00E000EC064014EC06405C
:10BB600014ED064000780240047802401B491C4B4B
:10BB70001C4A08681B68002111607FE71A4A0021EF
:10BB8000116069E704AB002203F80C2D1846FEF79C
:10BB900001FF9DF8041000293FF444AF18460192BC
:10BBA000FEF7F6FE019B002B7FF493AE56E604A849
:10BBB000002300F80C3DFEF7EDFE9DF80430002B4D
:10BBC0003FF4D7AEFEF7E0FE83E6074BC0221A60D3
:10BBD000AAE6044B03221A6075E700BF300100108B
:10BBE0003401001014ED064014EC0640F8B503785B
:10BBF00013F0010405D10678C6F3800626B120466D
:10BC0000F8BD00242046F8BD0F4605464FF0FF3131
:10BC1000384620F069F92A7812F001040FD12B7808
:10BC20005B0704D42B7843F004032B70012400231A
:10BC300038461A4619461FF00FFD2046F8BD344617
:10BC4000F5E700BF70B505460E4608464FF0FF31D8
:10BC500020F04AF92878C0F3800444B90024002376
:10BC600030461A4619461FF0F7FC204670BD2B7867
:10BC700013F00102F2D12B7862F382032B70EEE70E
:10BC8000C378828803F003000228C2F30A021DD0A1
:10BC900013D801280FD1022940F2FF3308BF4FF417
:10BCA0008063934211D20E4B186810F001000CD043
:10BCB00000BE002070470020704702290CBF4FF4DF
:10BCC000806340239342EED301207047022902D0C3
:10BCD000402AE8D8F8E7B2F5007FE4D1F4E700BFE6
:10BCE000F0ED00E00A44914216D230B44C78052CB5
:10BCF00005D00C7821448A42F8D830BC70478C7843
:10BD000004F07F0500EB4505E4092B550C78214430
:10BD10008A42EBD830BC7047704700BF00F08EB944
:10BD200000F05CB900B5DFED137A9FED137A30EEC9
:10BD3000670A83B020EE070A28F0D6FBF7EE007AF8
:10BD40009FED0E7A30EE270AF6EE006AC7EE007A13
:10BD5000F4EEC77AF1EE10FA88BFF0EE477A77EE8C
:10BD6000A67AFCEEE77ACDED017A9DF8040003B0E7
:10BD70005DF804FBE3A56B401904FEC00000C84257
:10BD800010B5064C064920461EF0BEFC2046FAF7C8
:10BD9000EDFA1420BDE8104007F0D0B898630020F9
:10BDA00018A905002DE9F0432DED048B00218DB07D
:10BDB000002814BF07460127142007F0D3F80420F9
:10BDC00023F0BCFB052023F035FC042023F0E6FB28
:10BDD0000E2023F0ADFB142023F05EFC00240A208B
:10BDE0001FF010FBDFED578A9FED579A574EDFF893
:10BDF0007081254607E00134E3B201359F4278EEB9
:10BE0000888AEDB24CD9142023F046FC83B208EEA8
:10BE1000103AB8EE488AF0EE047A28EE098A3146E4
:10BE2000B4EEE78AF1EE10FA03A8B1EE027A04D478
:10BE3000B4EEC78AF1EE10FADDDD1EF089FF03A92A
:10BE400006A81EF0ABFFB0EE480A06A81FF020FAC5
:10BE50004146814668461EF07BFF694648461FF012
:10BE60004BF9014609A81EF099FF394939481EF0DF
:10BE70001FFC09A937481EF035FC3648FAF776FA58
:10BE800009A81FF07FF868461FF07CF806A81FF08D
:10BE900079F8013403A81FF075F8E3B29F42B2D8D5
:10BEA0002D4B0022C3F80025142007F047F8002D81
:10BEB00039D007EE905AF8EE677A88EEA78A2749BC
:10BEC00068461EF045FF694603A81EF067FF03A8F9
:10BED000B0EE480A1FF0DCF92149044606A81EF01E
:10BEE00037FF06A920461FF007F9014609A81EF0F2
:10BEF00055FF09A917481EF0F5FB1648FAF736FA60
:10BF000009A81FF03FF806A81FF03CF803A81FF08F
:10BF100039F868461FF036F8B0EE480A0DB0BDECAF
:10BF2000048BBDE8F0830A490A489FED068A1EF09B
:10BF3000BFFB0C4907481EF0E7FB0648FAF716FA64
:10BF4000BDE700BF000000009B0AAD3988A80500CE
:10BF5000B4A805009863002000700040F4A8050014
:10BF6000B0A80500C0A8050010B5194C2DED028B36
:10BF7000DFED188A1BE06420FFF714FFB0EE408A63
:10BF8000FFF7D0FE014620461CF072FFF6EE007A65
:10BF9000E8EE287AFCEEE77A17EE903A98B200F0D5
:10BFA000A9FB4FF49621012021F00CFB28B90021B8
:10BFB000012021F007FB0028DDD0BDEC028B00231F
:10BFC000054A1846BDE81040136020F0C7BC00BF0A
:10BFD0001C72002000007A440072002038B5134C17
:10BFE0002068A0B100231946022221F0BFFB20F0F7
:10BFF0008BFE054607E020F0B3FF20F085FE401BD6
:10C00000B0F5806F04D823680120002BF3D138BD30
:10C01000074908481EF04CFB074906481EF074FB10
:10C020000448BDE83840FAF7A1B900BF007200200B
:10C03000B4A80500986300203CA9050030B5254C44
:10C04000206883B0A0B100231946022221F08EFBA4
:10C0500020F05AFE054607E020F082FF20F054FE53
:10C06000401BB0F5806F18D823680120002BF3D156
:10C070000025CDE900542B464FF4007216491748AD
:10C0800020F0F2FB012806D01549164825601EF065
:10C090000FFB154914E003B030BD144911481EF0E0
:10C0A00007FB13490F481EF02FFB0E48FAF75EF905
:10C0B0002368002BDCD00A490A481EF0F9FA0D4922
:10C0C00008481EF021FB074803B0BDE83040FAF7EE
:10C0D0004DB900BF00720020A8A9050069BF020089
:10C0E00058A905009863002088A90500B4A8050098
:10C0F0003CA9050064A9050070B52DED028B014631
:10C10000CCB0B5481CF03EFEF922044600210DA833
:10C110002BF069FBF9220DA920461AF0A5FBAF49C7
:10C1200004A81EF015FE04A907A81EF037FE0DA9ED
:10C1300007A81FF00DF801460AA81EF02FFE0AA955
:10C14000A7481EF0CFFAA648FAF710F90AA81EF081
:10C1500019FF07A81EF016FF04A81EF013FF2046C3
:10C160001AF0A0F80021054620461AF045F90022F1
:10C17000204611461AF0DCF8F62D40F225812722E0
:10C1800040F61C43502120461AF0FCF840F2E240F1
:10C190001FF038F920461AF085F89249054601A8A3
:10C1A0001EF0D6FD01A904A81EF0F8FD294604A83A
:10C1B0001FF036F88C49064607A81EF0C9FD07A9EE
:10C1C00030461EF099FF01460AA81EF0E7FD0AA9B5
:10C1D00083481EF087FA8248FAF7C8F80AA81EF0CA
:10C1E000D1FE07A81EF0CEFE04A81EF0CBFE01A8CB
:10C1F0001EF0C8FE7D4B033D20461D801AF05CF802
:10C200007B49054604A81EF0A3FD04A907A81EF05B
:10C21000C5FD012D00F0DD80022D00F0D3807549B1
:10C22000754B042D18BF194607A81EF091FF014653
:10C230000AA81EF0B3FD0AA969481EF053FA68481F
:10C24000FAF794F80AA81EF09DFE07A81EF09AFEC1
:10C2500004A81EF097FE20461AF02CF86749054600
:10C2600004A81EF075FD04A907A81EF097FD294635
:10C2700007A81EF0D5FF01460AA81EF08FFD0AA9E7
:10C2800057481EF02FFA5648FAF770F80AA81EF021
:10C2900079FE07A81EF076FE04A81EF073FE204665
:10C2A0001AF002F808EE100A554901A81EF050FDD8
:10C2B000B8EEC88A01A907A81EF070FDB7EE040AFF
:10C2C00028EE000A022104A81EF020FE04A907A8F7
:10C2D0001EF012FF4B491EF03BFF01460AA81EF05C
:10C2E0005DFD0AA93E481EF0FDF93D48FAF73EF80B
:10C2F0000AA81EF047FE04A81EF044FE07A81EF080
:10C3000041FE01A81EF03EFE3F4904A81EF020FD9C
:10C3100004A907A81EF042FD204619F0C7FF0146F8
:10C3200007A81EF07DFF01460AA81EF037FD0AA9E6
:10C330002B481EF0D7F92A48FAF718F80AA81EF079
:10C3400021FE07A81EF01EFE04A81EF01BFE2046BC
:10C3500019F0AEFF08EE100A2C4901A81EF0F8FCF7
:10C36000B8EEC88A01A907A81EF018FDB2EE040AAB
:10C3700028EE000A022104A81EF0C8FD04A907A89F
:10C380001EF0BAFE1F491EF0E3FE01460AA81EF089
:10C3900005FD0AA912481EF0A5F91148F9F7E6FFB4
:10C3A0000AA81EF0EFFD04A81EF0ECFD07A81EF081
:10C3B000E9FD01A81EF0E6FDFFF7B0FC4CB0BDECB6
:10C3C000028B70BD12492FE7F721204619F086FF36
:10C3D000D5E6104928E700BF2087002048AA0500BD
:10C3E0009863002058AA050060AA05001661002085
:10C3F00068AA050040AA050038AA050070AA050031
:10C4000088AA05009CAA0500A0AA0500B4AA0500F8
:10C4100028AA050030AA050030B58BB00D4601A84A
:10C420001249134C1EF094FC01A904A81EF0B6FC9E
:10C43000294604A81EF0BCFE014607A81EF0AEFC6B
:10C4400007A920461EF04EF92046F9F78FFF07A8EE
:10C450001EF098FD04A81EF095FD01A81EF092FDA7
:10C46000FFF75EFC00F04CFA0BB030BDB8A9050038
:10C4700098630020F0B54E4D4E494F4C4F4E504FF3
:10C480008DB028461EF040F92846F9F76FFF684640
:10C4900011F0D0FE03A84B491EF05AFC03A906A8D0
:10C4A0001EF07CFC694606A81EF026FE014609A87F
:10C4B0001EF074FC09A928461EF014F92846F9F765
:10C4C00055FF09A81EF05EFD06A81EF05BFD03A83F
:10C4D0001EF058FD204600211CF014FC20460421CB
:10C4E0001CF002F90022204601211CF033F92046FD
:10C4F0006FF003011CF0B4FB009920461CF06AFBAE
:10C5000004F2846018F070FD20462F491AF0D2FB27
:10C5100020462E491AF0D0FB2D4928461EF0F4F88B
:10C520002846F9F723FF2B481CF024FE3046102242
:10C5300029491CF0E1FE30460E2228491CF0D4FEA9
:10C540000B22274930461CF0D3FE30461CF00EFF6C
:10C55000384604F5C8641CF0B3FC002138461CF0D2
:10C560007FFC00F0DDF80621204618F083FD204610
:10C5700018F068FD20461B4918F020FD20460121D7
:10C5800018F0B0FD4FF4A0722046302118F0A6FD3F
:10C5900020461E2118F0A0FD0021204618F036FE8E
:10C5A00000F020FE68461EF0EDFC0DB0F0BD00BFAF
:10C5B00098630020F8A9050020870020FC72002065
:10C5C0001C72002014AA0500F9C0020019C4020060
:10C5D000D0A905008C720020E8AA0500FCAA05007D
:10C5E000CCAA05000472002010B5044B044640F8A4
:10C5F000083B1BF065FA204610BD00BFE4D70500DC
:10C6000010B5044B044640F8083B1BF059FA20468D
:10C6100010BD00BFE4D7050070B5184E1849194C7D
:10C62000194D84B068461BF06BFA694630461BF022
:10C6300027FA68461BF044FA22461449304627F090
:10C6400029FF134E28461CF05BFE2246114928465E
:10C6500027F020FF104D30461CF00EFC22460F49FB
:10C66000304627F017FF28461CF05EFD224628467C
:10C670000B4927F00FFF04B070BD00BF047200200B
:10C68000D8AA050000600020FC720020E9C5020065
:10C690001C72002001C602008C720020CDC6020070
:10C6A000A5C6020010B5074B044640F8183B18F029
:10C6B000C1FE2046044B40F8083B1BF001FA20461F
:10C6C00010BD00BF3CDD0500E4D7050010B5074BE9
:10C6D000044640F8183B18F0ADFE2046044B40F8E5
:10C6E000083B1BF0EDF9204610BD00BFC8DC05007B
:10C6F000E4D7050030B5094D83B00446014628460D
:10C7000019F0B2FA23122846022201A98DF804403A
:10C710008DF8053019F03CFB03B030BD00750020EA
:10C7200000B56649664885B01DF0EEFF6448F9F72C
:10C730001DFE64481BF066F90221634819F096F962
:10C7400000221121604819F0A9F901215E4819F071
:10C7500093F95D4818F0D8FF00215B4819F044FABE
:10C760000A215A4819F082F911221146574819F046
:10C7700095F9F821554819F07DF9544818F0C4FF8F
:10C7800001A811F057FD0199504819F0AFF901A81F
:10C790001EF0F8FB01224E494C4819F085F91A2188
:10C7A0004C4819F063F9112211464A4819F076F9FC
:10C7B0000221484819F05EF9464818F0A5FF6420A8
:10C7C000FFF7F0FADFED447A20EE270AB5EEC00A53
:10C7D000F1EE10FA70D9DFED417AB4EEE70AF1EE2E
:10C7E00010FA66DAF6EE007A30EE270ABCEEC00ADE
:10C7F00010EE103A99B2374819F036FA012238494A
:10C80000344819F051F91A21364819F02FF911223C
:10C810001146344819F042F90121324819F02CF937
:10C82000304818F071FF00212E4819F0DDF901227F
:10C830002D492C4819F038F90C212C4819F016F91B
:10C8400011220021294819F029F90121274819F05E
:10C8500013F9264818F058FF01222549234819F0FA
:10C8600023F90C21234819F001F911220021214854
:10C8700019F014F9F4211F4819F0FCF81D4818F0BC
:10C8800043FF01221C491B4819F00EF912211B48D5
:10C8900019F0ECF800221121184819F0FFF8F421E2
:10C8A000164819F0E7F8154818F02EFF05B05DF8A6
:10C8B00004FB4FF6FF719EE700219CE78CAC05005E
:10C8C00098630020047200205875002048730020EF
:10C8D00035CB02000075002000007A4400FF7F473E
:10C8E0003DC90200A8740020EDCC0200A073002016
:10C8F00035CC02005074002099CA0200F873002061
:10C9000010B50A4C237853B106F09AFB002308496E
:10C91000084823701DF0F8FE0648F9F727FD0021AE
:10C920000548BDE8104019F05FB900BF447300200E
:10C9300060AC050098630020A874002030B51D4647
:10C940008DB00AB1012B35D003A84A491EF000FA78
:10C9500003A906A81EF022FA06A847491EF0F8FB14
:10C9600046491EF0F5FB0A220446294668461EF099
:10C970006DFA694620461EF0BFFB014609A81EF06D
:10C980000DFA3F493F481DF093FE09A93D481DF0AF
:10C99000A9FE3C48F9F7EAFC09A81EF0F3FA68463C
:10C9A0001EF0F0FA06A81EF0EDFA03A81EF0EAFA4F
:10C9B0000DB030BD1378012B144625D003A83249A1
:10C9C0001EF0C6F903A906A81EF0E8F9217806A80A
:10C9D0001EF0EEFB014609A81EF0E0F9284929489F
:10C9E0001DF066FE09A927481DF07CFE2548F9F7D1
:10C9F000BDFC09A81EF0C6FA06A81EF0C3FA03A8DB
:10CA00001EF0C0FA0DB030BD6420FFF7CBF9DFEDAA
:10CA10001F7A20EE270AB5EEC00AF1EE10FA1FD9F0
:10CA2000DFED1B7AB4EEE70AF1EE10FA1CDAF6EE4F
:10CA3000007A30EE270ABCEEC00A10EE103A99B226
:10CA4000CDB20C0A134819F00FF9022209A91148B6
:10CA50008DF824508DF8254019F09AF90DB030BDAD
:10CA6000002425462146EDE7FF2425464FF6FF71B9
:10CA7000E8E700BF00AC050028AC050090B2050057
:10CA8000B4A805009863002040AC050000007A447B
:10CA900000FF7F470075002030B51C468DB012B1F5
:10CAA000013BF32B35D903A81D491EF051F903A909
:10CAB00006A81EF073F906A81A491EF049FB1A4988
:10CAC0001EF046FB0A220546214668461EF0BEF9C6
:10CAD000694628461EF010FB014609A81EF05EF9C3
:10CAE000124913481DF0E4FD09A911481DF0FAFD93
:10CAF0000F48F9F73BFC09A81EF044FA68461EF0FF
:10CB000041FA06A81EF03EFA03A81EF03BFA0DB04B
:10CB100030BD2146104606F01BFD0DB030BD00BFF4
:10CB200000AC050060AB050090B20500B4A805009C
:10CB30009863002070B51E468CB01AB15D1EADB270
:10CB4000F62D35D903A834491EF002F903A906A829
:10CB50001EF024F906A831491EF0FAFA30491EF0F9
:10CB6000F7FA0A220446314668461EF06FF9694614
:10CB700020461EF0C1FA014609A81EF00FF9294906
:10CB800029481DF095FD09A927481DF0ABFD264851
:10CB9000F9F7ECFB09A81EF0F5F968461EF0F2F96A
:10CBA00006A81EF0EFF903A81EF0ECF90CB070BD5A
:10CBB0001E4903A814461EF0CBF8314603A82544AD
:10CBC000013C1EF0E7F914F8011F03A81EF072FAE9
:10CBD000A542F8D109A816491EF0BAF803A909A878
:10CBE0001EF08AFA014606A81EF0D8F806A90E48DB
:10CBF0001DF078FD0C48F9F7B9FB06A81EF0C2F944
:10CC000009A81EF0BFF903A811F060FB03A81EF0ED
:10CC1000B9F90CB070BD00BF00AC05000CAB05004D
:10CC200090B20500B4A8050098630020840B0600AC
:10CC300018AB050030B51D468DB00AB1012B35D0BB
:10CC400003A824491EF084F803A906A81EF0A6F83C
:10CC500006A821491EF07CFA20491EF079FA0A2222
:10CC60000446294668461EF0F1F8694620461EF043
:10CC700043FA014609A81EF091F8194919481DF018
:10CC800017FD09A917481DF02DFD1648F9F76EFB91
:10CC900009A81EF077F968461EF074F906A81EF080
:10CCA00071F903A81EF06EF90DB030BD14460E499F
:10CCB0000C481DF029FD0B48F9F758FB2378012B90
:10CCC00005D02046012106F08BFB0DB030BD00F0F1
:10CCD0003FF9F6E700AC050050AB050090B2050047
:10CCE000B4A805009863002030AB050070B51C4661
:10CCF0008CB00AB1012B35D03C4903A81EF028F8AE
:10CD000003A906A81EF04AF8394906A81EF020FA21
:10CD100038491EF01DFA0A220546214668461EF0D3
:10CD200095F8694628461EF0E7F9014609A81EF065
:10CD300035F8314931481DF0BBFC09A92F481DF0D9
:10CD4000D1FC2E48F9F712FB09A81EF01BF9684622
:10CD50001EF018F906A81EF015F903A81EF012F926
:10CD60000CB070BD154606F0B5FA022828D0244E46
:10CD70002B7834781D1C18BF0125A5420CD0ABB10F
:10CD8000002006F00FF91F491C481DF0BDFC1B4890
:10CD9000F9F7ECFA35702C4621461B4818F024FFB1
:10CDA0002146194819F0FAF80CB070BD06F048F9A0
:10CDB000164912481DF0A8FC1048F9F7D7FAE9E720
:10CDC0000D490E481DF074FC11490C481DF09CFCE7
:10CDD0000A48F9F7CBFA0A4B0B481C78214618F0A1
:10CDE00003FF2146084819F0D9F8B9E700AC05005F
:10CDF00074AB050090B20500B4A80500986300204C
:10CE000044730020C4AB0500A8740020E0AB05000B
:10CE10008CAB0500F0B53E4E3E493F4D3F4C404F78
:10CE200085B068461AF06CFE6946304618F0D6FDAB
:10CE300068461AF045FE2A462146304627F02AFB6E
:10CE400068463849384E1AF05BFE6946384618F095
:10CE5000C5FD68461AF034FE2A462146384627F0BA
:10CE600019FB68463149324F1AF04AFE694630468E
:10CE700018F0B4FD68461AF023FE2A4621463046D3
:10CE800027F008FB68462B492B4E1AF039FE6946FD
:10CE9000384618F0A3FD68461AF012FE2A462146CD
:10CEA000384627F0F7FA68462449254F1AF028FE3D
:10CEB0006946304618F092FD68461AF001FE2A468F
:10CEC0002146304627F0E6FA68461E491E4E1AF003
:10CED00017FE6946384618F081FD68461AF0F0FDE5
:10CEE0002A462146384627F0D5FA684617491AF0EF
:10CEF00007FE6946304618F071FD68461AF0E0FDFD
:10CF00002A462146304627F0C5FA05B0F0BD00BFDD
:10CF100058750020B0AC05000060002035540400B6
:10CF200048730020C0AC050000750020F0AC05007F
:10CF3000A874002010AD0500A0730020D0AC05003F
:10CF4000F8730020E0AC05005074002000AD05002F
:10CF500010B5084C2068C0B008B908E0206800236C
:10CF60004FF4807269461FF0DDFA0028F6D140B018
:10CF700010BD00BFB875002070B5254D2B688AB074
:10CF8000C3B1244B1B68ABB1D0E900128A4211D067
:10CF90000446521A184614231FF016FAD4E9002347
:10CFA0009B1A9842064607D3002328681946022296
:10CFB00020F0DCFB0AB070BD04A817491DF0C8FEC4
:10CFC000D4E90031C91A0A22891B01A81DF06EFF9D
:10CFD00001A904A81EF090F810491EF0B9F8014606
:10CFE00007A81DF0DBFE0E490E481DF061FB07A9E6
:10CFF0000C481DF077FB0B48F9F7B8F907A81DF0AE
:10D00000C1FF01A81DF0BEFF04A81DF0BBFFCBE7C8
:10D01000B0750020B875002020AD050060AA05009D
:10D02000B4A80500986300202DE9F04F604DDFF8AB
:10D03000AC81DFF8AC91CBB04FF0FF31012020F094
:10D04000C1FA2A7802F0FF03002A49D1594AB2F8FE
:10D0500000B0594ABBF5807F28BF4FF4807B106831
:10D060000AA95A461FF05EFA8246002835D0534C72
:10D070002B78002B31D11FF047FE1FFA8AF60746A6
:10D08000C6B91DE018F084FE002833D11FF03CFE25
:10D09000C31BB3F5007F494620467ED81DF008FB30
:10D0A000474920461DF030FB2046F9F75FF90A207A
:10D0B0001FF056FF2B7832460AA94046002BE1D0DC
:10D0C0002B78002B3FD03C4800235A460AA9006821
:10D0D0001FF028FA82460028CAD12B78002BABD04B
:10D0E0000023384A2B70184613601FF037FC4BB0F2
:10D0F000BDE8F08F04A834491DF02AFE0A221FFA69
:10D100008AF101A81DF0A2FE01A904A81DF0F4FFF8
:10D110002E491EF01DF8014607A81DF03FFE07A985
:10D1200020461DF0DFFA2046F9F720F907A81DF088
:10D1300029FF01A81DF026FF04A81DF023FF3320BE
:10D140001FF00EFFBFE704A821491DF001FE0A22CF
:10D150001FFA8AF101A81DF079FE01A904A81DF0AB
:10D16000CBFF1C491DF0F4FF014607A81DF016FE79
:10D17000494620461DF09CFA07A920461DF0B2FA48
:10D180002046F9F7F3F807A81DF0FCFE01A81DF0F2
:10D19000F9FE04A81DF0F6FE95E71DF089FA0E4988
:10D1A00020461DF0B1FA2046F9F7E0F888E700BF05
:10D1B000B475002016610020B87500209863002027
:10D1C000A4AD0500B0750020E8AD050060AA05001B
:10D1D000C0AD0500CCAD05008CAD0500F873002096
:10D1E000B4A8050030B51A4C236883B00BB103B066
:10D1F00030BD184A184D13702A68DAB10123CDE901
:10D2000000344FF400620023144915481FF02CFB32
:10D210000128ECD000231349134823601DF048FA7D
:10D22000124911481DF070FA0F4803B0BDE83040B4
:10D23000F9F79CB801214FF400501FF0A7F82860BF
:10D240000028DBD1074908481DF032FA0849E8E711
:10D25000B0750020B4750020B875002068AD0500D9
:10D2600029D0020058A905009863002070AD050080
:10D2700040AD050030B583B0044605F0DDFA20234B
:10D2800001A9684601228DF8003005F011FB230A40
:10D2900001A9684602228DF800308DF8014005F0A2
:10D2A00007FB05F0C5FA05F0C7FA6D2301A968462A
:10D2B00001228DF80030002505F0FAFAA4F580541B
:10D2C00001A9684601228DF80050A4B205F0F0FAD9
:10D2D00042F214039C4201A968460FD90222ADF81C
:10D2E000005005F0E5FA9DF804009DF8054044EA79
:10D2F000002405F09DFA204603B030BD04220095BD
:10D3000005F0D6FA019C05F093FA24BA204603B042
:10D3100030BD00BF0B4BD9685A6910B45C680A4431
:10D32000944205D86FF003029A615DF8044B704790
:10D330009A685DF8044B42F82100DA680132DA603D
:10D34000704700BFC49C0020012911D901F180421F
:10D35000084B013A10B400EB82020024DC60C3E900
:10D3600005441C701A61C3E901105DF8044B704755
:10D37000704700BFC49C0020044B08B19A6802604B
:10D3800009B1DA680A609869704700BFC49C002040
:10D39000034B18B10022DA609A61012018707047BF
:10D3A000C49C00200F4B5869D8B19B6803EB8000E8
:10D3B00010B4043B041F002006E0C9070AD422F081
:10D3C00040429C42104409D053F8042F910F11F0B1
:10D3D000020FF2D09C4200F10100F5D15DF8044B40
:10D3E00070477047C49C002030B4C368012B84B0E0
:10D3F00025D0FBB902680379022A4FD0344A009243
:10D4000002F00502334C02940B2506209A428DF857
:10D4100004508DF80C004DD09DF801209A4253D055
:10D420009DF802209A424BD09DF803209A4249D0A1
:10D43000AB423DD00020087004B030BC7047026899
:10D44000022A33D0244C0279009440F6082004F0DC
:10D450000304224DADF8040094424FF4417002954C
:10D46000ADF80C0026D09DF8010090420DD09DF83B
:10D470000230934224D09DF80330934222D0082AF0
:10D4800016D00A2A08BF0523D4D104AA13440120C8
:10D4900013F8083C0B7004B030BC7047092B15D052
:10D4A0000A2B09D00B2BC5D10C2306E00379A5E785
:10D4B0000423EAE70023E8E70F230B700120BBE712
:10D4C0000223E2E70323E0E70123DEE71223F4E788
:10D4D000050708090F0C0A0903040506120C0605C6
:10D4E000C368012B0DD04BB902680379022A35D0ED
:10D4F000072B37D00B2B08BF052334D00020087032
:10D5000070470268022A31D030B4214C0279214D93
:10D5100084B040F60930009404F00304ADF8040030
:10D52000944240F203200295ADF80C0020D09DF803
:10D53000010090421DD09DF80230934222D09DF808
:10D540000330934220D0092A20D00B2A08BF05239C
:10D550000FD00020087004B030BC7047092B0FD0EA
:10D560000B2BCBD10A230B70012070470379BFE747
:10D57000002304AA1344012013F8083C0B70EAE7C7
:10D580000F23F0E70223F4E70323F2E70423F0E795
:10D59000030405070F0A0504F0B5614C0F46064663
:10D5A0000FCC99B00BAD0FC50FCC0FC50FCC0FC56D
:10D5B00054F8043B2B6094E80F00002502AC019561
:10D5C00084E80F003D6016B1F3680B2B01D919B048
:10D5D000F0BDB268022AFAD831690329F7D8306859
:10D5E000042800F29A80DFE800F04D5E362F030039
:10D5F000069206A8327E07930DF102010992FFF709
:10D60000F3FE002800F085809DF80240013CE4B262
:10D6100006A80DF10301FFF763FF20B19DF8033069
:10D62000013B1C44E4B2736802222344C6E9002390
:10D6300001A93046FFF7B0FF7268019B121B04215D
:10D64000C6E900123B60C2E77369032B63D8DFE8C9
:10D6500003F05A58564618AA02EB8303726853F82F
:10D66000343C18A902FB033301330122C6E900232D
:10D6700041F85C3D3046FFF78FFF019B02220F33DC
:10D680003260DFE7736896ED077A03EB83039B0054
:10D6900007EE903AF8EE677A67EE877AFCEEE77A63
:10D6A00017EE903ACEE77368D6ED076A18A901EB3A
:10D6B000820203EB830352F8582C9B00283302FBB1
:10D6C00003F3143307EE903AB8EE677AF6EE007A79
:10D6D000E7EE267AFCEEE77A17EE903AB2E7736847
:10D6E000013103FA01F171600123336001A9304671
:10D6F000FFF752FF019B193303223260A2E7002398
:10D70000F3E70123F1E7737E002B0CBF0423022310
:10D71000EBE704467CE71923EEE7002392E700BF1E
:10D72000F0AD0500000000002DE9F0432DED028B67
:10D73000C568D0ED018A90ED028A037C044683B06F
:10D740000F4640696E1EF4EEC88A002B43D0F1EEFE
:10D7500010FA40F19C80C8EE287A0130A8420ABF36
:10D7600000236061636117EE900A29F015FA41EC1D
:10D77000100B26F0A3FF53EC102B6069CDE90023BA
:10D7800029F0E8F9DDE9002329F05EFA0446304685
:10D790000D4629F0DFF902460B462046294629F0BE
:10D7A0007DFB9FED5F0B41EC110B27F009F853EC6B
:10D7B000102B18EE900ACDE9002329F0EDF9DDE9F0
:10D7C000002329F041FA29F037FD386003B0BDECA1
:10D7D000028BBDE8F083F1EE10FA34D40138A84290
:10D7E00032BF60616661304629F0B4F978EEC87ADC
:10D7F000044617EE900A0D4629F0CEF902460B4674
:10D800002046294629F020FA044630460D4629F0E4
:10D81000A1F902460B462046294629F03FFB044663
:10D8200018EE100A0D4629F0B7F902460B462046BD
:10D83000294629F053F829F0FFFC386003B0BDEC0D
:10D84000028BBDE8F0830130A84262D0606129F00C
:10D8500081F978EE687A044617EE900A0D4629F0B1
:10D860009BF902460B462046294629F0EDF98046F1
:10D870008946304629F06EF902460B464046494635
:10D8800029F00CFB04460D4618EE900ACBE7C8EED3
:10D89000887A0138A84234BF05463546656117EEDF
:10D8A000900A29F079F941EC100B26F007FF284681
:10D8B0008DED000B29F04EF9044630460D4629F057
:10D8C00049F99DED000B02460B4651EC100B29F077
:10D8D000E5FA02460B462046294629F0B5F99FEDA8
:10D8E000100B41EC110B26F06BFF53EC102B18EED4
:10D8F000100ACDE9002329F04FF9DDE9002329F0D2
:10D90000A3F929F099FC386003B0BDEC028BBDE8A7
:10D91000F0834FF000084FF000096361A9E700BFF2
:10D9200000000000000024400A46002129F05BBFEF
:10D93000A0F5004007EE900A0139F8EEE77A0329D6
:10D9400007D8DFE801F023180D029FED167A67EE85
:10D95000877A9FED157A20EE070A20EE270A704796
:10D96000B5EE007A67EE877A9FED0F7A20EE070A10
:10D9700020EE270A7047B6EE007A67EE877A9FEDB1
:10D980000A7A20EE070A20EE270A70479FED077AF1
:10D9900067EE877A9FED047A20EE070A20EE270AC9
:10D9A000704700BF398EE33D110E0138ABAA2A3F04
:10D9B0002DE9F047022982B00F46804601AE6D4640
:10D9C0003BD804F039FF20233146284601228DF848
:10D9D000003004F06DFF46F620433146284602220F
:10D9E000ADF8003004F064FF04F022FF17B308EB39
:10D9F00087074FF06D09002404F01EFF0122314615
:10DA000028468DF8009004F053FF01223146284645
:10DA10008DF8004004F04CFF042231462846009463
:10DA200004F046FF019B1BBA48F8043B04F000FFDA
:10DA30004745E1D102B0BDE8F08704F0FDFE5F2369
:10DA40003146284601228DF8003004F031FF0624CB
:10DA50004FF000090122314628468DF8009004F06D
:10DA600027FF013CF6D1BF00A8F10C09B944A8F189
:10DA7000040A042231462846009404F019FF019B51
:10DA80001BBA4AF8043FCA45F3D14FF0443431463B
:10DA900028460422009404F00BFF019B0094A7F198
:10DAA00008021BBA48F8023031462846042204F026
:10DAB000FFFE019B043F1BBA48F8073004F0B8FE94
:10DAC00002B0BDE8F08700BFF0B5584A1378012BCB
:10DAD00083B049D004460D4604F0AEFE202301A9D0
:10DAE000684601228DF8003004F0E2FE230A01A905
:10DAF000684602228DF800308DF8014004F0D8FE0F
:10DB0000A4F5805404F094FE04F096FE2D23012227
:10DB100001A968468DF80030A4B204F0C9FE42F2B3
:10DB200014029442EBB20ED9C5F3072501A9684649
:10DB300002228DF800508DF8013004F0B9FE04F097
:10DB400077FE03B0F0BD2E0E2C0C01A92D0A6846FD
:10DB500004228DF803308DF800608DF801408DF8B7
:10DB6000025004F0A5FEEAE7B0F5085F2ED257692F
:10DB700080085FFA80FC7FB1166933789C452AD013
:10DB8000341D002302E03578AC4524D001339F4298
:10DB9000264604F10404F6D1D6685468F319A3426A
:10DBA00080B234D36FF0030595619C422BD90006F7
:10DBB00021F07F4100F0FE4341F0004190680B43AB
:10DBC00040F82630D3680133D360BAE76FF004031E
:10DBD000936103B0F0BDD46833685568274461F39E
:10DBE0001F23AF4233600ED2000621F07F4100F0C8
:10DBF000FE4341F0004190680B4340F82430D36865
:10DC00000133D3609DE76FF00303936199E71369D4
:10DC10001D1F156103F8040C53F8045C013761F310
:10DC20001F2543F8045CF3195761BEE7C49C00202C
:10DC300070B53D4E3378012B82B0044642D004F0DB
:10DC4000FBFD202501A9684601228DF8005004F053
:10DC50002FFE01A968460222ADF8005004F028FE0C
:10DC600004F0E6FD04F0E8FD6D2301A968460122F9
:10DC70008DF80030002504F01BFE01A96846012242
:10DC80008DF8005004F014FE01A9684604220095A6
:10DC900004F00EFE019D2DBA04F0CAFDA20644BF99
:10DCA00024F0200425F02005230344BF25F400259B
:10DCB00024F4002444EA05014FF40050FFF704FF68
:10DCC00002B070BD756965B131690B78C3B10A1DC9
:10DCD000002302E00878043290B10133AB421146D0
:10DCE000F8D14FF40050FFF7C5FA7269F368716814
:10DCF00013448B42054607D36FF00303B361CDE7AE
:10DD00000D68C5F31725C9E733690021181F306175
:10DD100003F8041C53F8041C013265F31F2143F877
:10DD2000041C7261BAE700BFC49C0020F8B58A4C9D
:10DD30000546042143F20400FFF7C6FE2378012BB9
:10DD400000F090804FF40050FFF794FA40F48031D7
:10DD500041F480714FF40050FFF7B6FE6FF00306F8
:10DD6000012004F075FD2378012B1ED043F214002E
:10DD7000FFF780FA10F0040737D12B685A1CEFD058
:10DD8000013B2B60002BEBD12378012B38D04FF4D3
:10DD90000050FFF76FFA20F4803121F480714FF4C6
:10DDA0000050FFF791FE3846F8BD67697FB12169E1
:10DDB0000B78052B43D00A1D002302E008780528C4
:10DDC0003DD001339F42114602F10402F6D143F2E5
:10DDD0001400FFF74FFA6269E368616813448B42ED
:10DDE00031D310F00407A661C7D02378012B58D097
:10DDF0004FF40250FFF73EFA2378012B0746C6D1B5
:10DE0000656975B121690B78002B6BD00A1D002361
:10DE100003E008780432002864D001339D421146A3
:10DE2000F7D14FF40050FFF725FA6269E3686168A3
:10DE300013448B4262D36FF00303A361ABE708681E
:10DE4000C0F3172096E7236905211F1F276103F8F8
:10DE5000041C53F8041C013260F31F2143F8041C16
:10DE6000626187E7666976B121690B78002B3DD046
:10DE70000A1D002303E008780432002836D001335D
:10DE8000B3421146F7D14FF40050FFF7F3F962693E
:10DE9000E368616813448B423FD36FF00303A361CF
:10DEA00054E765697DB121690B78202B22D00A1DCA
:10DEB000002302E0087820281CD001339D4211463F
:10DEC00002F10402F6D14FF40250FFF7D3F9626970
:10DED000E368616813448B4207462DD36FF0030358
:10DEE000A36151E70868C0F3172054E70868C0F33E
:10DEF00017202BE70F68C7F3172783E72369002153
:10DF00001D1F256103F8041C53F8041C013260F343
:10DF10001F2143F8041C62613DE7236900211E1F95
:10DF2000266103F8041C53F8041C013260F31F211E
:10DF300043F8041C626109E723692021181F20614E
:10DF400003F8041C53F8041C013267F31F2143F843
:10DF5000041C626118E700BFC49C00202DE9F04159
:10DF60001F4C2378012B03D0BDE8F041FFF782B9A5
:10DF700066694FEA900884465FFA88F77EB12169A6
:10DF80000B789F4219D00A1D002302E00D78AF42A2
:10DF900013D001339E42114602F10402F6D16046CD
:10DFA000FFF768F96269E368616813448B4209D33B
:10DFB0006FF00303A361BDE8F0810868C0F3172088
:10DFC000BDE8F0812369191F216103F8048C53F81F
:10DFD000041C013260F31F2143F8041C6261EAE76C
:10DFE000C49C00202DE9F0479EB0934F93497022C6
:10DFF00002A829F0D4FB0023FB60C7E905333B707E
:10E0000002AD04F015FC0DF1780838784FF02009C6
:10E0100010E0C6F30726022201A968468DF80060C9
:10E020008DF8013004F044FC04F002FC3878083527
:10E03000A8457AD001282C886E6839D004F0FCFB02
:10E04000012201A968468DF8009004F031FC230AF2
:10E05000022201A968468DF800308DF8014004F0D5
:10E0600027FCA4F5805404F0E3FB04F0E5FB2D232A
:10E07000012201A968468DF80030A4B204F018FC12
:10E0800042F214029442F3B2C3D804224FEA166C4F
:10E09000340C0DEB0201360A68468DF803308DF81A
:10E0A00000C08DF801408DF8026004F001FCBBE770
:10E0B000B4F5085F4AD2D7F814E0A4085FFA84FAEE
:10E0C000BEF1000F10D039690B789A4542D00A1D75
:10E0D000002303E091F800C0E2453BD001337345D3
:10E0E000114602F10402F5D1F9687A6801EB0E03DA
:10E0F0009342A4B247D23B69181F386103F8044C1D
:10E1000053F8040C0EF1010E66F31F2043F8040CC3
:10E1100001EB0E039A42C7F814E039D808356FF0C6
:10E120000303A845BB61387884D101284AD040F266
:10E130000440FFF79FF8A0F5AA43013B012B3BD910
:10E14000B0F5AA4F5ED01EB0BDE8F0876FF00403B3
:10E15000BB616CE7D7F80CC00B687A68E64466F3DD
:10E160001F2396450B6023D2240626F07F4604F039
:10E17000FE4346F00046BA68334342F82C30FB6851
:10E180000133FB6053E76FF003009A42B861C5D9D1
:10E19000240626F07F4604F0FE4346F00046BA68A7
:10E1A0003878334342F82130FB680133FB603EE7A7
:10E1B0006FF00303BB613AE7214B01221A701EB0D6
:10E1C000BDE8F0877C697CB139690B78012B1FD0E1
:10E1D0000A1D002302E00878012819D001339C426F
:10E1E000114602F10402F6D140F20440FFF742F872
:10E1F0007A69FB68796813448B420DD36FF003038F
:10E20000BB6198E70E4B00221A701EB0BDE8F08784
:10E210000868C0F317208EE73B6901211C1F3C6191
:10E2200003F8041C53F8041C013260F31F2143F867
:10E23000041C7A617FE700BFC49C002068AE050023
:10E24000BC750020F0B5494F3B78012B83B00546E3
:10E250000E4659D004F0F0FA202401A968460122A4
:10E260008DF8004004F024FB01A968460222ADF8B5
:10E27000004004F01DFB04F0DBFA04F0DDFA6D232E
:10E2800001A9684601228DF80030002404F010FB3B
:10E2900001A9684601228DF8004004F009FB01A99C
:10E2A00068460422009404F003FB019C24BA04F0A5
:10E2B000BFFA012E05F0200313D06BB92B0344BF26
:10E2C00044F4002425F4002524EA05014FF400500D
:10E2D000FFF7FAFB03B0F0BD44F0200425F0200561
:10E2E000ECE71BB124F0200425F020052A0344BFED
:10E2F00024F4002425F4002545EA04014FF40050DD
:10E30000FFF7E2FB03B0F0BD7C6964B139690B78BB
:10E31000C3B10A1D002302E00878043290B1013332
:10E32000A3421146F8D14FF40050FEF7A3FF7A69DB
:10E33000FB68796813448B42044607D36FF00303EC
:10E34000BB61B6E70C68C4F31724B2E73B69002150
:10E35000181F386103F8041C53F8041C013264F3DD
:10E360001F2143F8041C7A61A3E700BFC49C00206E
:10E370001F4B1A78012A36D070B582B040EA81046A
:10E3800004F05AFA01A96846202301228DF80030D2
:10E3900004F08EFA01A968464FF222030222ADF87A
:10E3A000003004F085FA04F043FA04F045FA01A9BC
:10E3B00068462D2301228DF80030260E04F078FAED
:10E3C000250C230A01A9684604228DF802308DF835
:10E3D00003408DF800608DF8015004F069FA04F0F4
:10E3E00027FA02B070BD6FF004029A61704700BF57
:10E3F000C49C002070B5644D2B78012B04465DD081
:10E400004FF40050FEF736FF237820F020010BB9BF
:10E4100041F020014FF40050FFF756FB2B78012B01
:10E420006AD04FF40650FEF725FF01466378012BB2
:10E43000A37808BF41F00101012BE37808BF41F048
:10E440001001012B237908BF41F00401012B637AED
:10E4500008BF41F02001012BA37A08BF41F480716D
:10E46000012BE37A08BF41F00201012B237B08BF97
:10E4700041F00801012B4FF4065008BF41F0400164
:10E48000FFF722FBA3796579E179002B1FBF0424F4
:10E4900005220123002001BF0624072203230220B6
:10E4A000002D1CBF2246034601290CBF1146194608
:10E4B00042F25000BDE87040FFF706BB6E696EB1D6
:10E4C00029690B78002B38D00A1D002302E0087858
:10E4D000043290B30133B3421146F8D14FF40050E7
:10E4E000FEF7C8FE6A69EB68696813448B422CD357
:10E4F0006FF00303AB6187E76E697EB129690B7822
:10E50000602B1ED00A1D002302E00878602818D076
:10E5100001339E42114602F10402F6D14FF4065037
:10E52000FEF7A8FE6A69EB680146686813448342F7
:10E530001AD36FF00303AB6178E70868C0F31720C4
:10E5400062E70968C1F3172170E72B6900211E1FDC
:10E550002E6103F8041C53F8041C013260F31F21E0
:10E5600043F8041C6A614FE72B6960201E1F2E616F
:10E5700003F8040C53F8040C013261F31F2043F834
:10E58000040C6A6152E700BFC49C002070B50446C9
:10E5900082B042F250102168FFF796FA616842F2A9
:10E5A0005810FFF791FAA16842F25410FFF78CFA65
:10E5B00042F25C10E168FFF787FA3E480378012BCE
:10E5C0002AD004F039F9202301A9684601228DF8E8
:10E5D000003004F06DF94FF4426301A9684602224D
:10E5E000ADF8003004F064F904F022F904F024F9E5
:10E5F0002D2301A9684601228DF8003004F058F956
:10E600004FF4807301A968460422009304F050F986
:10E6100004F00EF902B070BD45697DB101690B7857
:10E62000032B28D00A1D002302E00C78032C22D0F3
:10E6300001339D42114602F10402F6D1C1684268DD
:10E640004B1993422AD2036903241E1F066103F863
:10E65000044C53F8044C4FF48036013566F31F2404
:10E6600043F8044C4B1945619A421BD86FF00303E1
:10E67000836102B070BDC2680B6844684FF4803695
:10E68000154466F31F23A5420B60EFD283680A4945
:10E6900043F82210C3680133C360BBE76FF0030483
:10E6A0008461E1E78368044A43F82120C3680133A9
:10E6B000C360AFE7C49C0020000001830368022B05
:10E6C00010B5044639D0032B18D0016B42F2480034
:10E6D000FFF7FAF9237960792168012B0BBF30230A
:10E6E000102320220022012818BF134643EA4101CB
:10E6F00042F21400BDE81040FFF7E6B9816842F22B
:10E700001800FFF7E1F9E16842F21C00FFF7DCF9BD
:10E71000216942F22000FFF7D7F9616942F228002F
:10E72000FFF7D2F9A16942F22400FFF7CDF9E169C0
:10E7300042F22C00FFF7C8F9CCE7016A42F2300040
:10E74000FFF7C2F9616A42F23C00FFF7BDF9A16A26
:10E7500042F23800FFF7B8F9E16A42F23400FFF7FD
:10E76000B3F9B7E70269F0B50446D0E90501012A1B
:10E770000CBF4FF48052002241F201034FEA4101E5
:10E7800018BF0123012818BF134601F4FF71194374
:10E7900087B042F21000FFF797F9236E033B082B76
:10E7A0001FD8636E052B1CD8216D42F2FC00FFF7C9
:10E7B0008BF9D4E9151294F85C3041EA4211012B2F
:10E7C00008BF41F0100142F2F000FFF77DF9D4E9F3
:10E7D00018560A2D4CD9F821314342F2F800FFF7C0
:10E7E00073F9216842F25010FFF76EF9616842F246
:10E7F0005810FFF769F9A16842F25410FFF764F965
:10E8000042F25C10E168FFF75FF950480378012B92
:10E8100034D004F011F8202302A901A801228DF8B8
:10E82000043004F045F84FF4426302A901A8022223
:10E83000ADF8043004F03CF803F0FAFF03F0FCFFFD
:10E840002D2302A901A801228DF8043004F030F82C
:10E850004FF4807302A901A80422019304F028F860
:10E8600003F0E6FF04F11C00FFF728FF07B0F0BD3E
:10E87000022D36D905F10801C900ADE746697EB120
:10E8800001690B78032B41D00A1D002302E00D78AB
:10E89000032D3BD001339E42114602F10402F6D112
:10E8A000C16842688B19934243D2036903251F1F35
:10E8B000076103F8045C53F8045C4FF480370136B9
:10E8C00067F31F2543F8045C8B1946619A4234D8DC
:10E8D0006FF00303836104F11C00FFF7EFFE07B044
:10E8E000F0BD1B4B0FCB02AF07C727F8023B042E2E
:10E8F0004FEA13433B703FF66EAF05EB850306AA64
:10E900001344334413F8101CC90065E7C2680B6850
:10E9100045684FF48037164467F31F23AE420B60FF
:10E92000D6D283680B4943F82210C3680133C36011
:10E9300098E76FF003058561C8E78368054A43F8E7
:10E940002120C3680133C3608CE700BFC49C002052
:10E95000D8AE0500000001831B4B1B78012B06D0AD
:10E96000F5EE400AF1EE10FA1AD100207047F5EEEC
:10E97000400AF1EE10FAF8D0DFED147A20EE270A03
:10E98000B6EE007AC0EE207A6FF07F4377EE877A9A
:10E99000FCEEE77A17EE900A984228BF18467047B7
:10E9A000DFED0B7A0B4B20EE270AB6EE007AC0EEB5
:10E9B000207A77EE877AFCEEE77A17EE900A984293
:10E9C00028BF1846704700BFBC7500200000804E6D
:10E9D0000000804CFFFF0F00D0E9011370B5044622
:10E9E000C568227E40691B0143EA811141EAC501E5
:10E9F00041EA80010AB941F00101637E0BB941F09F
:10EA000002012368002B40D042F23410FFF75CF87B
:10EA1000217F638B01F03F01C3F30B0343EA013114
:10EA200042F22C10FFF750F8216942F2301041F009
:10EA30002001FFF749F894F8383094F83900226B38
:10EA4000002B0BBF0223002303210121002818BF44
:10EA50001946D4E90A36042AD4E908050CBF41F066
:10EA6000040241EAC202990241EA461141EA4531F3
:10EA7000114310B342F2E800FFF726F8616B42F24F
:10EA8000E000BDE87040FFF71FB842F22810FFF722
:10EA90001BF8217F638B01F03F01C3F30B0343EAB3
:10EAA000013142F22010FFF70FF8216942F22410E1
:10EAB00041F02001FFF708F8BDE742F2EC00FFF754
:10EAC00003F8616B42F2E400BDE87040FEF7FCBF62
:10EAD00038B5D0E901130446C568227E40691B01A0
:10EAE00043EA811141EAC50141EA80010AB941F0D6
:10EAF0000101637E0BB941F002012368C3B142F208
:10EB00003410FEF7E1FF217F638B01F03F01C3F377
:10EB10000B0343EA013142F22C10FEF7D5FF2169C5
:10EB200042F2301041F02001BDE83840FEF7CCBF82
:10EB300042F22810FEF7C8FF217F638B01F03F01EE
:10EB4000C3F30B0343EA013142F22010FEF7BCFF8E
:10EB5000216942F2241041F02001BDE83840FEF75F
:10EB6000B3BF00BFD0E9012301681B0470B543EABD
:10EB70000223904D1943044642F2A810FEF7A4FF69
:10EB80002B78012B7ED042F24400FEF773FB237FEB
:10EB9000A1696269012B00F08000637F41EA0001F6
:10EBA00008BF41F01001012BD4E903304FEA0333D1
:10EBB00043EA002343EA823308BF41F0400119438E
:10EBC00042F24400FEF780FFA37F002B44D1218C4A
:10EBD00042F2A800FEF778FF618C42F2AC00FEF72B
:10EBE00073FFA18C42F2B000FEF76EFFE18C42F29F
:10EBF000B400FEF769FF2B78012B63D042F244008A
:10EC0000FEF738FBE36A032B34D020F0800142F298
:10EC10004400FEF759FFE16A0905A26A94F8303012
:10EC200041EA0211012B08BF41F0010142F2D0007C
:10EC3000FEF74AFFD4E90D3294F83C10DB0143EAB9
:10EC40000213012914BF194643F0010142F2C41016
:10EC5000BDE87040FEF738BF2B78012B5AD04FF437
:10EC60000050FEF707FB40F480314FF40050FEF7F0
:10EC70002BFFACE740F0800142F24400FEF724FF96
:10EC80000021CAE76E697EB129690B78112B3DD04E
:10EC90000A1D002302E00878112837D001339E4274
:10ECA000114602F10402F6D142F24400FEF7E2FA04
:10ECB0006A69EB68696813448B4258D36FF00303A9
:10ECC000AB6164E76E697EB129690B78112B19D0AD
:10ECD0000A1D002302E00878112813D00133B34243
:10ECE000114602F10402F6D142F24400FEF7C2FAE4
:10ECF0006A69EB68696813448B4229D36FF0030398
:10ED0000AB617FE70868C0F317207BE70868C0F3B2
:10ED100017203CE76E696EB129690B78002B35D05E
:10ED20000A1D002302E00878043278B301339E42C2
:10ED30001146F8D14FF40050FEF79CFA6A69EB686F
:10ED4000696813448B4225D36FF00303AB618AE7F4
:10ED50002B6911211E1F2E6103F8041C53F8041C9B
:10ED6000013260F31F2143F8041C6A614AE72B69F2
:10ED700011211E1F2E6103F8041C53F8041C0132DC
:10ED800060F31F2143F8041C6A6100E70868C0F3C0
:10ED9000172068E72B6900211E1F2E6103F8041C51
:10EDA00053F8041C013260F31F2143F8041C6A610C
:10EDB00059E700BFC49C0020F0B53C4F3B78012BC5
:10EDC00083B005460E463DD003F036FD202301A951
:10EDD000684601228DF8003003F06AFD4AF62103EF
:10EDE00001A968460222ADF8003003F061FD03F08E
:10EDF0001FFD03F021FD6D2301A9684601228DF856
:10EE00000030002403F054FD01A9684601228DF86A
:10EE1000004003F04DFD684601A90422009403F070
:10EE200047FD019804BA03F003FD24F4F95424F0DB
:10EE30001F0445EA0621214342F2A810FEF744FED2
:10EE400003B0F0BD7C697CB1386903786A2B1AD0B5
:10EE5000021D002302E001786A2914D00133A34285
:10EE6000104602F10402F6D142F2A810FEF702FAAF
:10EE70007A69FB68796813448B42044607D36FF0C4
:10EE80000303BB61D1E70468C4F31724CDE73B69F2
:10EE90006A21181F386103F8041C53F8041C01325E
:10EEA00064F31F2143F8041C7A61BEE7C49C002070
:10EEB00070B5314D0446002142F20800FEF704FE11
:10EEC0002B78012B24D042F2D810FEF7D3F9D4E9E5
:10EED00001139B0143EA412100F03F00014342F24C
:10EEE000D810FEF7F1FD216942F2E0100904FEF7A7
:10EEF000EBFD2378E168012B14BF00234FF400637E
:10EF000043EA413142F20800BDE87040FEF7DCBD43
:10EF10006E697EB129690B78762B19D00A1D002302
:10EF200002E00878762813D001339E42114602F1A0
:10EF30000402F6D142F2D810FEF79CF96A69EB6838
:10EF4000696813448B4207D36FF00303AB61BEE7DC
:10EF50000868C0F31720BAE72B6976211E1F2E61BF
:10EF600003F8041C53F8041C013260F31F2143F81A
:10EF7000041C6A61ABE700BFC49C0020012914BFD8
:10EF800000214FF4006141EA403142F20800FEF7EF
:10EF90009BBD00BF30B5374D2B78012B83B032D0ED
:10EFA00003F04AFC202301A9684601228DF80030B5
:10EFB00003F07EFC222301A968460222ADF800304E
:10EFC00003F076FC03F034FC03F036FC6D2301A95A
:10EFD000684601228DF80030002403F069FC01A985
:10EFE000684601228DF8004003F062FC01A96846E2
:10EFF0000422009403F05CFC019C24BA03F018FC8A
:10F00000200C03B030BD6C697CB129690B78802B72
:10F010001AD00A1D002302E00878802814D001339A
:10F02000A342114602F10402F6D14FF40850FEF754
:10F0300021F96A69EB68696813448B42044609D375
:10F040006FF00303AB61DBE70C68C4F31724200CFB
:10F0500003B030BD2B698021181F286103F8041C00
:10F0600053F8041C013264F31F2143F8041C6A6145
:10F07000C6E700BFC49C0020F8B5544C2378012B90
:10F0800005465BD042F20800FEF7F4F80646002180
:10F0900042F20800FEF718FD2378012B2ED042F231
:10F0A000D810FEF7E7F8296820F03F0041F008018A
:10F0B000014342F2D810FEF707FDEB799BB92B799B
:10F0C000A968A3F10103B3FA83F35B0943EA0121C1
:10F0D00042F20400FEF7F8FC314642F20800BDE8B7
:10F0E000F840FEF7F1BC002142F20400FEF7ECFC10
:10F0F000002142F26400FEF7E7FCE0E767697FB1B8
:10F1000021690B78762B3AD00A1D002302E008789B
:10F11000762834D001339F42114602F10402F6D121
:10F1200042F2D810FEF7A6F86269E36861681344FA
:10F130008B422CD36FF00303A361B4E766697EB101
:10F1400021690B78022B1ED00A1D002302E00878EB
:10F15000022818D001339E42114602F10402F6D172
:10F1600042F20800FEF786F86269E36861681344BA
:10F170008B4206461AD36FF00303A36187E7086842
:10F18000C0F317208FE70E68C6F317267FE72369C1
:10F1900076211F1F276103F8041C53F8041C013259
:10F1A00060F31F2143F8041C62617CE7236902219C
:10F1B000181F206103F8041C53F8041C013266F385
:10F1C0001F2143F8041C626161E700BFC49C00205A
:10F1D00070B53B4E3378012B82B005463CD003F02E
:10F1E0002BFB202301A9684601228DF8003003F093
:10F1F0005FFB4FF4846301A968460222ADF800303A
:10F2000003F056FB03F014FB03F016FB6D2301A97A
:10F21000684601228DF80030002403F049FB01A963
:10F22000684601228DF8004003F042FB01A96846C0
:10F230000422009403F03CFB019C24BA03F0F8FA8A
:10F24000012D0CBF44F0010124F0010142F2040041
:10F25000FEF73AFC02B070BD74697CB131690B787D
:10F26000012B1AD00A1D002302E00878012814D0CF
:10F270000133A342114602F10402F6D142F2040026
:10F28000FDF7F8FF7269F368716813448B42044616
:10F2900007D36FF00303B361D2E70C68C4F31724FC
:10F2A000CEE733690121181F306103F8041C53F8BD
:10F2B000041C013264F31F2143F8041C7261BFE790
:10F2C000C49C0020032800D97047012181404FF4DD
:10F2D0008660FEF7F9BB00BF2DE9F04F044683B00E
:10F2E000871801F1040A934D6FF003084FF01C09D1
:10F2F0006CE003F0A1FA202301A9684601228DF8F1
:10F30000003003F0D5FA4DF2214301A968460222EC
:10F31000ADF8003003F0CCFA03F08AFA03F08CFA6F
:10F320002D2301A9684601228DF80030260C03F038
:10F33000BFFA4FEA146C230A01A9684604228DF82B
:10F3400000C08DF802308DF803408DF8016003F0A5
:10F35000AFFA03F06DFA2B785AF8046C012B5CD0ED
:10F3600003F06AFA202301A9684601228DF80030D3
:10F3700003F09EFA47F2200301A968460222ADF885
:10F38000003003F095FA03F053FA03F055FA2D23F9
:10F3900001A9684601228DF8003003F089FA4FEA8E
:10F3A000166E4FEA164C330A01A9684604228DF8FE
:10F3B00000E08DF801C08DF802308DF8036003F095
:10F3C00077FA03F035FA01340AF1040AA74249D06A
:10F3D0002B78012B8DD16B697BB128690278752A56
:10F3E00055D0011D002202E00678752E4FD0013263
:10F3F0009A42084601F10401F6D1E8686968C2182A
:10F400008A4268D39142C5F8188077D82B78C5F81E
:10F410001880012B5AF8046CA2D16B69D5F80CC086
:10F42000D5F804E0002B44D0286902781C2A1CD0AF
:10F43000011D002204E090F800B0BBF11C0F14D0B5
:10F4400001329A42084601F10401F4D102EB0C01A9
:10F450008E4532D8C5F81880634473450CD3C5F87F
:10F460001880B0E703B0BDE8F08F0268634466F32C
:10F470001F2273450260F2D2AB6826F07F4646F049
:10F480001C4643F82C60EB680133EB609BE7026895
:10F49000D5F80CC0D5F804E064F31F2202600CEB31
:10F4A0000302724535D3C5F818805AF8046C002B56
:10F4B000BAD161468E451A46CCD929690B1F2B61FA
:10F4C00001F8049C51F8040C531C66F31F2041F80A
:10F4D000040C6B61C0E72A697526A2F1040CC5F81B
:10F4E00010C002F8046C52F8046C013364F31F2658
:10F4F00042F8046CC21891426B6187D924F07F43B3
:10F50000AA6843F0754342F82030EB680133EB60A2
:10F5100021E7AA6824F07F4343F0754342F82C307A
:10F52000EA686B69D5F804E002F1010CC5F80CC07B
:10F53000BBE700BFC49C0020036870B50446032BE2
:10F540000BD8DFE803F002261A0ED0E9013142F2AF
:10F55000CC1043EA0141FEF7B7FA237B012B23D0FD
:10F5600070BDD0E9013142F2E41043EA0141FEF7F7
:10F57000ABFA237B012BF3D116E0D0E9013142F243
:10F58000D01043EA0141FEF79FFA237B012BE7D11C
:10F590000AE0D0E9013142F2E81043EA0141FEF706
:10F5A00093FA237B012BDBD1D4E901362569002EA8
:10F5B000D6D01E44194642F2D4105C1CFEF784FAE1
:10F5C00055F8041B42F27000FEF77EFAA64223466D
:10F5D000F0D170BDF0B5444D2B78012B83B033D002
:10F5E000044603F029F9202301A9684601228DF879
:10F5F000003003F05DF945F2204301A9684602227C
:10F60000ADF8003003F054F903F012F903F014F9E7
:10F610002D2301A9684601228DF80030260E03F043
:10F6200047F9250C230A01A9684604228DF8023007
:10F630008DF803408DF800608DF8015003F038F923
:10F6400003F0F6F803B0F0BD6E697EB129690B785E
:10F65000152B26D00A1D002302E00C78152C20D093
:10F6600001339E42114602F10402F6D1E9686A684C
:10F670008B19934229D22B6915241F1F2F6103F880
:10F68000044C53F8044C013660F31F2443F8044C37
:10F690008B196E619A421CD86FF00303AB6103B003
:10F6A000F0BDEA680B686C68164460F31F23A6423D
:10F6B0000B60F1D2AB6820F07F4040F0154043F87A
:10F6C0002200EB680133EB60BCE76FF00304AC6130
:10F6D000E0E7AB6820F07F4040F0154043F82100A0
:10F6E000EB680133EB60ADE7C49C002070B50446C5
:10F6F00040F60800A18EFEF7E7F9E18E40F60C0017
:10F7000001F00F01FEF7E0F9A18C4FF40160FEF764
:10F71000DBF9E18C40F6140001F00F01FEF7D4F99B
:10F72000218F40F61800FEF7CFF9618F40F61C00DC
:10F7300001F00F01FEF7C8F9218D4FF40260FEF7CA
:10F74000C3F9618D40F6240001F00F01FEF7BCF90A
:10F75000A18F40F62800FEF7B7F9E18F40F62C00A4
:10F7600001F00F01FEF7B0F9A18D4FF40360FEF731
:10F77000ABF9E18D40F6340001F00F01FEF7A4F97A
:10F78000B4F8401040F63800FEF79EF9B4F8421085
:10F7900040F63C0001F00F01FEF796F9218E4FF480
:10F7A0000460FEF791F9618E40F6440001F00F010C
:10F7B000FEF78AF9012140F61C20FEF785F9D4E90D
:10F7C0000235D4E9042061689B002D0105F0300565
:10F7D00003F00C032B43960101F00305A169E269D4
:10F7E0002B430002F6B21E43256A00F440738902DF
:10F7F000334301F4406112031943AD0302F4405254
:10F800000A43A9B2114340F60400FEF75DF994F8EB
:10F8100044302168A3F10103B3FA83F35B0943EA9F
:10F8200041014FF40060BDE87040FEF74DB900BFE4
:10F8300070B53C4E3378012B82B0054641D002F0C2
:10F84000FBFF202301A9684601228DF8003003F058
:10F850002FF8082301A968460222ADF8003003F012
:10F8600027F802F0E5FF02F0E7FF6D2301A96846E3
:10F8700001228DF80030002403F01AF801A968462F
:10F8800001228DF8004003F013F8684601A9022216
:10F89000ADF8004003F00CF89DF804009DF8054019
:10F8A00044EA002402F0C4FF4FF6FE712140012D0E
:10F8B00008BF41F001014FF40060FEF705F902B006
:10F8C00070BD746964B131690B78C3B10A1D00233E
:10F8D00002E00878043290B10133A3421146F8D116
:10F8E0004FF40060FDF7C6FC7269F3687168134459
:10F8F0008B42044607D36FF00303B361D4E70C686F
:10F90000C4F31724D0E733690021181F306103F8CE
:10F91000041C53F8041C013264F31F2143F8041C37
:10F920007261C1E7C49C00202DE9F843C44C2378E0
:10F93000012B05463FD04FF42160FDF79BFC0646A6
:10F94000EB7C012B00F030812B7C012B00F09680AA
:10F95000AB7C012B53D0D5E902139B0103F47073E8
:10F9600001F03F0119434FF48160FEF7ADF80A2022
:10F9700002F06EFFD5E9003140F2144043EA810104
:10F98000FEF7A2F8EB7C0BB926F004062B7C0BB932
:10F9900026F00206AB7C0BB926F001064CF61431BA
:10F9A00040F60C20FEF790F831464FF42160BDE898
:10F9B000F843FEF789B866698EB121690B78842B0C
:10F9C00000F090810A1D002303E00878842800F0ED
:10F9D00089810133B342114602F10402F5D14FF49B
:10F9E0002160FDF747FC6269E368616813448B425C
:10F9F0000646C0F07F816FF00303A361A0E74CF6D9
:10FA0000143140F60C2046F00106FEF75DF8314651
:10FA10004FF42160FEF758F86FF003074FF08408A9
:10FA200005E04FF42160FDF725FCC30593D423784E
:10FA3000012BF6D1D4F814C0BCF1000F11D021690C
:10FA40000B78842B00F04A810A1D002303E008781C
:10FA5000842800F0438101339C45114602F10402E1
:10FA6000F5D14FF42160FDF705FC6169E368626838
:10FA70000B449342C0F0E680A761D6E74CF6143100
:10FA800040F60C2046F00206FEF71EF831464FF411
:10FA90002160FEF719F86FF003074FF0840805E0C6
:10FAA0004FF42160FDF7E6FB800527D42378012B76
:10FAB000F6D1D4F814C0BCF1000F11D021690B7835
:10FAC000842B00F003810A1D002303E008788428BA
:10FAD00000F0FC8001339C45114602F10402F5D18F
:10FAE0004FF42160FDF7C6FB6169E36862680B446F
:10FAF0009342C0F0B5808005A761D7D56B7C012B00
:10FB00004FF4826000F0BA80FEF728FA43084700FD
:10FB100007F4007703F480733B43C0B240EA030765
:10FB200047F020014FF48260FDF7CEFF42F2BC00A7
:10FB3000FEF714FA40F0040142F2BC00FDF7C4FFE6
:10FB40006FF003084FF0840906E04FF42160FDF7E1
:10FB500091FB820500F1B3802378012BF5D1D4F815
:10FB600014C0BCF1000F11D021690B78842B00F078
:10FB7000BD800A1D002303E00878842800F0B680C9
:10FB800001339C45114602F10402F5D14FF4216086
:10FB9000FDF770FB6169E36862680B449342C0F053
:10FBA000B880C4F81880D4E74CF6143140F60C2025
:10FBB00046F00406FDF788FF31464FF42160FDF75B
:10FBC00083FF6FF003074FF0840806E04FF42160D5
:10FBD000FDF750FB43053FF5B7AE2378012BF5D178
:10FBE000D4F814C0BCF1000F0FD021690B78842B1E
:10FBF00070D00A1D002302E0087884286AD00133FF
:10FC00009C45114602F10402F6D14FF42160FDF744
:10FC100031FB6169E36862680B44934201D3A761D9
:10FC2000D8E723691A1F226103F8048C53F8042CC7
:10FC3000013160F31F2243F8042C6161CAE700BF61
:10FC4000C49C002023691A1F226103F8048C53F816
:10FC5000042C013160F31F2243F8042C6161E4E6B7
:10FC600023691A1F226103F8048C53F8042C013114
:10FC700060F31F2243F8042C616115E7FEF76EF96B
:10FC80004708430003F4007307F480771F43C0B2B2
:10FC9000074347F020014FF48260FDF715FF42F261
:10FCA000BC00FEF75BF920F0040142F2BC00FDF756
:10FCB0000BFF4FF42160FEF751F98105F9D527F0CC
:10FCC00020014FF48260FDF7FFFE41E60868C0F3B3
:10FCD0001720E9E60868C0F317207BE70868C0F33F
:10FCE0001720A2E60E68C6F3172629E60868C0F3B7
:10FCF00017202EE723698421181F206103F8041CB4
:10FD000053F8041C013266F31F2143F8041C62619E
:10FD100016E623691A1F226103F8049C53F8042C89
:10FD2000013160F31F2243F8042C616111E700BF29
:10FD30002DE9F84FDFF8C88098F80040012840F618
:10FD4000024343F2080043F20C0640F6034517BF96
:10FD500006464FF0030B4FF0020B1D46012C89465F
:10FD600092460ED03046FDF785FABAF1010F0CBF6E
:10FD700049EA000120EA09013046BDE8F84FFDF7E5
:10FD8000A3BED8F814109D420CBF0225032581B1F3
:10FD9000D8F810703B789D421CD03C1D002302E037
:10FDA0003A78954216D001339942274604F104046B
:10FDB000F6D13046FDF75EFAD8F81410D8F80C30BA
:10FDC000D8F804200B44934208D36FF00303C8F81B
:10FDD0001830CAE73868C0F31720C6E7D8F81030E3
:10FDE0001A1FC8F8102003F804BC53F8042C013182
:10FDF00060F31F2243F8042CC8F81410B5E700BFC5
:10FE0000C49C00201E4B1A78012A35D070B582B0F0
:10FE1000044602F011FD01A96846202301228DF855
:10FE2000003002F045FD01A968464FF486630222C6
:10FE3000ADF8003002F03CFD02F0FAFC02F0FCFCF0
:10FE400001A968462D2301228DF80030260E02F00C
:10FE50002FFD250C230A01A9684604228DF80230E3
:10FE60008DF803408DF800608DF8015002F020FD00
:10FE700002F0DEFC02B070BD6FF004029A617047C0
:10FE8000C49C00202DE9F843284E3278002843F224
:10FE9000140540F6044343F2100040F6054419BF30
:10FEA00028464FF005094FF004091C46012A8846F0
:10FEB00008D0FDF7DFF918EA000F14BF0120002079
:10FEC000BDE8F88371699C420CBF0424052479B114
:10FED00035692B789C4217D02A1D002302E02F7829
:10FEE000BC4211D001339942154602F10402F6D109
:10FEF000FDF7C0F97269F368716813448B4207D348
:10FF00006FF00303B361D6E72868C0F31720D2E788
:10FF10003369191F316103F8049C53F8041C013242
:10FF200060F31F2143F8041C7261C4E7C49C0020E5
:10FF30002DE9F041264D2A78002843F2100440F6BE
:10FF4000044343F2140040F6054109BF20464FF038
:10FF500005084FF004081946012A03D0BDE8F04116
:10FF6000FDF788B96F6999420CBF042105217FB163
:10FF70002C692378994218D0221D002302E02678AC
:10FF8000B14212D001339F42144602F10402F6D16D
:10FF9000FDF770F96A69EB68696813448B4209D30D
:10FFA0006FF00303AB61BDE8F0812068C0F3172058
:10FFB000BDE8F0812B69191F296103F8048C53F8FF
:10FFC000041C013260F31F2143F8041C6A61EAE754
:10FFD000C49C002010B5044600202168FDF774FD84
:10FFE00061680420FDF770FDA1680C20FDF76CFD31
:10FFF000E1680820FDF768FD21691420BDE8104084
:020000023000CC
:10000000FDF762BD014642F21810FDF75DBD00BF6D
:10001000F0B57A4C2378012B83B055D002F00CFC5C
:10002000202301A9684601228DF8003002F040FC2F
:1000300041F6214301A968460222ADF8003002F0E2
:1000400037FC02F0F5FB02F0F7FB2D2301A968460F
:1000500001228DF8003002F02BFC002301A9684634
:100060000422009302F024FC02F0E2FB2378012B2F
:1000700056D002F0E1FB01A96846202301228DF849
:10008000003002F015FC01A9684641F62143022226
:10009000ADF8003002F00CFC02F0CAFB02F0CCFB21
:1000A00001A968462D2301228DF8003002F000FCE2
:1000B0004FF0807301A968460422009302F0F8FB18
:1000C00002F0B6FB03B0F0BD63697BB12069027832
:1000D000472A65D0011D002202E00578472D5FD038
:1000E00001329A42084601F10401F6D1E0686168E4
:1000F000C2188A426ED222694725161F266102F86D
:10010000045C52F8045C01336FF31F2542F8045C71
:10011000C2186361914265D86FF00303A361A5E73C
:100120006369E668D4F804C0002B64D0F71820692E
:100130000278472A24D0011D002202E00578472DCD
:100140001ED001329342084601F10401F6D1BC45AC
:100150003CD921694723081F206101F8043C51F86C
:10016000040C0125531965F31F2041F8040C636149
:1001700033449C450BD86FF00303A36103B0F0BD7B
:100180000368012262F31F23BC450360F3D9A3680F
:100190001B4A43F82620E3680133E36003B0F0BD57
:1001A000E6680268D4F804C0F7186FF31F226745A9
:1001B000026013D2A3684FF0474243F82620E66856
:1001C0006369D4F804C00136E660ADE76FF003025E
:1001D000A261CDE76FF00303A3619BE76FF0030219
:1001E000A261A4E7A3684FF0474243F82020E368E8
:1001F0000133E3603AE737461A46A8E7C49C00207B
:10020000010000C770B5002496B03C22214607A823
:10021000CDE9034405948DF8184027F0E4FA03A8CB
:10022000FEF7E8F8032142F22810FDF74DFC2146C5
:1002300042F22010FDF748FC202142F22410FDF785
:1002400043FC032142F2EC00FDF73EFC214642F262
:10025000E400FDF739FC3F4942F21810FDF734FC89
:10026000214642F21C10FDF72FFC3B490B78012B75
:100270002AD002F0E1FA02A901A8202301228DF878
:10028000043002F015FB02A901A841F62143022225
:10029000ADF8043002F00CFB02F0CAFA02F0CCFA1E
:1002A00002A901A82D2301228DF8043002F000FBE1
:1002B0004FF0807302A901A80422019302F0F8FA1A
:1002C00002F0B6FA16B070BD4D697DB10A691378B7
:1002D000472B18BF131D03D124E01078472821D0E5
:1002E0000134AC421A4603F10403F6D1C8684A68E7
:1002F0004319934229D20B6947241E1F0E6103F84C
:10030000044C53F8044C0126354466F31F2443F88B
:10031000044C43194D619A420ED86FF003038B6170
:1003200016B070BDC86813684C680126054466F3B2
:100330001F23A5421360F0D28B68084A43F820209F
:10034000CB680133CB6016B070BD6FF003048C61D5
:10035000E1E700BFE5470A00C49C0020010000C798
:100360002DE9F0413E4E82B08046002520273378AB
:10037000012B05F1010541D002F05EFA012201A92D
:1003800068468DF8007002F093FA04230DEB030128
:1003900002226846ADF8003002F08AFA02F048FA0C
:1003A00002F04AFA6D23012201A968468DF8003057
:1003B000002402F07DFA012201A968468DF8004070
:1003C00002F076FA6846022201A9ADF8004002F078
:1003D0006FFA9DF804009DF8054044EA002402F0FD
:1003E00027FA44F244139C4204D0B8F1000FBEDD5A
:1003F000A845BCD2284602B0BDE8F081746964B15A
:1004000031690B78C3B10A1D002302E00878043279
:1004100090B10133A3421146F8D14FF48060FCF74C
:1004200029FF7169F36872680B449342044607D34D
:100430006FF00303B361D4E70C68C4F31724D0E76B
:1004400033690022181F306103F8042C53F8042C80
:10045000013164F31F2243F8042C7161C1E700BF2E
:10046000C49C002008B502F0EFF9C82002F0F0F9B2
:1004700002F0E6F94FF4FA70BDE8084002F0E8B97E
:100480002DE9F04FB54E2DED028B05460F460FCEF0
:10049000BFB009AC0FC40FCE0FC433682360002D6A
:1004A00000F0AD86D5ED017AF5EE407AF1EE10FA66
:1004B00000F0A1866C69072C00F29D86002F00F0E9
:1004C0009E8617EE900A26F067FB0022A44B26F0CA
:1004D000BBFB3EAB03EB8404064654F8D40C95ED0D
:1004E000038AB8460F4626F035FB02460B463046D7
:1004F000394626F0D3FC26F09FFE9FED9A7A07EE50
:10050000900AF4EEC77AF1EE10FA40F266829FED9F
:10051000967AF4EEC77AF1EE10FA00F262849FED5B
:10052000937A67EE877A4FF0010BFCEEE77A4FF093
:10053000000A17EE906A5E4426FA0BF68C4C40F2E5
:10054000FF722378964228BF1646012B00F099834C
:1005500043F20C00FCF78EFE03902378012B00F091
:100560009C8443F20C00FCF785FE40F0020143F24C
:100570000C00FDF7A9FA2378012B00F0F2824FF46A
:100580000050FCF777FE20F4471121F47F5141F42D
:10059000002141F020014FF40050FDF795FA754B12
:1005A000002705A8CDE90537CDF81D70FDF722FF1E
:1005B000AC460DF1D8095CF8100FDFF8C8E1DCF8A3
:1005C0000410DCF80820DCF80C3095ED027ACDF848
:1005D00098B0A9E80F00DCF81000DCF81410DCF883
:1005E0001820DCF81C309EF800C0CDF89CA04FF01D
:1005F000070ECDF8A0E04FF0010EA9E80F00F4457A
:100600004FF001004FF001014FF400724FF41063FE
:100610004FF00209D5ED007ACDF8A490CDE9220182
:10062000CDE924238DF8A8E08DF8A9E0B5EE407A55
:1006300000F03282F1EE10FA00F03282DFED4E6A05
:100640004E4A67EEA66AB6EE006AC6EE877A77EE85
:10065000867AFCEEE77A17EE907ABA4228BF3A46DD
:10066000002722A8CDE93126CDE93377FEF77AF8C5
:100670002B46DFED437A53F8380F1B979A68596879
:100680001A97B4EEE78AF1EE10FA1CAB07C394BFD9
:1006900001223A461423242018926A6B13930121F5
:1006A0002B6B1290032612A815938DF865701F9777
:1006B000CDE9207714918DF864108DF86610CDE99E
:1006C0001626FEF74FFA2378012B00F025834FF40E
:1006D0000050FCF7CFFD40F4881141F464614FF401
:1006E0000050FDF7F1F92378012B00F058834FF407
:1006F0000050FCF7BFFD40F481414FF40050FDF77E
:10070000E3F9192002F0A4F82378012B00F02583E7
:100710004FF40050FCF7AEFD40F401414FF400509F
:10072000FDF7D2F96FF003062378052706E043F2C0
:100730001400FCF79FFD2378820740D4012BF6D1EB
:10074000D4F814C0BCF1000F2AD021690B78052B16
:1007500000F052810A1D00231CE000BFE8AE050036
:100760000080964000002042000048438FC2A34111
:10077000C49C0020010101000000804CFFFF0F001D
:100780000050C34BBC75002033B3CC420878052819
:1007900000F0328101336345114602F10402F5D1C4
:1007A00043F21400FCF766FD6169E36862680B447C
:1007B0009342C0F0B4818207A6612378BED5012B95
:1007C00000F01E814FF40050FCF754FD20F441412D
:1007D00021F080014FF40050FDF776F9022143F239
:1007E0000400FDF771F92378012B00F0268242F214
:1007F0007800FCF73FFD81462378CDF80090012B6F
:1008000000F0278342F27C00FCF734FD0746237892
:10081000012B3E4600F0868342F2A810FCF72AFD29
:1008200020F4F95121F01F0141F4807141F00101E0
:1008300042F2A810FDF748F92378012B00F0D88187
:100840004FF40050FCF716FD40F481414FF4005086
:10085000FDF73AF9192001F0FBFF2378012B00F096
:10086000A2814FF40050FCF705FD40F401414FF424
:100870000050FDF729F96FF0030A23784FF0050BBC
:1008800006E043F21400FCF7F5FC2378800727D438
:10089000012BF6D1AC4665698DB121690B78052B2A
:1008A00000F0D0800A1D002303E00878052800F03E
:1008B000C98001339D42114602F10402F5D143F291
:1008C00014006546FCF7D6FC6169E36862680B4476
:1008D0009342C0F035818007C4F818A02378D7D59B
:1008E000012B00F0B4804FF40050FCF7C3FC20F45F
:1008F000414121F080014FF40050FDF7E5F802215D
:1009000043F20400FDF7E0F82378012B00F0DE81CC
:1009100042F27800FCF7AEFC83462378012BDA46DE
:1009200000F0DD8242F27C00FCF7A4FC19F4003FE9
:10093000034604D06FEA89326FEA92320092B9031B
:1009400044BF6FEA87366FEA96361BF4003F1CBF40
:100950006FEA8B3A6FEA9A3A820344BF6FEA8033B8
:100960006FEA933307EE103A7642CAF1000AB8EE06
:10097000C76A07EE906A07EE10AAF8EEE77AF8EE7B
:10098000C76A9DED007A6B6CB8EEC77A67EEA75A1E
:1009900027EE865A66EEE77AE7EE075AE7EE067A22
:1009A000A7EE265A87EEA58AC5EE258AD5ED017AEF
:1009B00068EEA78A28EE278A002B73D1039BC8ED27
:1009C000008A13F0020488ED018A00F0988000206C
:1009D0003FB0BDEC028BBDE8F08F1FED957A67EE5E
:1009E000877A4FF0010AFCEEE77AD34617EE906A59
:1009F000564426FA0AF6A1E50B6899057FF5A0AEE4
:100A0000666986B121690B78002B00F0BB820A1D54
:100A1000002304E008780432002800F0B382013398
:100A2000B3421146F6D14FF40050FCF723FC616944
:100A3000E36862680B449342C0F01D836FF00303C8
:100A4000A361C3E60B689D057FF525AF6546D4F825
:100A500014C0BCF1000F10D021690B78002B00F0FE
:100A6000C6820A1D002304E008780432002800F042
:100A7000BE8201339C451146F6D14FF40050FCF77D
:100A8000F9FB6169E36862680B449342C0F0A1839B
:100A90006FF00303A3612AE7F1EE10FA40F0B98189
:100AA0003A46DDE568EE087AE8EEA87A17EE900A95
:100AB00026F072F841EC100B24F01EF851EC100BEC
:100AC00026F0BAFBC8F8000018EE900A26F064F889
:100AD000CDE9000118EE100A26F05EF89DED001B2E
:100AE00041EC100B23F0E8FD51EC100B26F0A4FBB9
:100AF000039BC8F8040013F002047FF468AF43F2CC
:100B00000C00FDF72BFA20F0020143F20C00FCF779
:100B1000DBFF20463FB0BDEC028BBDE8F08F2269C1
:100B20002378A2F1040CC4F810C002F8047C52F837
:100B300004CC013160F31F2C42F804CC6161FBE569
:100B400022692378A2F1040CC4F810C002F804BC96
:100B500052F804CC013160F31F2C42F804CC6161DF
:100B600094E6676987B121690B78002B00F0328227
:100B70000A1D002304E008780432002800F02A82CD
:100B80000133BB421146F6D14FF40050FCF772FB23
:100B90006169E36862680B449342C0F0B7826FF00A
:100BA0000303A361EFE4D4F814C0BCF1000F10D02C
:100BB00021690B78002B00F012820A1D002304E04B
:100BC00008780432002800F00A8201339C4511465F
:100BD000F6D14FF40050FCF74DFB6169E3686268A1
:100BE0000B449342C0F017826FF00303A3613CE60D
:100BF000D4F814C0BCF1000F10D021690B78002B81
:100C000000F0F1810A1D002304E008780432002876
:100C100000F0E981013363451146F6D14FF40050ED
:100C2000FCF728FB6169E36862680B449342C0F0FB
:100C300052826FF00303A36106E663698BB12069FA
:100C400002781E2A00F0C081011D002203E0067810
:100C50001E2E00F0B98101329A42084601F10401CA
:100C6000F5D142F27800FCF705FB6269E368616840
:100C700013448B428146C0F0BE816FF00303A36131
:100C8000BAE5616989B120690378032B00F0978187
:100C9000021D002303E00778032F00F09081013349
:100CA0008B42104602F10402F5D143F20C00FCF72E
:100CB000E1FA6269E3686168039013448B42074676
:100CC000C0F034826FF00303A36146E4616999B117
:100CD000206903781E2B00F06D81021D002305E0C2
:100CE00090F800C0BCF11E0F00F0648101339942FE
:100CF000104602F10402F3D142F27800FCF7BAFA8E
:100D00006169E36862680B4493428346C0F0A48142
:100D10006FF00303A36100E6606978B1226913787C
:100D2000002B00F04281131D04E0117804330029E8
:100D300000F03B81013787421A46F6D14FF400504C
:100D4000FCF798FA6169E36862680B449342C0F06B
:100D500073816FF00303A361BDE4666986B1216905
:100D60000B78002B00F01C810A1D002304E008789A
:100D70000432002800F014810133B3421146F6D149
:100D80004FF40050FCF776FA6169E36862680B443F
:100D90009342C0F090816FF00303A361BCE46669E5
:100DA00086B121690B78002B00F0F5800A1D002325
:100DB00004E008780432002800F0ED800133B342EB
:100DC0001146F6D14FF40050FCF754FA6169E3681C
:100DD00062680B449342C0F05E816FF00303A3612D
:100DE00089E49FEDC67AF4EEC77AF1EE10FA21D8C5
:100DF0009FEDC37A67EE877A4FF0010AFCEEE77A3F
:100E00004FF0000B17EE906A564426FA0AF6FFF7E9
:100E100095BBDFEDBC6A67EEA66AB6EE006AC6EE69
:100E2000877A6FF07F4277EE867AFCEEE77A17EEEC
:100E3000907A12E49FEDB47A67EE877A4FF0000A59
:100E4000FCEEE77AD34617EE906A01367608FFF794
:100E500075BB63698BB1206902781F2A00F0968008
:100E6000011D002203E006781F2E00F08F80013262
:100E70009A42084601F10401F5D142F27C00FCF7E8
:100E8000F9F96169E36862680B4493420746C0F070
:100E90005D816FF00303A361B9E4616979B12069F1
:100EA0000378032B65D0021D002302E00778032F8F
:100EB0005FD001338B42104602F10402F6D143F2B7
:100EC0000C00FCF7D7F96269E36867681344BB421A
:100ED000C0F04C816FF00303A361FFF746BB61696B
:100EE00089B1206903781F2B48D0021D002304E03C
:100EF00090F800C0BCF11F0F40D00133994210465A
:100F000002F10402F4D142F27C00FCF7B3F961690A
:100F1000E36862680B449342C0F038816FF00303CA
:100F2000A36103E563698BB1206902786A2A1CD04A
:100F3000011D002204E090F800C0BCF16A0F14D03B
:100F400001329A42084601F10401F4D142F2A8109C
:100F5000FCF790F96169E36862680B449342C0F062
:100F600026816FF00303A3615AE40068C0F31720E1
:100F700056E40068C0F31720FFF7F7BA0068C0F323
:100F80001720D3E40868C0F317201FE40768C7F3ED
:100F900017273E46C8E70868C0F31720FFF7ABBB2A
:100FA0000868C0F31720FFF7B7BB1068C0F317201D
:100FB000FFF791BB0368C3F3172BDA4691E7036889
:100FC000C3F3172303936AE70268C2F31729CDF826
:100FD000009040E70868C0F31720FFF7D4BA08680C
:100FE000C0F3172041E40868C0F317202CE4086818
:100FF000C0F317207BE423691E21181F206103F82A
:10100000041C53F8041C013269F31F2143F8041C2B
:101010006261FFF7F1BB22690023A2F1040CC4F85E
:1010200010C002F8043C52F8043C013160F31F2365
:1010300042F8043C616118E4236900221E1F266106
:1010400003F8042C53F8042C013160F31F2243F8F9
:10105000042C6161FFF73FBB22691E23101F206132
:1010600002F8043C52F8040C01316BF31F2042F8E3
:10107000040C616151E4236900221E1F266103F8FC
:10108000042C53F8042C013160F31F2243F8042C84
:101090006161FFF79BBB236900221E1F266103F8D5
:1010A000042C53F8042C013160F31F2243F8042C64
:1010B0006161FFF720BB236900221E1F266103F830
:1010C000042C53F8042C013160F31F2243F8042C44
:1010D0006161FFF721BB22690023A2F1040CC4F86F
:1010E00010C002F8043C52F8043C013160F31F23A5
:1010F00042F8043C6161FFF7A7BB00BF0000A043BA
:1011000033B34C410000804E8FC22340236900223C
:101110001F1F276103F8042C53F8042C013160F3DE
:101120001F2243F8042C6161FFF72DBA23690321C4
:10113000181F206103F8041C53F8041C013267F3E4
:101140001F2143F8041C6261FFF707BA22691F23BD
:10115000101F206102F8043C52F8040C013167F3BF
:101160001F2042F8040C6161FFF751BB2369032182
:101170001F1F276103F8041C53F8041C013260F39D
:101180001F2143F8041C6261FFF7EFB923694FF098
:101190001F0C1A1F226103F804CC53F8042C0131F0
:1011A00060F31F2243F8042C6161FFF7BFBB226983
:1011B0006A23A2F1040CC4F810C002F8043C52F8EF
:1011C000043C013160F31F2342F8043C6161FFF7E6
:1011D00027BB22690023A2F1040CC4F810C002F856
:1011E000043C52F8043C013160F31F2342F8043CF4
:1011F0006161FFF77CBB6FF00100FFF7E9BB6FF0A7
:101200000200FFF7E5BB00BF2DE9F04F2DED048B89
:10121000564EE5B06C2204460F462DA8544926F0E0
:10122000BEFA0FCE09AD0FC533682B60002C00F05D
:10123000E88494ED018AB5EE408AF1EE10FA00F0F0
:10124000DD84A3695A1E192A00F2D884002F00F009
:10125000D88464AA02EB830318EE100A53F8DC6CFE
:10126000D4ED039AD4ED008A25F096FC0022414B80
:1012700025F0EAFC80463046894625F06BFC0B469B
:1012800002464946404625F009FE25F0D5FFDFED30
:101290003A7A9FED3A7ADFED3A6A9FED3A5A06EED6
:1012A000100A66EE277A40F21653FCEEE77A78EEE3
:1012B000266A17EE905A01356D089D4228BF1D46DB
:1012C00007EE905AB8EEE76A07EE906A26EE076AD4
:1012D000F8EE677A86EE267AF2EE025A27EE277A41
:1012E000C7EE276A26EE888AC5EE087AF4EEE57A1C
:1012F000F1EE10FA24DBDFF890904FF00408DFEDF8
:10130000216AC6EE877AB2EE027AF4EEC77AF1EE7F
:1013100010FA3DDAB1EE007AF4EEC77AF1EE10FA87
:1013200080F23484B0EE007AF4EEC77AF1EE10FA6F
:10133000C0F243844FF4003302934FF0020A2CE0D2
:10134000F1EE006AF4EEE67AF1EE10FA80F218841B
:10135000F0EE006AF4EEE67AF1EE10FAC0F21C84C8
:10136000DFF828904FF00208C9E700BF78AF05000A
:101370000CAF0500000099404532EE3F441F7A3F14
:101380000000C84200803B452414040024140200DD
:101390004FF4802302934FF0040A09AB03EB8A0257
:1013A0004FF4005003EB880392ED008A93ED009A0E
:1013B000FCF7D4FD049043F20C00FCF7CFFD019044
:1013C00043F20C00FCF7CAFD40F0060143F20C00AA
:1013D000FCF77AFB4FF0FF3143F20400FCF774FB9B
:1013E0004FF40050FCF7BAFD20F4471121F47F516F
:1013F00041F4002141F020014FF400500126FCF798
:1014000063FB4FF0000BC64BC64A4A9648A8499367
:1014100048928DF82CB1FCF7EDFF594640221DA8EB
:1014200026F0E1F92246DFEDC07A52F8280F8DF858
:101430009060F4EEE79AF1EE10FA4FF00303516872
:10144000926822930DF19C0C94BF33465B46ACE846
:1014500007002393D4E908231DA88DF892602193F7
:101460002092FDF77FFB5946282213A826F0BBF9EE
:10147000236994F814C0AD481693B3EB0B0118BF61
:101480000121A3690F96B4454FF01102CDE9106612
:101490008DF851608DF870608DF871600E9114BFF9
:1014A0004FF4A0764FF4B0760421CDF8520012929A
:1014B0000EA8E2691B96CDE918131A92FDF708FBF6
:1014C0009DF870309DF871201A9917985B450BBFF5
:1014D00002235B46032601265A4518BF1E46DDE956
:1014E0001832042918BF46EAC1064FEA832141EAAF
:1014F0004211169A08BF46F0040641EA40313143D2
:10150000002A00F0278242F2E800FCF7DDFA1B997E
:1015100042F2E000FCF7D8FA502200214CA826F055
:1015200062F92369002B40F0078201221F235C929D
:1015300005225E9361920B236392FF224E92609389
:1015400062934122F5EE408A01264FF400734FF476
:10155000106BF1EE10FA489249964A93CDF82CB1EF
:1015600000F01682724B94ED027A1B785895012B8D
:10157000D4ED007AB5EE407A00F0F681F1EE10FA83
:1015800000F0F681DFED6B6A6B4A67EEA66AB6EE95
:10159000006AC6EE877A77EE867AFCEEE77A17EE77
:1015A000903A934228BF1346022548A857934F9577
:1015B000FDF7D8F8294643F20400FCF785FA4FF40A
:1015C0004060FCF735FB642001F042F9142224232B
:1015D000494642F2A810CDE91E281D93FCF774FA83
:1015E0004FF48140FCF724FB192001F031F94FF44E
:1015F0000140FCF71DFBDFF844B16FF00305052641
:1016000005E043F21400FBF735FE83072DD49BF869
:101610000030012BF5D1DBF814C0BCF1000F12D063
:10162000DBF810100B78052B00F041810A1D002318
:1016300003E00878052800F03A8101339C45114603
:1016400002F10402F5D143F21400FBF713FEDBF8BC
:101650001410DBF80C30DBF804200B449342C0F08C
:101660006B828307CBF81850D1D54FF40050FCF7AC
:1016700075FC20F4414121F080014FF40050FCF74B
:1016800023FA022143F20400FCF71EFA42F278002A
:10169000FCF764FC814642F27C00FCF75FFC2369A6
:1016A000029ACDF87CA0002B15BF222321234FF4F2
:1016B00040714FF4007141EA030114BF0325022574
:1016C0001143804642F2A810CDE91D35FCF7FCF924
:1016D0004FF48140FCF7ACFA192001F0B9F84FF44F
:1016E0000140FCF7A5FA4E4645466FF0030A05E0B7
:1016F00043F21400FBF7BEFD80073DD49BF8003099
:10170000012BF5D1DBF814C0BCF1000F22D0DBF8BF
:1017100010100B78052B00F0C6800A1D002313E083
:1017200000010100010101000050C34B000820002E
:10173000BC7500200000804CFFFF0F00C49C0020FF
:101740000878052800F0AF8001339C45114602F16E
:101750000402F5D143F21400FBF78CFDDBF8141002
:10176000DBF80C30DBF804200B449342C0F0F58129
:101770008007CBF818A0C1D54FF40050FCF7EEFB62
:1017800020F4414121F080014FF40050FCF79CF916
:10179000022143F20400FCF797F942F27800FCF7CB
:1017A000DDFB824642F27C00FCF7D8FB19F4003FD7
:1017B0001CBF6FEA89366FEA963618F4003F1CBFEB
:1017C0006FEA88356FEA95351AF4003F53461CBF1F
:1017D0006FEA8A336FEA93336D4207EE103A07EEF1
:1017E000905AB8EEC76AF8EEE77A07EE106A8103FE
:1017F00067EEA75A26EE275AB8EEC77A00F1BA80EC
:10180000404206EE900AF8EEE66A96EE875A66EED9
:10181000A77AF0EE656AE7EE067A636BE7EE076A91
:1018200094ED016A86EE087AC7EEA68A85EE268ACE
:1018300067EE097A68EEA78A28EE278A002B3AD14C
:10184000019BC7ED008A9A0787ED018A5CD55B078B
:1018500067D5002404994FF40050FCF735F9214670
:1018600042F25010489449944A944B94FCF72CF956
:10187000499942F25810FCF727F94A9942F254105C
:10188000FCF722F94B9942F25C10FCF71DF942F289
:101890000C004FF48031FCF717F9204665B0BDEC21
:1018A000048BBDE8F08F0868C0F3172024E70868B0
:1018B000C0F31720A9E668EE087AE8EEA87A17EEDA
:1018C000900A25F069F941EC100B23F015F951EC61
:1018D000100B25F0B1FC386018EE900A25F05CF989
:1018E000CDE9020118EE100A25F056F99DED021B14
:1018F00041EC100B22F0E0FE51EC100B25F09CFCAB
:10190000019B78609A07A2D443F20C00FCF726FBF7
:1019100020F0020143F20C00FCF7D6F8019B5B07B4
:1019200097D443F20C00FCF719FB20F0040143F2BA
:101930000C00FCF7C9F88CE702221F235C920522F9
:101940005E9361920B236392FF224E9260936293A7
:101950008122F7E542F2EC00FCF7B6F81B9942F25F
:10196000E400FCF7B1F8D7E5F1EE10FA40F035816C
:10197000002319E66FEA80306FEA9030404206EEAD
:10198000900AF8EEE66A96EE875A66EEA77A40E786
:101990004FF0FF3248A8089205935B95FCF7E2FEF2
:1019A00005F5006142F24800FCF78EF84FF49940CB
:1019B000FCF73EF9059B4A93314642F250100793DB
:1019C00048964996CDF82CB1FCF77EF8499942F239
:1019D0005810FCF779F84A9942F25410FCF774F861
:1019E0004B9942F25C10FCF76FF84FF4803142F2F1
:1019F0000C00FCF769F84FF47A7000F029FF14220C
:101A00002423494642F2A810CDE91E2806921D93D0
:101A1000FCF75AF8322000F01BFF08A8FCF786F903
:101A20002169029B0590002915BF222021204FF437
:101A300040714FF4007141EA000114BF03250225F3
:101A400019431D9042F2A8101E95CDF87CA0FCF71A
:101A50003BF8322000F0FCFE08A8FCF767F921698A
:101A60004996002914BF81264126079B4A93314697
:101A7000054642F250104896CDF82CB1FCF724F8F8
:101A8000499942F25810FCF71FF84A9942F2541053
:101A9000FCF71AF84B9942F25C10FCF715F84FF47A
:101AA000803142F20C00FCF70FF84FF47A7000F02E
:101AB000CFFE24264946069A1E9242F2A8101D9691
:101AC000CDF87C80FCF700F8322000F0C1FE08A8B9
:101AD000FCF72CF92369029A059ECDF87CA0002B17
:101AE00015BF222321234FF440714FF4007141EAC6
:101AF000030141EA0201A0EB060614BF0322022201
:101B000042F2A810CDE91D32FBF7DEFF322000F0D3
:101B10009FFE08A8FCF70AF907EE906A401B9FEDAC
:101B20003A5AB8EEE77A07EE900AF0EE455AB8EE68
:101B3000E76AF0EE457A6CE6DBF810301A1FCBF856
:101B4000102003F8046C53F8042C013160F31F22B9
:101B500043F8042CCBF8141057E5DBF810301A1FAB
:101B6000CBF810204FF0050203F8042C53F8042C96
:101B7000013160F31F2243F8042CCBF81410BBE5AD
:101B8000DFF88C904FF00308FFF7B9BB4FF44033F8
:101B900002934FF0030A00E4F7EE086AF4EEE67AE7
:101BA000F1EE10FAACBF4FF001084FF0000841F21F
:101BB000244949EA0849FFF7A2BBB7EE087AF4EED8
:101BC000C77AF1EE10FAACBF4FF0010A4FF0000AED
:101BD0004FEA0A430293FFF7E0BBDFED0C6A67EEC2
:101BE000A66AB6EE006AC6EE877A6FF07F4277EE9D
:101BF000867AFCEEE77A17EE903AD2E46FF00100B5
:101C00004CE66FF0020049E6000000000000804E44
:101C100024140300002800F00085002900F0FD8452
:101C200090ED017AF7EE007AB4EEE77AF1EE10FA71
:101C300000F14F842DE9F04FC84E2DED028B327824
:101C400095B0012A0446009100F0388142F2D81084
:101C5000FBF710FB3278012A00F0070700F05181F2
:101C600042F20400FBF706FB3278012A00F001097A
:101C7000C0F3072500F0688143F20C00FBF7FAFA85
:101C800080463278012A00F0888143F20C00FBF78D
:101C9000F1FA40F4004143F20C00FBF715FF4FF05E
:101CA000FF3143F20400FBF70FFF3278012A00F006
:101CB000DF8042F20800FBF7DDFA8246002142F2A3
:101CC0000800FBF701FF3278012A00F0AB8042F2F6
:101CD000D810FBF7CFFA20F03F0141F0090142F2A2
:101CE000D810FBF7F1FE012142F20400FBF7ECFEF5
:101CF000514642F20800FBF7E7FED4F800A042F29A
:101D0000CC104AF48031FBF7DFFE514642F2D4108A
:101D1000FBF7DAFE6FF0004142F27000FBF7D4FEF1
:101D2000226802F1010A4AF4803142F2E810FBF71E
:101D3000CBFE514642F2D410FBF7C6FE4FF00141F4
:101D400042F27000FBF7C0FE94ED017ADFED847A79
:101D5000B6EE008AA7EE278A01224FF0000A04207F
:101D6000BCEEC88ACDE903A218EE103A591F0B91B8
:101D7000029203214FF0FF320F9002A80C921091B3
:101D80008DF84CA0FDF7B2FC4FF4004143F2040083
:101D9000FBF79AFE3278012A00F045834FF4006089
:101DA000FBF768FA4FF6FE71014041F001014FF474
:101DB0000060FBF789FE3278012A6FF0030A4FF0CA
:101DC000050B09D043F21400FBF754FA32780104F2
:101DD00000F14E81012AF5D1D6F814C0BCF1000FF4
:101DE00011D031690B78052B00F0FB800A1D002310
:101DF00003E00878052800F0F48001339C45114683
:101E000002F10402F5D143F21400FBF733FA7169D1
:101E1000F36872680B449342C0F0CF81C6F818A0F3
:101E20003278D4E773699BB130690278762A00F082
:101E30001B81011D002205E090F800C0BCF1760F67
:101E400000F0128101329A42084601F10401F3D1F7
:101E500042F2D810FBF70EFAD6F814C0F268716897
:101E600062448A42C0F0F7816FF00302B26132E748
:101E700073699BB130690278022A00F0ED80011D80
:101E8000002205E090F800C0BCF1020F00F0E480F1
:101E900001329A42084601F10401F3D142F20800EE
:101EA000FBF7E8F9F26871688246706902448A4279
:101EB000C0F0A3816FF00302B261FFE672698AB1DC
:101EC00035692978762900F0CB80281D002103E0B0
:101ED0002B78762B00F0C48001319142054600F149
:101EE0000400F5D142F2D810FBF7C4F97169F26829
:101EF00075680A44AA42C0F09F816FF00302B26184
:101F0000A8E672698AB135692978012900F09880BC
:101F1000281D002103E02B78012B00F09180013176
:101F20009142054600F10400F5D142F20400FBF7AE
:101F3000A1F97569F26871682A448A42C0F09B81F0
:101F40006FF00302B2618FE67269B2B1336919783A
:101F500003297DD0181D002109E000BFC49C00208A
:101F60000000004293F800C0BCF1030F70D00131B3
:101F70009142034600F10400F4D143F20C00FBF758
:101F800079F9F26871688046706902448A42C0F04B
:101F900025816FF00302B26173E672698AB1336919
:101FA0001978032948D0181D002104E093F800C0D7
:101FB000BCF1030F40D001319142034600F104000F
:101FC000F4D143F20C00FBF755F9D6F814C0F268CF
:101FD000716862448A42C0F01F816FF00302B261EF
:101FE00057E60B6818027FF5F7AE706998B1336950
:101FF0001A781A2A00F07482191D002205E093F85D
:1020000000C0BCF11A0F00F06B82013290420B4607
:1020100001F10401F3D142F26800FBF72BF9F268F9
:10202000019084467069716802448A42C0F0088356
:102030006FF00302B26122E01868C0F3172028E6AF
:102040002D68C5F3172505F00109C5F307257DE7C0
:102050001968C1F31728A2E70268C2F3172A2DE610
:102060002F68C7F302274EE70068C0F3172032E657
:10207000012ABAD042F26800FBF7FCF801903278EE
:10208000012A00F002824FF40060FBF7F3F84FF6EC
:10209000FE7101404FF40060FBF716FD042140F68D
:1020A0000800FBF711FD002140F60C00FBF70CFDCA
:1020B00004214FF40160FBF707FD002140F61400F6
:1020C000FBF702FDD4F800A00AF1010B4BF400313C
:1020D00042F2E810FBF7F8FC594642F2D410FBF745
:1020E000F3FC6FF0004142F27000FBF7EDFC0AF1E7
:1020F000020142F2D410FBF7E7FC4FF0014142F23B
:102100007000FBF7E1FC3278012A00F0148242F201
:102110000400FBF7AFF840F0010142F20400FBF7C6
:10212000D3FC4FF4004143F20400FBF7CDFC3278BE
:10213000012A00F0AF804FF40060FBF79BF84FF6E8
:10214000FE71014041F001014FF40060FBF7BCFC5F
:102150006FF0030A32784FF0050B07E043F21400EA
:10216000FBF788F83278030400F15481012AF5D195
:10217000A44674698CB131690B78052B00F0AE80F0
:102180000A1D002303E00878052800F0A78001332A
:102190009C42114602F10402F5D143F21400644658
:1021A000FBF768F87169F36872680B449342C0F0FA
:1021B0005B81C6F818A03278D5E733693278A3F18D
:1021C000040CC6F810C003F804BC53F804CC013169
:1021D00060F31F2C43F804CC7161F8E532690321E8
:1021E000131F336102F8041C52F8041C013068F319
:1021F0001F2142F8041C706143E532690221131F5C
:10220000336102F8041C52F8041C01306AF31F21E8
:1022100042F8041C706151E5316903220B1F3361E0
:1022200001F8042C51F8043C0CF1010260F31F2367
:1022300041F8043C72612CE532697625171F37613D
:1022400002F8045C52F8045C013160F31F2542F887
:10225000045C7161FEE4316976220B1F336101F881
:10226000042C51F8043C0CF1010260F31F2341F8E7
:10227000043C72612FE532690121131F336102F8BA
:10228000041C52F8041C013560F31F2142F8041CA1
:102290007561E9E473698BB130690278002A00F056
:1022A0003682011D00229C4604E003780431002B95
:1022B00000F02D82013294450846F6D14FF40060BB
:1022C000FAF7D8FFD6F814C0F268716862448A42FF
:1022D000C0F06E826FF00302B26130E70B681A0241
:1022E0007FF547AF644672699AB1336919781A2944
:1022F00000F01182181D002105E093F800C0BCF128
:102300001A0F00F0088201318A42034600F10400EE
:10231000F3D142F26800FAF7ADFFF26871688246C5
:10232000706902448A42C0F024826FF00302B261F5
:102330003278012A00F0C48143F21000FAF79AFFC4
:102340003278012A00F09C814FF40060FAF792FF86
:102350004FF6FE7101404FF40060FBF7B5FB327899
:10236000012A00F0C28042F20800FAF783FF834698
:10237000002142F20800FBF7A7FB3278012A00F0A7
:10238000268142F2D810FAF775FF20F03F0147F09E
:102390000807394342F2D810FBF796FB49EA0521BA
:1023A00042F20400FBF790FB594642F20800FBF7AB
:1023B0008BFB3278012AC8F3C03500F0E28043F28B
:1023C0000C00FAF757FF002D40F0FE8020F400418A
:1023D00043F20C00FBF778FB4FF4004143F204009A
:1023E000FBF772FB019BD4ED027AB8EE488AAAEBA8
:1023F000030A28EE278A07EE90AAF8EE677A009B78
:1024000088EE277A002083ED007A15B0BDEC028BB0
:10241000BDE8F08F012A3FF466AF42F26800FAF798
:1024200029FF824684E7736973B131690A78002A0B
:1024300052D00A1D03E00878043200284CD00AF17B
:10244000010A53451146F6D14FF40060FAF712FF26
:10245000D6F814C0F268716862448A42C0F0FF8006
:102460006FF00302B2619DE433693278A3F1040C8A
:10247000C6F810C003F804BC53F804CC013160F373
:102480001F2C43F804CC71616DE6706968B1336943
:102490001A78D2B1191D0022844602E0187804315E
:1024A00098B1013262450B46F8D14FF40060FAF75B
:1024B000E1FED6F814C0F268716862448A42C0F046
:1024C000AF806FF00302B261E1E51868C0F3172036
:1024D000DDE56FF0010070470868C0F3172061E484
:1024E0001A68C2F317230193D1E773699BB130696E
:1024F0000278022A00F01381011D002205E090F805
:1025000000C0BCF1020F00F00A8101329A42084675
:1025100001F10401F3D142F20800FAF7ABFEF268D0
:1025200071688346706902448A42C0F013816FF07B
:102530000302B2611CE773699BB130690278012A1A
:1025400000F0F180011D002205E090F800C0BCF110
:10255000010F00F0E88001329A42084601F10401BF
:10256000F3D142F20400FAF785FED6F814E0F268DF
:10257000716872448A42C0F0DE806FF00302B2617B
:10258000C9E573698BB130690278032A00F0BB801A
:10259000011D002203E00778032F00F0B480013210
:1025A0009342084601F10401F5D143F20C00FAF719
:1025B00061FE7169F26877680A44BA42C0F0188116
:1025C0006FF00302B261FEE640F4004100E7736978
:1025D0009BB130690278762A00F0A980011D0022A3
:1025E00005E090F800C0BCF1760F00F0A080013249
:1025F0009342084601F10401F3D142F2D810FAF7F0
:1026000039FED6F814C0F268716862448A42C0F09C
:10261000FE806FF00302B261B7E66FF00200704710
:10262000316900220B1F336101F8042C51F8043C7E
:102630000CF1010260F31F2341F8043C726126E5AE
:1026400032691A21131F336102F8041C52F8041C6A
:1026500001306CF31F2142F8041C70610FE53169F1
:1026600000220B1F336101F8042C51F8043C0CF1DB
:10267000010260F31F2341F8043C7261FFF792BB33
:10268000726972B133691978002938D0181D002198
:10269000944602E01A7804308AB30131614503465A
:1026A000F8D14FF40060FAF7E5FDD6F814C0F268EF
:1026B000716862448A426BD36FF00302B26147E6ED
:1026C00072696AB1306901780429DBD004300021D5
:1026D00003E010F8043B042BD4D001319142F8D12F
:1026E00043F21000FAF7C6FDD6F814C0F26871681C
:1026F00062448A426CD36FF00302B26120E618682C
:10270000C0F3172024E60068C0F317205BE60068DA
:10271000C0F3172013E51968C1F3172AD2E702683E
:10272000C2F3172B24E60068C0F31720F3E4006817
:10273000C0F3172029E633690122191F316103F81C
:10274000042C53F8041C724460F31F2143F8041C4A
:102750007261E0E4316902220B1F336101F8042C3D
:1027600051F8043C01306BF31F2341F8043C7061C5
:10277000FEE531691A220B1F336101F8042C51F870
:10278000043C01306AF31F2341F8043C7061CFE53B
:10279000316900220B1F336101F8042C51F8043C0D
:1027A0000CF1010260F31F2341F8043C7261CFE594
:1027B000316900220B1F336101F8042C51F8043CED
:1027C0000CF1010260F31F2341F8043C7261B6E48E
:1027D000316904220B1F336101F8042C51F8043CC9
:1027E0000CF1010260F31F2341F8043C7261A7E57C
:1027F00032690327131F336102F8047C52F8047C0A
:10280000013160F31F2742F8047C7161DBE5316917
:1028100076220B1F336101F8042C51F8043C0CF1B3
:10282000010260F31F2341F8043C7261ADE500BF73
:1028300001210E201DF0A0B800210E201DF09CB833
:10284000012112201DF098B8002112201DF094B82B
:1028500040F26563984208D800EB800043001FD027
:10286000104BC00143F00103184710B50E4C0F4B3D
:10287000A4FB0024A4094FF47A7202FB1404001B89
:10288000A3FB0030400904EB840418F0BBFD630097
:1028900007D0044BE00143F00103BDE810401847A6
:1028A000704710BDB0AF0500D34D62101F85EB51CE
:1028B000F8B50D4B164604460D460C4893E8060045
:1028C0000BF092FE56B1094F264414F8011B38460E
:1028D0000BF0F4FEB44205F8010BF6D10348BDE855
:1028E000F8400BF0E5BE00BFC07500204076002028
:1028F00008B50A480BF02CFE01210E201CF0B8FF91
:10290000012112201CF0B4FF01210E201DF034F82B
:1029100001211220BDE808401DF02EB840760020AD
:1029200008B504480BF058FE03211820BDE8084004
:102930001CF09EBF4076002010B5042104460F20F5
:102940001CF096FF214603220F20BDE8104018F02E
:1029500059B800BF0F2018F05FB900BF034B044AFD
:102960001A600121002259711A717047C075002048
:1029700000127A00032838D810B58AB004461C49E2
:1029800001A818F0E5F901A904A818F007FA2146F2
:1029900004A818F00DFC014607A818F0FFF907A9D4
:1029A000144817F09FFE1348F3F7E0FC07A818F04F
:1029B000E9FA04A818F0E6FA01A818F0E3FA0121F0
:1029C00023201CF0D9FF0C4B1C5D252004F00101D5
:1029D0001CF0D2FF04F0020122201CF0CDFF0520E4
:1029E00018F010FD00200AB010BD4FF0FF30704706
:1029F0008CAF050098630020A4AF050010B586B029
:102A00000123002401A80594CDE90144CDE9033355
:102A10008DF814308DF81630FCF786FF204606B08E
:102A200010BD00BF10B586B00223042201A8002407
:102A3000CDE90143CDE903330592FCF739FA01A84A
:102A400001238DF80430FCF733FA204606B010BDA0
:102A500010B584B000240190012301A8CDE90244FF
:102A60008DF80B30FCF708FB204604B010BD00BF0A
:102A700008B5014601220020FDF75AF94FF0FF305A
:102A8000FDF7C0F9012210464FF0FF31FDF750F974
:102A90004FF0FF30FDF7B6F9002008BD10B586B045
:102AA000002401A804226323049401940594CDE931
:102AB0000232FDF78FFA204606B010BD10B584B083
:102AC000064A074B02920146002401A80393019491
:102AD000FFF7A0F8204604B010BD00BF00007A4404
:102AE0000024744B30B52DED048B8FB005460C4699
:102AF00068463821B0EE408AB0EE609AF0EE418A26
:102B0000FAF712FFDFED117A8DED029A68EE277A5F
:102B1000002301222146684609248DED038ACDED6C
:102B2000018A0695CDED007A049309930B930793E0
:102B30008DF814300D9208928DF830200A94FEF72B
:102B400063FB0FB0BDEC048B30BD00BFE9A28B3737
:102B500030B585B001248DF8050000256846CDF814
:102B600006508DF804208DF803308DF80040CDF824
:102B700009508DF806108DF802408DF80140FBF7E2
:102B800039FC05B030BD00BF2DE9F0432DED028BBF
:102B900093B03C220546884603A80021F0EE418A06
:102BA000B0EE618ACDED000A8DED010A24F01BFE26
:102BB0009DED010A142210EE100A012307928DF8F0
:102BC000253023F0E9FF0022334B23F085FE2EA3AE
:102BD000D3E9002324F038F824F00EFB1FFA80F923
:102BE0004FEA891984B24846ADF8284023F0C2FF65
:102BF000DDED000A064610EE900A0F4623F0CCFFEA
:102C000023A3D3E9002324F01FF80B4602463946DC
:102C1000304623F061FE24F0C7FA83B29945184686
:102C2000C4BF03F1FF3080B2B0F5805F28BF40F62B
:102C3000FF73ADF8260028BFADF826303F2C88BFC3
:102C40003F23FCEEE88ABCEEC88A88BFADF8283086
:102C50000123CDED0C8A8DED0D8A8DF844308DF871
:102C600045305DB9CDF83880342303A81093FBF7C5
:102C7000B3FE13B0BDEC028BBDE8F0834FF40D73CF
:102C8000F3E700BFAFF30080CA1DA0DC01CA9D3F7F
:102C9000C853823C25C8FD3F00006940F0B591B0A3
:102CA00004460F4616460021242207A81D4624F09C
:102CB0009AFD01220321169B02966846CDE9007415
:102CC00004950393CDE905128DF81C208DF81E2084
:102CD000FBF748FF11B0F0BD704700BF244838B57E
:102CE0004FF4E1310446F3F759FC18F07FFB054639
:102CF00009E018F07BFB401BB0F5FA6F4FF00A00BB
:102D000006D218F07FFB2046F3F766FC0028F0D0CF
:102D10001748F3F761FC18B14FF47A7018F072FBA2
:102D20001449134817F0F0FC1148F3F71FFB124940
:102D30000F4817F0E9FC0E48F3F718FB1CF002FAF5
:102D40000BF064FB00F0F8F90BF0ACFAF9F718F8A7
:102D5000F9F790FB00F0DAFA0849054817F0D4FCBF
:102D60000348F3F703FBBDE838401BF00DBB00BF81
:102D700098630020B8AF0500D0AF0500E0AF0500B4
:102D800010B5144C17E01C201CF072FD01211C2012
:102D90001CF0F2FD332101201AF014FC014688B921
:102DA0001C201CF0E9FD1C2000F0C8F82146012081
:102DB0001AF008FC30B9002101201AF003FC0121AF
:102DC0000028E0D00023044A1846BDE810401360F4
:102DD00019F0C4BDCCAF0400C875002030B5244C38
:102DE000206883B0A0B10023194602221AF0BEFC6D
:102DF00019F08AFF054607E01AF0B2F819F084FFCF
:102E0000401BB0F5806F16D823680120002BF3D14A
:102E10000023CDE900344FF400721649164819F02A
:102E200023FD012805D01549154817F041FC154927
:102E300014E003B030BD1449114817F039FC1349B0
:102E40000F4817F061FC0E48F3F790FA2368002B47
:102E5000DED00A490A4817F02BFC0D49084817F044
:102E600053FC074803B0BDE83040F3F77FBA00BF1A
:102E7000C875002074B00500812D030058A9050015
:102E80009863002050B00500B4A8050004B0050008
:102E900028B005003FDF704712DF704708B50121F9
:102EA0001C201CF0E5FC002114201CF0E1FC012199
:102EB0000D201CF0DDFC012108201CF0D9FC0121B3
:102EC0001D201CF0D5FC012109201CF0D1FC0121A2
:102ED0000B201CF0CDFC012123201CF0C9FC01219A
:102EE00025201CF0C5FC012122201CF0C1FC012181
:102EF0000A201CF0BDFC012106201CF0B9FC0021B9
:102F000015201CF0B5FC00210F201CF0B1FC0021A5
:102F100010201CF0ADFC002111201CF0A9FC0021A8
:102F200005201CF0A5FC012112201CF0A1FC0121B0
:102F30000E20BDE808401CF09BBC00BF074B53F8B7
:102F400020301F2B86BF03F01F03054A4FF0A0421D
:102F500003F5E073022142F82310704768C80500AA
:102F6000000300500D4B53F820301F2B86BF03F099
:102F70001F030B4A4FF0A042012908D0022903F594
:102F8000E0730CBF0421002142F82310704703F5C1
:102F9000E0730C2142F82310704700BF68C8050099
:102FA0000003005010B5012104461D201CF0E4FC74
:102FB000002109201CF0E0FC01210B201CF0DCFCAE
:102FC000012123201CF0D8FC2046FFF7D3FC32203F
:102FD000BDE8104018F016BA08B501211D201CF0FC
:102FE000CBFC00210B201CF0C7FC092000211CF0A9
:102FF000C3FC3220BDE8084018F004BA08B501212E
:103000000D201CF0B9FC012108201CF0B5FC0121A9
:103010001D201CF0B1FC002109201CF0ADFC012199
:103020000B201CF0A9FC01210A201CF0A5FC0620A5
:1030300000211CF0A1FC3220BDE8084018F0E2B9E4
:1030400008B500211D201CF097FC00210D201CF06C
:1030500093FC002108201CF08FFC00210B201CF0A9
:103060008BFC002109201CF087FC00210A201CF0A9
:1030700083FC002106201CF07FFC2D4BDA6B1F2AFD
:1030800086BF02F01F022B494FF0A04102F5E0720B
:10309000022041F822005A6D1F2A86BF02F01F024B
:1030A00024494FF0A04102F5E072022041F82200CD
:1030B0001A6C1F2A86BF02F01F021E494FF0A04162
:1030C00002F5E072022041F822005A6C1F2A88BFE4
:1030D00002F01F0202F5E0728CBF16494FF0A041CA
:1030E000022041F822005B691F2B88BF03F01F03F9
:1030F00003F5E0738CBF0F4A4FF0A042022142F863
:103100002310232000211CF037FC002125201CF077
:1031100033FC002122201CF02FFC002112201CF087
:103120002BFC00210E20BDE808401CF025BC00BF90
:1031300068C805000003005000B51249124883B06A
:1031400017F0E2FA1048F3F711F9FFF7A7FEFFF7BF
:1031500077FF0DF10700FFF79FFE9DF8070001289C
:1031600009D04FF080430122C3F87825FFF736FEDF
:1031700003B05DF804FBFFF78DFEFFF72FFE03B0F1
:103180005DF804FB84B005009863002038B5144D49
:103190004FF0FF3101201AF015FA2B789BB900F09F
:1031A00093F80446C0B103685B69984723682046DA
:1031B0001B6A984723682046DB69984700F0C2F8ED
:1031C0002B78002BE4D00023064A2B70184613609E
:1031D000BDE8384019F0C2BB2B78002BD8D0F2E7FD
:1031E000D0750020CC7500200C4B1868A8B100B534
:1031F00083B002A9002341F8043D1AF021FB019B92
:1032000043B1074B4FF080525A6040BFBFF34F8F1E
:10321000BFF36F8F03B05DF804FB7047CC750020DF
:1032200000ED00E030B5114D2C6883B00CB103B057
:1032300030BD0F4B0F491C700123CDE900354FF411
:10324000006223460C4819F00FFB0128EFD00B4910
:103250000B482C6017F02CFA0A49094817F054FA69
:10326000074803B0BDE83040F3F780B8CC750020C4
:10327000D07500209CB005008D31030058A90500D1
:1032800098630020A8B0050008B508462DED028B14
:103290001146B0EE608AFAF74BFB80EE080ABDECEF
:1032A000028BDFED027A20EE270A08BD0024744964
:1032B000FFF79ABF10B50446006810B103685B6859
:1032C0009847204610BD00BF014B1868704700BFEB
:1032D000D4750020014B1878704700BFD9750020C5
:1032E000024B01460248197012F07EBCD9750020CD
:1032F00058750020024A0349034821F0CBB800BFAB
:1033000000600020B5320300D475002010B5094CD0
:103310000949204617F0F8F92046F3F727F8FFF798
:1033200081FF0023054A064813701946BDE8104086
:1033300012F05ABC98630020B8B10500D97500207E
:103340005875002070B5224D2B688CB033B11A68C7
:1033500004461846D3699847064608B90CB070BDB4
:1033600014B1A042FAD3264629680B6832469B69FD
:1033700068469847174906A817F0EAFC0A22314622
:1033800003A817F093FD03A906A817F0B5FE12498C
:1033900017F0DEFE014609A817F000FD09A90F4845
:1033A00017F0A0F90D48F2F7E1FF09A817F0EAFDC0
:1033B00003A817F0E7FD06A817F0E4FD6846F9F743
:1033C000DBFD00980028C9D01AF0F8FF0CB070BDE2
:1033D000D47500209CB10500A4B1050098630020BD
:1033E00010B58AB008B100292ED14E4907A817F0B0
:1033F000AFFC07A904A817F0D1FC4B4904A817F0AB
:10340000A7FE014601A817F0C9FC4849484817F033
:103410004FF901A9464817F065F94548F2F7A6FFAC
:1034200001A817F0AFFD04A817F0ACFD07A817F02E
:10343000A9FD01233F4A404813701946002412F0A9
:10344000D3FB20460AB010BD3C4B04461868002848
:10345000EFD02378012B43D0FF2B12D10368DB6818
:1034600098470446002851D0FFF774FA0020FFF770
:1034700069FF00232F4A30481370194612F0B4FB3D
:10348000DFE701A82E4917F063FC01A904A817F093
:1034900085FC217804A817F08BFE014607A817F0D9
:1034A0007DFC2849224817F003F907A9204817F0A6
:1034B00019F91F48F2F75AFF07A817F063FD04A88F
:1034C00017F060FD01A817F05DFD0123194A1A48A5
:1034D0001370194612F088FB002420460AB010BD74
:1034E00003689B689847044680B1174B1B78202BD4
:1034F00002D01648FFF720FA02230E4A0E48137036
:10350000194612F071FB20460AB010BD0323094A88
:1035100009481370194612F067FB002420460AB0D0
:1035200010BD00BF00B1050020B10500B4A8050022
:1035300098630020D975002058750020D4750020AC
:1035400030B1050058A90500D8750020B13203003C
:103550002DE9F0478AB010B10D4600292FD19949C5
:1035600007A817F0F5FB07A904A817F017FC964960
:1035700004A817F0EDFD014601A817F00FFC9349D0
:10358000934817F095F801A9914817F0ABF89048C7
:10359000F2F7ECFE01A817F0F5FC04A817F0F2FC16
:1035A00007A817F0EFFC01238A4A8B4813701946CD
:1035B000002412F019FB20460AB0BDE8F087874CC2
:1035C0000778DFF82C820646206818B198F800309A
:1035D000BB4264D0FFF7BEF9206840B103790268AE
:1035E000012B00F0D8800023236053689847002304
:1035F000DFF8E091784888F80030194689F8003003
:1036000012F0F2FA764904A817F0A2FB0A22394612
:1036100001A817F0EBFB01A904A817F06DFD014606
:1036200007A817F0BBFB07A9694817F05BF86848C3
:10363000F2F79CFE07A817F0A5FC01A817F0A2FC62
:1036400004A817F09FFC7B1E1F2B74D8DFE803F043
:103650005B633B434B537373737373737373736B1A
:10366000737373737373737373737373737373108D
:1036700024201AF0A1FE824606F0BAFA2068C4F8A7
:1036800000A010B103685B689847002319465248B0
:1036900088F8007089F8003012F0A6FA20680368F4
:1036A0006A1E92B2711C1B6998470446002882D199
:1036B0000123484A48481370194612F095FA2046EB
:1036C0000AB0BDE8F0874FF44B701AF075FE8246E1
:1036D00003F076FAD2E740F24C601AF06DFE8246B3
:1036E00005F00AF8CAE74FF429701AF065FE824621
:1036F00007F032F8C2E74FF44B701AF05DFE8246D5
:1037000008F022FABAE74FF433701AF055FE8246F9
:1037100000F07AFAB2E74FF44D701AF04DFE82468F
:1037200001F076FCAAE74FF427701AF045FE8246B6
:1037300009F0E0FEA2E72B4901A817F009FB01A957
:1037400004A817F02BFB317804A817F031FD0146CF
:1037500007A817F023FB24491D4816F0A9FF07A965
:103760001B4816F0BFFF1A48F2F700FE07A817F033
:1037700009FC04A817F006FC01A817F003FC0123BC
:103780001946154889F8003012F02EFA0024204618
:103790000AB0BDE8F087D368984738B120680023A5
:1037A000236000283FF423AF02681EE7074908485A
:1037B00016F07EFF0D49064816F0A6FF0448F2F702
:1037C000D5FDEBE700B105004CB10500B4A805003C
:1037D00098630020D975002058750020D47500200A
:1037E00060B105007CB1050058A90500C8B005000E
:1037F000D875002070B4D0E90763C26A456A0469CD
:103800008169921B581B9210531E801000EBC3104D
:103810000B1B00EBA300800070BC70472DE9F04F3C
:103820000D46D5E90763C96A0446686A891B1B1AF5
:103830002E69A869891001399B1003EBC113801B05
:103840004FEA920B03EBA002934528BF9346002357
:103850005FEA8B0685B0C4E90033A36040F0858041
:10386000BBF1000F45D04FF00008CDF804B009E0DF
:10387000C6F80090636804336360019B08F1010897
:10388000984536D0AA692B69043A9342D3F8009040
:1038900033D004332B61D4E901639B1B032BE7D89E
:1038A000D4F800A0A6EB0A077B1D6DD8042F3B4679
:1038B00038BF0423FB189B462CD2002B62D1002F6B
:1038C00047D1C3F8009004275B46CDF808B05F44A9
:1038D000BAF1000F04D0504603931AF06FFD039B1A
:1038E000C4E90037029BA360019B08F101089845D9
:1038F000C8D1204605B0BDE8F08F68691AF05EFDBA
:10390000EB695A686A61043302F500712A61C5E9FE
:103910000613C0E74FF0FF3738461AF04DFDD4E9E3
:1039200000A2C119921BB6EB0A070346039202914B
:10393000934613D1DA1943F80790171D039A002A0A
:10394000C5D031465A463846039323F028FF039BDF
:10395000BDE7CDF80CB05B46CDF808B018463A4646
:10396000514623F027FF0346E4E730461AF024FDD2
:103970000746206808B11AF021FD3E44A660C4E95C
:1039800000776DE71F46C7E7014820F0AAFD00BF9A
:10399000BCB30500F8B50379012B00D0F8BD04468F
:1039A000FEF7A6FF42F27400FAF7D8FA0020FCF7FF
:1039B00029FB0020FCF7BCFA830106D42148FCF760
:1039C00021FBBDE8F840FEF7ABBFFBF7E3FA064684
:1039D00060B94FF00070FCF715FA1A48FCF712FBBB
:1039E000FCF716FBBDE8F840FEF79ABFB0F1804F38
:1039F00024D2870038461AF0DFFC3A4605460021FB
:103A000023F0F1FE31462846F9F7D2FF4FF000705F
:103A1000FCF7F8F9EE190B48FCF7F4FAFCF7F8FAA2
:103A2000FEF77EFFB54204D0BA102046294600F0CA
:103A30007DFE2846BDE8F8401AF0C0BC024820F0E0
:103A400050FD00BFE5470A00B8B2050070B5064654
:103A50008068094B336068B1F56AF4690435AC429B
:103A600006D254F8040B1AF0A9FCA542F9D8B068A4
:103A70001AF0A4FC304670BD44B5050070B506468A
:103A800080680B4B336068B1F56AF4690435AC4269
:103A900006D254F8040B1AF091FCA542F9D8B0688C
:103AA0001AF08CFC30461AF089FC304670BD00BF1D
:103AB00044B505002DE9F04FD0E90743C26A8146BD
:103AC000406AD9F81870D9F81010121BA3EB00083F
:103AD0009210531E4FEAA80808EBC3187F1A08EB90
:103AE000A7084FEAD816F41C082C38BF0824A000F9
:103AF00083B01AF061FC0136A41B640800EB840556
:103B000005EB8606B542834608D22F464FF4007077
:103B10001AF052FC47F8040BBE42F7D8D9E9083135
:103B2000D9F81C00D9F82C20D9F818E05BF824400B
:103B300056F8047C121A5B1A9210D9F81010013A48
:103B40009B1003EBC213AEEB010203EBA20308F0E0
:103B50007F08002B07EB880704F500780EDDAA46E6
:103B6000C146224651F804CBC2F800C0714502F1AB
:103B7000040240D04A452ED0013BF3D1DFF880A0AB
:103B8000DFF880900194A74214D0206823F004F855
:103B90000B4602465146484616F0B8FEA8F104030B
:103BA0009C420FD00434A742EFD103E055F8040B38
:103BB0001AF004FCAE42F9D8584603B0BDE8F04F05
:103BC0001AF0FCBB01981AF0F9FB6C6801940435FB
:103BD00004F50078D7E7DAF80420013B0AF1040A7B
:103BE00002F50079CAD051F804CBC2F800C0714583
:103BF00002F10402BED14168043001F5007EB9E74C
:103C000008B20500986300202DE9F0412F4B0360B6
:103C100000254FF00808044605718560C0E9045589
:103C2000C0E90655C0E90855C0E90A55C0F80C803E
:103C300020201AF0C1FB0746A0604FF40070E66830
:103C40001AF0BAFB013E034603F500727608A26142
:103C5000A262204607EB8602E261E2621C4A6361CF
:103C600063622361236247F82630294640F8302BEF
:103C7000842223F0B8FD40F20113A4F85C30012344
:103C8000C4E91533134F144A144E15481549C4F8A6
:103C9000B450C4F8B850C4F8BC50C4F8C05084F84C
:103CA000C45084F8305084F8785084F8C550E764E4
:103CB0000225C4F88400C4F864802566E667C4F869
:103CC0008810A263E2632046BDE8F081E4B10500FC
:103CD00044B5050000401C460024744B0080A244FB
:103CE000C3F5E83F8096184B2DE9F0412DED028B8E
:103CF00096B00D460746624913A8144617F028F8F7
:103D000013A817F03FF92E685E4913A817F020F8A2
:103D100007EE906AF5EEC07AF1EE10FA21D913A8F9
:103D200017F030F96E68584913A817F011F807EE2C
:103D3000906AF5EEC07AF1EE10FA12D913A817F0D6
:103D400021F9D5F804802E68504913A817F000F81F
:103D500007EE908A07EE106AF4EEC77AF1EE10FAD9
:103D600017D56CB1204613A917F028F913A817F03E
:103D700009F90024204616B0BDEC028BBDE8F081A5
:103D800013A817F0FFF8204616B0BDEC028BBDE873
:103D9000F08113A817F0F6F82E7C3D4913A816F011
:103DA000D7FF032EDDD813A817F0ECF89FED398A62
:103DB000D7ED1F7ADFED388A384938EE678A07A8D1
:103DC00078EEE78A16F0C4FF07A904A816F0E6FF0C
:103DD000B0EE480A02210AA817F098F80AA904A828
:103DE00017F08AF92E4906460DA816F0B1FF0DA965
:103DF000304617F081F9B0EE680A0646022110A895
:103E000017F084F810A9304617F076F925490646D0
:103E100013A816F09DFF13A9304617F06DF901465F
:103E200001A816F0BBFF13A817F0ACF810A817F004
:103E3000A9F80DA817F0A6F80AA817F0A3F804A887
:103E400017F0A0F807A817F09DF8EB6807EE903A76
:103E5000B4EEE78AF1EE10FA09DCF4EEE78AF1EE4F
:103E600010FA04D4012401A817F08CF882E7002C82
:103E7000F9D0204601A917F0A1F80024F3E700BF0C
:103E8000D4B3050000B4050024B4050048B405000F
:103E900088B405000000484300001645ACB4050096
:103EA000F0B40500F4B40500F8B50379012B01D096
:103EB0000120F8BD0446FEF71BFD0A20FCF750FA6E
:103EC0000A2820D9FEF72CFDFEF712FD0A20FCF788
:103ED00047FA0A284FF00000EBD8FBF7A9FC0020B6
:103EE000FBF7A6FCFCF78EF9FEF71AFDFFF7A8F822
:103EF0000023237119491A4816F006FC1848F2F7F6
:103F000035FA0120F8BD0020FCF77CF8FBF742F8F9
:103F1000054640B91348FBF775FF1348FCF772F8E4
:103F2000FCF776F8CEE7B0F1804F15D2870038461F
:103F30001AF042FA3A460646002123F054FC29467C
:103F40003046F9F735FD2A463146204600F0EEFBB3
:103F500030461AF033FADDE720F0C0FAD4B205009B
:103F60009863002000800002E5470A00F0B590F851
:103F70003030012B9FB003D0002528461FB0F0BD84
:103F8000044620201AF018FA05464FF400701AF083
:103F900013FAA768E86005F10C0300F50072082128
:103FA000A560E66AE569A261C4E90400C4E9080005
:103FB000A262E361E362E1605FB10436AE4205D91B
:103FC00055F8040B1AF0FAF9AE42F9D838461AF04F
:103FD000F5F994F8C500FEF7E5FFFEF789FC2046E9
:103FE00000F0E2FA0546002843D1204600F0FEFA30
:103FF000064600285ED10A20FCF7B2F90A2800F232
:104000008A80482231460CA823F0EDFB68466849B7
:1040100016F09EFED4ED117A94ED320A0C9620EE45
:10402000270AF1EE047AB4EEE70A01250323F1EE44
:1040300010FA0D968DF87450159340F28B8020F095
:1040400009FB052840F28680431F0CA81993FBF753
:104050004DFBFBF7DDFFFEF763FC25715549564824
:1040600016F052FB5448F2F781F9684616F08AFFC1
:1040700083E709A8514916F06BFE09A90CA816F0B0
:104080008DFE4F494C4816F013FB0CA94A4816F018
:1040900029FB4948F2F76AF90CA816F073FFFEF7FE
:1040A0003FFCFEF7CDFF09A816F06CFF002528465F
:1040B0001FB0F0BD06A8434916F04AFE06A903A8A2
:1040C00016F06CFE0A22314609A816F0BFFE09A9B7
:1040D00003A817F011F801460CA816F05FFE384946
:1040E000354816F0E5FA0CA9334816F0FBFA3248C9
:1040F000F2F73CF90CA816F045FFFEF711FCFEF7AD
:104100009FFF09A816F03EFF03A816F03BFF06A884
:1041100016F038FF31E709A82B4916F019FE09A956
:104120000CA816F03BFE2649234816F0C1FA0CA94C
:10413000214816F0D7FA2048F2F718F90CA816F023
:1041400021FFFEF7EDFBFEF77BFF09A8354616F0D1
:1041500019FF12E71D49684616F07CFF1C4906A8A6
:1041600016F0F6FD06A903A816F018FE694603A886
:1041700016F0C2FF014609A816F010FE10490E48BD
:1041800016F096FA09A90C4816F0ACFA0A48F2F7AC
:10419000EDF809A816F0F6FEFEF7C2FBFEF750FF99
:1041A00003A816F0EFFE06A816F0ECFE00255CE76B
:1041B000840B0600A0B3050098630020F0B2050050
:1041C00058A9050020B3050054B30500FCB4050050
:1041D00074B30500F0B52DED028B0C4695B0054685
:1041E0002E492F48164616F08FFA2D48F2F7BEF8E2
:1041F0000CB1112E60D009A82A4916F0A9FD09A911
:104200000CA816F0CBFD0CA8274916F0A1FF2749F2
:1042100016F09EFF0A220446314606A816F016FE46
:1042200006A9204616F068FF2149044603A816F0A7
:104230008FFD03A9204616F05FFF0A2204461121D4
:10424000684616F033FE6946204616F055FF0146D3
:104250000FA816F0A3FD1749114816F029FA0FA967
:104260000F4816F03FFA0E48F2F780F80FA816F044
:1042700089FE684616F086FE03A816F083FE06A89F
:1042800016F080FE0CA816F07DFE09A816F07AFE46
:104290000026304615B0BDEC028BF0BD1CB2050007
:1042A0009863002000AC050038B2050090B205000C
:1042B0003CB20500B4A80500A268E3682068616804
:1042C000267C0FAC0FC4AF49267006A89DED0F8A5F
:1042D00016F03EFD06A909A816F060FDAA4903A83C
:1042E00016F036FD03A909A816F006FFB0EE480A3D
:1042F00004460221684616F009FE6946204616F07B
:10430000FBFE01460CA816F049FD0CA99F4816F0CB
:10431000E9F99E48F2F72AF80CA816F033FE684631
:1043200016F030FE03A816F02DFE09A816F02AFE9E
:1043300006A816F027FE93499DED108A06A816F0F0
:1043400007FD06A909A816F029FD914903A816F052
:10435000FFFC03A909A816F0CFFEB0EE480A0446F8
:104360000221684616F0D2FD6946204616F0C4FECA
:1043700001460CA816F012FD0CA9844816F0B2F9FB
:104380008248F1F7F3FF0CA816F0FCFD684616F022
:10439000F9FD03A816F0F6FD09A816F0F3FD06A82E
:1043A00016F0F0FD77499DED118A06A816F0D0FCB5
:1043B00006A909A816F0F2FC764903A816F0C8FC75
:1043C00003A909A816F098FEB0EE480A0446022197
:1043D000684616F09BFD6946204616F08DFE0146A4
:1043E0000CA816F0DBFC0CA9684816F07BF96748AE
:1043F000F1F7BCFF0CA816F0C5FD684616F0C2FD2B
:1044000003A816F0BFFD09A816F0BCFD06A816F01B
:10441000B9FD5C499DED128A06A816F099FC06A923
:1044200009A816F0BBFC5C4903A816F091FC03A98F
:1044300009A816F061FEB0EE480A0446022168465B
:1044400016F064FD6946204616F056FE01460CA89B
:1044500016F0A4FC0CA94D4816F044F94B48F1F7AE
:1044600085FF0CA816F08EFD684616F08BFD03A89C
:1044700016F088FD09A816F085FD06A816F082FD45
:10448000404906A816F064FC06A909A816F086FCA7
:10449000424903A816F05CFC03A909A816F02CFEFB
:1044A0000A2204469DF84C10684616F09FFC6946A7
:1044B000204616F021FE01460CA816F06FFC0CA950
:1044C000324816F00FF93148F1F750FF0CA816F0FA
:1044D00059FD684616F056FD03A816F053FD09A8CD
:1044E00016F050FD06A816F04DFD2D4909A816F04E
:1044F0002FFC09AA0FA92846FFF7F6FB064668B36A
:104500000FAC0FCC05F1B4070FC7DDED0F8A9DEDA1
:10451000108A23683B7088EE280A20F09BF8B8B90F
:10452000012012999DF84C2028640123C5F88010C1
:1045300085F8C520C5ED118A85ED128A85F83030E1
:1045400009A816F01FFD304615B0BDEC028BF0BD7A
:1045500040F2FF33984228BF1846E2E709A90CA8A9
:1045600016F01CFC0F49094816F0A2F80CA90748E0
:1045700016F0B8F80548F1F7F9FE0CA816F002FDA0
:10458000DEE700BF48B205004CB20500986300208A
:1045900064B2050080B2050094B20500ACB205001B
:1045A000840B060058A9050010B50446FBF75AFF16
:1045B000F9F718FDFEF722FA02210120FEF732FA80
:1045C0000120FEF745FA0748FEF752FAFEF766FAB1
:1045D0000548FBF717FD04F1C800FEF76FFA00204D
:1045E00010BD00BF00800002E5470A002DE9F04140
:1045F000044686B00A20D4F84080FBF7B1FE0A28B2
:1046000000F290800025012601A8CDE9025501960F
:104610008DF80B60FAF730FD29462846FAF7AEFC14
:104620000322022301A80492CDE90233019504F18B
:10463000CC07CDF814808DF80460FAF739FC4FF000
:10464000FF30FBF7DFFB38468021F8F77DFE606E18
:1046500010B9D4F88830236794F87830002B56D0FE
:1046600000210846FAF78AFC0125002103220223D3
:1046700001A801910492CDE90233CDF814808DF8A0
:104680000450FAF715FC4FF0FF30FBF7BBFB384640
:104690008021F8F759FE204600F006F910B106B067
:1046A000BDE8F081204600F05FF90028F7D184F8DA
:1046B000980004F18C00FAF73FFF2846FAF788FDCE
:1046C000D4F88C00FAF7FEFD4FF400410120FBF70F
:1046D000D9FB0028F8D000254FF40040FBF792FBEF
:1046E00004F1A00084F8AC50FAF726FF2846FAF748
:1046F0006FFD294642F26400F9F7E6F90120FAF766
:1047000067FDD4E91401F9F733FE2846C7E704F141
:10471000700194ED131AD4ED0E0A94ED0F0AFEF712
:10472000E1F99DE76FF00800B9E700BF002900F04C
:104730009880002A00F0A9802DE9F04F2DED028B22
:10474000164683B004460D1F4FF000086FF0404737
:1047500008E00BB183ED000A08F101080433464577
:10476000236232D055F8041FD4ED1C0A94ED210ABF
:10477000A26D89B22046FEF787FDA16A236A04393B
:104780008B42B0EE408AE4D1D4E90202D4F82C90F6
:10479000A9EB0003A2EBA303012B1CD94FF400707B
:1047A00019F00AFEC9F80400236A0BB183ED008AF0
:1047B000E36A5A68626208F10108043302F5007185
:1047C00046452262C4E90A13CCD1012003B0BDECF6
:1047D000028BBDE8F08FE169A9EB010B4FEAAB0B4F
:1047E0000BF1010B0BF1010AB2EB4A0F3BD8002A87
:1047F0004DD0520002F10209B9F1804F52D24FEA76
:10480000890019F0D9FDE26AE169A9EB0A0A0432CC
:104810004FEA5A0A8A42034600EB8A0A05D0019001
:10482000521A504622F0C6FF019BA068019319F06E
:10483000C5FD019BC4E90239DAF8003063610BEB76
:10484000070903F50073A3615AF82930C4F81CA0C6
:104850000AEB890903F50072C4E90932C4F82C9007
:104860009CE708467047A2EB0A0A4FEA5A0A00EB97
:104870008A0A09F104095145A9EB01020AD94945FF
:10488000DAD0504622F096FFD6E7012070474FF06D
:104890000309B4E74945CFD0C2EB8B00504422F066
:1048A00089FFC9E71FF01AFE30B50446A1B0012008
:1048B000F8F76EFD00212A48F9F7C4FC01231A46D7
:1048C00019461846FEF744F9D4ED1B7A94F878009F
:1048D000D4ED200A94ED1F0A616EF8EE671AD4ED4C
:1048E0001A7A003018BF0120B8EE671AFEF74CF9AB
:1048F00094F85C1094F85D30A26D009102202121A3
:10490000FEF7CCF97022002104A822F06CFF04A865
:10491000F9F728FF01211348F9F794FC0020FAF772
:1049200059FE4FF00140F8F7F5FC0020F8F730FD94
:1049300003A902A8F8F720FD054668B9DDE90212CF
:10494000606BC4F890000123C4F89C10C4F8942054
:10495000C4F88C30FAF7C0FC284621B030BD00BF47
:10496000E0FF390020000100D0ED0E6A90ED0F7AD3
:10497000016EC6EE877A70B58CB090F85C3090F816
:104980005D2004910125002603A9044604A8CDE971
:1049900005530792CDED0B7A0896F8F7FDFD2846F2
:1049A000F8F7F6FC29461A48F9F74CFC4FF47A6000
:1049B000F8F7B0FC29464FF48070F9F743FC0398F0
:1049C00020F04040F8F7A6FC31461248F9F73AFCCF
:1049D0001420F8F79FFCFBF71BFB02A901A8F8F7CE
:1049E000CBFC05463046F8F7D3FC75B9D4E924036F
:1049F000DDE901121844C4F8A050C4F8A400C4F8BA
:104A0000B010C4F8A820FAF767FC28460CB070BDB7
:104A1000800001008001010070B4D0E90763C26A20
:104A2000456A04698169921B581B9210531E8010BD
:104A300000EBC3100B1B00EBA300800070BC7047A1
:104A400038B50479012C01D0012038BD0546FDF7A9
:104A50004FFF0A20FBF784FC0A284FF00000F4D82F
:104A6000FAF7E6FE0020FAF7E3FEFBF7CBFBFDF7D3
:104A700057FFFEF7E5FA002320462B7138BD00BF33
:104A80002DE9F04F0D46D5E90763C96A0446686A07
:104A9000891B1B1A2E69A869891001399B1003EB29
:104AA000C113801B4FEA920B03EBA002934528BF72
:104AB000934600235FEA8B0685B0C4E90033A36008
:104AC00040F08580BBF1000F45D04FF00008CDF8D5
:104AD00004B009E0C6F80090636804336360019B8A
:104AE00008F10108984536D0AA692B69043A934227
:104AF000D3F8009033D004332B61D4E901639B1BBE
:104B0000032BE7D8D4F800A0A6EB0A077B1D6DD8CD
:104B1000042F3B4638BF0423FB189B462CD2002BA6
:104B200062D1002F47D1C3F8009004275B46CDF82F
:104B300008B05F44BAF1000F04D05046039319F057
:104B40003DFC039BC4E90037029BA360019B08F175
:104B500001089845C8D1204605B0BDE8F08F6869C6
:104B600019F02CFCEB695A686A61043302F5007194
:104B70002A61C5E90613C0E74FF0FF37384619F040
:104B80001BFCD4E900A2C119921BB6EB0A0703462D
:104B900003920291934613D1DA1943F80790171D37
:104BA000039A002AC5D031465A463846039322F06C
:104BB000F6FD039BBDE7CDF80CB05B46CDF808B021
:104BC00018463A46514622F0F5FD0346E4E73046E2
:104BD00019F0F2FB0746206808B119F0EFFB3E44DC
:104BE000A660C4E900776DE71F46C7E701481FF0DC
:104BF00078FC00BFBCB3050070B506468068094B61
:104C0000336068B1F56AF4690435AC4206D254F8F1
:104C1000040B19F0D3FBA542F9D8B06819F0CEFB0C
:104C2000304670BD04B8050070B5064680680B4B71
:104C3000336068B1F56AF4690435AC4206D254F8C1
:104C4000040B19F0BBFBA542F9D8B06819F0B6FB0C
:104C5000304619F0B3FB304670BD00BF04B8050004
:104C60000379012B00D070472DE9F0470446FDF78A
:104C70003FFE42F27400F9F771F90020FBF7C2F928
:104C80000020FBF755F90546A80565D415F0007618
:104C90002BD12A0440F19D80FAF77CF98046002848
:104CA00040F095804FF40040FBF7ACF88048464652
:104CB000FBF7A8F9FDF734FE23687E49DA68002582
:104CC00001238A4284F8155184F8E83084F81031C1
:104CD00040F088802379012B00F08B800020FEF7C4
:104CE000FFFA002E6ED1BDE8F087FAF753F90746B8
:104CF00000283ED14FF00070FBF784F82B0468D5F4
:104D0000FAF748F980460028CCD03D463E46A5EB50
:104D100006094FEAA90313EB08072CBF0122002262
:104D2000BB427ED3002A7AD006EB8707414628464D
:104D3000F8F73EFE4FF40040FBF764F85C48FBF7E1
:104D400061F9FDF7EDFDB742B6D0BA1B92103146BE
:104D5000204601F02FF9AFE74FF40070FBF752F84F
:104D6000204601F0C1FA5248FBF74CF9FBF750F925
:104D70008CE7B0F1804F80F098804FEA8008404681
:104D800019F01AFB42460646002122F02CFD394656
:104D90003046F8F70DFE4FF00070FBF733F82904AA
:104DA00006EB080779D44248FBF72CF9FBF730F9FA
:104DB000FDF7B6FDBE4205D04FEAA80220463146B7
:104DC00001F0F8F83046BDE8F04719F0F7BA35467B
:104DD0009DE73748FBF716F9FBF71AF9BDE8F047EE
:104DE000FDF79EBD2046904700287FF477AF032053
:104DF00075E7FDF77DFD0A20FBF7B2FA0A28F6D821
:104E00002846FAF715FD2846FAF712FDFBF7FAF9DE
:104E1000FDF786FDFEF714F9257128465FE72F465A
:104E200084E76FF04042D11A41453ED343459A464C
:104E300038BFC2461AEB030318462AD2B3F1804F9B
:104E400027D243B3800019F0B7FA8246B54213D097
:104E50004A460AEB090531464FEA8807504622F0D8
:104E60009EFC3A4628460021EF1922F0BCFC304651
:104E700019F0A4FA564659E70AEB09054FEA8802E9
:104E800028460021AF1822F0AEFC002EEFD1564686
:104E90004CE71046D6E79A46D8E7FAF77BF8804603
:104EA00000283FF447AF3D4631E703481FF019FBA8
:104EB000E5470A00414A0300B8B205002DE9F04F6A
:104EC000D0E90743C26A8146406AD9F81870D9F818
:104ED0001010121BA3EB00089210531E4FEAA808F3
:104EE00008EBC3187F1A08EBA7084FEAD816F41C82
:104EF000082C38BF0824A00083B019F05DFA0136F1
:104F0000A41B640800EB840505EB8606B5428346C6
:104F100008D22F464FF4007019F04EFA47F8040BF0
:104F2000BE42F7D8D9E90831D9F81C00D9F82C20AD
:104F3000D9F818E05BF8244056F8047C121A5B1A82
:104F40009210D9F81010013A9B1003EBC213AEEB8C
:104F5000010203EBA20308F07F08002B07EB880790
:104F600004F500780EDDAA46C146224651F804CB6E
:104F7000C2F800C0714502F1040240D04A452ED06B
:104F8000013BF3D1DFF880A0DFF880900194A742C5
:104F900014D0206821F000FE0B46024651464846D8
:104FA00015F0B4FCA8F104039C420FD00434A742CE
:104FB000EFD103E055F8040B19F000FAAE42F9D82E
:104FC000584603B0BDE8F04F19F0F8B9019819F050
:104FD000F5F96C680194043504F50078D7E7DAF840
:104FE0000420013B0AF1040A02F50079CAD051F805
:104FF00004CBC2F800C0714502F10402BED1416881
:10500000043001F5007EB9E708B20500986300207E
:105010002DE9F84300253E4B03604FF00809044694
:1050200005718560C0E90455C0E90655C0E9085519
:10503000C0E90A55C0F80C90202019F0BDF9E668C7
:10504000A06080464FF4007019F0B6F9013E760872
:1050500008EB860200F500730127E261E2622D4A47
:1050600048F826006061606220612062A361A3624B
:10507000C4F82053C4F82453C4F82853C4F82C535C
:10508000C4F830532260294684F81C7304F13000C0
:10509000E42222F0A8FB84F8305084F8BC5084F855
:1050A000155184F814514FF47C701025C4E90D504B
:1050B000C4E914771848A06440F201150220174A89
:1050C000174BDFF868E0DFF868C0164E1649A4F801
:1050D0005850E06540F262354FF07E50C4F8AC00A5
:1050E000C4F8609084F8E870C4F8B4E0C4F88CC0E8
:1050F000C4F89060C4F8A850C4F8B810E263226401
:10510000C4F89430C4F898302046BDE8F88300BF56
:10511000E4B1050004B8050000401C460024744BAF
:105120000080A24400007A448096184BC3F5E83F03
:1051300000007AC4F0B52DED028B97B00D460746FE
:105140006B4913A8144615F003FE13A815F01AFFB7
:105150002E68684913A815F0FBFD07EE906AF5EE7E
:10516000C07AF1EE10FA1DD913A815F00BFFAE6945
:10517000614913A815F0ECFD07EE906AF5EEC07AD0
:10518000F1EE10FA0ED913A815F0FCFE6E695B491A
:1051900013A815F0DDFD07EE906AF5EE407AF1EE0A
:1051A00010FA15D164B1204613A915F007FF13A812
:1051B00015F0E8FE0024204617B0BDEC028BF0BDD0
:1051C00013A815F0DFFE204617B0BDEC028BF0BD32
:1051D00013A815F0D7FE2E7F494913A815F0B8FD86
:1051E000032EDFD813A815F0CDFE9FED468AD7ED2C
:1051F000257ADFED458A454938EE678A07A878EEBB
:10520000E78A15F0A5FD07A904A815F0C7FDB0EEC3
:10521000480A02210AA815F079FE0AA904A815F087
:105220006BFF3B4906460DA815F092FD0DA93046CF
:1052300015F062FFB0EE680A0646022110A815F0CC
:1052400065FE10A9304615F057FF3249064613A8EF
:1052500015F07EFD13A9304615F04EFF014601A85A
:1052600015F09CFD13A815F08DFE10A815F08AFE10
:105270000DA815F087FE0AA815F084FE04A815F005
:1052800081FE07A815F07EFEAB6807EE903AB4EEFB
:10529000E78AF1EE10FA23DCF4EEE78AF1EE10FA79
:1052A0001ED4EB6807EE903AB4EEE78AF1EE10FAFE
:1052B00016DCF4EEE78AF1EE10FA11D42B6907EE52
:1052C000903AB4EEE78AF1EE10FA09DCF4EEE78AE0
:1052D000F1EE10FA04D4012401A815F053FE6AE798
:1052E000002CF9D0204601A915F068FE0024F3E750
:1052F000E4B6050010B7050034B7050050B7050047
:105300006CB70500000048430000164590B7050043
:10531000F0B40500F4B405002DE9F0410C462DED84
:10532000048B0646154608464822002122F05BFA07
:1053300096ED468A96ED2B9ADFED229A28EE090A21
:10534000F1EE088A20EE290A0127B4EEE80A0223CA
:105350000322F1EE10FA226084F84470C4E90237A7
:10536000236104D91FF076F90628804609D828461B
:105370001DB1154915F06EFE0020BDEC048BBDE893
:10538000F08196ED220A28EE298A30EE490A20EEB5
:10539000080AB4EEE80AF1EE10FAE8D91FF05AF95B
:1053A0000628E4D9BDEC048B06380422A8F10603D4
:1053B000C4E90D00E3633846E262C4E90922BDE8AE
:1053C000F08100BF6F12833AD8B70500F0B590F8AE
:1053D0003030012B9FB003D0002528461FB0F0BD10
:1053E0000446202018F0E8FF05464FF4007018F03E
:1053F000E3FFA768E86005F10C0300F500720821DF
:10540000A560E66AE569A261C4E90400C4E9080090
:10541000A262E361E362E1605FB10436AE4205D9A6
:1054200055F8040B18F0CAFFAE42F9D8384618F008
:10543000C5FF94F81401FDF7B5FDFDF759FA2046B4
:1054400000F07EFB054600284CD1204600F048FCC9
:10545000204600F097FB0646002864D10A20FAF7A0
:105460007FFF0A2800F2908094F81531042B00F099
:10547000B2805A49684615F06BFC6A460CA9204672
:10548000FFF74AFF0546002840F09D80544906A8D2
:1054900015F05EFC06A903A815F080FC694603A878
:1054A00015F02AFE014609A815F078FC4D494E4832
:1054B00015F0FEF809A94C4815F014F94A48F0F720
:1054C00055FF09A815F05EFDFDF72AFAFDF7B8FDB6
:1054D00003A815F057FD06A815F054FD684615F011
:1054E00051FD7AE709A8414915F032FC09A90CA839
:1054F00015F054FC3B493C4815F0DAF80CA93A4841
:1055000015F0F0F83848F0F731FF0CA815F03AFD27
:10551000FDF706FAFDF794FD09A815F033FD002507
:1055200028461FB0F0BD06A8314915F011FC06A9A8
:1055300003A815F033FC0A22314609A815F086FCB1
:1055400009A903A815F0D8FD01460CA815F026FC02
:105550002449254815F0ACF80CA9234815F0C2F8E9
:105560002148F0F703FF0CA815F00CFDFDF7D8F962
:10557000FDF766FD09A815F005FD03A815F002FD6D
:1055800006A815F0FFFC28E71A4909A815F0E0FB6A
:1055900009A90CA815F002FC1249134815F088F867
:1055A0000CA9114815F09EF80F48F0F7DFFE0CA883
:1055B00015F0E8FCFDF7B4F9FDF742FD09A8354602
:1055C00015F0E0FC09E70CA8FAF790F8FDF7A8F948
:1055D0000123237182E709A80749D7E7840B060056
:1055E000B8B6050058A905009863002008B6050064
:1055F00038B605006CB605008CB60500F0B52DED8B
:10560000028B0C4699B006462E492F48154615F0D8
:105610007BF82D48F0F7AAFE0CB11D2D60D00AA82A
:105620002A4915F095FB0AA90DA815F0B7FB0DA89E
:10563000274915F08DFD274915F08AFD0A220446F9
:10564000294607A815F002FC07A9204615F054FDCD
:105650002149044604A815F07BFB04A9204615F057
:105660004BFD0A2204461D2101A815F01FFC01A9CB
:10567000204615F041FD014610A815F08FFB174993
:10568000114815F015F810A90F4815F02BF80E4821
:10569000F0F76CFE10A815F075FC01A815F072FC6F
:1056A00004A815F06FFC07A815F06CFC0DA815F008
:1056B00069FC0AA815F066FC0024204619B0BDEC70
:1056C000028BF0BD68B505009863002000AC0500B2
:1056D00084B5050090B205003CB20500B4A80500F1
:1056E000E36820686168A268277F10AD0FC5A269D2
:1056F0002069616907C5BD492F7007A89DED108A13
:1057000015F026FB07A90AA815F048FBB84904A81C
:1057100015F01EFB04A90AA815F0EEFCB0EE480A2D
:105720000446022101A815F0F1FB01A9204615F05D
:10573000E3FC01460DA815F031FB0DA9AD4814F0AE
:10574000D1FFAC48F0F712FE0DA815F01BFC01A824
:1057500015F018FC04A815F015FC0AA815F012FCA9
:1057600007A815F00FFCA1499DED118A07A815F0B7
:10577000EFFA07A90AA815F011FB9F4904A815F034
:10578000E7FA04A90AA815F0B7FCB0EE480A0446E7
:10579000022101A815F0BAFB01A9204615F0ACFCC6
:1057A00001460DA815F0FAFA0DA9924814F09AFFD7
:1057B0009048F0F7DBFD0DA815F0E4FB01A815F00B
:1057C000E1FB04A815F0DEFB0AA815F0DBFB07A837
:1057D00015F0D8FB85499DED128A07A815F0B8FA97
:1057E00007A90AA815F0DAFA844904A815F0B0FA56
:1057F00004A90AA815F080FCB0EE480A044602216C
:1058000001A815F083FB01A9204615F075FC01469F
:105810000DA815F0C3FA0DA9764814F063FF75487A
:10582000F0F7A4FD0DA815F0ADFB01A815F0AAFB3B
:1058300004A815F0A7FB0AA815F0A4FB07A815F00B
:10584000A1FB6A499DED138A07A815F081FA07A903
:105850000AA815F0A3FA6A4904A815F079FA04A970
:105860000AA815F049FCB0EE480A0446022101A836
:1058700015F04CFB01A9204615F03EFC01460DA891
:1058800015F08CFA0DA95B4814F02CFF5948F0F77D
:105890006DFD0DA815F076FB01A815F073FB04A8AB
:1058A00015F070FB0AA815F06DFB07A815F06AFB50
:1058B0004E499DED148A07A815F04AFA07A90AA8CF
:1058C00015F06CFA4F4904A815F042FA04A90AA889
:1058D00015F012FCB0EE480A0446022101A815F0AA
:1058E00015FB01A9204615F007FC01460DA815F08F
:1058F00055FA0DA93F4814F0F5FE3E48F0F736FD85
:105900000DA815F03FFB01A815F03CFB04A815F00D
:1059100039FB0AA815F036FB07A815F033FB33490D
:105920009DED158A07A815F013FA07A90AA815F026
:1059300035FA354904A815F00BFA04A90AA815F0A0
:10594000DBFBB0EE480A0446022101A815F0DEFA9E
:1059500001A9204615F0D0FB01460DA815F01EFA4E
:105960000DA9244814F0BEFE2248F0F7FFFC0DA854
:1059700015F008FB01A815F005FB04A815F002FBC3
:105980000AA815F0FFFA07A815F0FCFA17499DEDD3
:10599000168A07A815F0DCF907A90AA815F0FEF980
:1059A0001A4904A815F0D4F904A90AA815F0A4FB13
:1059B000B0EE480A0446022101A815F0A7FA01A991
:1059C000204615F099FB01460DA815F0E7F90DA941
:1059D000084814F087FE0748F0F7C8FC0DA815F03A
:1059E000D1FA01A815F0CEFA12E000BF48B20500C6
:1059F00064B205009863002080B2050088B50500F8
:105A0000A4B50500C0B50500DCB50500F4B505007A
:105A100004A815F0B7FA0AA815F0B4FA07A815F00B
:105A2000B1FA414907A815F093F907A90AA815F09A
:105A3000B5F93E4904A815F08BF904A90AA815F098
:105A40005BFB0A2204469DF85C1001A815F0CEF914
:105A500001A9204615F050FB01460DA815F09EF94E
:105A60000DA9334814F03EFE3148F0F77FFC0DA835
:105A700015F088FA01A815F085FA04A815F082FA45
:105A80000AA815F07FFA07A815F07CFA29490AA898
:105A900015F05EF90AAA10A93046FFF74BFB044641
:105AA00078B3DDED167A9FED247A129B1399149A40
:105AB0009DED100AC6ED227AB36767EE877A159BD3
:105AC000C6F88430F16780EE270AC6F880201EF001
:105AD000C1FD80B901209DF85C207064012386F827
:105AE000142186F830300AA815F04CFA204619B077
:105AF000BDEC028BF0BD40F2FF33984228BF184640
:105B0000E9E70AA90DA815F049F90C49084814F06D
:105B1000CFFD0DA9064814F0E5FD0548F0F726FC79
:105B20000DA815F02FFADEE748B20500ACB205006B
:105B300098630020840B06006F12833A58A9050071
:105B400010B50446FAF78EFCF8F74CFAFCF756FF4E
:105B500000210120FCF766FF0120FCF779FF0748D0
:105B6000FCF786FFFCF79AFF0548FAF74BFA04F5B5
:105B70008C70FCF7A3FF002010BD00BF0082000264
:105B8000E5470A002DE9F041044686B00A20D4F822
:105B90004480FAF7E5FB0A2800F29F8000250126E1
:105BA00001A8CDE9025501968DF80B60F9F764FA6A
:105BB00029462846F9F7E2F90322022301A80492B4
:105BC000CDE90233019504F58E77CDF814808DF878
:105BD0000460F9F76DF94FF0FF30FAF713F9384622
:105BE0008021F7F7B1FB206E20B9D4F8B820E26627
:105BF0000023236794F87430002B63D000210846FB
:105C0000F9F7BCF9012500210322022301A8019123
:105C10000492CDE90233CDF814808DF80450F9F7E1
:105C200047F94FF0FF30FAF7EDF838468021F7F7E3
:105C30008BFB204600F078FA10B106B0BDE8F08189
:105C4000204600F0E3FA0028F7D184F8E850204617
:105C500000F04AFB0028F0D184F8CC0004F1C00029
:105C6000F9F76AFC2846F9F7B3FAD4F8C000F9F757
:105C700029FB4FF400410120FAF704F90028F8D07D
:105C800000254FF40040FAF7BDF804F1D40084F881
:105C9000E050F9F751FC04F1EC0084F8F850F9F702
:105CA0004BFC2846F9F794FA294642F26400F7F7CC
:105CB0000BFF0120F9F78CFAD4E91301F8F758FB30
:105CC0002846BAE704F16C0194ED121AD4ED0F0ADC
:105CD00094ED100AFCF706FF90E76FF00800ACE7C0
:105CE00010B5D0ED1F7AD0ED1E5A90ED227AD0ED8E
:105CF000216AB6EE086AF4EEE57AF1EE10FA27EEC4
:105D0000067AF0EEE66AD4BFB1EE665AB0EE665A95
:105D10002DED068B80ED2B7A90ED209A80ED2C5A9C
:105D200035EEC57AF4EE495A37EEC76AB1EE474A06
:105D3000F1EE674AF1EE10FA0446B0EEC66A80ED65
:105D4000234AC0ED244A4CD079EE677A37EE497A7F
:105D5000F0EEE78AB0EEC79AF7EE007AC7EEA69AA1
:105D600066EE297A17EE900A20F016FF0022214BEA
:105D700020F0B4FD21F018FA07EE900AB8EE67AAF9
:105D800068EEA97A84ED27AA17EE900A20F004FFA6
:105D90000022184B20F0A2FD21F006FA07EE900A2F
:105DA000B8EE678A69EE297A84ED288A17EE900AA0
:105DB00020F0F2FE00220F4B20F090FD21F0F4F9CC
:105DC00007EE900AF8EE677A38EE278AC4ED297A52
:105DD00038EE0A8ABCEEC88A84ED2A8ABDEC068BAE
:105DE00010BD79EE678A9FED049A78EE858AF0EE11
:105DF000E88AB1E70000E03F00000000000000007A
:105E0000002900F0CC8090F8153170B50D4604469D
:105E1000D0F80061032B03D8DFE803F03C5E8D303F
:105E200094F81031D4F80C01D4ED427A94ED417A13
:105E30000136C4F800610BB9B1EE477A3F2828BF9C
:105E40003F20820137EE877A07EE902AF8EEE77A54
:105E500084ED427A77EE877AFCEEE77A17EE903A95
:105E60009A4288BF03F1FF3340F6FF72934228BF86
:105E7000134643EA00332B60002070BDD0F8A82001
:105E800090F81031D0F80C01B2429CBF042284F883
:105E90001521C9E7D0F8940020F07EFE0022444B83
:105EA00020F01AFD40A3D3E9002320F0CDFE21F01D
:105EB000A3F994ED247AD4ED237AC4F80C01B4EE5E
:105EC000E77AF1EE10FACCBF01230023012284F817
:105ED000103184F81521A7E707EE906A90ED277A34
:105EE000F8EE677AF4EEC77AF1EE10FA98DBD0F8A4
:105EF000980020F051FE00222D4B20F0EDFC2AA34B
:105F0000D3E9002320F0A0FE21F076F9D4ED207A29
:105F100094ED247AC4F80C01F1EE677AB4EEE77AD6
:105F2000F1EE10FA94BF01230023022284F810310D
:105F300084F8152178E790ED287AD0ED277A77EE6E
:105F4000877A07EE106AB8EE477AB4EEE77AF1EE98
:105F500010FAFFF665AFD0F8940020F01DFE002285
:105F6000134B20F0B9FC10A3D3E9002320F06CFE02
:105F700021F042F9D4ED207A94ED237AC4F80C0193
:105F8000F1EE677AB4EEE77AF1EE10FACCBF0123B6
:105F90000023032284F8103184F8152144E76FF0C0
:105FA00001007047AFF30080CA1DA0DC01CA9D3F0D
:105FB00000006940002A00F0A8802DE9F04F2DED87
:105FC000028B164683B004460D1F4FF000086FF099
:105FD000404708E00BB183ED000A08F101080433E3
:105FE0004645236233D055F8041FD4ED1B0A94EDC7
:105FF0002D0A89B22960626D2046FDF745F9A26A33
:10600000236A043A9342B0EE408AE3D1D4E9020213
:10601000D4F82C90A9EB0003A2EBA303012B1CD90D
:106020004FF4007018F0C8F9C9F80400236A0BB1E6
:1060300083ED008AE36A5A68626208F1010804335A
:1060400002F5007146452262C4E90A13CBD1012052
:1060500003B0BDEC028BBDE8F08FE169A9EB010B49
:106060004FEAAB0B0BF1010B0BF1010AB2EB4A0F3C
:1060700039D8002A4BD0520002F10209B9F1804F01
:1060800050D24FEA890018F097F9E26AE169A9EB6A
:106090000A0A04324FEA5A0A8A42034600EB8A0A85
:1060A00005D00190521A504621F084FB019BA06854
:1060B000019318F083F9019BC4E90239DAF8003042
:1060C00063610BEB070903F50073A3615AF82930EC
:1060D000C4F81CA00AEB890903F50072C4E909326F
:1060E000C4F82C909CE7A2EB0A0A4FEA5A0A00EB8C
:1060F0008A0A09F104095145A9EB01020AD9494567
:10610000DCD0504621F056FBD8E7012070474FF015
:106110000309B6E74945D1D0C2EB8B00504421F0CA
:1061200049FBCBE71EF0DAF970B50446A0B00120B8
:10613000F7F72EF900213348F8F784F801231A46BF
:1061400019461846FCF704FDD4ED1A7A94F8740049
:10615000D4ED1E0A94ED250A216EF8EE671AD4EDEF
:10616000197A003018BF0120B8EE671AFCF70CFD51
:1061700094F8581094F85930626D00910220212152
:10618000FCF78CFD7022002104A821F02CFB04A850
:10619000F8F7E8FA01211C48F8F754F80020F9F75D
:1061A00019FA4FF00140F7F7B5F80020F7F7F0F8CB
:1061B00003A902A8F7F7E0F8054610B1284620B079
:1061C00070BD04F1C00630461421F7F7ADFB039B08
:1061D000A26B9A4213D9616BC4F8C830029AC4F812
:1061E000C41001230320C4F8C000C4F8D0203046F6
:1061F00084F8CC30F9F7A0F9284620B070BD6FF0D4
:106200000705DBE7E0FF390020000100D0ED0F6A51
:1062100090ED107AC16DC6EE877AF0B58DB090F82A
:10622000582090F8593004910125002603A904460E
:1062300004A806920793CDED0B7A05950896F7F71B
:10624000ABF92846F7F7A4F829468020F7F7FAFFBC
:106250004FF47A60F7F75EF829462048F7F7F2FF27
:10626000039820F04040F7F755F831461C48F7F7FF
:10627000E9FF1420F7F74EF8F9F7CAFE02A901A8C2
:10628000F7F77AF807463046F7F782F817B138463D
:106290000DB0F0BD04F1D40630461421F7F744FBED
:1062A000D4F8C8200299A36B5018984212D2D4F89F
:1062B000C430C4F8DC1013440221019A84F8E05081
:1062C0003046C4E93513C4F8E420F9F735F9384607
:1062D0000DB0F0BD6FF00707D9E700BF0001010066
:1062E00080010100000000002DE9F04F90F8E85017
:1062F000012D8BB0044600F0AE80D0F82863002E4C
:1063000000F0A180D4F82C33B34280F0A0800022AA
:10631000F11A02921E46D4F82423D4F82033C4F88C
:1063200028131046D4F830230146002A08BF194626
:10633000721E019100F0358103968A4600250DF109
:1063400014090DF118089E4F16460FE008939D4B57
:106350000993F8F7C1FF94F81C330135B3FA83F3BE
:106360005B09B54284F81C3326D0DA4649462046FC
:10637000FFF746FD059B94F81CE323F07F4343F0B1
:10638000484304220AEB020B06930A2307930BEA05
:10639000070C0BEA070343F073434CF07A4C50466A
:1063A000414643F480234CF4802CBEF1000FCDD045
:1063B0000422CDF820C0CAE7039E019B03EB8606AA
:1063C000043E029B002B40F0AD80D4F82433D4F877
:1063D0003023D4F8205349462046002A08BF1D46E2
:1063E000FFF70EFD94F81C23059B7749099125F0D2
:1063F0007F45002A25F480250CBF4FF073424FF0F3
:106400007A4245F4802523F07F4343F048434146D8
:10641000304615430A260422CDE906360895F8F7DA
:106420005BFF94F81C23D4F8303394F8E810B2FAE8
:1064300082F2B3FA83F352095B0984F81C23C4F88F
:106440003033002954D100200BB0BDE8F08F012378
:10645000002102935FE7836BD0F8C800D4F8A860EE
:10646000D4E936121B1A9B1A0F2B0A4440F39F8063
:10647000083BDB0802EB83010027C4F82C33C4F887
:106480002023C4F82413C4F82863C4F83073D4F864
:10649000B00020F081FB48A3D3E9002320F0D4FB17
:1064A00020F0CAFE07EE900AF5EEC07AF1EE10FA7F
:1064B000DBBFF1EE677A3D46C4ED417AC4ED417A27
:1064C00084F81051D4F88C0020F066FB3AA3D3E98D
:1064D000002320F0B9FB20F0AFFE00230122C4F816
:1064E000080184F81531C4F8003184F81C2306E74C
:1064F0009DF8083084F8E8302046FFF7F5FE0028C4
:10650000A2D1019A0025042304F1EC00C4E93B5216
:1065100084F8F850C4F8F430F9F70EF828460BB0B8
:10652000BDE8F08F49462046FFF76AFC351D94F818
:106530001C13059A25F07F43002923F480230CBF08
:106540004FF073414FF07A4143F4802322F07F42B1
:106550000B4342F048420A21304608930692194BF9
:1065600007910422414609930026F8F7B5FE4FF043
:106570000143042228464146CDE90863CDE9066679
:10658000F8F7AAFED4F8303394F8E820B3FA83F38E
:106590005B09C4F83033002A3FF455AF84F8E86053
:1065A000AFE70E460DF114090DF1180809E76FF079
:1065B000070049E7AFF30080C853823C25C8FD3F80
:1065C000FFFFFB00010000C7010000A770B4D0E985
:1065D0000763C26A456A04698169921B581B92105D
:1065E000531E801000EBC3100B1B00EBA3008000B8
:1065F00070BC704738B50479012C01D0012038BD3A
:106600000546FCF775F90A20F9F7AAFE0A284FF0AB
:106610000000F4D8F9F70CF90020F9F709F9F9F7B7
:10662000F1FDFCF77DF9FCF70BFD0022032320466A
:106630002A7185F80D3138BD2DE9F04F0D46D5E9A9
:106640000763C96A0446686A891B1B1A2E69A86910
:10665000891001399B1003EBC113801B4FEA920B89
:1066600003EBA002934528BF934600235FEA8B0605
:1066700085B0C4E90033A36040F08580BBF1000F12
:1066800045D04FF00008CDF804B009E0C6F80090FE
:10669000636804336360019B08F10108984536D0B4
:1066A000AA692B69043A9342D3F8009033D004339B
:1066B0002B61D4E901639B1B032BE7D8D4F800A01E
:1066C000A6EB0A077B1D6DD8042F3B4638BF042379
:1066D000FB189B462CD2002B62D1002F47D1C3F868
:1066E000009004275B46CDF808B05F44BAF1000F74
:1066F00004D05046039317F061FE039BC4E90037B2
:10670000029BA360019B08F101089845C8D120466F
:1067100005B0BDE8F08F686917F050FEEB695A6864
:106720006A61043302F500712A61C5E90613C0E706
:106730004FF0FF37384617F03FFED4E900A2C119E9
:10674000921BB6EB0A07034603920291934613D1BC
:10675000DA1943F80790171D039A002AC5D031466D
:106760005A463846039321F01AF8039BBDE7CDF84B
:106770000CB05B46CDF808B018463A46514621F0B9
:1067800019F80346E4E7304617F016FE074620687E
:1067900008B117F013FE3E44A660C4E900776DE728
:1067A0001F46C7E701481DF09CFE00BFBCB30500B3
:1067B00070B506468068094B336068B1F56AF469C4
:1067C0000435AC4206D254F8040B17F0F7FDA5428D
:1067D000F9D8B06817F0F2FD304670BD9CBA0500DC
:1067E00070B5064680680B4B336068B1F56AF46992
:1067F0000435AC4206D254F8040B17F0DFFDA54275
:10680000F9D8B06817F0DAFD304617F0D7FD3046FA
:1068100070BD00BF9CBA05000379012B00D0704702
:106820002DE9F0470446FCF763F842F27400F7F7ED
:1068300095FB0020F9F7E6FB0020F9F779FB054608
:10684000A8055ED415F0007623D12A0440F1968085
:10685000F8F7A0FB8046002840F08E804FF40040FF
:10686000F9F7D0FA7E484646F9F7CCFBFCF758F822
:1068700023687C4ADB68934240F089802379012BAE
:1068800000F08C800020FCF72BFD002E6FD1BDE8BE
:10689000F087F8F77FFB074600283FD14FF00070E4
:1068A000F9F7B0FA2B0469D5F8F774FB8046002895
:1068B000D4D03D463E46A5EB06094FEAA90313EBAB
:1068C00008072CBF01220022BB42C0F08280002AB0
:1068D0007DD006EB870741462846F7F769F84FF465
:1068E0000040F9F78FFA5E48F9F78CFBFCF718F8CF
:1068F000B742BDD0BA1B92103146204601F062F972
:10690000B6E74FF40070F9F77DFA204601F01CFB62
:106910005348F9F777FBF9F77BFB93E7B0F1804F2A
:1069200080F09B804FEA8008404617F045FD4246C4
:106930000646002120F057FF39463046F7F738F871
:106940004FF00070F9F75EFA290406EB08077CD4D3
:106950004348F9F757FBF9F75BFBFBF7E1FFBE4252
:1069600005D04FEAA8022046314601F02BF9304607
:10697000BDE8F04717F022BD35469CE73848F9F7E7
:1069800041FBF9F745FBBDE8F047FBF7C9BF2046DF
:10699000984700287FF476AF032074E7FBF7A8FF41
:1069A0000A20F9F7DDFC0A28F6D80020F8F740FFA6
:1069B0000020F8F73DFFF9F725FCFBF7B1FFFCF7E6
:1069C0003FFB00200323207184F80D315BE72F4645
:1069D00081E76FF04042D11A41453ED343459A4684
:1069E00038BFC2461AEB030318462AD2B3F1804FD0
:1069F00027D243B3800017F0DFFC8246B54213D0A4
:106A00004A460AEB090531464FEA8807504620F00E
:106A1000C6FE3A4628460021EF1920F0E4FE304633
:106A200017F0CCFC564656E70AEB09054FEA8802F8
:106A300028460021AF1820F0D6FE002EEFD1564692
:106A400049E71046D6E79A46D8E7F8F7A3FA804612
:106A500000283FF444AF3D462DE703481DF041FDBB
:106A6000E5470A00F5650300B8B205002DE9F04FCF
:106A7000D0E90743C26A8146406AD9F81870D9F84C
:106A80001010121BA3EB00089210531E4FEAA80827
:106A900008EBC3187F1A08EBA7084FEAD816F41CB6
:106AA000082C38BF0824A00083B017F085FC0136FD
:106AB000A41B640800EB840505EB8606B5428346FB
:106AC00008D22F464FF4007017F076FC47F8040BFD
:106AD000BE42F7D8D9E90831D9F81C00D9F82C20E2
:106AE000D9F818E05BF8244056F8047C121A5B1AB7
:106AF0009210D9F81010013A9B1003EBC213AEEBC1
:106B0000010203EBA20308F07F08002B07EB8807C4
:106B100004F500780EDDAA46C146224651F804CBA2
:106B2000C2F800C0714502F1040240D04A452ED09F
:106B3000013BF3D1DFF880A0DFF880900194A742F9
:106B400014D0206820F028F80B46024651464846EB
:106B500013F0DCFEA8F104039C420FD00434A742DA
:106B6000EFD103E055F8040B17F028FCAE42F9D83A
:106B7000584603B0BDE8F04F17F020BC019817F05D
:106B80001DFC6C680194043504F50078D7E7DAF849
:106B90000420013B0AF1040A02F50079CAD051F839
:106BA00004CBC2F800C0714502F10402BED14168B5
:106BB000043001F5007EB9E708B2050098630020B3
:106BC0002DE9F8430025344B03604FF008090446D3
:106BD00005718560C0E90455C0E90655C0E908554E
:106BE000C0E90A55C0F80C90202017F0E5FBE668D4
:106BF000A06080464FF4007017F0DEFB013E76087F
:106C000008EB860200F50073E261E2620127234A85
:106C100048F826006061606220612062A361A3627F
:106C2000C4F81853C4F81C53C4F82053C4F82453B0
:106C3000C4F82853226084F81473294604F1300004
:106C4000DC2220F0D0FDC4E9147784F830504FF4F2
:106C50007C7084F80D5184F80C51114E114A124B7E
:106C6000DFF84CC01149A06340F201151027022043
:106C7000A664A4F85850E065C4F860906763C4F84F
:106C8000ACC0C4F8B010E2632264C4F88830C4F821
:106C90008C302046BDE8F883E4B105009CBA0500BD
:106CA00000401C460024744B0080A2448096184B80
:106CB000C3F5E83FF0B52DED028B97B00D460746C2
:106CC0007C4913A8144614F043F813A814F05AF999
:106CD0002E68794913A814F03BF807EE906AF5EE98
:106CE000C07AF1EE10FA32D913A814F04BF9AE695C
:106CF000724913A814F02CF807EE906AF5EEC07AEA
:106D0000F1EE10FA23D913A814F03CF9EE696C499E
:106D100013A814F01DF807EE906AF5EEC07AF1EEB4
:106D200010FA14D913A814F02DF9EA69AB6907EE2B
:106D3000902A07EE103AF4EEC77AF1EE10FA1CD55D
:106D400074B120465F4914F085F9002408E064B16D
:106D5000204613A914F032F913A814F013F90024F3
:106D6000204617B0BDEC028BF0BD13A814F00AF951
:106D7000204617B0BDEC028BF0BD6E69524913A8D6
:106D800013F0E6FF07EE906AF5EE407AF1EE10FAA6
:106D9000DDD013A814F0F6F895F820604B4913A83D
:106DA00013F0D6FF032ED2D813A814F0EBF89FED02
:106DB000488AD7ED227ADFED478A474938EE678A5D
:106DC00007A878EEE78A13F0C3FF07A904A813F019
:106DD000E5FFB0EE480A02210AA814F097F80AA9C4
:106DE00004A814F089F93D4906460DA813F0B0FF38
:106DF0000DA9304614F080F9B0EE680A064602216B
:106E000010A814F083F810A9304614F075F934492D
:106E1000064613A813F09CFF13A9304614F06CF932
:106E2000014601A813F0BAFF13A814F0ABF810A89C
:106E300014F0A8F80DA814F0A5F80AA814F0A2F808
:106E400004A814F09FF807A814F09CF8AB6807EEAC
:106E5000903AB4EEE78AF1EE10FA23DCF4EEE78A1A
:106E6000F1EE10FA1ED4EB6807EE903AB4EEE78A22
:106E7000F1EE10FA16DCF4EEE78AF1EE10FA11D416
:106E80002B6907EE903AB4EEE78AF1EE10FA09DCCE
:106E9000F4EEE78AF1EE10FA04D4012401A814F00C
:106EA00071F85DE7002CF9D0204601A914F086F8AE
:106EB0000024F3E728B9050054B9050078B90500A6
:106EC00094B90500B4B90500DCB90500F8B90500AE
:106ED000000048430000164520BA0500F0B4050044
:106EE000F4B405002DE9F8430C462DED068B06465B
:106EF000154608464822002120F075FC96ED448A8C
:106F0000D6ED2A9A9FED349A28EE290AF1EE088AE6
:106F100020EE090A0127B4EEE80A03230222F1EE6B
:106F200010FAA26084F84470E7602360236104D9FA
:106F30001DF090FB0628804609D828461DB1274938
:106F400014F088F80020BDEC068BBDE8F88396EDC0
:106F500029AA28EE0A0A20EE090AB4EEE80AF1EEA0
:106F600010FAEAD91DF076FB06288146E5D9D6ED60
:106F700026AA96ED250A30EE6A0A28EE098A30EE36
:106F8000690A20EE080AB4EEE80AF1EE10FAD4D944
:106F90001DF060FB06280646CFD93AEECAAA2AEEB3
:106FA000080AB4EEE80AF1EE10FAC6D91DF052FB59
:106FB0000628C2D906380421A8F10603A9F1060261
:106FC000063EC4E90D06C4E90F323846C4E90B1188
:106FD000C4E90911B7E700BF6F12833A6CBA050024
:106FE000F0B590F83030012B9FB003D00025284633
:106FF0001FB0F0BD0446202017F0DEF905464FF41F
:10700000007017F0D9F9A768E86005F10C0300F5E6
:1070100000720821A560E66AE569A261C4E904007E
:10702000C4E90800A262E361E362E1605FB1043693
:10703000AE4205D955F8040B17F0C0F9AE42F9D8A5
:10704000384617F0BBF994F80C01FBF7ABFFFBF7E0
:107050004FFC204600F0B2FB0546002847D12046F1
:1070600000F0ECFC204600F0CBFB064600285FD188
:107070000A20F9F775F90A2800F28B80584968460A
:1070800013F066FE6A460CA92046FFF72BFF054663
:10709000002840F09D80534906A813F059FE06A928
:1070A00003A813F07BFE694603A814F025F80146F7
:1070B00009A813F073FE4C494C4813F0F9FA09A9DA
:1070C0004A4813F00FFB4948EFF750F909A813F0AD
:1070D00059FFFBF725FCFBF7B3FF03A813F052FFA2
:1070E00006A813F04FFF684613F04CFF7FE709A88E
:1070F0003F4913F02DFE09A90CA813F04FFE3A49A1
:107100003A4813F0D5FA0CA9384813F0EBFA37488F
:10711000EFF72CF90CA813F035FFFBF701FCFBF798
:107120008FFF09A813F02EFF002528461FB0F0BDE1
:1071300006A8304913F00CFE06A903A813F02EFE92
:107140000A22314609A813F081FE09A903A813F009
:10715000D3FF01460CA813F021FE2349234813F066
:10716000A7FA0CA9214813F0BDFA2048EFF7FEF862
:107170000CA813F007FFFBF7D3FBFBF761FF09A88F
:1071800013F000FF03A813F0FDFE06A813F0FAFEAB
:107190002DE709A8184913F0DBFD09A90CA813F085
:1071A000FDFD1149114813F083FA0CA90F4813F0A3
:1071B00099FA0E48EFF7DAF80CA813F0E3FEFBF7A4
:1071C000AFFBFBF73DFF09A8354613F0DBFE0EE7EA
:1071D0000CA8F8F78BFAFBF7A3FB0123237182E7D6
:1071E000840B0600FCB8050058A905009863002030
:1071F00074B80500A4B80500DCB80500F0B52DEDA5
:10720000028B0C4699B005462E492F48164613F0BE
:107210007BFA2D48EFF7AAF80CB1212E60D009A80F
:107220002A4913F095FD09A90CA813F0B7FD0CA885
:10723000274913F08DFF274913F08AFF0A220446DD
:10724000314606A813F002FE06A9204613F054FFAB
:107250002149044603A813F07BFD03A9204613F03F
:107260004BFF0A2204462121684613F01FFE69469F
:10727000204613F041FF01460FA813F08FFD174978
:10728000114813F015FA0FA90F4813F02BFA0E4806
:10729000EFF76CF80FA813F075FE684613F072FE56
:1072A00003A813F06FFE06A813F06CFE0CA813F0F1
:1072B00069FE09A813F066FE0024204619B0BDEC53
:1072C000028BF0BD28B805009863002000AC0500D3
:1072D00044B8050090B205003CB20500B4A8050012
:1072E00004F1200C0FAF20686168A268E3683E4695
:1072F0000FC6103464453746F5D123783370C4493E
:107300009DED0F8A06A813F023FD06A909A813F026
:1073100045FDC04903A813F01BFD03A909A813F0FC
:10732000EBFEB0EE480A04460221684613F0EEFD7B
:107330006946204613F0E0FE01460CA813F02EFD2E
:107340000CA9B54813F0CEF9B348EFF70FF80CA825
:1073500013F018FE684613F015FE03A813F012FE92
:1073600009A813F00FFE06A813F00CFEA8499DED26
:10737000108A06A813F0ECFC06A909A813F00EFD6C
:10738000A64903A813F0E4FC03A909A813F0B4FE6E
:10739000B0EE480A04460221684613F0B7FD69467C
:1073A000204613F0A9FE01460CA813F0F7FC0CA927
:1073B000994813F097F99848EEF7D8FF0CA813F006
:1073C000E1FD684613F0DEFD03A813F0DBFD09A81C
:1073D00013F0D8FD06A813F0D5FD8D499DED118A57
:1073E00006A813F0B5FC06A909A813F0D7FC8C4930
:1073F00003A813F0ADFC03A909A813F07DFEB0EEBD
:10740000480A04460221684613F080FD694620467A
:1074100013F072FE01460CA813F0C0FC0CA97E48C4
:1074200013F060F97C48EEF7A1FF0CA813F0AAFD59
:10743000684613F0A7FD03A813F0A4FD09A813F0F4
:10744000A1FD06A813F09EFD71499DED128A06A8C4
:1074500013F07EFC06A909A813F0A0FC714903A84B
:1074600013F076FC03A909A813F046FEB0EE480A13
:1074700004460221684613F049FD6946204613F090
:107480003BFE01460CA813F089FC0CA9624813F0DE
:1074900029F96148EEF76AFF0CA813F073FD6846FE
:1074A00013F070FD03A813F06DFD09A813F06AFD39
:1074B00006A813F067FD56499DED138A06A813F040
:1074C00047FC06A909A813F069FC574903A813F063
:1074D0003FFC03A909A813F00FFEB0EE480A0446CA
:1074E0000221684613F012FD6946204613F004FE9F
:1074F00001460CA813F052FC0CA9474813F0F2F80F
:107500004548EEF733FF0CA813F03CFD684613F036
:1075100039FD03A813F036FD09A813F033FD06A8C2
:1075200013F030FD3A499DED148A06A813F010FCC3
:1075300006A909A813F032FC3C4903A813F008FC83
:1075400003A909A813F0D8FDB0EE480A04460221A9
:10755000684613F0DBFC6946204613F0CDFD01467A
:107560000CA813F01BFC0CA92B4813F0BBF82A48FD
:10757000EEF7FCFE0CA813F005FD684613F002FDC3
:1075800003A813F0FFFC09A813F0FCFC06A813F0F5
:10759000F9FC1F499DED158A06A813F0D9FB06A931
:1075A00009A813F0FBFB224903A813F0D1FB03A9A0
:1075B00009A813F0A1FDB0EE480A0446022168466E
:1075C00013F0A4FC6946204613F096FD01460CA872
:1075D00013F0E4FB0CA9104813F084F80E48EEF702
:1075E000C5FE0CA813F0CEFC684613F0CBFC03A834
:1075F00013F0C8FC09A813F0C5FC06A813F0C2FCE0
:1076000003499DED168A06A813F0A2FB06A911E016
:1076100048B2050064B205009863002080B20500FE
:1076200088B5050048B8050094B20500DCB5050032
:10763000F4B5050009A813F0B1FB594903A813F0EC
:1076400087FB03A909A813F057FDB0EE480A0446CA
:107650000221684613F05AFC6946204613F04CFD9F
:1076600001460CA813F09AFB0CA94E4813F03AF807
:107670004C48EEF77BFE0CA813F084FC684613F030
:1076800081FC03A813F07EFC09A813F07BFC06A87C
:1076900013F078FC444906A813F05AFB06A909A880
:1076A00013F07CFB414903A813F052FB03A909A87E
:1076B00013F022FD0A2204469DF85C10684613F080
:1076C00095FB6946204613F017FD01460CA813F000
:1076D00065FB0CA9334813F005F83248EEF746FE77
:1076E0000CA813F04FFC684613F04CFC03A813F0F1
:1076F00049FC09A813F046FC06A813F043FC2C49EA
:1077000009A813F025FB09AA0FA92846FFF7D2FA0A
:10771000044690B3DDED157A119A9FED267A129BFF
:107720001399C5ED267AAA67149A9DED0F0AEB67A7
:1077300067EE877A169BC5F89430C5F89C1080EEEA
:10774000270AC5F8A0201CF085FFA0B140F2FF3346
:10775000984228BF18469DF85C206864012385F88C
:107760000C2185F8303009A813F00CFC204619B024
:10777000BDEC028BF0BD0120EDE709A90CA813F0C8
:107780000DFB0D49074812F093FF0CA9054812F0B4
:10779000A9FF0448EEF7EAFD0CA813F0F3FBE2E7BB
:1077A00060B805009863002048B20500ACB205003F
:1077B000840B06006F12833A58A9050010B50446E1
:1077C000F8F750FEF6F70EFCFBF718F90021012040
:1077D000FBF728F90220FBF73BF90748FBF748F9CC
:1077E000FBF75CF90548F8F70DFC04F58870FBF72A
:1077F00065F9002010BD00BF00820002E5470A00C5
:107800002DE9F043044687B00A20D4F84490F8F7F5
:10781000A7FD0A2800F290800025012601A8022772
:10782000CDE9025501978DF80B60F7F725FC294645
:107830002846F7F7A3FB032301A8CDE90439CDE9D6
:10784000015704F58A7803968DF80460F7F730FB4A
:107850004FF0FF30F8F7D6FA40468021F5F774FD77
:10786000206E00285DD1D4F8B020E26600232367A3
:1078700000210846F7F782FB01250021032202239D
:1078800001A80191CDE903520293CDF814908DF82F
:107890000450F7F70DFB4FF0FF30F8F7B3FA40460E
:1078A0008021F5F751FD204600F046FA10B107B0EF
:1078B000BDE8F083204600F06DFA0028F7D120469D
:1078C00000F0D0FA0028F2D184F8DC50204600F015
:1078D0003BFB0028EBD104F1B40104F1C802CDE96F
:1078E000011204F1E00301AE0546039304AF56F81C
:1078F000043B184613B11D73F7F71EFEB742F6D1CD
:107900000020F7F765FC002142F26400F6F7DCF88E
:107910000120F7F75DFCD4E91301F6F729FD0020FB
:10792000C5E704F16C0194ED121AD4ED0F0A94ED41
:10793000100AFBF7D7F89BE76FF00800B7E700BF26
:107940002DE9F047044690B0D0F888001FF024F9E4
:107950000022394B1EF0C0FF33A3D3E900231FF0F0
:1079600073F91FF021FC8701064638461FF002F923
:107970008046D4F8800089461FF00EF92CA3D3E985
:1079800000231FF061F90B460246494640461EF0AF
:10799000A5FF1FF009FC94F874803C2205460021E5
:1079A00001A8D4E919A9246E1FF01DFF01239845F1
:1079B0008DF83C308DF83D3016BF34234FF40D73F5
:1079C0000C9414220E93002E4FF00103CDE90AA966
:1079D00005928DF81D3021DB3F2E10DCB6B2BD4282
:1079E000ADF8206012DA013D16D5002501A8ADF8EA
:1079F0001E50F6F7F1FF002010B0BDE8F0874FF4FD
:107A00007C673F26BD42ADF82060ECDBB5F5805FBA
:107A100002DB40F6FF75E9E7ADB2E7E7002637463F
:107A2000DDE700BFAFF30080CA1DA0DC01CA9D3FA7
:107A3000C853823C25C8FD3F0000694090ED1F6A95
:107A4000D0ED1E5AD0ED266A90ED257AD0ED287A39
:107A5000F4EEC65AF0EEE77AF1EE10FA37EE667AF7
:107A6000B6EE085A48BF76EE277A66EE856A27EEAC
:107A7000057A58BF77EEC67A4FF001034FF0000247
:107A8000B1EE655A48BFF1EE677A80F80D21C0ED7E
:107A9000296A80ED2A7A80ED205A80F8083180F832
:107AA000DC30C0ED217A7047002900F0828090F828
:107AB0000D31012B70B50D460446D0F8F4605BD053
:107AC0003FD3022B5DD1D0F89030D0F80401B342FF
:107AD0009CBF032384F80D3194F80831D4ED407A2B
:107AE00094ED3E7A0136C4F8F460002B3ED0D4ED1C
:107AF0003F6A37EE667A13F1FF3337EEC77A18BF65
:107B0000012384ED407A820107EE902AF8EE677A2D
:107B100084F8083177EE877AFCEEE77A17EE903A30
:107B20009A4288BF03F1FF3340F6FF723F2828BF17
:107B30003F20934228BF134643EA00332B600020C6
:107B400070BDD0F888001FF027F800221C4B1EF0F3
:107B5000C3FE19A3D3E900231FF076F81FF04CFBF6
:107B60000123C4F8040184F80D31B5E737EE877AB4
:107B7000012384ED407AC6E7D0F89030B6EB530F7E
:107B800002D2D4F80401A7E7D0F88C001FF004F863
:107B900000220B4B1EF0A0FE07A3D3E900231FF029
:107BA00053F81FF029FB0223C4F8040184F80D31B7
:107BB00092E76FF001007047CA1DA0DC01CA9D3F2B
:107BC00000006940002A00F0A8802DE9F04F2DED5B
:107BD000028B164683B004460D1F4FF000086FF06D
:107BE000404708E00BB183ED000A08F101080433B7
:107BF0004645236233D055F8041FD4ED1B0A94ED9B
:107C00002B0A89B22960626D2046FBF73DFBA26A10
:107C1000236A043A9342B0EE408AE3D1D4E90202E7
:107C2000D4F82C90A9EB0003A2EBA303012B1CD9E1
:107C30004FF4007016F0C0FBC9F80400236A0BB1C2
:107C400083ED008AE36A5A68626208F1010804332E
:107C500002F5007146452262C4E90A13CBD1012026
:107C600003B0BDEC028BBDE8F08FE169A9EB010B1D
:107C70004FEAAB0B0BF1010B0BF1010AB2EB4A0F10
:107C800039D8002A4BD0520002F10209B9F1804FD5
:107C900050D24FEA890016F08FFBE26AE169A9EB46
:107CA0000A0A04324FEA5A0A8A42034600EB8A0A59
:107CB00005D00190521A50461FF07CFD019BA06830
:107CC000019316F07BFB019BC4E90239DAF800301E
:107CD00063610BEB070903F50073A3615AF82930C0
:107CE000C4F81CA00AEB890903F50072C4E9093243
:107CF000C4F82C909CE7A2EB0A0A4FEA5A0A00EB60
:107D00008A0A09F104095145A9EB01020AD949453A
:107D1000DCD050461FF04EFDD8E7012070474FF0F1
:107D20000309B6E74945D1D0C2EB8B0050441FF0A0
:107D300041FDCBE71CF0D2FB10B500219EB00446FC
:107D40001248F6F77FFA002301211A460846FAF78F
:107D5000FFFE2046FFF7F4FD94F8581094F85930D0
:107D6000626D009102202121FAF798FF7022002114
:107D700002A81FF038FD02A8F6F7F4FC0121044820
:107D8000F6F760FA00201EB010BD00BFE0FF39001A
:107D900020000100D0ED0F6A90ED107AC16DC6EEA3
:107DA000877AF0B58DB090F8582090F8593004914A
:107DB0000125002603A9044604A806920793CDEDE9
:107DC0000B7A05950896F5F7E7FB2846F5F7E0FAF4
:107DD00029468020F6F736FA4FF47A60F5F79AFADA
:107DE00029461E48F6F72EFA039820F04040F5F792
:107DF00091FA31461A48F6F725FA1420F5F78AFA6F
:107E0000F8F706F902A901A8F5F7B6FA07463046D1
:107E1000F5F7BEFA17B138460DB0F0BD04F1B4065F
:107E200030461421F5F780FD029BA26B9A4212D9CD
:107E30000221C4F8BC30626B019B84F8C05030460C
:107E4000C4F8B410C4F8B820C4F8C430F7F774FB11
:107E500038460DB0F0BD6FF00707DCE70001010008
:107E600080010100D0ED0F6A90ED107AC16DC6EE71
:107E7000877AF0B58DB090F8582090F85930049179
:107E80000125002603A9044604A806920793CDED18
:107E90000B7A05950896F5F77FFB2846F5F778FAF3
:107EA00029468020F6F7CEF94FF47A60F5F732FADA
:107EB00029462348F6F7C6F9039820F04040F5F725
:107EC00029FA31461F48F6F7BDF91420F5F722FAD2
:107ED000F8F79EF802A901A8F5F74EFA07463046D2
:107EE000F5F756FA17B138460DB0F0BD04F1C806E3
:107EF00014213046F5F718FDA36B02998B421BD96C
:107F0000606BD4F8B8200344D4F8BC005B1A024478
:107F1000934211D90322C4F8CC30019BC4F8D0108D
:107F2000304684F8D450C4F8C820C4F8D830F7F7E5
:107F300003FB38460DB0F0BD6FF00707D3E700BF75
:107F400000010100800101002DE9F04F90ED1F7A42
:107F5000D0ED1E7A2DED048BB4EEE77AD0ED208AB9
:107F6000D0ED217A90ED288A90ED279A77EEE87A85
:107F7000B0EEC88AF0EEE77AC7EE887A8BB0044696
:107F80000026F1EE10FA17EE900ACCBFD44FD54F71
:107F90001EF002FE0022D44B1EF0A0FC1FF004F9DC
:107FA00007EE900AF8EEE77A94F8DC8077EEA77A8D
:107FB000B8F1010FFCEEE77A17EE905AC4ED247A7F
:107FC00000F0BD80D4F82053002D00F0AE80D4F82E
:107FD0002433AB4280F0AF800022E91A02921D46A2
:107FE000D4F81C23D4F81833C4F820131046D4F85E
:107FF00028230146002A08BF19466A1E019100F095
:108000006081BA4F03958A4600260DF114090DF1DF
:108010001808154649462046FFF746FD059B94F88B
:1080200014E323F07F4343F0484304220AEB020B9E
:1080300006930A2307930BEA070C0BEA070343F0A6
:1080400073434CF07A4C5046414643F480234CF441
:10805000802CBEF1000F10D10893A54B0993F7F7C0
:108060003BF994F814330136B3FA83F35B09B54254
:1080700084F8143312D0DA46CCE79D4B09930422DE
:10808000CDF820C0F7F728F994F814330136B3FA85
:1080900083F35B09AE4284F81433ECD1039D019B5A
:1080A00003EB8505043D029B002B40F0CB80D4F808
:1080B0001C33D4F82823D4F8186349462046002AF4
:1080C00008BF1E46FFF7F0FC94F81423059B89496E
:1080D000099126F07F46002A26F480260CBF4FF037
:1080E00073424FF07A4246F4802623F07F4343F0F8
:1080F00048434146284616430A250422CDE9063561
:108100000896F7F7E9F894F81423D4F8283394F88C
:10811000DC10B2FA82F2B3FA83F352095B0984F8F5
:108120001423C4F82833002970D100200BB0BDEC13
:10813000048BBDE8F08F01230021029350E7D4F8AF
:10814000BC00A36BD4F8D010D4F8B8201B1A5B1A6B
:108150000F2B024440F3BB80083BDB0802EB83019A
:108160004FF00009C4EDC87AF0EEC97A17EE900A14
:10817000C4F82433C4F81823C4F81C13C4F8289393
:108180001EF00AFD54A3D3E900231EF05DFD324624
:108190003B461EF059FD1FF04FF809EE100A18EE8D
:1081A000100A84ED3E9A1EF0F7FC4BA3D3E900239E
:1081B0001EF04AFD32463B461EF046FD1FF03CF8DD
:1081C00008EE100A18EE900A84ED3F8A1EF0E4FCD7
:1081D00041A3D3E900231EF037FD79EE487A064625
:1081E00017EE900A0F461EF0D7FC02460B463046AB
:1081F00039461EF073FB1FF01FF884F80D91C4F888
:108200000001C4F8F49084F81483DDE69DF808308A
:1082100084F8DC302046FFF797FE002886D1019ACB
:108220000025042304F1E000C4E9385284F8EC503E
:10823000C4F8E830F7F780F928460BB0BDEC048BA2
:10824000BDE8F08F49462046FFF72EFC2E1D94F81E
:108250001413059A26F07F43002923F480230CBFD2
:108260004FF073414FF07A4143F4802322F07F4274
:108270000B4342F048420A212846089306921C4BC1
:1082800007910422414609930025F7F725F84FF09E
:108290000143042230464146CDE90853CDE9065555
:1082A000F7F71AF8D4F8283394F8DC20B3FA83F3FC
:1082B0005B09C4F82833002A3FF437AF84F8DC5058
:1082C000ADE70D460DF114090DF11808EBE66FF05E
:1082D00007002BE7AFF30080C853823C25C8FD3F61
:1082E0000000F0BF0000F03F0000E03FFFFFFB0098
:1082F000010000C7010000A770B4D0E90763C26A9B
:10830000456A04698169921B581B9210531EC01064
:1083100000EB83100B1B00EBE300C00070BC704748
:1083200038B50479012C01D0012038BD0546FAF793
:10833000DFFA0A20F8F714F80A284FF00000F4D802
:10834000F7F776FA0020F7F773FAF7F75BFFFAF71B
:10835000E7FAFAF775FE002320462B7138BD00BFFF
:108360002DE9F04F0D46D5E90763C96A0446686AEE
:10837000891B1B1A2E69A86989100139DB1003EBD0
:108380008113801B4FEAD20A03EBE002924528BF1B
:10839000924600235FEACA0687B0C4E90033A360AF
:1083A00040F09180BAF1000F4ED04FF000090DF16E
:1083B000100BCDF804A00BE05B4603CB306071607E
:1083C000636808336360019B09F1010999453BD05B
:1083D0002B69AA6993E80300083A93428BE80300EB
:1083E00036D008332B61D4E901639B1B072BE3D8FC
:1083F000D4F80080A6EB080717F1090F72D8082FF0
:108400003B4638BF0823FB189A462ED2002B67D173
:10841000002F4CD15A4603CA082718605960CDF87E
:1084200008A053465744B8F1000F04D040460393C8
:1084300015F0C4FF039BC4E90037029BA360019BB6
:1084400009F101099945C3D1204607B0BDE8F08F75
:10845000686915F0B3FFEB695A686A61043302F585
:1084600000712A61C5E90613BDE74FF0FF373846B2
:1084700015F0A2FFD4E90082C119921BB6EB0807E0
:10848000034603920291924616D15A4603CADA195C
:10849000D85102F108075160039A002AC2D0314630
:1084A0005246384603931FF07AF9039BBAE7CDF89A
:1084B00008A05346CDF80CA018463A4641461FF096
:1084C00079F90346E1E7304615F076FF0746206864
:1084D00008B115F073FF3E44A660C4E9007761E778
:1084E0001F46C4E701481BF0FCFF00BFBCB30500FA
:1084F00070B506468068094B336068B1F56AF46967
:108500000435AC4206D254F8040B15F057FFA542CF
:10851000F9D8B06815F052FF304670BDA8BD05000F
:1085200070B5064680680B4B336068B1F56AF46934
:108530000435AC4206D254F8040B15F03FFFA542B7
:10854000F9D8B06815F03AFF304615F037FF3046DD
:1085500070BD00BFA8BD050090F8A8302DE9F04F10
:108560008046012BD8E907430CBFD0EDFC7AD0ED53
:10857000227AC06AD8F82470D8F81820D8F81010D9
:10858000001B8010DF1BFF10431E07EB8317521ADE
:1085900007EBE207BE09F41C2DED028B082C38BF57
:1085A000082489B0A0000136CDED057A15F004FF4E
:1085B000A41B640800EB840505EB8606B542069013
:1085C00008D2A9464FF4007015F0F6FE49F8040BE6
:1085D0004E45F7D8D8E90810D8F81C90D8F82C30B8
:1085E000D8F818E0069AA3EB09034FEAA30AA1EB17
:1085F000000CD8F8103052F8244056F8042C0AF138
:10860000FF3A4FEAEC0C0CEB8A1CAEEB03010CEBCF
:10861000E10C07F03F07BCF1000F02EBC70B04F5BC
:10862000007710DDAA46B846224693E803000833D7
:10863000734582E8030002F108024FD0424543D05F
:10864000BCF1010CF1D19FED298ADFF8A8A00794B5
:10865000A345059825D01EF09FFAD4ED017A67EE68
:10866000887A804617EE900A89461EF095FACDE981
:10867000020120681EF090FA4B46CDE90001424607
:108680001B49504612F042F9A7F108039C4212D050
:108690000834A3450598DED103E055F8040B15F026
:1086A0008DFEAE42F9D8069809B0BDEC028BBDE84C
:1086B000F04F15F083BE079815F080FE6C680794A4
:1086C000043504F50077C3E7DAF80420BCF1010CA7
:1086D0000AF1040A02F50078A7D1B4E7D9F804300A
:1086E00009F1040903F5007EA8E700BFE22E654208
:1086F000C0BA0500986300203F4B2DE9F0410025EA
:10870000036008230446C36005718560C0E9045511
:10871000C0E90655C0E90855C0E90A55202015F002
:108720004BFE0746A0604FF40070E66815F044FE6B
:10873000013E034603F500727608A261A26220465C
:1087400007EB8602E261E2624FF480682B4A6361C4
:1087500063622361236247F82630294640F8302BB4
:1087600042461FF040F8264B63640623E365254824
:1087700020650323C4F89C30234A2449244EC4F8BE
:10878000AC200B2065230222C4F89000C4F8B0107E
:1087900010200721C4F8B4301E4F20660123606703
:1087A000C4F83054C4F83454C4F83854C4F83C54B1
:1087B000C4F84054A4F8445484F83050C4F8648099
:1087C00084F8A850C4F88470A663E663C4E91A224A
:1087D000A4F8A4202267A165C4F880106365C4F8DA
:1087E000A030C4F8943084F89830204684F8B8302B
:1087F00084F81C54BDE8F081E4B10500A8BD050073
:108800000000F04100401C4600007A440050C3477D
:108810000024744B00004844F0B585B00D4601A813
:108820004149144612F094FA01A812F0ABFB2E68ED
:108830003E4901A812F08CFA07EE906AF5EEC07A74
:10884000F1EE10FA20D901A812F09CFB6E683849AD
:1088500001A812F07DFA07EE906AF5EEC07AF1EE0B
:1088600010FA11D901A812F08DFB6F682E683149FA
:1088700001A812F06DFA07EE907A07EE106AF4EE96
:10888000C77AF1EE10FA0CD5002C44D001A920468D
:1088900012F094FB01A812F075FB0024204605B0ED
:1088A000F0BD01A812F06EFBD5F81260224901A8B4
:1088B00012F04EFA07EE906AF5EEC07AF1EE10FA79
:1088C000E2D901A812F05EFBD5F80E601B4901A8A1
:1088D00012F03EFA07EE906AF5EEC07AF1EE10FA69
:1088E000D2D901A812F04EFB2E7A154901A812F038
:1088F0002FFA012EC8D801A812F044FB6D7A114955
:1089000001A812F025FA012D0BD924B1204601A9A6
:1089100012F054FB002401A812F034FB204605B0ED
:10892000F0BD0124F7E700BF80BC0500ACBC05002A
:10893000D0BC050048B40500F4BC050010BD05001E
:1089400028BD050048BD05000379012B00D0704704
:108950002DE9F0438DB00446F9F7CAFF42F27400E6
:10896000F5F7FCFA0020F7F74DFB0020F7F7E0FAE7
:108970008305054664D415F0007656D1374615F4C4
:10898000004567D18B48F7F73DFBF7F741FBF9F757
:10899000C7FF94F8A830012B00F09C80BE4205D0A0
:1089A000F21B92103946204600F08CFD35B917B104
:1089B000384615F003FD0DB0BDE8F0837E4903A8ED
:1089C00012F0C6F903A906A812F0E8F97B49684637
:1089D00012F0BEF9694606A812F08EFB014609A8FE
:1089E00012F0DCF97649774811F062FE09A9754862
:1089F00011F078FE7348EDF7B9FC09A812F0C2FA3D
:108A0000684612F0BFFA06A812F0BCFA03A812F0EA
:108A1000B9FA23686C4ADB68934276D12379012B3B
:108A20004FD00020FAF75CFCC1E7F6F7B3FA30F05C
:108A3000030631D137464FF00070F7F7E3F99EE7B0
:108A40004FF40070F7F7DEF95A48F7F7DBFAF7F75B
:108A5000DFFA90E7F6F79EFA30F0030508D14FF4FD
:108A60000040F7F7CFF95348F7F7CCFA01258EE726
:108A7000A6EB07084FEAA803E9182CBF0122002241
:108A80008B4258D3002A45D007EB8108304629464F
:108A9000F4F78EFF4646E2E7B6F1804F80F087801C
:108AA0004FEA8608404615F087FC424607460021FB
:108AB0001EF099FE3146384607EB0806F4F778FFBA
:108AC000B9E7F9F715FF0A20F7F74AFC0A2823D976
:108AD0000320A7E7D4F8BC30D4F8C02004EBC301CE
:108AE000D4F8C430D1F8D000D1F8D410C4F8CC10E8
:108AF000C4F8C800C4F8F023C4F8C03004F1C401BD
:108B000004F1A800F4F710FE48E720469847002833
:108B1000DED086E7B046B9E70020F6F789FE0020F0
:108B2000F6F786FEF7F76EFBF9F7FAFEFAF788FA22
:108B30000020207176E76FF04042D11A8D4236D87E
:108B40009D42A94638BF994619EB030318462AD21D
:108B5000B3F1804F27D243B3800015F02DFC81463E
:108B6000BE4213D0424609EB080639464FEA850853
:108B700048461EF014FE424630460021B0441EF026
:108B800032FE384615F01AFC4F467FE709EB08061F
:108B9000AA003046002106EB02081EF024FE002F3A
:108BA000EFD14F4672E71046D6E79946D8E7074817
:108BB0001BF097FCE5470A0098BB05009CBB05002D
:108BC00058A905009863002021830300B8B205006E
:108BD000F0B590F83030012B9FB003D00025284627
:108BE0001FB0F0BD0446202015F0E6FB05464FF40B
:108BF000007015F0E1FBA768E86005F10C0300F5D3
:108C000000720821A560E66AE569A261C4E9040072
:108C1000C4E90800A262E361E362E1605FB1043687
:108C2000AE4205D955F8040B15F0C8FBAE42F9D891
:108C3000384615F0C3FB0020FAF7B4F9F9F758FEEF
:108C4000204600F07FFB0546002846D1204600F074
:108C500025FC204600F094FB064600285ED10A2041
:108C6000F7F77EFB0A2800F28A80482231460CA8DA
:108C70001EF0B9FD6849684612F06AF80CA848224F
:108C800031461EF0B0FD04F58963D4ED117A93ED01
:108C9000000A20EE270AF0EE087AB4EEE70A012770
:108CA000F1EE10FA8DF87470159740F287801BF082
:108CB000D1FC032840F28280C31E0CA81993F6F75A
:108CC00015FDF7F7A5F9C4F82064F9F729FE3D462C
:108CD0002771684612F056F981E709A84F4912F04A
:108CE00037F809A90CA812F059F84D494D4811F070
:108CF000DFFC0CA94B4811F0F5FC4A48EDF736FBB8
:108D00000CA812F03FF9F9F70BFEFAF799F909A848
:108D100012F038F9002528461FB0F0BD06A84249D8
:108D200012F016F806A903A812F038F80A22314604
:108D300009A812F08BF809A903A812F0DDF9014681
:108D40000CA812F02BF83649364811F0B1FC0CA9EA
:108D5000344811F0C7FC3348EDF708FB0CA812F0BB
:108D600011F9F9F7DDFDFAF76BF909A812F00AF924
:108D700003A812F007F906A812F004F92FE709A8D2
:108D80002A4911F0E5FF09A90CA812F007F82449B7
:108D9000244811F08DFC0CA9224811F0A3FC2148B5
:108DA000EDF7E4FA0CA812F0EDF8F9F7B9FDFAF7CF
:108DB00047F909A8354612F0E5F810E71C4968465E
:108DC00012F048F91B4906A811F0C2FF06A903A832
:108DD00011F0E4FF694603A812F08EF9014609A8D4
:108DE00011F0DCFF0E490F4811F062FC09A90D4893
:108DF00011F078FC0B48EDF7B9FA09A812F0C2F8A7
:108E0000F9F78EFDFAF71CF903A812F0BBF806A8D3
:108E100012F0B8F800255CE7840B0600CCBB050017
:108E200058A9050098630020FCBB050034BC050070
:108E30006CBD050054BC0500F0B52DED028B0C4651
:108E400097B005462E492F48164611F05DFC2D4877
:108E5000EDF78CFA0CB1162E60D00AA82A4911F051
:108E600077FF0AA90DA811F099FF0DA8274912F064
:108E70006FF9274912F06CF90A220446314607A817
:108E800011F0E4FF07A9204612F036F92149044603
:108E900004A811F05DFF04A9204612F02DF90A2262
:108EA0000446162101A812F001F801A9204612F08B
:108EB00023F9014610A811F071FF1749114811F06C
:108EC000F7FB10A90F4811F00DFC0E48EDF74EFA14
:108ED00010A812F057F801A812F054F804A812F0E4
:108EE00051F807A812F04EF80DA812F04BF80AA896
:108EF00012F048F80026304617B0BDEC028BF0BDEA
:108F00001CBB05009863002000AC050098BB050061
:108F100090B205003CB20500B4A80500A268E36861
:108F200020686168A78A10AE0FC620693060B780DC
:108F3000B9499DED108A07A811F00AFF07A90AA8F0
:108F400011F02CFFB54904A811F002FF04A90AA8EA
:108F500012F0D2F8B0EE480A0446022101A811F03E
:108F6000D5FF01A9204612F0C7F801460DA811F05F
:108F700015FF0DA9AA4811F0B5FBA948EDF7F6F9C0
:108F80000DA811F0FFFF01A811F0FCFF04A811F0DB
:108F9000F9FF0AA811F0F6FF07A811F0F3FF9E49A8
:108FA0009DED118A07A811F0D3FE07A90AA811F0B8
:108FB000F5FE9C4904A811F0CBFE04A90AA812F002
:108FC0009BF8B0EE480A0446022101A811F09EFF6A
:108FD00001A9204612F090F801460DA811F0DEFE1E
:108FE0000DA98F4811F07EFB8D48EDF7BFF90DA854
:108FF00011F0C8FF01A811F0C5FF04A811F0C2FFCD
:109000000AA811F0BFFF07A811F0BCFF8249DDF8E4
:109010004A6007A811F09CFE07A90AA811F0BEFE3D
:10902000814904A811F094FE04A90AA812F064F87A
:1090300000EE106A0446022101A811F067FF01A9A1
:10904000204612F059F801460DA811F0A7FE0DA90F
:10905000734811F047FB7248EDF788F90DA811F03D
:1090600091FF01A811F08EFF04A811F08BFF0AA850
:1090700011F088FF07A811F085FF6749DDF84E6001
:1090800007A811F065FE07A90AA811F087FE674935
:1090900004A811F05DFE04A90AA812F02DF800EE54
:1090A000106A0446022101A811F030FF01A92046F0
:1090B00012F022F801460DA811F070FE0DA95848D3
:1090C00011F010FB5648EDF751F90DA811F05AFFB9
:1090D00001A811F057FF04A811F054FF0AA811F0DD
:1090E00051FF07A811F04EFF4B49DDF8526007A869
:1090F00011F02EFE07A90AA811F050FE4C4904A851
:1091000011F026FE04A90AA811F0F6FF00EE106A7D
:109110000446022101A811F0F9FE01A9204611F030
:10912000EBFF01460DA811F039FE0DA93C4811F0E6
:10913000D9FA3B48EDF71AF90DA811F023FF01A861
:1091400011F020FF04A811F01DFF0AA811F01AFF6A
:1091500007A811F017FF30499DF8486007A811F0E3
:10916000F7FD07A90AA811F019FE324904A811F069
:10917000EFFD04A90AA811F0BFFF2F4B2F490446A9
:10918000002E18BF194601A811F0E2FD01A92046E2
:1091900011F0B2FF01460DA811F000FE0DA9204804
:1091A00011F0A0FA1E48EDF7E1F80DA811F0EAFE63
:1091B00001A811F0E7FE04A811F0E4FE0AA811F0DE
:1091C000E1FE07A811F0DEFE13499DF8496007A8EB
:1091D00011F0BEFD07A90AA811F0E0FD184904A886
:1091E00011F0B6FD04A90AA811F086FF154B164927
:1091F0000446002E18BF194601A811F0A9FD01A9C7
:10920000204611F079FF01460DA811F0C7FD0DA908
:10921000034811F067FA19E048B205004CB20500A6
:109220009863002064B2050080B2050038BB0500D9
:1092300050BB050064BB0500F8BA050000BB050083
:109240007CBB05000CBB050014BB05003A48EDF7DC
:109250008DF80DA811F096FE01A811F093FE04A858
:1092600011F090FE0AA811F08DFE07A811F08AFEF9
:1092700032490AA811F06CFD0AAA10A92846FFF786
:10928000CBFA0646002841D010AC0FCC05F5866716
:109290000FC794E803009DED118ADDED108A47F8B1
:1092A000040BB1EE000A28EE000A398080EE280A8D
:1092B0001BF0D0F9032820D80420DDF84E20DDF87B
:1092C00052309DF84810C5F88C20C5F888309DF8BC
:1092D000492028640123C5ED118A85ED128A85F89D
:1092E0002C1485F82D2485F830300AA811F04AFE98
:1092F000304617B0BDEC028BF0BDB0F57F7F18D8BB
:1093000020F00300042838BF0420D6E70AA90DA8DE
:1093100011F044FD0A49084811F0CAF90DA90648A0
:1093200011F0E0F90448EDF721F80DA811F02AFE3C
:10933000DBE74FF47F70C0E798630020840B0600E2
:1093400058A9050010B50446F7F78CF8F4F74AFE63
:10935000F9F754FB02210846F9F764FB0648F9F7D0
:1093600087FBF9F79BFB0548F6F74CFE04F589608F
:10937000F9F7A4FB002010BD00800002E5470A00B9
:109380002DE9F043064687B00A20D6F84090F6F75C
:10939000E7FF0A287FD80025012701A8CDE902555B
:1093A00001978DF80B70F5F767FE29460220F5F757
:1093B000E5FD022401A806F24C480195CDF8149071
:1093C0008DF804700494CDE90244F5F771FD4FF077
:1093D000FF30F6F717FD80214046F3F7B5FF304622
:1093E00000F006FB29462046F5F7C8FD01A80195C7
:1093F00004948DF80470CDE90244CDF81490F5F78B
:1094000057FD4FF0FF30F6F7FDFC40468021F3F7A3
:109410009BFF304600F04AF910B107B0BDE8F08379
:10942000304600F01DFA0028F7D186F8000406F552
:109430007D70F6F781F83846F5F7CAFED6F8F403E2
:10944000F5F740FF4FF400410120F6F71BFD00281F
:10945000F8D000244FF40040F6F7D4FC06F5816004
:1094600086F81444F6F768F82046F5F7B1FE214671
:1094700042F26400F4F728FB0120F5F7A9FED6F8C4
:109480009C10706DF4F774FF42F25C300821F4F721
:109490001BFB2046C1E76FF00800BEE790ED227A83
:1094A000DFED077AD0F88C30C0F88430B4EEE77A7C
:1094B000F1EE10FAACBF012200224265704700BFF6
:1094C00000409C46002900F0918012F0030F40F00C
:1094D0008D80002A00F0D6802DE9F84F2DED068B07
:1094E000714E0C4601EB820C0B461F68C7F3110549
:1094F000BF0348BF35431D6004339C45F5D1920836
:109500006FD00646056AD0F8288001EB02176FF08D
:10951000404909E01DB1C5ED008A85ED018A10348E
:109520000835A74235625CD0D4ED027AF8EEE78ABE
:10953000D4ED037AB8EEE78AB0EE680AF0EE480A96
:109540001AF0ADFFF0EE680AB0EE40AAB1EE480A9C
:109550001BF02EFBD4ED007AB8EEE79AD4ED017A39
:10956000F8EEE78AB0EE408AF0EE680AB0EE490AFB
:109570001AF095FFF0EE490AF0EE409AB1EE680A53
:109580001BF016FBCAEE297AA8F108039D4296ED5E
:10959000337AD6ED328A38EE078A67EEA88A38EE3B
:1095A000408AB7D1D6E90202F56A2B1AA2EBA303CF
:1095B000012B1DD94FF4007014F0FEFE6860336A71
:1095C0001BB1C3ED008A83ED018AF36A5D687562A1
:1095D0001034043305F50078A7423562C6E90A83E2
:1095E000A2D1BDEC068B0120BDE8F88F00207047AA
:1095F000F169A5EB01084FEAA80808F1010808F194
:10960000010AB2EB4A0F0FD9A2EB0A02520800EB93
:10961000820A04355145A5EB010235D9A9421DD076
:1096200050461EF0C7F819E0B2BB0325A80014F09D
:10963000C3FEF36AF169A5EB0A0A04334FEA5A0A3A
:109640008B42834600EB8A0A03D05A1A50461EF01A
:10965000B1F8B06814F0B2FEC6E902B5DAF800302D
:10966000736108EB090503F50073B3615AF82530FF
:10967000C6F81CA00AEB850503F50072C6E909329D
:10968000F56297E701207047A942E7D0C2EB880056
:1096900050441EF08FF8E1E755000235B5F1804FD8
:1096A000C4D31AF01BFF00BF0000FCFF70B50446D6
:1096B000AEB00120F3F76CFE00216448F4F7C2FD60
:1096C00094F82C5425B194F82D54003518BF012579
:1096D00000231A4629462846F9F73AFA7022002153
:1096E00012A81EF080F8D4E91E12D4F8800094F875
:1096F000A83016911792616F189005220B202891BF
:109700002B92216F2A904FF4C0424FF44060279172
:1097100013924FF480710222012BCDE914011992AA
:1097200000F0818094ED220A84EDFC0AD4ED0E0A4B
:10973000F5F712F9D4ED216A9FED457A2190F6EE06
:10974000007AE6EE877A002612A82396FCEEE77AE6
:109750002496CDED227AF5F705F8002D49D102AD1A
:10976000D4F8A0300493032294F8A530079206930E
:1097700094F8A420D4F8903005920126D4F89420CF
:109780000C93284694F898300D920025CDE90955A0
:109790000E950F958DF838300B95CDE91055CDE924
:1097A000026608968DF824608DF82660F5F7DAF9E0
:1097B00031462848F4F746FD4FF00140F3F7AAFD83
:1097C0002846F3F7E5FD01A96846F3F7D5FD054600
:1097D00060B9DDE90012606BC4F8F463C4F8F80303
:1097E000C4F80414C4F8FC23F5F776FD28462EB01F
:1097F00070BD02AD314628463C221DF0F4FF042224
:109800000123154906920E928DF8213002228DF81F
:10981000413028464FF43873CDF822100B920F9345
:10982000F5F7DAF89CE7D4F8AC30C4F8F03300224E
:10983000C4F8C030C4F8BC2004F1C40104F1A8008D
:10984000F3F772FF94ED300A70E700BFE0FF3900D4
:109850008FC22340604E110000082000000000006D
:10986000D0ED0E6A90ED0F7AC6EE877AF0B5D0E9AA
:10987000243291B00446012590F8A50094F8A47014
:109880000D92023305FA03F3032203A900260B907D
:1098900008A8CDED0F7A099308920A970C96F3F772
:1098A0007BFE2846F3F774FD4FF47A60F3F732FD40
:1098B000D4E91821E36E0492A26E43F4807304A8E5
:1098C0000793CDE90512F4F761FE29462846F5F71E
:1098D00073FA29464FF48140F4F7B4FC4FF4487012
:1098E000F3F718FD29464FF40140F4F7ABFC039859
:1098F00020F04040F3F70EFD31464CF28010F4F7B3
:10990000A1FC94F82C34002B66D0D4E91601F5F7AD
:1099100053FA01214FF48140F4F794FC4FF448705E
:10992000F3F7F8FC01214FF40140F4F78BFC0398A6
:1099300020F04040F3F7EEFC00214CF28010F4F7E9
:1099400081FC00264FF440624FF480734FF4C04115
:1099500004A8CDE90623CDE90461F4F717FEF6F774
:1099600057FB02A901A8F3F707FD05463046F3F7B8
:109970000FFDF3F717FDC4F824040A301DF0EAF8D0
:109980000B46024618A1D1E900011DF087FA1DF02F
:1099900053FC94ED117A07EE900A04F58563F4EE1A
:1099A000C77AF1EE10FA186048BFC4ED117A85B994
:1099B000DDE90112D4F8F803D4F8FC33C4F80854F4
:1099C0001844C4F80C04C4F81814C4F81024F5F7AB
:1099D00083FC284611B0F0BD14211920F5F7ECF9ED
:1099E00097E700BFAFF300800000000080846E4165
:1099F0002DE9F0470446AAB0C56B016D826BD0F823
:109A0000AC0094F8A83019911A9294F8A410D4F8E4
:109A100090201890D4F894001B95249194F8A550A8
:109A2000616F26922790226F25950120002694F8D9
:109A300098501E911D9205210A2283428DF8A05054
:109A400029908DF87C601C96CDE9202140F088801B
:109A5000D4F8B430C4F8BC60002B72D0DFF828A171
:109A6000464F04F1A80904F1D005294618A8F6F7D5
:109A700007FD5146684611F06BF9694606A811F0DA
:109A80008DF99DED180A022103A811F03FFA03A9F0
:109A900006A811F031FB3A49804609A811F058F99F
:109AA00009A9404611F028FB95ED000A80460221E5
:109AB0000CA811F02BFA0CA9404611F01DFB3149FE
:109AC00080460FA811F044F90FA9404611F014FB8D
:109AD00095ED010A8046022112A811F017FA12A989
:109AE000404611F009FB014615A811F057F915A9D8
:109AF000384610F0F7FD3846ECF738FC15A811F0A1
:109B000041FA12A811F03EFA0FA811F03BFA0CA886
:109B100011F038FA09A811F035FA03A811F032FA59
:109B200006A811F02FFA684611F02CFA18A9484639
:109B3000F3F7FAFDD4F8B4300136B34205F1080565
:109B400093D8D4F8D030D4F8D420C4F8C83000204A
:109B50000023C4F8CC20C4F8BC302AB0BDE8F0879C
:109B60002AA8D4F8883040F8483D04F1C801F6F737
:109B700087FC00202AB0BDE8F08700BF9863002072
:109B8000D4BD0500E4BD0500CCBD0500704700BF95
:109B9000704700BF0022C0E900228260704700BF0A
:109BA00000207047704700BF10B5044614F006FC53
:109BB000204610BD0379012B01D00120704710B55C
:109BC0000446F8F795FE204600F0DAFA42F27400F7
:109BD000F4F7C4F90020F5F72BFEF6F713FBF8F7BE
:109BE0009FFEF9F72DFA00232371012010BD00BF5D
:109BF0000146002310B4074C037141F80C4BC360BD
:109C0000054C4B608B60CB60C461037383605DF86F
:109C1000044B7047C8BF05006400140070B584B0E1
:109C20000D4601A82E49144611F092F801A811F032
:109C3000A9F92E682B4901A811F08AF807EE906A5D
:109C4000F5EEC07AF1EE10FA3BD901A811F09AF9BD
:109C5000AE68254901A811F07BF807EE906AF5EE91
:109C6000C07AF1EE10FA2CD901A811F08BF96E68C8
:109C70001E4901A811F06CF807EE906AF5EEC07A63
:109C8000F1EE10FA1DD401A811F07CF96E68AD68F0
:109C9000174901A811F05CF807EE906A07EE105A18
:109CA000F4EEC77AF1EE10FA18DD24B1204601A9CE
:109CB00011F084F9002401A811F064F9204604B0E1
:109CC00070BD002CF7D001A9204611F077F901A84A
:109CD00011F058F90024204604B070BD0124EAE7D1
:109CE000DCBE050010BF05003CBF050064BF0500D9
:109CF0008CBF0500F0B5047B012C8DB002D0002094
:109D00000DB0F0BD0546F9F779F9F8F7F1FD2846F1
:109D100000F0C6F9064688B9284600F0E5F907467E
:109D200060BB2F48F6F76EF9F6F772F9F8F7F8FD11
:109D3000284600F059FA2C712046E1E706A8294987
:109D400011F006F806A909A811F028F826492748B5
:109D500010F0AEFC09A9254810F0C4FC2348ECF72C
:109D600005FB09A811F00EF9F8F7DAFDF9F768F923
:109D700006A811F007F900200DB0F0BD1C4903A89A
:109D800010F0E6FF03A9684611F008F80A223946E8
:109D900006A811F05BF806A9684611F0ADF9014676
:109DA00009A810F0FBFF1049104810F081FC09A928
:109DB0000E4810F097FC0D48ECF7D8FA09A811F0FE
:109DC000E1F8F8F7ADFDF9F73BF906A811F0DAF87C
:109DD000684611F0D7F803A811F0D4F830468FE7A1
:109DE000E5470A0060BE050058A9050098630020F9
:109DF0009CBE050070B52DED028B0C4692B0064658
:109E00009A499B48154610F07FFC9948ECF7AEFA4A
:109E10000CB10C2D52D009A8964910F099FF09A950
:109E20000CA810F0BBFF0CA8934911F091F99349CD
:109E300011F08EF90A220446294606A811F006F808
:109E400006A9204611F058F98D49044603A810F0E0
:109E50007FFF03A9204611F04FF90A2204460C2186
:109E6000684611F023F86946204611F045F901468D
:109E70000FA810F093FF83497D4810F019FC0FA93B
:109E80007B4810F02FFC7A48ECF770FA0FA811F01D
:109E900079F8684611F076F803A811F073F806A86F
:109EA00011F070F80CA811F06DF809A811F06AF81B
:109EB0000024204612B0BDEC028B70BDA268206861
:109EC00061686B4607C370499DED008A09A810F0D0
:109ED0003FFF09A90CA810F061FF6C4906A810F01B
:109EE00037FF06A90CA811F007F9B0EE480A04469E
:109EF000022103A811F00AF803A9204611F0FCF88A
:109F000001460FA810F04AFF0FA9594810F0EAFBCC
:109F10005748ECF72BFA0FA811F034F803A811F00A
:109F200031F806A811F02EF80CA811F02BF809A8AA
:109F300011F028F854499DED018A09A810F008FF96
:109F400009A90CA810F02AFF514906A810F000FF3B
:109F500006A90CA811F0D0F8B0EE480A0446022178
:109F600003A810F0D3FF03A9204611F0C5F801465D
:109F70000FA810F013FF0FA93D4810F0B3FB3C48A9
:109F8000ECF7F4F90FA810F0FDFF03A810F0FAFFAA
:109F900006A810F0F7FF0CA810F0F4FF09A810F0C5
:109FA000F1FF39499DED028A09A810F0D1FE09A9F7
:109FB0000CA810F0F3FE374906A810F0C9FE06A958
:109FC0000CA811F099F8B0EE480A0446022103A843
:109FD00010F09CFF03A9204611F08EF801460FA84F
:109FE00010F0DCFE0FA9224810F07CFB2048ECF7B3
:109FF000BDF90FA810F0C6FF03A810F0C3FF06A814
:10A0000010F0C0FF0CA810F0BDFF09A810F0BAFFB7
:10A0100021490CA810F09CFE0CAA69463046FFF7B7
:10A02000FDFD044678B1009B0199029A336101233A
:10A030007161B26133730CA810F0A4FF204612B016
:10A04000BDEC028B70BD0CA90FA810F0A7FE134940
:10A05000074810F02DFB0FA9054810F043FB0448FA
:10A06000ECF784F90FA810F08DFFE4E7F4BD0500CC
:10A070009863002000AC05001CBE050090B20500EE
:10A080003CB20500B4A8050048B205004CB205007A
:10A090002CBE050048BE0500840B060058A905002B
:10A0A00010B50446F6F7DEF9F3F79CFFF8F7A6FCC7
:10A0B00002210120F8F7B6FC0120F8F7C9FC074897
:10A0C000F8F7D6FCF8F7EAFC0548F5F79BFF04F132
:10A0D0002000F8F7F3FC002010BD00BF0080000254
:10A0E000E5470A000000000000B5838BD0ED056A4B
:10A0F0009FED216A2DED028B08EE103AC38BF8EE2E
:10A10000C87A07EE103A26EE868AB8EEC77A27EEAE
:10A11000888A0023012191B028EE078A1A46084652
:10A12000F8F716FD3C2201A800211DF05CFB18EE9B
:10A13000100A1CF031FD0022104B1CF0CDFB0CA3CB
:10A14000D3E900231CF080FD1DF056F80822ADF87D
:10A150001E00012301A805928DF81D30F4F73CFC88
:10A16000002011B0BDEC028B5DF804FBAFF3008062
:10A17000C853823C25C8FD3F6F12833A00006940F6
:10A1800038B58368E3B1044613F056F9A2688242F9
:10A1900016D0AAB1002310461946022213F0E6FA9F
:10A1A00012F0B2FD054607E012F0DAFE12F0ACFD47
:10A1B000401BB0F5806F04D8A3680120002BF3D1B9
:10A1C00038BD0649064810F073FA0649044810F0F5
:10A1D0009BFA0348BDE83840ECF7C8B8B4A80500BE
:10A1E0009863002070C0050030B5856883B00DB15C
:10A1F00003B030BD00F10803CDE900530446034627
:10A200004FF400720A490B4812F02EFB0128EFD0E0
:10A21000A5600949094810F04BFA0949074810F0B0
:10A2200073FA064803B0BDE83040ECF79FB800BFB2
:10A2300098C0050045A2030058A9050098630020B6
:10A24000B4C0050070B52DED048B04468AB000281B
:10A2500000F08280514E9FED529A9FED528A00216C
:10A26000012013F0AFF9054638B10020A06012F0CC
:10A2700075FB0AB0BDEC048B70BD01461520F8F7E4
:10A2800071FE032015F05AF9052015F0D3F90420CA
:10A2900015F084F915F0D6FA0E2015F049F91520BD
:10A2A00015F0FAF9C6F8005508EE900A1520F8F7EF
:10A2B00045FEA38B3C4907EE903AE38BB8EEE77A74
:10A2C00007EE903AF8EE688AF8EEE77A68EE898A47
:10A2D00067EE277A01A888EEA77A67EE088A10F061
:10A2E00037FD01A904A810F059FDB0EE680A04A8D2
:10A2F00010F0CEFF014607A810F050FD07A92B482B
:10A3000010F0F0F92948ECF731F807A810F03AFE00
:10A3100004A810F037FE01A810F034FED4ED067A40
:10A32000F4EEE87AF1EE10FA4FF47A724FF000038F
:10A3300021D4D4ED047A67EE887AFCEEE77A17EE42
:10A34000901A8802890D1CF0C7FF0146012013F006
:10A3500039F9002883D088E71549144810F0A8F986
:10A360001449124810F0D0F91048EBF7FFFF2046CF
:10A3700012F0F4FA6EE723682046DB689847042061
:10A38000F8F7AEFF0A49094810F092F90A49074860
:10A3900010F0BAF90548EBF7E9FF66E700700040F6
:10A3A0000000163E00007A441CC00500986300209F
:10A3B00058A90500ECBF050034C0050070B4D0E911
:10A3C0000763C26A456A04698169921B581B92102F
:10A3D000531E801000EBC3100B1B00EBA30080008A
:10A3E00070BC704738B50479012C01D0012038BD0C
:10A3F0000546F8F77DFA0A20F5F7B2FF0A284FF074
:10A400000000F4D8F5F714FA0020F5F711FAF5F783
:10A41000F9FEF8F785FAF8F713FE002320462B71B2
:10A4200038BD00BF2DE9F04F0D46D5E90763C96A75
:10A430000446686A891B1B1A2E69A86989100139AC
:10A440009B1003EBC113801B4FEA920B03EBA0029E
:10A45000934528BF934600235FEA8B0685B0C4E985
:10A460000033A36040F08580BBF1000F45D04FF072
:10A470000008CDF804B009E0C6F800906368043322
:10A480006360019B08F10108984536D0AA692B69E1
:10A49000043A9342D3F8009033D004332B61D4E9CB
:10A4A00001639B1B032BE7D8D4F800A0A6EB0A0797
:10A4B0007B1D6DD8042F3B4638BF0423FB189B46F9
:10A4C0002CD2002B62D1002F47D1C3F80090042773
:10A4D0005B46CDF808B05F44BAF1000F04D0504697
:10A4E000039313F06BFF039BC4E90037029BA36047
:10A4F000019B08F101089845C8D1204605B0BDE888
:10A50000F08F686913F05AFFEB695A686A61043387
:10A5100002F500712A61C5E90613C0E74FF0FF3765
:10A52000384613F049FFD4E900A2C119921BB6EBDB
:10A530000A07034603920291934613D1DA1943F8AE
:10A540000790171D039A002AC5D031465A4638464F
:10A5500003931DF024F9039BBDE7CDF80CB05B46D7
:10A56000CDF808B018463A4651461DF023F9034687
:10A57000E4E7304613F020FF0746206808B113F0E7
:10A580001DFF3E44A660C4E900776DE71F46C7E79C
:10A59000014819F0A6FF00BFBCB3050070B5064620
:10A5A0008068094B336068B1F56AF4690435AC42E0
:10A5B00006D254F8040B13F001FFA542F9D8B06895
:10A5C00013F0FCFE304670BD94C2050070B506461F
:10A5D00080680B4B336068B1F56AF4690435AC42AE
:10A5E00006D254F8040B13F0E9FEA542F9D8B0687E
:10A5F00013F0E4FE304613F0E1FE304670BD00BFBC
:10A6000094C205002DE9F04FD0E90743C26A8146A4
:10A61000406AD9F81870D9F81010121BA3EB000883
:10A620009210531E4FEAA80808EBC3187F1A08EBD4
:10A63000A7084FEAD816F41C082C38BF0824A0003D
:10A6400083B013F0B9FE0136A41B640800EB840547
:10A6500005EB8606B542834608D22F464FF40070BC
:10A6600013F0AAFE47F8040BBE42F7D8D9E9083127
:10A67000D9F81C00D9F82C20D9F818E05BF8244050
:10A6800056F8047C121A5B1A9210D9F81010013A8D
:10A690009B1003EBC213AEEB010203EBA20308F025
:10A6A0007F08002B07EB880704F500780EDDAA462B
:10A6B000C146224651F804CBC2F800C0714502F1F0
:10A6C000040240D04A452ED0013BF3D1DFF880A0F0
:10A6D000DFF880900194A74214D020681CF05CFA47
:10A6E0000B4602465146484610F010F9A8F1040303
:10A6F0009C420FD00434A742EFD103E055F8040B7D
:10A7000013F05CFEAE42F9D8584603B0BDE8F04FF6
:10A7100013F054BE019813F051FE6C680194043597
:10A7200004F50078D7E7DAF80420013B0AF1040ABF
:10A7300002F50079CAD051F804CBC2F800C07145C7
:10A7400002F10402BED14168043001F5007EB9E790
:10A75000E0C0050098630020F8B5274B0360002592
:10A7600008230446C36005718560C0E90455C0E94B
:10A770000655C0E90855C0E90A55202013F01CFE13
:10A780000746A0604FF40070E66813F015FE013E26
:10A79000034603F500727608A261A262204607EB29
:10A7A0008602E261E262154A6361636223612362A9
:10A7B00047F82630294640F8302B64221DF013F864
:10A7C00040F20113A4F858300223E3650123C4E9E1
:10A7D00014330B4A0B4E0C480C49C4F89450C4F87F
:10A7E000985084F89C50A06684F8305066662166C4
:10A7F000A263E2632046F8BDE4B1050094C20500FF
:10A800000024744B0080A24400808944C3F5E83FD3
:10A81000F0B585B00D4601A82F49144610F098FAFE
:10A8200001A810F0AFFB2E682C4901A810F090FA97
:10A8300007EE906AF5EEC07AF1EE10FA3CD901A865
:10A8400010F0A0FB6E68264901A810F081FA07EE0F
:10A85000906AF5EEC07AF1EE10FA2DD901A810F049
:10A8600091FB6F682E681F4901A810F071FA07EE7E
:10A87000907A07EE106AF4EEC77AF1EE10FA1BD464
:10A8800001A810F07FFB2D7A174901A810F060FA9B
:10A89000162D1ED00F2D1CD0042D1AD01E2D18D011
:10A8A00024B1204601A910F089FB002401A810F072
:10A8B00069FB204605B0F0BD002CF7D001A9204669
:10A8C00010F07CFB01A810F05DFB0024204605B0D1
:10A8D000F0BD0124EAE700BFCCC10500F8C10500C6
:10A8E0001CC2050048B4050040C205000379012BD5
:10A8F00000D070472DE9F0478CB00446F7F7F8FF19
:10A9000042F27400F3F72AFB0020F5F77BFB0020EE
:10A91000F5F70EFB0546A80576D415F0007850D162
:10A920002A0440F1C180F4F735FB0546002840F0C9
:10A93000A8804FF40040F5F765FA8A482E46F5F7EF
:10A9400061FBF7F7EDFF884903A810F001FA03A9AE
:10A9500006A810F023FA8549684610F0F9F969460F
:10A9600006A810F0C9FB014609A810F017FA8049A3
:10A9700080480FF09DFE09A97E480FF0B3FE7D4888
:10A98000EBF7F4FC09A810F0FDFA684610F0FAFAAB
:10A9900006A810F0F7FA03A810F0F4FA2368764A34
:10A9A000DB68934240F088802379012B60D000203F
:10A9B000F8F796FC16B1304613F000FD0CB0BDE878
:10A9C000F087F4F7E7FA074640BB4FF00070F5F761
:10A9D00019FA2B0468D53E46F4F7DCFA0546002840
:10A9E00040F0BE804FF40040F5F70CFA5D48F5F7F3
:10A9F00009FBF7F795FFB742A5D0BA1B9210314675
:10AA0000204600F0EBFB9EE74FF40070F5F7FAF9F3
:10AA10005448F5F7F7FAF5F7FBFA7EE7B0F1804F07
:10AA200080F09B804FEA8008404613F0C5FC424608
:10AA3000064600211CF0D7FE39463046F2F7B8FF33
:10AA40004FF00070F5F7DEF9290406EB0807C3D4D0
:10AA50004448F5F7D7FAF5F7DBFAF7F761FFBE429E
:10AA6000A8D04FEAA8022046314600F0B7FBA1E784
:10AA7000F7F73EFF0A20F5F773FC0A2823D90320D5
:10AA800096E74646A8EB06094FEAA903EF182CBF44
:10AA900001220022BB4225D39AB106EB8707294643
:10AAA0004046F2F785FF9DE72E48F5F7ABFAF5F73C
:10AAB000AFFAF7F735FF81E7204698470028DED048
:10AAC00075E74746EBE70020F4F7B2FE0020F4F705
:10AAD000AFFEF5F797FBF7F723FFF8F7B1FA002081
:10AAE000207165E76FF04042D11A8D4235D89D4202
:10AAF000AA4638BF9A461AEB0303184629D2B3F187
:10AB0000804F26D23BB3800013F056FC8246B045FE
:10AB100012D04A460AEB09083146AF0050461CF0F5
:10AB20003EFE3A464046002147441CF05CFE30465B
:10AB300013F044FC5646B2E70AEB0908AA00404667
:10AB4000002108EB02071CF04EFE002EEFD1564606
:10AB5000A5E71046D7E79A46D9E7084819F0C1FC9F
:10AB6000B8468FE7E5470A0014C105009CBB050005
:10AB700058A9050098630020E5A30300B8B20500BA
:10AB800070B52DED028B0C4692B00546A749A8483A
:10AB900016460FF0B9FDA648EBF7E8FB0CB1092EFD
:10ABA00052D009A8A34910F0D3F809A90CA810F0B5
:10ABB000F5F80CA8A04910F0CBFAA04910F0C8FA9B
:10ABC0000A220446314606A810F040F906A920469C
:10ABD00010F092FA9A49044603A810F0B9F803A9B4
:10ABE000204610F089FA0A2204460921684610F02E
:10ABF0005DF96946204610F07FFA01460FA810F073
:10AC0000CDF890498A480FF053FD0FA988480FF0FE
:10AC100069FD8748EBF7AAFB0FA810F0B3F9684667
:10AC200010F0B0F903A810F0ADF906A810F0AAF9D9
:10AC30000CA810F0A7F909A810F0A4F900242046E8
:10AC400012B0BDEC028B70BD20686168227A6B4641
:10AC500003C37D491A7009A89DED008A10F078F8A9
:10AC600009A90CA810F09AF8784906A810F070F815
:10AC700006A90CA810F040FAB0EE480A04460221DA
:10AC800003A810F043F903A9204610F035FA014655
:10AC90000FA810F083F80FA965480FF023FD644852
:10ACA000EBF764FB0FA810F06DF903A810F06AF938
:10ACB00006A810F067F90CA810F064F909A810F0C4
:10ACC00061F961499DED018A09A810F041F809A9CF
:10ACD0000CA810F063F85E4906A810F039F806A930
:10ACE0000CA810F009FAB0EE480A0446022103A8A5
:10ACF00010F00CF903A9204610F0FEF901460FA848
:10AD000010F04CF80FA94A480FF0ECFC4848EBF75C
:10AD10002DFB0FA810F036F903A810F033F906A8A0
:10AD200010F030F90CA810F02DF909A810F02AF94C
:10AD3000454909A810F00CF809A90CA810F02EF844
:10AD4000444906A810F004F806A90CA810F0D4F99C
:10AD50000A2204469DF8081003A810F047F803A93A
:10AD6000204610F0C9F901460FA810F017F80FA9F6
:10AD70002F480FF0B7FC2E48EBF7F8FA0FA810F0A9
:10AD800001F903A810F0FEF806A810F0FBF80CA8D3
:10AD900010F0F8F809A810F0F5F86E462E490CA846
:10ADA0000FF0D6FF0CAA31462846FFF731FD0446C6
:10ADB00048B396E8070005F1940303C3DDED008A6C
:10ADC0009DED018A1A7088EE280A19F043FCA0B99B
:10ADD00001209DF808202864012385F89D2085F82E
:10ADE0003030C5ED118A85ED128A0CA810F0CAF832
:10ADF000204612B0BDEC028B70BD40F2FF3398428A
:10AE000028BF1846E5E70CA90FA80FF0C7FF1349A4
:10AE100007480FF04DFC0FA905480FF063FC0448EC
:10AE2000EBF7A4FA0FA810F0ADF8DEE7F8C00500C4
:10AE30009863002000AC050014C1050090B2050025
:10AE40003CB20500B4A8050048B205004CB20500AC
:10AE500064B20500ACB20500840B060058A90500D9
:10AE6000F0B590F83030012B9FB003D00025284674
:10AE70001FB0F0BD0446202013F09EFA05464FF4A3
:10AE8000007013F099FAA768E86005F10C0300F56B
:10AE900000720821A560E66AE569A261C4E90400C0
:10AEA000C4E90800A262E361E362E1605FB10436D5
:10AEB000AE4205D955F8040B13F080FAAE42F9D82A
:10AEC000384613F07BFA0020F8F76CF8F7F710FD1E
:10AED000204600F0F3F8054600283FD1204600F058
:10AEE0000FF9064600285AD10A20F5F739FA0A2840
:10AEF00000F28680482231460CA81CF074FC674999
:10AF000068460FF025FF31460CA848221CF06BFC68
:10AF1000D4ED117A94ED280A20EE270AF1EE047A96
:10AF2000B4EEE70A01260323F1EE10FA8DF87460FF
:10AF3000159340F2848019F08DFB05287FD9431FBB
:10AF40000CA819933546F4F7D1FBF5F761F8F7F73C
:10AF5000E7FC2671684610F015F888E709A8504903
:10AF60000FF0F6FE09A90CA80FF018FF4D494E4846
:10AF70000FF09EFB0CA94C480FF0B4FB4A48EBF7CE
:10AF8000F5F90CA80FF0FEFFF7F7CAFCF8F758F830
:10AF900009A80FF0F7FF002528461FB0F0BD06A84E
:10AFA00042490FF0D5FE06A903A80FF0F7FE0A22CA
:10AFB000314609A80FF04AFF09A903A810F09CF830
:10AFC00001460CA80FF0EAFE364937480FF070FB37
:10AFD0000CA935480FF086FB3348EBF7C7F90CA8EE
:10AFE0000FF0D0FFF7F79CFCF8F72AF809A80FF04C
:10AFF000C9FF03A80FF0C6FF06A80FF0C3FF36E78E
:10B0000009A82B490FF0A4FE09A90CA80FF0C6FE51
:10B01000244925480FF04CFB0CA923480FF062FB94
:10B020002148EBF7A3F90CA80FF0ACFFF7F778FC79
:10B03000F8F706F809A835460FF0A4FF17E71D49F1
:10B04000684610F007F81C4906A80FF081FE06A913
:10B0500003A80FF0A3FE694603A810F04DF80146BF
:10B0600009A80FF09BFE0F490F480FF021FB09A91B
:10B070000D480FF037FB0C48EBF778F909A80FF0F3
:10B0800081FFF7F74DFCF7F7DBFF03A80FF07AFF1E
:10B0900006A80FF077FF00255CE700BF840B0600D1
:10B0A00018C1050058A905009863002048C1050093
:10B0B00080C1050058C20500A0C1050010B50446B6
:10B0C000F5F7D0F9F2F78EFFF7F798FC022101208F
:10B0D000F7F7A8FC0120F7F7BBFC0748F7F7C8FC17
:10B0E000F7F7DCFC0548F4F78DFF04F1A000F7F753
:10B0F000E5FC002010BD00BF00800002E5470A000B
:10B100002DE9F041054686B00A20D5F84080F5F7D4
:10B1100027F90A285FD80024012601A8CDE90244B6
:10B1200001968DF80B60F3F7A7FF21462046F3F751
:10B1300025FF0322022301A80492CDE902330194E2
:10B1400005F1A407CDF814808DF80460F3F7B0FE84
:10B150004FF0FF30F4F756FE38468021F2F7F4F84E
:10B16000284600F0FDF810B106B0BDE8F081284691
:10B1700000F094F90028F7D185F8780005F16C000B
:10B18000F4F7DAF93046F4F723F8E86EF4F79AF8B2
:10B190004FF400410120F4F775FE0028F8D0002498
:10B1A0004FF40040F4F72EFE05F1800085F88C4046
:10B1B000F4F7C2F92046F4F70BF8214642F2640096
:10B1C000F2F782FC0120F4F703F8D5E91301F3F755
:10B1D000CFF82046C8E76FF00800C5E7002900F067
:10B1E0009780002A00F0A8802DE9F04F2DED028B0A
:10B1F000164683B00446DFED588A0D1F4FF0000855
:10B200006FF0404708E00BB183ED008A08F10108B8
:10B210000433464523622FD055F8040F616D94ED39
:10B22000180A80B2F2F784FBA16A236A04398B42C0
:10B2300020EE288AE7D1D4E90202D4F82C90A9EBB9
:10B240000003A2EBA303012B1CD94FF4007013F0F1
:10B25000B3F8C9F80400236A0BB183ED008AE36AEE
:10B260005A68626208F10108043302F5007146452C
:10B270002262C4E90A13CFD1012003B0BDEC028BD6
:10B28000BDE8F08FE169A9EB010B4FEAAB0B0BF1C5
:10B29000010B0BF1010AB2EB4A0F3BD8002A4DD04B
:10B2A000520002F10209B9F1804F52D24FEA8900EF
:10B2B00013F082F8E26AE169A9EB0A0A04324FEA64
:10B2C0005A0A8A42034600EB8A0A05D00190521AB4
:10B2D00050461CF06FFA019BA068019313F06EF8C2
:10B2E000019BC4E90239DAF8003063610BEB07090E
:10B2F00003F50073A3615AF82930C4F81CA00AEBC7
:10B30000890903F50072C4E90932C4F82C909CE75E
:10B3100008467047A2EB0A0A4FEA5A0A00EB8A0A6B
:10B3200009F104095145A9EB01020AD94945DAD0CE
:10B3300050461CF03FFAD6E7012070474FF0030952
:10B34000B4E74945CFD0C2EB8B0050441CF032FA31
:10B35000C9E719F0C3F800BF00007A4400000000FC
:10B3600070B50446A0B00120F2F712F80021484859
:10B37000F2F768FF01231A4619461846F7F7E8FB6B
:10B38000666EA56E3C22002104A81CF02CFA18223F
:10B390000123304608928DF829301BF0FDFB002276
:10B3A0003C4B1BF099FA36A3D3E900231BF04CFC6D
:10B3B0001BF0FAFE00285ADB3F2856DC83B22846F1
:10B3C000ADF82C301BF0E8FB0022324B1BF084FA66
:10B3D0002DA3D3E900231BF037FC1BF0E5FE00286A
:10B3E00047DBB0F5805F46DA83B2082148F20412E9
:10B3F000012504A8ADF82A300D9111928DF848501E
:10B40000F3F7EAFA94F8580094F85930626D94F81A
:10B410009D1000901120F7F741FC7022002104A834
:10B420001CF0E1F904A8F3F79DF929461A48F2F750
:10B4300009FF0020F4F7CEF84FF00140F1F76AFF62
:10B440000020F1F7A5FF03A902A8F1F795FF064632
:10B4500040B9DDE90212606BE167C4E91B50626725
:10B46000F3F73AFF304620B070BD3F23A7E7002333
:10B47000A5E70023B9E740F6FF73B6E7AFF3008016
:10B48000CA1DA0DC01CA9D3FC853823C25C8FD3FB0
:10B49000E0FF39000000694020000100D0ED0E6A95
:10B4A00090ED0F7AC16DC6EE877A70B58CB090F8CA
:10B4B000592090F8583004910025012603A904462C
:10B4C00004A807920693CDED0B7A0596099503958E
:10B4D00008950A95F2F760F83046F1F759FF3146C2
:10B4E0001A48F2F7AFFE4FF47A60F1F713FF3146D6
:10B4F0004FF48070F2F7A6FE039820F04040F1F779
:10B5000009FF29461248F2F79DFE1420F1F702FFC9
:10B51000F4F77EFD02A901A8F1F72EFF06462846A2
:10B52000F1F736FF76B9D4E91C03DDE901121844BE
:10B53000C4F88060C4F88400C4F89010C4F888206F
:10B54000F3F7CAFE30460CB070BD00BF80000100AA
:10B550008001010070B4D0E90763C26A456A0469DA
:10B560008169921B581B9210531E801000EBC31070
:10B570000B1B00EBA300800070BC704738B504794A
:10B58000012C01D0012038BD0546F7F7B1F90A209A
:10B59000F4F7E6FE0A284FF00000F4D8F4F748F973
:10B5A0000020F4F745F9F4F72DFEF7F7B9F9F7F7AE
:10B5B00047FD0022032320462A7185F80D3138BD4E
:10B5C0002DE9F04F0D46D5E90763C96A0446686A5C
:10B5D000891B1B1A2E69A869891001399B1003EB7E
:10B5E000C113801B4FEA920B03EBA002934528BFC7
:10B5F000934600235FEA8B0685B0C4E90033A3605D
:10B6000040F08580BBF1000F45D04FF00008CDF829
:10B6100004B009E0C6F80090636804336360019BDE
:10B6200008F10108984536D0AA692B69043A93427B
:10B63000D3F8009033D004332B61D4E901639B1B12
:10B64000032BE7D8D4F800A0A6EB0A077B1D6DD822
:10B65000042F3B4638BF0423FB189B462CD2002BFB
:10B6600062D1002F47D1C3F8009004275B46CDF884
:10B6700008B05F44BAF1000F04D05046039312F0B3
:10B680009DFE039BC4E90037029BA360019B08F168
:10B6900001089845C8D1204605B0BDE8F08F68691B
:10B6A00012F08CFEEB695A686A61043302F500718E
:10B6B0002A61C5E90613C0E74FF0FF37384612F09C
:10B6C0007BFED4E900A2C119921BB6EB0A07034620
:10B6D00003920291934613D1DA1943F80790171D8C
:10B6E000039A002AC5D031465A46384603931CF0C7
:10B6F00056F8039BBDE7CDF80CB05B46CDF808B01B
:10B7000018463A4651461CF055F80346E4E73046E1
:10B7100012F052FE0746206808B112F04FFE3E4478
:10B72000A660C4E900776DE71F46C7E7014818F037
:10B73000D8FE00BFBCB3050070B506468068094B53
:10B74000336068B1F56AF4690435AC4206D254F846
:10B75000040B12F033FEA542F9D8B06812F02EFEA9
:10B76000304670BDD4C4050070B5064680680B4BEA
:10B77000336068B1F56AF4690435AC4206D254F816
:10B78000040B12F01BFEA542F9D8B06812F016FEA9
:10B79000304612F013FE304670BD00BFD4C4050021
:10B7A0000379012B00D070472DE9F0470446F7F7E5
:10B7B0009FF842F27400F2F7D1FB0020F4F722FC6C
:10B7C0000020F4F7B5FB0546A8055ED415F0007619
:10B7D00023D12A0440F19680F3F7DCFB8046002851
:10B7E00040F08E804FF40040F4F70CFB7E48464654
:10B7F000F4F708FCF7F794F823687C4ADB68934277
:10B8000040F089802379012B00F08C800020F7F72D
:10B8100067FD002E6FD1BDE8F087F3F7BBFB07464D
:10B8200000283FD14FF00070F4F7ECFA2B0469D5F3
:10B83000F3F7B0FB80460028D4D03D463E46A5EB4A
:10B8400006094FEAA90313EB08072CBF01220022C7
:10B85000BB42C0F08280002A7DD006EB87074146BC
:10B860002846F2F7A5F84FF40040F4F7CBFA5E480B
:10B87000F4F7C8FBF7F754F8B742BDD0BA1B9210E3
:10B880003146204601F02AF9B6E74FF40070F4F78C
:10B89000B9FA204601F0A8FA5348F4F7B3FBF4F7DD
:10B8A000B7FB93E7B0F1804F80F09B804FEA8008B0
:10B8B000404612F081FD4246064600211BF093FFF0
:10B8C00039463046F2F774F84FF00070F4F79AFA00
:10B8D000290406EB08077CD44348F4F793FBF4F7FC
:10B8E00097FBF7F71DF8BE4205D04FEAA8022046A5
:10B8F000314601F0F3F83046BDE8F04712F05EBD86
:10B9000035469CE73848F4F77DFBF4F781FBBDE84A
:10B91000F047F7F705B82046984700287FF476AF40
:10B92000032074E7F6F7E4FF0A20F4F719FD0A286C
:10B93000F6D80020F3F77CFF0020F3F779FFF4F747
:10B9400061FCF6F7EDFFF7F77BFB00200323207186
:10B9500084F80D315BE72F4681E76FF04042D11A42
:10B9600041453ED343459A4638BFC2461AEB0303CE
:10B9700018462AD2B3F1804F27D243B3800012F089
:10B980001BFD8246B54213D04A460AEB09053146F3
:10B990004FEA880750461BF002FF3A46284600212E
:10B9A000EF191BF020FF304612F008FD564656E70F
:10B9B0000AEB09054FEA880228460021AF181BF060
:10B9C00012FF002EEFD1564649E71046D6E79A46B9
:10B9D000D8E7F3F7DFFA804600283FF444AF3D464E
:10B9E0002DE7034818F07DFDE5470A007DB503000B
:10B9F000B8B205002DE9F04FD0E90743C26A81468D
:10BA0000406AD9F81870D9F81010121BA3EB00087F
:10BA10009210531E4FEAA80808EBC3187F1A08EBD0
:10BA2000A7084FEAD816F41C082C38BF0824A00039
:10BA300083B012F0C1FC0136A41B640800EB84053E
:10BA400005EB8606B542834608D22F464FF40070B8
:10BA500012F0B2FC47F8040BBE42F7D8D9E908311E
:10BA6000D9F81C00D9F82C20D9F818E05BF824404C
:10BA700056F8047C121A5B1A9210D9F81010013A89
:10BA80009B1003EBC213AEEB010203EBA20308F021
:10BA90007F08002B07EB880704F500780EDDAA4627
:10BAA000C146224651F804CBC2F800C0714502F1EC
:10BAB000040240D04A452ED0013BF3D1DFF880A0EC
:10BAC000DFF880900194A74214D020681BF064F83E
:10BAD0000B460246514648460EF018FFA8F10403F3
:10BAE0009C420FD00434A742EFD103E055F8040B79
:10BAF00012F064FCAE42F9D8584603B0BDE8F04FEE
:10BB000012F05CBC019812F059FC6C680194043589
:10BB100004F50078D7E7DAF80420013B0AF1040ABB
:10BB200002F50079CAD051F804CBC2F800C07145C3
:10BB300002F10402BED14168043001F5007EB9E78C
:10BB400008B20500986300202DE9F8430025344B26
:10BB500003604FF00809044605718560C0E904558B
:10BB6000C0E90655C0E90855C0E90A55C0F80C906F
:10BB7000202012F021FCE668A06080464FF400709F
:10BB800012F01AFC013E760808EB860200F50073FD
:10BB9000E261E2620127234A48F8260060616062A0
:10BBA00020612062A361A362C4F81853C4F81C5337
:10BBB000C4F82053C4F82453C4F82853226084F8EE
:10BBC0001473294604F13000DC221BF00CFEC4E99A
:10BBD000147784F830504FF47C7084F80D5184F859
:10BBE0000C51114E114A124BDFF84CC01149A063A1
:10BBF00040F2011510270220A664A4F85850E06511
:10BC0000C4F860906763C4F8ACC0C4F8B010E263D5
:10BC10002264C4F88830C4F88C302046BDE8F8832C
:10BC2000E4B10500D4C4050000401C460024744B58
:10BC30000080A2448096184BC3F5E83FF0B52DED87
:10BC4000028B97B00D4607466B4913A814460FF0B8
:10BC50007FF813A80FF096F92E68684913A80FF023
:10BC600077F807EE906AF5EEC07AF1EE10FA1DD97A
:10BC700013A80FF087F9AE69614913A80FF068F8AF
:10BC800007EE906AF5EEC07AF1EE10FA0ED913A81D
:10BC90000FF078F96E695B4913A80FF059F807EEB9
:10BCA000906AF5EE407AF1EE10FA15D164B12046B3
:10BCB00013A90FF083F913A80FF064F900242046AC
:10BCC00017B0BDEC028BF0BD13A80FF05BF9204656
:10BCD00017B0BDEC028BF0BD13A80FF053F92E7F07
:10BCE000494913A80FF034F8032EDFD813A80FF03A
:10BCF00049F99FED468AD7ED227ADFED458A45491D
:10BD000038EE678A07A878EEE78A0FF021F807A9CE
:10BD100004A80FF043F8B0EE480A02210AA80FF079
:10BD2000F5F80AA904A80FF0E7F93B4906460DA863
:10BD30000FF00EF80DA930460FF0DEF9B0EE680AEC
:10BD40000646022110A80FF0E1F810A930460FF0C6
:10BD5000D3F93249064613A80EF0FAFF13A930466C
:10BD60000FF0CAF9014601A80FF018F813A80FF058
:10BD700009F910A80FF006F90DA80FF003F90AA8A9
:10BD80000FF000F904A80FF0FDF807A80FF0FAF87B
:10BD9000AB6807EE903AB4EEE78AF1EE10FA23DCD6
:10BDA000F4EEE78AF1EE10FA1ED4EB6807EE903A53
:10BDB000B4EEE78AF1EE10FA16DCF4EEE78AF1EE63
:10BDC00010FA11D42B6907EE903AB4EEE78AF1EE3F
:10BDD00010FA09DCF4EEE78AF1EE10FA04D401243B
:10BDE00001A80FF0CFF86AE7002CF9D0204601A98E
:10BDF0000FF0E4F80024F3E7A4C30500D0C3050066
:10BE0000F4C3050014C4050030C405000000484315
:10BE10000000164558C40500F0B40500F4B4050050
:10BE20002DE9F0410C462DED068B064615460846D9
:10BE3000482200211BF0D7FC96ED448A96ED2A9A01
:10BE4000DFED2A9A28EE090AF1EE088A20EE290A87
:10BE50000127B4EEE80A02230322F1EE10FA226071
:10BE600084F84470C4E90237236104D918F0F2FB66
:10BE70000628804609D828461DB11D490FF0EAF86A
:10BE80000020BDEC068BBDE8F08196ED26AA96ED6C
:10BE9000250A30EE4A0A28EE298A30EE490A20EEB9
:10BEA000080AB4EEE80AF1EE10FAE4D918F0D2FB71
:10BEB00006280646DFD93AEE499A29EE080AB4EE7A
:10BEC000E80AF1EE10FAD6D918F0C4FB0628D2D948
:10BED00006380422A8F10603063E6063C4E90E6337
:10BEE0003846C4E90A226262CBE700BF6F12833A88
:10BEF000A4C40500F0B590F83030012B9FB003D0FA
:10BF0000002528461FB0F0BD0446202012F054FA48
:10BF100005464FF4007012F04FFAA768E86005F18B
:10BF20000C0300F500720821A560E66AE569A261CC
:10BF3000C4E90400C4E90800A262E361E362E160CD
:10BF40005FB10436AE4205D955F8040B12F036FA4B
:10BF5000AE42F9D8384612F031FA94F80C01F7F7EE
:10BF600021F8F6F7C5FC204600F07AFB05460028CC
:10BF700047D1204600F0DAFC204600F093FB06464D
:10BF800000285FD10A20F4F7EBF90A2800F28B8031
:10BF9000584968460EF0DCFE6A460CA92046FFF7B9
:10BFA0003FFF0546002840F09D80534906A80EF04B
:10BFB000CFFE06A903A80EF0F1FE694603A80FF014
:10BFC0009BF8014609A80EF0E9FE4C494C480EF0DA
:10BFD0006FFB09A94A480EF085FB4948EAF7C6F904
:10BFE00009A80EF0CFFFF6F79BFCF7F729F803A896
:10BFF0000EF0C8FF06A80EF0C5FF68460EF0C2FF9F
:10C000007FE709A83F490EF0A3FE09A90CA80EF08E
:10C01000C5FE3A493A480EF04BFB0CA938480EF0E1
:10C0200061FB3748EAF7A2F90CA80EF0ABFFF6F770
:10C0300077FCF7F705F809A80EF0A4FF00252846BD
:10C040001FB0F0BD06A830490EF082FE06A903A875
:10C050000EF0A4FE0A22314609A80EF0F7FE09A947
:10C0600003A80FF049F801460CA80EF097FE2349EB
:10C0700023480EF01DFB0CA921480EF033FB20488D
:10C08000EAF774F90CA80EF07DFFF6F749FCF6F715
:10C09000D7FF09A80EF076FF03A80EF073FF06A8DD
:10C0A0000EF070FF2DE709A818490EF051FE09A9FE
:10C0B0000CA80EF073FE114911480EF0F9FA0CA904
:10C0C0000F480EF00FFB0E48EAF750F90CA80EF0DF
:10C0D00059FFF6F725FCF6F7B3FF09A835460EF031
:10C0E00051FF0EE70CA8F3F701FBF6F719FC01234B
:10C0F000237182E7840B060078C3050058A9050068
:10C1000098630020F0C2050020C3050058C3050055
:10C11000F0B52DED028B0C4699B006462E492F48FE
:10C1200015460EF0F1FA2D48EAF720F90CB11D2D55
:10C1300060D00AA82A490EF00BFE0AA90DA80EF03D
:10C140002DFE0DA827490FF003F827490FF000F83E
:10C150000A220446294607A80EF078FE07A92046C1
:10C160000EF0CAFF2149044604A80EF0F1FD04A90F
:10C1700020460EF0C1FF0A2204461D2101A80EF040
:10C1800095FE01A920460EF0B7FF014610A80EF05B
:10C1900005FE174911480EF08BFA10A90F480EF052
:10C1A000A1FA0E48EAF7E2F810A80EF0EBFE01A89B
:10C1B0000EF0E8FE04A80EF0E5FE07A80EF0E2FE81
:10C1C0000DA80EF0DFFE0AA80EF0DCFE00242046CB
:10C1D00019B0BDEC028BF0BDB8C205009863002019
:10C1E00000AC0500D4C2050090B205003CB20500C9
:10C1F000B4A80500E36820686168A268277F10ADD5
:10C200000FC5A2692069616907C5BD492F7007A8DC
:10C210009DED108A0EF09CFD07A90AA80EF0BEFD48
:10C22000B84904A80EF094FD04A90AA80EF064FF12
:10C23000B0EE480A0446022101A80EF067FE01A9EB
:10C2400020460EF059FF01460DA80EF0A7FD0DA9DE
:10C25000AD480EF047FAAC48EAF788F80DA80EF0A2
:10C2600091FE01A80EF08EFE04A80EF08BFE0AA827
:10C270000EF088FE07A80EF085FEA1499DED118AFB
:10C2800007A80EF065FD07A90AA80EF087FD9F49D3
:10C2900004A80EF05DFD04A90AA80EF02DFFB0EE73
:10C2A000480A0446022101A80EF030FE01A92046EA
:10C2B0000EF022FF01460DA80EF070FD0DA9924868
:10C2C0000EF010FA9048EAF751F80DA80EF05AFE59
:10C2D00001A80EF057FE04A80EF054FE0AA80EF0B6
:10C2E00051FE07A80EF04EFE85499DED128A07A863
:10C2F0000EF02EFD07A90AA80EF050FD844904A8EF
:10C300000EF026FD04A90AA80EF0F6FEB0EE480ACB
:10C310000446022101A80EF0F9FD01A920460EF005
:10C32000EBFE01460DA80EF039FD0DA976480EF082
:10C33000D9F97548EAF71AF80DA80EF023FE01A8FE
:10C340000EF020FE04A80EF01DFE0AA80EF01AFE44
:10C3500007A80EF017FE6A499DED138A07A80EF094
:10C36000F7FC07A90AA80EF019FD6A4904A80EF007
:10C37000EFFC04A90AA80EF0BFFEB0EE480A04467E
:10C38000022101A80EF0C2FD01A920460EF0B4FE64
:10C3900001460DA80EF002FD0DA95B480EF0A2F9B2
:10C3A0005948E9F7E3FF0DA80EF0ECFD01A80EF0E7
:10C3B000E9FD04A80EF0E6FD0AA80EF0E3FD07A8CB
:10C3C0000EF0E0FD4E499DED148A07A80EF0C0FC6A
:10C3D00007A90AA80EF0E2FC4F4904A80EF0B8FC29
:10C3E00004A90AA80EF088FEB0EE480A044602210D
:10C3F00001A80EF08BFD01A920460EF07DFE01463E
:10C400000DA80EF0CBFC0DA93F480EF06BF93E488D
:10C41000E9F7ACFF0DA80EF0B5FD01A80EF0B2FDD6
:10C4200004A80EF0AFFD0AA80EF0ACFD07A80EF0B0
:10C43000A9FD33499DED158A07A80EF089FC07A9CF
:10C440000AA80EF0ABFC354904A80EF081FC04A943
:10C450000AA80EF051FEB0EE480A0446022101A8D7
:10C460000EF054FD01A920460EF046FE01460DA82F
:10C470000EF094FC0DA924480EF034F92248E9F797
:10C4800075FF0DA80EF07EFD01A80EF07BFD04A83F
:10C490000EF078FD0AA80EF075FD07A80EF072FDEB
:10C4A00017499DED168A07A80EF052FC07A90AA8A5
:10C4B0000EF074FC1A4904A80EF04AFC04A90AA85C
:10C4C0000EF01AFEB0EE480A0446022101A80EF052
:10C4D0001DFD01A920460EF00FFE01460DA80EF02D
:10C4E0005DFC0DA908480EF0FDF80748E9F73EFF8E
:10C4F0000DA80EF047FD01A80EF044FD12E000BFAC
:10C5000048B2050064B205009863002080B20500BF
:10C5100088B5050048B80500D8C20500DCB505009F
:10C5200060B8050004A80EF02DFD0AA80EF02AFD43
:10C5300007A80EF027FD444907A80EF009FC07A93B
:10C540000AA80EF02BFC414904A80EF001FC04A936
:10C550000AA80EF0D1FD0A2204469DF85C1001A83D
:10C560000EF044FC01A920460EF0C6FD01460DA8C0
:10C570000EF014FC0DA936480EF0B4F83448E9F773
:10C58000F5FE0DA80EF0FEFC01A80EF0FBFC04A8C1
:10C590000EF0F8FC0AA80EF0F5FC07A80EF0F2FC6D
:10C5A0002C490AA80EF0D4FB0AAA10A93046FFF7BE
:10C5B00045FB0446A8B3DDED167A129B13999FED57
:10C5C000267AC6ED257AF6EE006A67EEA67A149A08
:10C5D0009DED100AC6ED267AB36767EE877A159B44
:10C5E000C6F8A430F16780EE270AC6F89C2018F040
:10C5F00031F880B901209DF85C207064012386F831
:10C600000C2186F830300AA80EF0BCFC204619B088
:10C61000BDEC028BF0BD40F2FF33984228BF1846B4
:10C62000E9E70AA90DA80EF0B9FB0C4908480EF07D
:10C630003FF80DA906480EF055F80548E9F796FEB3
:10C640000DA80EF09FFCDEE748B20500ACB2050075
:10C6500098630020840B06006F12833A58A90500E6
:10C6600010B50446F3F7FEFEF1F7BCFCF6F7C6F989
:10C6700000210120F6F7D6F90220F6F7E9F907487C
:10C68000F6F7F6F9F6F70AFA0548F3F7BBFC04F5F6
:10C690008870F6F713FA002010BD00BF0082000278
:10C6A000E5470A002DE9F043044687B00A20D4F894
:10C6B0004490F3F755FE0A2800F29B8000250126DE
:10C6C00001A80227CDE9025501978DF80B60F2F71A
:10C6D000D3FC29462846F2F751FC032301A8CDE9F3
:10C6E0000439CDE9015704F58A7803968DF8046082
:10C6F000F2F7DEFB4FF0FF30F3F784FB404680217A
:10C70000F0F722FE206E002868D1D4F8B020E2664F
:10C710000023236700210846F2F730FC01250021A1
:10C720000322022301A8019104920293CDF81490F0
:10C7300003958DF80450F2F7BBFB4FF0FF30F3F791
:10C7400061FB40468021F0F7FFFD204600F080FAB3
:10C7500010B107B0BDE8F083204600F0DBFA0028F6
:10C76000F7D184F8DC50204600F03EFB0028F0D1E1
:10C7700084F8C00004F1B400F2F7DEFE2846F2F7B8
:10C7800027FDD4F8B400F2F79DFD4FF400410120DD
:10C79000F3F778FB0028F8D000254FF40040F3F7BA
:10C7A00031FB04F1C80084F8D450F2F7C5FE04F15F
:10C7B000E00084F8EC50F2F7BFFE2846F2F708FDDF
:10C7C000294642F26400F1F77FF90120F2F700FDFB
:10C7D000D4E91301F1F7CCFD2846BAE704F16C0166
:10C7E00094ED121AD4ED0F0A94ED100AF6F77AF9C7
:10C7F00090E76FF00800ACE72DE9F04790ED1F7A65
:10C80000D0ED1E7A2DED028BB4EEE77A90B0F1EE0A
:10C8100010FA0446FFEE007AD0F88800B7EE008ADE
:10C82000D8BFB0EE678A1AF0B7F900223E4B1AF073
:10C8300053F839A3D3E900231AF006FA1AF0B4FC2E
:10C84000D4ED286AD4ED207A94ED297AE6EE887A40
:10C8500006468701E7EE487A17EE900A1AF09CF92F
:10C860002FA3D3E900231AF0EFF980463846894612
:10C870001AF080F90B460246494640461AF02EF857
:10C880001AF092FC94F874803C220546002101A81D
:10C89000D4E919A9246E1AF0A6FF012398458DF852
:10C8A0003C308DF83D3016BF34234FF40D730C949B
:10C8B00014220E93002E4FF00103CDE90AA9059230
:10C8C0008DF81D3023DB3F2E12DCB6B2BD42ADF831
:10C8D000206014DA013D18D5002501A8ADF81E50DE
:10C8E000F2F77AF8002010B0BDEC028BBDE8F087BB
:10C8F0004FF47C673F26BD42ADF82060EADBB5F51A
:10C90000805F02DB40F6FF75E7E7ADB2E5E70026A2
:10C910003746DBE7AFF30080CA1DA0DC01CA9D3FAC
:10C92000C853823C25C8FD3F0000694090ED1F7A46
:10C9300090ED1E6AD0ED277AD0ED266A77EEA77AC1
:10C94000F6EE085AB4EEC67A66EEA56AF1EE10FA73
:10C95000C0ED287AD0ED295AC0ED2A6AD8BFF1EE91
:10C96000677AB0EE675AD4BFFFEE006AF7EE006A4E
:10C9700095EEA65A0123002277EE277A35EE467A05
:10C98000F1EE677A80F80D2180F8083180F8DC300C
:10C99000C0ED217A80ED207A704700BF00000000D2
:10C9A000002900F0928090F80D31012B70B50D46F2
:10C9B0000446D0F8F4606BD03CD3022B6DD1D0F894
:10C9C0009030D0F80401B3429CBF032384F80D31AA
:10C9D00094F80831D4ED407A94ED3E7A002B45D09E
:10C9E000D4ED3F6A77EEA67A002337EEC77A84F853
:10C9F000083184ED407A820107EE902AF8EE677ADA
:10CA0000013677EE877AC4F8F460FCEEE77A17EE29
:10CA1000903A9A4288BF03F1FF3340F6FF723F28F5
:10CA200028BF3F20934228BF134643EA00332B60C0
:10CA3000002070BDD0F888001AF0AEF80022264B16
:10CA400019F04AFF22A3D3E900231AF0FDF81AF0E7
:10CA5000D3FB012384F80D3194F80831C4F80401A4
:10CA6000D4ED407A94ED3E7A002BB9D1012E04BF6B
:10CA7000F6EE006AE7EE267A4FF0010384F80831FB
:10CA800014BF37EE877AB0EE677A84ED407AB2E76A
:10CA9000D0F89030B6EB530F02D2D4F8040197E7E8
:10CAA000D0F88C001AF078F800220B4B19F014FF24
:10CAB00007A3D3E900231AF0C7F81AF09DFB02235D
:10CAC000C4F8040184F80D3182E76FF0010070476B
:10CAD000CA1DA0DC01CA9D3F00006940002A00F089
:10CAE000A8802DE9F04F2DED028B164683B0044649
:10CAF0000D1F4FF000086FF0404708E00BB183EDC9
:10CB0000000A08F1010804334645236233D055F882
:10CB1000041FD4ED1B0A94ED2B0A89B22960626DC3
:10CB20002046F6F7B1FBA26A236A043A9342B0EEBC
:10CB3000408AE3D1D4E90202D4F82C90A9EB000397
:10CB4000A2EBA303012B1CD94FF4007011F034FCAD
:10CB5000C9F80400236A0BB183ED008AE36A5A68BE
:10CB6000626208F10108043302F500714645226251
:10CB7000C4E90A13CBD1012003B0BDEC028BBDE8A0
:10CB8000F08FE169A9EB010B4FEAAB0B0BF1010B45
:10CB90000BF1010AB2EB4A0F39D8002A4BD05200F0
:10CBA00002F10209B9F1804F50D24FEA890011F029
:10CBB00003FCE26AE169A9EB0A0A04324FEA5A0A65
:10CBC0008A42034600EB8A0A05D00190521A504669
:10CBD0001AF0F0FD019BA068019311F0EFFB019B9F
:10CBE000C4E90239DAF8003063610BEB070903F599
:10CBF0000073A3615AF82930C4F81CA00AEB890914
:10CC000003F50072C4E90932C4F82C909CE7A2EB4A
:10CC10000A0A4FEA5A0A00EB8A0A09F10409514547
:10CC2000A9EB01020AD94945DCD050461AF0C2FDF1
:10CC3000D8E7012070474FF00309B6E74945D1D046
:10CC4000C2EB8B0050441AF0B5FDCBE717F046FC61
:10CC500070B50446A0B00120F0F79AFB00212B48E4
:10CC6000F1F7F0FA01231A4619461846F5F770FF56
:10CC70002046FFF7C1FD94F8581094F85930626DC2
:10CC8000009102202121F6F709F87022002104A862
:10CC90001AF0A9FD04A8F1F765FD01211C48F1F780
:10CCA000D1FA0020F2F796FC4FF00140F0F732FB8A
:10CCB0000020F0F76DFB03A902A8F0F75DFB054625
:10CCC00010B1284620B070BD04F1B40630461421DE
:10CCD000F0F72AFE039BA26B9A4213D9616BC4F84A
:10CCE000BC30029AC4F8B81001230320C4F8B40081
:10CCF000C4F8C420304684F8C030F2F71DFC284642
:10CD000020B070BD6FF00705DBE700BFE0FF390022
:10CD100020000100D0ED0F6A90ED107AC16DC6EED3
:10CD2000877AF0B58DB090F8582090F8593004917A
:10CD30000125002603A9044604A806920793CDED19
:10CD40000B7A05950896F0F727FC2846F0F720FBAC
:10CD500029468020F1F776FA4FF47A60F0F7DAFA94
:10CD600029461F48F1F76EFA039820F04040F0F78B
:10CD7000D1FA31461B48F1F765FA1420F0F7CAFAE8
:10CD8000F3F746F902A901A8F0F7F6FA074630468C
:10CD9000F0F7FEFA17B138460DB0F0BD04F1C80641
:10CDA00030461421F0F7C0FD029AA36B934214D9C8
:10CDB000D4E92E31C4F8D0200B44019A84F8D45021
:10CDC00002213046C4F8CC30C4F8C810C4F8D820CA
:10CDD000F2F7B2FB38460DB0F0BD6FF00707DAE7A7
:10CDE00000010100800101002DE9F04F90ED1F7A54
:10CDF000D0ED1E7A2DED048BB4EEE77AD0ED208ACB
:10CE0000D0ED217A90ED298A90ED289A77EEE87A94
:10CE1000B0EEC88AF0EEE77AC7EE887A8BB00446A7
:10CE20000026F1EE10FA17EE900ACCBFC44FC54FA2
:10CE300019F0B2FE0022C44B19F050FD1AF0B4F9FB
:10CE400007EE900AF8EEE77A94F8DC8077EEA77A9E
:10CE5000B8F1010FFCEEE77A17EE905AC4ED247A90
:10CE600000F0B080D4F82053002D00F0A180D4F859
:10CE70002433AB4280F0A2800022E91A02921D46C0
:10CE8000D4F81C23D4F81833C4F820131046D4F86F
:10CE900028230146002A08BF19466A1E019100F0A6
:10CEA0003F8103958A4600260DF114090DF11808FB
:10CEB000A64F15460FE00893A54B0993F2F70CFA1D
:10CEC00094F814330136B3FA83F35B09AE4284F865
:10CED000143326D0DA4649462046FFF761FD059B0C
:10CEE00094F814E323F07F4343F0484304220AEB11
:10CEF000020B06930A2307930BEA070C0BEA0703BE
:10CF000043F073434CF07A4C5046414643F480233F
:10CF10004CF4802CBEF1000FCDD00422CDF820C0FF
:10CF2000CAE7039D019B03EB8505043D029B002B93
:10CF300040F0B780D4F81C33D4F82823D4F8186311
:10CF400049462046002A08BF1E46FFF729FD94F8EF
:10CF50001423059B7F49099126F07F46002A26F479
:10CF600080260CBF4FF073424FF07A4246F4802681
:10CF700023F07F4343F048434146284616430A25A1
:10CF80000422CDE906350896F2F7A6F994F81423A1
:10CF9000D4F8283394F8DC10B2FA82F2B3FA83F3AF
:10CFA00052095B0984F81423C4F8283300295CD1A2
:10CFB00000200BB0BDEC048BBDE8F08F01230021F5
:10CFC00002935DE7D4E93321A36BD4F8BC001B1AAC
:10CFD0005B1A0F2B0A4440F3A980083BDB0802EBE5
:10CFE00083014FF00009C4EDC87AF0EEC97A17EE5C
:10CFF000900AC4F82433C4F81823C4F81C13C4F8E6
:10D00000289319F0C9FD4CA3D3E9002319F01CFEA5
:10D0100032463B4619F018FE1AF00EF9C4F8F80033
:10D0200018EE100A19F0B8FD43A3D3E9002319F054
:10D030000BFE32463B4619F007FE1AF0FDF8C4F825
:10D04000FC0018EE900A19F0A7FD3BA3D3E90023DA
:10D0500019F0FAFD1AF0F0F884F80D91C4F8000107
:10D06000C4F8F49084F81483FEE69DF8083084F840
:10D07000DC302046FFF7B8FE00289AD1019A00253F
:10D08000042304F1E000C4E9385284F8EC50C4F8F9
:10D09000E830F2F751FA28460BB0BDEC048BBDE83E
:10D0A000F08F49462046FFF77BFC2E1D94F81413A1
:10D0B000059A26F07F43002923F480230CBF4FF00C
:10D0C00073414FF07A4143F4802322F07F420B43B7
:10D0D00042F048420A212846089306921C4B0791C9
:10D0E0000422414609930025F2F7F6F84FF0014378
:10D0F000042230464146CDE90853CDE90655F2F702
:10D10000EBF8D4F8283394F8DC20B3FA83F35B0906
:10D11000C4F82833002A3FF44BAF84F8DC50ADE765
:10D120000D460DF114090DF11808FFE66FF0070028
:10D130003FE700BFAFF30080C853823C25C8FD3FE6
:10D140000000F0BF0000F03F0000E03FFFFFFB00E9
:10D15000010000C7010000A770B4D0E90763C26AEC
:10D16000456A04698169921B581B9210531E8010F6
:10D1700000EBC3100B1B00EBA300800070BC7047DA
:10D1800038B50479012C01D0012038BD0546F5F7EA
:10D19000AFFB0A20F3F7E4F80A284FF00000F4D8B8
:10D1A000F2F746FB0020F2F743FBF3F72BF8F5F715
:10D1B000B7FBF5F745FF002320462B7138BD00BFB4
:10D1C0002DE9F04F0D46D5E90763C96A0446686A40
:10D1D000891B1B1A2E69A869891001399B1003EB62
:10D1E000C113801B4FEA920B03EBA002934528BFAB
:10D1F000934600235FEA8B0685B0C4E90033A36041
:10D2000040F08580BBF1000F45D04FF00008CDF80D
:10D2100004B009E0C6F80090636804336360019BC2
:10D2200008F10108984536D0AA692B69043A93425F
:10D23000D3F8009033D004332B61D4E901639B1BF6
:10D24000032BE7D8D4F800A0A6EB0A077B1D6DD806
:10D25000042F3B4638BF0423FB189B462CD2002BDF
:10D2600062D1002F47D1C3F8009004275B46CDF868
:10D2700008B05F44BAF1000F04D05046039311F098
:10D280009DF8039BC4E90037029BA360019B08F152
:10D2900001089845C8D1204605B0BDE8F08F6869FF
:10D2A00011F08CF8EB695A686A61043302F5007179
:10D2B0002A61C5E90613C0E74FF0FF37384611F081
:10D2C0007BF8D4E900A2C119921BB6EB0A0703460A
:10D2D00003920291934613D1DA1943F80790171D70
:10D2E000039A002AC5D031465A46384603931AF0AD
:10D2F00056FA039BBDE7CDF80CB05B46CDF808B0FD
:10D3000018463A4651461AF055FA0346E4E73046C5
:10D3100011F052F80746206808B111F04FF83E446A
:10D32000A660C4E900776DE71F46C7E7014817F01C
:10D33000D8F800BFBCB3050070B506468068094B3D
:10D34000336068B1F56AF4690435AC4206D254F82A
:10D35000040B11F033F8A542F9D8B06811F02EF89B
:10D36000304670BDA4C6050070B5064680680B4BFC
:10D37000336068B1F56AF4690435AC4206D254F8FA
:10D38000040B11F01BF8A542F9D8B06811F016F89B
:10D39000304611F013F8304670BD00BFA4C605003A
:10D3A0002DE9F04FD0E90743C26A8146406AD9F8B7
:10D3B0001870D9F81010121BA3EB00089210531E1E
:10D3C0004FEAA80808EBC3187F1A08EBA7084FEA32
:10D3D000D816F41C082C38BF0824A00083B010F025
:10D3E000EBFF0136A41B640800EB840505EB860601
:10D3F000B542834608D22F464FF4007010F0DCFF90
:10D4000047F8040BBE42F7D8D9E90831D9F81C0017
:10D41000D9F82C20D9F818E05BF8244056F8047CA1
:10D42000121A5B1A9210D9F81010013A9B1003EBF4
:10D43000C213AEEB010203EBA20308F07F08002B3E
:10D4400007EB880704F500780EDDAA46C1462246A0
:10D4500051F804CBC2F800C0714502F1040240D07B
:10D460004A452ED0013BF3D1DFF880A0DFF8809051
:10D470000194A74214D0206819F08EFB0B46024697
:10D48000514648460DF042FAA8F104039C420FD0E1
:10D490000434A742EFD103E055F8040B10F08EFFDF
:10D4A000AE42F9D8584603B0BDE8F04F10F086BF41
:10D4B000019810F083FF6C680194043504F500783E
:10D4C000D7E7DAF80420013B0AF1040A02F50079F3
:10D4D000CAD051F804CBC2F800C0714502F1040271
:10D4E000BED14168043001F5007EB9E7E0C0050017
:10D4F00098630020F8B5254B0360002508230446F7
:10D50000C36005718560C0E90455C0E90655C0E9EE
:10D510000855C0E90A55202010F04EFF0746A060CC
:10D520004FF40070E66810F047FF013E034603F534
:10D5300000727608A261A262204607EB8602E261D1
:10D54000E262134A636163622361236247F8263013
:10D55000294640F8302B5C221AF045F90123C4E932
:10D56000143340F201160B4A0B49C4F88C500220C8
:10D57000C4F8905084F89450A4F85860E06584F89A
:10D5800030502166A263E2632046F8BDE4B1050095
:10D59000A4C605000024744BC3F5E83FF0B585B080
:10D5A0000D4601A82F4914460DF0D2FB01A80DF03D
:10D5B000E9FC2E682C4901A80DF0CAFB07EE906A21
:10D5C000F5EEC07AF1EE10FA20D901A80DF0DAFCE0
:10D5D0006E68264901A80DF0BBFB07EE906AF5EED8
:10D5E000C07AF1EE10FA11D901A80DF0CBFC6F68EA
:10D5F0002E681F4901A80DF0ABFB07EE907A07EEED
:10D60000106AF4EEC77AF1EE10FA0BD50CB301A94B
:10D6100020460DF0D3FC01A80DF0B4FC00242046F8
:10D6200005B0F0BD01A80DF0ADFC2D7A114901A89F
:10D630000DF08EFBAB1FDBB2172B04D80E4A22FA7B
:10D6400003F3DB070BD424B1204601A90DF0B6FC8F
:10D65000002401A80DF096FC204605B0F0BD012481
:10D66000F7E700BFD8C5050004C6050028C60500B9
:10D6700048B4050050C605000100A0000379012B45
:10D6800000D070472DE9F0478CB00446F5F730F92B
:10D6900042F27400F0F762FC0020F2F7B3FC0020C5
:10D6A000F2F746FC0546A80576D415F0007850D16F
:10D6B0002A0440F1C180F1F76DFC0546002840F0D6
:10D6C000A8804FF40040F2F79DFB8A482E46F2F7FF
:10D6D00099FCF5F725F9884903A80DF039FB03A952
:10D6E00006A80DF05BFB854968460DF031FB6946E5
:10D6F00006A80DF001FD014609A80DF04FFB804979
:10D7000080480CF0D5FF09A97E480CF0EBFF7D485E
:10D71000E8F72CFE09A80DF035FC68460DF032FC48
:10D7200006A80DF02FFC03A80DF02CFC2368764A08
:10D73000DB68934240F088802379012B60D0002081
:10D74000F5F7CEFD16B1304610F038FE0CB0BDE84E
:10D75000F087F1F71FFC074640BB4FF00070F2F76F
:10D7600051FB2B0468D53E46F1F714FC0546002812
:10D7700040F0BE804FF40040F2F744FB5D48F2F702
:10D7800041FCF5F7CDF8B742A5D0BA1B921031464F
:10D79000204600F0E9FB9EE74FF40070F2F732FB01
:10D7A0005448F2F72FFCF2F733FC7EE7B0F1804FDC
:10D7B00080F09B804FEA8008404610F0FDFD424615
:10D7C000064600211AF00FF839463046F0F7F0F817
:10D7D0004FF00070F2F716FB290406EB0807C3D4DC
:10D7E0004448F2F70FFCF2F713FCF5F799F8BE4244
:10D7F000A8D04FEAA8022046314600F0B5FBA1E7C9
:10D80000F5F776F80A20F2F7ABFD0A2823D90320B2
:10D8100096E74646A8EB06094FEAA903EF182CBF86
:10D8200001220022BB4225D39AB106EB8707294685
:10D830004046F0F7BDF89DE72E48F2F7E3FBF2F71C
:10D84000E7FBF5F76DF881E7204698470028DED022
:10D8500075E74746EBE70020F1F7EAFF0020F1F714
:10D86000E7FFF2F7CFFCF5F75BF8F5F7E9FB0020EF
:10D87000207165E76FF04042D11A8D4235D89D4244
:10D88000AA4638BF9A461AEB0303184629D2B3F1C9
:10D89000804F26D23BB3800010F08EFD8246B0450B
:10D8A00012D04A460AEB09083146AF00504619F03B
:10D8B00076FF3A4640460021474419F094FF30462F
:10D8C00010F07CFD5646B2E70AEB0908AA00404674
:10D8D000002108EB020719F086FF002EEFD1564613
:10D8E000A5E71046D7E79A46D9E7084816F0F9FDAC
:10D8F000B8468FE7E5470A0014C505009CBB050044
:10D9000058A905009863002081D10300B8B2050032
:10D9100070B52DED028B0C4692B00546A749A8487C
:10D9200016460CF0F1FEA648E8F720FD0CB1092ED2
:10D9300052D009A8A3490DF00BFA09A90CA80DF0C3
:10D940002DFA0CA8A0490DF003FCA0490DF000FC35
:10D950000A220446314606A80DF078FA06A92046A8
:10D960000DF0CAFB9A49044603A80DF0F1F903A98A
:10D9700020460DF0C1FB0A220446092168460DF03D
:10D9800095FA694620460DF0B7FB01460FA80DF049
:10D9900005FA90498A480CF08BFE0FA988480CF0D4
:10D9A000A1FE8748E8F7E2FC0FA80DF0EBFA684605
:10D9B0000DF0E8FA03A80DF0E5FA06A80DF0E2FA7A
:10D9C0000CA80DF0DFFA09A80DF0DCFA00242046BF
:10D9D00012B0BDEC028B70BD20686168227A6B4684
:10D9E00003C37D491A7009A89DED008A0DF0B0F9B6
:10D9F00009A90CA80DF0D2F9784906A80DF0A8F9EC
:10DA000006A90CA80DF078FBB0EE480A04460221E6
:10DA100003A80DF07BFA03A920460DF06DFB01462B
:10DA20000FA80DF0BBF90FA965480CF05BFE644828
:10DA3000E8F79CFC0FA80DF0A5FA03A80DF0A2FAD8
:10DA400006A80DF09FFA0CA80DF09CFA09A80DF09D
:10DA500099FA61499DED018A09A80DF079F909A9A2
:10DA60000CA80DF09BF95E4906A80DF071F906A906
:10DA70000CA80DF041FBB0EE480A0446022103A8B1
:10DA80000DF044FA03A920460DF036FB01460FA81D
:10DA90000DF084F90FA94A480CF024FE4848E8F735
:10DAA00065FC0FA80DF06EFA03A80DF06BFA06A83E
:10DAB0000DF068FA0CA80DF065FA09A80DF062FAED
:10DAC000454909A80DF044F909A90CA80DF066F91B
:10DAD000444906A80DF03CF906A90CA80DF00CFB72
:10DAE0000A2204469DF8081003A80DF07FF903A947
:10DAF00020460DF001FB01460FA80DF04FF90FA9CC
:10DB00002F480CF0EFFD2E48E8F730FC0FA80DF081
:10DB100039FA03A80DF036FA06A80DF033FA0CA86E
:10DB20000DF030FA09A80DF02DFA6E462E490CA81A
:10DB30000DF00EF90CAA31462846FFF72FFD0446DA
:10DB400048B396E8070005F18C0303C3DDED008AB6
:10DB50009DED018A1A7088EE280A16F07BFDA0B9A7
:10DB600001209DF808202864012385F8952085F878
:10DB70003030C5ED118A85ED128A0CA80DF002FA3D
:10DB8000204612B0BDEC028B70BD40F2FF339842CC
:10DB900028BF1846E5E70CA90FA80DF0FFF81349B8
:10DBA00007480CF085FD0FA905480CF09BFD0448C3
:10DBB000E8F7DCFB0FA80DF0E5F9DEE7F8C4050097
:10DBC0009863002000AC050014C5050090B2050064
:10DBD0003CB20500B4A8050048B205004CB20500EF
:10DBE00064B20500ACB20500840B060058A905001C
:10DBF000F0B590F83030012B9FB003D000252846B7
:10DC00001FB0F0BD0446202010F0D6FB05464FF4AF
:10DC1000007010F0D1FBA768E86005F10C0300F577
:10DC200000720821A560E66AE569A261C4E9040002
:10DC3000C4E90800A262E361E362E1605FB1043617
:10DC4000AE4205D955F8040B10F0B8FBAE42F9D836
:10DC5000384610F0B3FBF5F7BFF9F4F749FE20465C
:10DC600000F0F2F8054600283FD1204600F00EF9FA
:10DC7000064600285AD10A20F2F772FB0A2800F261
:10DC80008680482231460CA819F0ADFD66496846E9
:10DC90000DF05EF831460CA8482219F0A4FDD4ED31
:10DCA000117A94ED260A20EE270AF1EE047AB4EEFA
:10DCB000E70A01260323F1EE10FA8DF8746015933C
:10DCC00040F2848016F0C6FC05287FD9431F0CA8BB
:10DCD00019933546F1F70AFDF2F79AF9F4F720FEA9
:10DCE000267168460DF04EF989E709A84F490DF0F5
:10DCF0002FF809A90CA80DF051F84D494D480CF02A
:10DD0000D7FC0CA94B480CF0EDFC4A48E8F72EFB79
:10DD10000CA80DF037F9F4F703FEF5F791F909A80F
:10DD20000DF030F9002528461FB0F0BD06A8424985
:10DD30000DF00EF806A903A80DF030F80A223146BE
:10DD400009A80DF083F809A903A80DF0D5F901463B
:10DD50000CA80DF023F8364936480CF0A9FC0CA9A4
:10DD600034480CF0BFFC3348E8F700FB0CA80DF07A
:10DD700009F9F4F7D5FDF5F763F909A80DF002F9F3
:10DD800003A80DF0FFF806A80DF0FCF837E709A886
:10DD90002A490CF0DDFF09A90CA80CF0FFFF24496B
:10DDA00024480CF085FC0CA922480CF09BFC21486F
:10DDB000E8F7DCFA0CA80DF0E5F8F4F7B1FDF5F79B
:10DDC0003FF909A835460DF0DDF818E71C4968460B
:10DDD0000DF040F91B4906A80CF0BAFF06A903A8EC
:10DDE0000CF0DCFF694603A80DF086F9014609A88E
:10DDF0000CF0D4FF0E490F480CF05AFC09A90D484D
:10DE00000CF070FC0B48E8F7B1FA09A80DF0BAF86D
:10DE1000F4F786FDF5F714F903A80DF0B3F806A89A
:10DE20000DF0B0F800255CE7840B06001CC505006A
:10DE300058A90500986300204CC5050084C505005D
:10DE400068C60500A8C5050010B50446F2F70AFB30
:10DE5000F0F7C8F8F4F7D2FD02210120F4F7E2FD53
:10DE60000120F4F7F5FD0748F4F702FEF4F716FE7B
:10DE70000548F2F7C7F804F19800F4F71FFE0020F8
:10DE800010BD00BF00800002E5470A002DE9F04107
:10DE9000054686B00A20D5F84080F2F761FA0A28D4
:10DEA0005FD80024012601A8CDE9024401968DF82F
:10DEB0000B60F1F7E1F821462046F1F75FF8032205
:10DEC000022301A80492CDE90233019405F19C07D5
:10DED000CDF814808DF80460F0F7EAFF4FF0FF30C2
:10DEE000F1F790FF38468021EFF72EFA284600F030
:10DEF000F7F810B106B0BDE8F081284600F040F90F
:10DF00000028F7D185F8700005F16400F1F714FBE3
:10DF10003046F1F75DF9686EF1F7D4F94FF400413E
:10DF20000120F1F7AFFF0028F8D000244FF40040A3
:10DF3000F1F768FF05F1780085F88440F1F7FCFA05
:10DF40002046F1F745F9214642F26400EFF7BCFDA7
:10DF50000120F1F73DF9D5E91301F0F709FA204660
:10DF6000C8E76FF00800C5E7002900F09380002A99
:10DF700000F0A3802DE9F84F17462DED048B0446E1
:10DF80009FED559ADFED558A0D1F002607E00BB176
:10DF900083ED008A01360433B742236230D055F84E
:10DFA000040F616D94ED180A80B2EFF7C1FCA16A0D
:10DFB000236A0439B0EE688A8B42A0EE098AE6D162
:10DFC000D4E90202D4F82C80A8EB0003A2EBA3034F
:10DFD000012B1AD94FF4007010F0EEF9C8F80400C4
:10DFE000236A0BB183ED008AE36A5A6862620136E4
:10DFF000043302F50071B7422262C4E90A13CED19C
:10E00000BDEC048B0120BDE8F88FE169A8EB010AA3
:10E010004FEAAA0A0AF1010A0AF1010BB2EB4B0F0F
:10E020003AD8002A4BD04FEA420909F10209B9F166
:10E03000804F4FD24FEA890010F0BEF9E36AE169E0
:10E04000A9EB0B0B04334FEA5B0B8B42804600EBD2
:10E050008B0B03D05A1A584619F0ACFBA06810F08D
:10E06000ADF9C4E90289DBF8003063610AF1804848
:10E0700008F1FF3803F50073A3615BF82830C4F89A
:10E080001CB00BEB880803F50072C4E90932C4F830
:10E090002C809FE708467047A2EB0B02520800EB6A
:10E0A000820B08F104085945A8EB01020AD9414541
:10E0B000D9D0584619F07EFBD5E7012070474FF0C4
:10E0C0000309B7E74145CED0C2EB8A00584419F0A6
:10E0D00071FBC8E716F002FA00007A4400C08A44D7
:10E0E00030B50446B1B00120EFF752F900212248C3
:10E0F000F0F7A8F8012300211A460846F4F728FD96
:10E100003C22002105A819F06EFB05A8F0F764FC7D
:10E1100094F8580094F85930626D94F89510009076
:10E120000820F4F7BBFD7022002114A819F05BFB56
:10E1300014A8F0F717FB01211048F0F783F800202E
:10E14000F1F748FA4FF00140EFF7E4F80020EFF75D
:10E150001FF904A903A8EFF70FF9054648B9DDE94F
:10E160000312606BA06601236167E2666366F1F7E4
:10E17000B3F8284631B030BDE0FF3900200001007F
:10E18000D0ED0E6A90ED0F7AC16DC6EE877A70B54C
:10E190008CB090F8592090F8583004910025012651
:10E1A00003A9044604A807920693CDED0B7A0596C1
:10E1B0000995039508950A95EFF7EEF93046EFF7C4
:10E1C000E7F831461948F0F73DF84FF47A60EFF779
:10E1D000A1F831464FF48070F0F734F8039820F03E
:10E1E0004040EFF797F829461148F0F72BF8142034
:10E1F000EFF790F8F1F70CFF02A901A8EFF7BCF8D0
:10E2000006462846EFF7C4F866B9D4E91A03DDE9F3
:10E2100001121844A667E067C4F88810C4F880208B
:10E22000F1F75AF830460CB070BD00BF8000010015
:10E230008001010030B5C1B0F9220021044601A8D7
:10E2400019F0D1FA00221049104801F0F9F818B17C
:10E250000E4801F07FFA30B90D4920460CF078FDE8
:10E26000204641B030BDF92201A9084801F018FA52
:10E270000546064801F08AFA002DEDD001A9204696
:10E280000CF066FDECE700BFC8C60500DC75002099
:10E29000D8C605000149024800F086BF607600201C
:10E2A000DC75002010B5064C064920460CF02CFA0F
:10E2B0002046E8F75BF80448BDE8104006F04CBC87
:10E2C000986300205CC705006076002010B58CB014
:10E2D000014668460CF062FD029BF72B09AC32D870
:10E2E0003F4906A80CF034FD694606A80CF004FF6F
:10E2F000014620460CF052FD21463A480CF0F2F956
:10E300003848E8F733F820460CF03CFE06A80CF03D
:10E3100039FE3549354800F0B1FD01223249344813
:10E3200001F08EF8E8B933492E480CF0C1F93249B2
:10E330002C480CF0E9F92B48E8F718F868460CF07F
:10E3400021FE0CB010BD2046F723002269460CF0D8
:10E35000D9FF214668460CF05BFE20460CF012FE09
:10E36000BEE7029A00992248013200F02BFE2048B5
:10E3700001F00CFA1E4800F09FFE204906A80CF0A0
:10E38000E7FC03A8FFF756FF03A906A80CF0B4FEAC
:10E39000014620460CF002FD214612480CF0A2F97D
:10E3A0001048E7F7E3FF20460CF0ECFD03A80CF063
:10E3B000E9FD06A80CF0E6FD11490A480CF0A4F9A5
:10E3C0000848E7F7D3FFBFF34F8F0E490E4BCA68DB
:10E3D00002F4E0621343CB60BFF34F8F00BFFDE751
:10E3E000E0C6050098630020C8C6050060760020DE
:10E3F000DC75002058A9050034C70500FCC60500DF
:10E4000014C7050000ED00E00400FA0510B511F096
:10E4100085F83749044637480CF076F93548E7F770
:10E42000A5FF002C5BD0E0074FD4A10743D46207BF
:10E4300037D4230708D4E0030FD4A10316D4620312
:10E440001DD4230324D410BD2B492A480CF05CF9B9
:10E450002848E7F78BFFE003EFD5284925480CF063
:10E4600053F92448E7F782FFA103E8D5244921485E
:10E470000CF04AF91F48E7F779FF6203E1D521491B
:10E480001C480CF041F91B48E7F770FF2303DAD56D
:10E490001D4918480CF038F91648BDE81040E7F758
:10E4A00065BF1A4913480CF02FF91248E7F75EFFD1
:10E4B0002307C0D5C8E716490E480CF025F90D48CA
:10E4C000E7F754FF6207B4D5EBE7124909480CF0AF
:10E4D0001BF90848E7F74AFFA107A8D5EBE70E4963
:10E4E00004480CF011F90348E7F740FFA3E700BF29
:10E4F00078C705009863002000C8050010C8050013
:10E5000028C805003CC8050058C80500DCC7050040
:10E51000C8C70500B8C705008CC7050008B50121AC
:10E52000032011F0A5F9032011F07CFA0121042049
:10E5300011F09EF9042011F075FA0121222011F04A
:10E5400097F901212220BDE8084011F015BA00BF5B
:10E55000437C03B1704730B5012285B0427403217A
:10E56000FF22019304468DF803208DF806208DF8D4
:10E570000510827B417B8DF800204FF080451A46C4
:10E5800002958DF80110057BC373694603740393EC
:10E590008DF8025010F01EF8A37B1F2B86BF03F0EE
:10E5A0001F030C4A4FF0A04203F5E07340F2013123
:10E5B00042F82310637B1F2B86BF03F01F0305491E
:10E5C0004FF0A04103F5E07340F2033241F82320FD
:10E5D00005B030BD0003005010B5044610F042F9FC
:10E5E0000023637410BD00BF10B483B002AB03E915
:10E5F00006009DF805309DF80410026813F1FF3302
:10E6000018BF012300240229C2F800451C460374E8
:10E61000C17332D003292DD0012925D0224B009976
:10E62000B3FBF1F3B3F5007FC2F854451FD2FF2BC3
:10E630000FD87F2B24D83F2B25D81F2B26D80F2B64
:10E6400027D8072B02D819498A4225D04FF000411C
:10E6500001E04FF080610723C2F82415C2F80035AD
:10E6600003B05DF8044B704743F00204D6E74FF067
:10E670000071F0E743F00604D0E743F00404CDE76F
:10E680004FF00061E7E74FF08051E4E74FF00051B1
:10E69000E1E74FF08041DEE7042B34BF4FF0A0519B
:10E6A0004FF02061D7E700BF0090D00300F0024098
:10E6B00003680022C3F80025704700BF10B586B07C
:10E6C00006AB012403F8111D002202A90293CDE933
:10E6D0000343059410F028F99DF8070006B010BD1B
:10E6E000094A0A4B30B4D2E91910146E1C73002287
:10E6F0000124074D1C7198735973DA731A741D60E5
:10E700005A749A6030BC704768C805004076002093
:10E7100000F00240704700BF10B504460FF04EFEF7
:10E72000204610BD08B500F13403342B34D8DFE89F
:10E7300003F01D3333333333333333333333331F46
:10E7400033333333333333333333213333333333AB
:10E75000232527333329333333332B33332D3333CB
:10E76000332F333331331B000F4808BD0F4808BD2A
:10E770000F4808BD0F4808BD0F4808BD0F4808BD29
:10E780000F4808BD0F4808BD0F4808BD0F4808BD19
:10E790000F4808BD0F4808BD02460F490F4819F041
:10E7A00067FF0E4808BD00BF00C9050018C9050075
:10E7B00068C905009CC905008CC9050058C9050039
:10E7C00048C9050038C90500ACC905007CC9050069
:10E7D0000CC9050028C9050060E305005476002037
:10E7E00038B50A4B04460D46442240F80C3B002144
:10E7F00018F0F9FF0023A560237104F154010120F2
:10E800000DF004F92065204638BD00BFE8C90500B9
:10E8100070B505460E46006D4FF0FF310DF064FBFC
:10E820002C7964B99EB1AE60314605F10C0004F05C
:10E83000FBF9044678B9B4FA84F464092C71002316
:10E84000286D1A4619460CF007FF204670BDAE68C9
:10E85000002EF4D0E8E704F1340648223349344866
:10E8600019F01AFE322E1BD8DFE806F01F1A1A1A0A
:10E870001A1A1A1A1A1A1A1A1A1F1A1A1A1A1A1AF3
:10E880001A1A1A1A1F1A1A1A1A1A1F1F1F1A1A1FCF
:10E890001A1A1A1A1F1A1A1F1A1A1A1F1A1A1F00DE
:10E8A00022462449244819F0E3FE322E36D8DFE808
:10E8B00006F0273535353535353535353535352B94
:10E8C0003535353535353535353529353535353504
:10E8D0002F2D1A353521353535353335353135352B
:10E8E000352535352300154819F0D6FD144819F0A3
:10E8F0005BFEA0E71348F7E71348F5E71348F3E793
:10E900001348F1E71348EFE71348EDE71348EBE747
:10E910001348E9E71348E7E71348E5E722460549C6
:10E92000054819F0A5FE0448DEE700BFF0C9050060
:10E93000BCC9050060E305005476002048C9050005
:10E94000DCC9050038C9050028C905000CC9050047
:10E9500018C905009CC9050068C9050058C905000B
:10E960008CC905007CC90500ACC90500F8B5044692
:10E970004FF0FF31006D0DF0B7FA257904F10C0668
:10E98000BDB100232371304604F066FA0746002823
:10E9900067D1A168304605F00FFA0746C0B9304686
:10E9A000A16804F041F9064600285CD101232371D7
:10E9B00006E03046A16805F0FFF9074640B9012599
:10E9C0000023206D1A4619460CF046FE2846F8BD75
:10E9D000722207F134055149514819F05DFD322D7D
:10E9E0001BD8DFE805F01F1A1A1A1A1A1A1A1A1A6F
:10E9F0001A1A1A1F1A1A1A1A1A1A1A1A1A1A1F1A6D
:10EA00001A1A1A1A1F1F1F1A1A1F1A1A1A1A1F1A4D
:10EA10001A1F1A1A1A1F1A1A1F003A464149424869
:10EA200019F026FE322D00F29980DFE805F070978C
:10EA30009797979797979797979797749797979789
:10EA40009797979797978D979797979793956C9791
:10EA50009764979797978F979791979797729797AC
:10EA60006E006F22B5E706F1340577222B492C485A
:10EA700019F012FD322D1BD8DFE805F01F1A1A1A03
:10EA80001A1A1A1A1A1A1A1A1A1F1A1A1A1A1A1AE1
:10EA90001A1A1A1A1F1A1A1A1A1A1F1F1F1A1A1FBD
:10EAA0001A1A1A1A1F1A1A1F1A1A1A1F1A1A1F00CC
:10EAB00032461C491C4819F0DBFD322D55D8DFE8E1
:10EAC00005F0265454545454545454545454542A11
:10EAD0005454545454545454545443545454545407
:10EAE000494B2254541A5454545445545447545482
:10EAF0005428545424000D4819F0CEFC0C4819F049
:10EB000053FD00255CE70B48F6E70B48F4E70B489C
:10EB1000F2E70B48F0E70B48EEE700BF48CA0500F4
:10EB2000BCC9050060E305005476002038C9050023
:10EB3000DCC9050048C9050028C9050018C9050039
:10EB40000CC9050068C905000B48D5E70B48D3E799
:10EB50000B48D1E70B48CFE70B48CDE73A460B49C6
:10EB60000B4819F085FD0A48C6E7324607490848B0
:10EB700019F07EFD0648BFE79CC90500ACC9050039
:10EB80007CC905008CC9050058C9050060E3050073
:10EB90005476002030B5044695B00D46006D4FF018
:10EBA000FF310DF0A1F9294601AA04F10C0003F090
:10EBB000F5FF002305461A46206D19460CF04CFD62
:10EBC000B5FA85F0400915B030BD00BF2DE9F04F12
:10EBD00083B00B7800AF2F2B78600CBF4C1C0C4619
:10EBE00005460E46006D4FF0FF310DF07DF905F141
:10EBF0000C084FF000091AE0ADEB000D8A456D4698
:10EC00008DF800900DF1010001DD18F0ECFD524689
:10EC10003146284618F0C3FD2946404605F0CCFB96
:10EC2000054610B110F1110F72D10134DD462046B6
:10EC30002F2119F04CFDA0EB060A0AF10802044648
:10EC4000EB4622F0070000215246002CD4D1314679
:10EC5000404605F0B1FB044640B310F1110F25D03A
:10EC600004F13405B3224F494F4819F015FC342DF7
:10EC700029D8DFE805F02D28282828282828282842
:10EC80002828282D282828282828282828282D28FA
:10EC9000282828282D2D2D282828282828282D28E0
:10ECA000282D2828282D28282D282D0001247A6891
:10ECB0000023106D19461A460CF0CEFC20460C3786
:10ECC000BD46BDE8F08F22463849394819F0D0FCDE
:10ECD000342D00F2AF80DFE805F094ADADADADAD01
:10ECE000ADADADADADADADA2ADADADADADADADAD5F
:10ECF000ADAD98ADADADADAD9A9C9EADADADADAD8C
:10ED0000ADADA4ADADA0ADADAD92ADAD96AD8A004B
:10ED100005F13404A7222349234819F0BDFB342C04
:10ED20001CD8DFE804F0201B1B1B1B1B1B1B1B1B21
:10ED30001B1B1B201B1B1B1B1B1B1B1B1B1B201B19
:10ED40001B1B1B1B2020201B1B1B1B1B1B1B201BFF
:10ED50001B201B1B1B201B1B201B20002A461349AA
:10ED6000134819F085FC342C5DD8DFE804F0385CDA
:10ED70005C5C5C5C5C5C5C5C5C5C5C3A5C5C5C5CF5
:10ED80005C5C5C5C5C5C3C5C5C5C5C5C3E30325C57
:10ED90005C5C5C5C5C5C365C5C2C5C5C5C2E5C5C37
:10EDA000235C34001CCA0500BCC9050060E30500F3
:10EDB00054760020234819F06FFB234819F0F4FB28
:10EDC0000024DD4673E72148F5E72148F3E72148B1
:10EDD000F1E72148EFE72148EDE72148EBE721483B
:10EDE000E9E72148E7E72148E5E72148E3E71B4851
:10EDF00019F052FB144819F0D7FB002457E71448C8
:10EE0000F6E71848F4E70F48F2E71848F0E7184823
:10EE1000EEE71048ECE71048EAE70C48E8E712484C
:10EE2000E6E70F48E4E72A461249134819F020FCA8
:10EE30001148C0E722460F490F4819F019FC0E4847
:10EE4000D6E700BF28C90500DCC905007CC905005C
:10EE50000CC9050058C9050048C9050000C90500CE
:10EE6000ACC9050018C9050068C905009CC90500A2
:10EE70008CC9050060E305005476002070B50C468F
:10EE800005464FF0FF31006D0DF02EF8214605F1DB
:10EE90000C0005F0AFFC044648B90023286D1A4663
:10EEA00019460CF0D9FBB4FA84F0400970BD04F1A6
:10EEB0003406C2223349344819F0EEFA322E1BD8F8
:10EEC000DFE806F01F1A1A1A1A1A1A1A1A1A1A1A48
:10EED0001A1F1A1A1A1A1A1A1A1A1A1A1F1A1A1A88
:10EEE0001A1A1F1F1F1A1A1F1A1A1A1A1F1A1A1F64
:10EEF0001A1A1A1F1A1A1F0022462449244819F008
:10EF0000B7FB322E36D8DFE806F0233535353535F8
:10EF1000353535353535352F3535353535353535A7
:10EF200035353135353535352B2D3335351A3535C4
:10EF30003535273535293535352535352100154801
:10EF400019F0AAFA144819F02FFBA6E71348F7E7BF
:10EF50001348F5E71348F3E71348F1E71348EFE7E1
:10EF60001348EDE71348EBE71348E9E71348E7E7F1
:10EF70001348E5E722460549054819F079FB04489E
:10EF8000DEE700BF6CCA0500BCC9050060E30500F0
:10EF90005476002038C90500DCC9050028C90500E1
:10EFA00018C905000CC90500ACC905007CC90500DD
:10EFB0008CC9050058C9050068C905009CC9050031
:10EFC00048C9050070B5036904460D46186D4FF039
:10EFD000FF3116460CF088FF237D4BB100252269D6
:10EFE0000023106D19461A460CF036FB284670BDFA
:10EFF0002069A1692A4633460C3002F0A9FE20EAB6
:10F00000E075ECE770B50369044682B04FF0FF315C
:10F01000186D0CF069FF257D45BB2069A1690C3096
:10F0200003F0B0FD02AA0646206902F8015D012343
:10F03000A1690C3003F004FD00282069A169C8BF54
:10F040009DF80750324600F10C004FF00003D8BF86
:10F050004FF0FF3503F064FD22690023106D19465F
:10F060001A460CF0F9FA284602B070BD4FF0FF3591
:10F07000F2E700BF38B5036904464FF0FF31186D61
:10F080000CF032FF237D4BB1002522690023106D67
:10F0900019461A460CF0E0FA284638BD2069A169E5
:10F0A0000C3003F071FD05462069A1690C3003F0B6
:10F0B00069FD2D1AE9E700BF10B5036904464FF05A
:10F0C000FF31186D0CF010FF237D23B92069A16971
:10F0D0000C3005F085FA22690023106D19461A4696
:10F0E000BDE810400CF0B8BA70B50369044682B0B0
:10F0F0004FF0FF31186D0CF0F7FE257D55B12269F8
:10F100000023106D19461A460CF0A6FA4FF0FF3096
:10F1100002B070BD2069A1690DF1070201230C3016
:10F1200003F08EFC226906462B46106D29462A46BE
:10F130000CF092FA002ECCBF9DF807004FF0FF3084
:10F1400002B070BD30B50368164A5B6883B0934265
:10F150008DF807101ED1036904464FF0FF31186D7A
:10F160000CF0C2FE237D53B1002522690023106DEF
:10F1700019461A460CF070FA284603B030BD2069D3
:10F18000A1690C3001230DF1070202F0E1FD20EA34
:10F19000E075EAE701220DF1070198470546284688
:10F1A00003B030BDC5EF030030B4074C016100224D
:10F1B0004FF47A758560C0E90042027580F820201E
:10F1C000C0E9062230BC7047B0CA05002DE9F04105
:10F1D00002B3012A02D00120BDE8F08140F20318F9
:10F1E0000446382015460E460CF026F9A06100288A
:10F1F000F2D0276932460146434607F10C0005F07C
:10F200003BF9064648B9012D1AD000232375012089
:10F21000BDE8F0814FF00108E2E744220F491048B1
:10F2200019F03AF93046FFF77DFA88B13046FFF71A
:10F2300079FA19F031F90B4819F0B6F90020CBE74B
:10F240002069A169324602230C3003F069FCDCE737
:10F2500032463146044819F01FF9ECE7CCCA0500E4
:10F26000BCC90500DCC9050098CA050070B5054693
:10F270002C200E460CF0E0F8A861A8B12B690146DD
:10F28000324603F10C0002F035FB044668B9012454
:10F290002C75304619F04CFA20440CF0CDF831466C
:10F2A000E86119F02BFA204670BD5B220B490C482F
:10F2B00019F0F2F82046FFF735FA48B12046FFF77B
:10F2C00031FA19F0E9F8074819F06EF9002070BD1D
:10F2D00022462146044819F0DFF8F4E7B8CB0500D0
:10F2E000BCC90500DCC9050098CA05002DE9F0413C
:10F2F00004464D48236100254FF47A7684E8610086
:10F30000C4E90655257584F8205094B00E46186D52
:10F310004FF0FF3117460CF0E7FDA16991B120696C
:10F3200094F814800C30B8F1000F66D002F09AFB0C
:10F33000A0690CF09BF8E069A56108B10CF096F8A3
:10F340000023E361206901AA0C30314603F026FC5A
:10F35000054600BB9DF80430112B56D0314620469F
:10F36000FFF784FF256960B12F21304619F0FDF9C0
:10F3700004F1200300B1461C31461846402219F022
:10F38000DFF90023286D1A4619460CF065F920466E
:10F3900014B0BDE8F081831C1CD1012F2569F0D188
:10F3A00038200CF049F8A0610028EAD0014640F26C
:10F3B000031305F10C00324605F05EF8054680BBEC
:10F3C0002069A1692A460C30022303F0A9FB2575A8
:10F3D0002569C9E715498822154819F05DF82846BE
:10F3E000FFF7A0F9B8B12846FFF79CF919F054F8D7
:10F3F000104819F0D9F82569C3E705F06BF9A06941
:10F400000CF034F8C4F818809CE73A4631462046A0
:10F41000FFF7DCFEA6E72A462946074819F03CF824
:10F42000E6E744220549D7E7B0CA050074CB0500DA
:10F43000BCC90500DCC9050098CA0500CCCA050096
:10F440002DE9F0410369044694B00D46186D4FF064
:10F45000FF3190460CF048FDA16989B12069267DF5
:10F460000C30002E52D002F0FDFAA0690BF0FEFF26
:10F47000E0690023A36108B10BF0F8FF0023E3610A
:10F48000206901AA0C30294603F088FB064608BB18
:10F490009DF80430112B40D029462046FFF7E6FEA8
:10F4A0000646276966B12F21284619F05EF92034F7
:10F4B00000B1451C29462046402219F041F9012699
:10F4C0000023386D1A4619460CF0C6F8304614B0C1
:10F4D000BDE8F081831C05D1B8F1010F276923D065
:10F4E0000026EDE722498822224818F0D5FF304651
:10F4F000FFF718F998B33046FFF714F918F0CCFF6E
:10F500001D4819F051F800262769D9E705F0E2F8FF
:10F51000A0690BF0ABFFA661B2E742462946204640
:10F52000FFF754FE0646BCE738200BF085FFA061CC
:10F5300098B1014640F2031307F10C002A4604F08B
:10F540009BFF064688B92069A1690C300223324628
:10F5500003F0E6FA26752769A5E70646B0E73246C6
:10F560003146064818F098FFCAE744220449BBE731
:10F5700074CB0500BCC90500DCC9050098CA0500AC
:10F58000CCCA0500F0B504460D460069A16995B0E6
:10F5900017460C3089B1267D002E45D002F062FA64
:10F5A000A0690BF063FFE0690023A36108B10BF0D1
:10F5B0005DFF206900230C30E36101AA294603F0B6
:10F5C000EDFA0646B8B99DF80430112B35D029461E
:10F5D0002046FFF74BFE90B12F21284619F0C5F8C1
:10F5E000203400B1451C29462046402219F0A8F8D5
:10F5F000012015B0F0BD831C04D1012F23D00020C1
:10F6000015B0F0BD21498822214818F045FF304649
:10F61000FFF788F888B33046FFF784F818F03CFF0E
:10F620001C4818F0C1FFEAE705F054F8A0690BF098
:10F630001DFF2069A6610C30BFE73A4629462046E7
:10F64000FFF7C4FDC7E738200BF0F6FEA0610028E5
:10F65000D5D0236901462A4603F10C0040F203137A
:10F6600004F00AFF064670B92069A1690C30022334
:10F67000324603F055FA2675AEE732463146064863
:10F6800018F00AFFCCE744220449BDE774CB05001B
:10F69000BCC90500DCC9050098CA0500CCCA050034
:10F6A00070B5036904460D46186D4FF0FF311646DC
:10F6B0000CF01AFC237D4BB1002522690023106D4C
:10F6C00019461A460BF0C8FF284670BD2069A1698B
:10F6D0002A4633460C3003F0B3F90546EDE700BF88
:10F6E00038B5036904460D46186D4FF0FF310CF034
:10F6F000FBFB237D4BB1002522690023106D1946C9
:10F700001A460BF0A9FF284638BD2069A1692A4690
:10F710000C3003F005FAC543ED0FEDE738B503698A
:10F7200004464FF0FF31186D0CF0DEFB237D4BB12A
:10F73000002522690023106D19461A460BF08CFF34
:10F74000284638BD2069A1690C3003F01BFA054634
:10F75000EFE700BF38B5036904464FF0FF31186D7D
:10F760000CF0C2FB237D4BB1002522690023106DF4
:10F7700019461A460BF070FF284638BD2069A1696A
:10F780000C3003F001FA0546EFE700BF70B50369DE
:10F7900004464FF0FF31186D0CF0A6FBA16981B152
:10F7A0002069257D0C30ADB102F05CF9A0690BF049
:10F7B0005DFEE0690023A36108B10BF057FE002352
:10F7C000E36122690023106D19461A46BDE87040B6
:10F7D0000BF042BF04F07EFFA0690BF047FEA5616D
:10F7E000EFE700BF8069003018BF0120704700BFFD
:10F7F00020307047007D70472DE9F04794B00B69C9
:10F800000C4606464FF0FF31186D00AF91460CF0E4
:10F810006BFB23693E4A33610023C6E90023C6E936
:10F8200006334FF47A71B160337586F82030237D4A
:10F83000002B46D0DFF8F080DFF8F0A02069A16946
:10F840000C303A1D02F022F90546012D07F10C019A
:10F85000404642D118F048FF07F10C010028EDD0D6
:10F86000504618F041FF0028E8D0D4F81C804046EC
:10F8700018F05EFF054607F10C0018F059FF2B1831
:10F88000093323F00703EA46ADEB030D6A1C684613
:10F89000414617F084FF98F800202F2A6B4602D1CA
:10F8A00098F8012012B11B4A12885A5307F10C0133
:10F8B000184618F0FDFE4A4601463046FFF762FE44
:10F8C000D54622690023106D19461A460BF0C4FE76
:10F8D00030465037BD46BDE8F087002DF1DA40F2E2
:10F8E0008D120D490D4818F0D7FD2846FEF71AFF76
:10F8F00040B12846FEF716FF18F0CEFD084818F074
:10F9000053FEDEE72A462946064818F0C5FDF5E70E
:10F91000B0CA0500A4CA050018CB0500BCC9050083
:10F92000DCC9050098CA050010AA050038A9050021
:10F930002DE9F047804600681646026A82B0B2425E
:10F940000B9F4AD90C461D468FB92DE0B5FBF1F24D
:10F9500001FB1252D0F8049052B3AA1AA368266091
:10F96000626000913146C847F8B9D8F800002368B2
:10F9700041699E42EAD163689D42E7D3CA18954225
:10F98000E4D2A2EB0509B945A1680A9828BFB94697
:10F99000EB1A19444A46BF1A17F001FF0A9B4B4461
:10F9A0004D440A93002FE0D1002002B0BDE8F0875B
:10F9B000B942D2D8B7FBF1FA01FB1A7AA7EB0A07D2
:10F9C00000970A9B2A463146C8470028EDD10A9B7A
:10F9D0003B443D440A935746E4E7034B034A04483B
:10F9E000122117F015FE00BF7CCC0500F8CB0500F6
:10F9F0009CCC05002DE9F04F85B00392002B5AD026
:10FA000088460168C9695C1EA1F108090E9BB4FB18
:10FA1000F9F50746B3FBF9F6BDB3681E029217F07D
:10FA200073FC851CA4EB8505029AB5FBF9F56EBB4A
:10FA3000B5424AD90DF10C0A4FF004094FF0010B01
:10FA40000AE0012A4BD93B681B6A9A4247D80BFA55
:10FA500004F42D1BB54238D9AC1BB4FA84F495FAE2
:10FA6000A5F3C4F11F04B3FA83F39C4228BF1C46DC
:10FA7000CDE900A9A30041463846FFF759FF039A94
:10FA80000028DED005B0BDE8F08FF6B1701E0292FE
:10FA900017F03AFC0E9B861CA3EB8606B6FBF9F624
:10FAA000304617F031FC0E9B029A06FB1939A9EB80
:10FAB00080030E93BCE70F994FF0FF320A60109A53
:10FAC0001846136005B0BDE8F08F0F9B1A60109BBD
:10FAD0001A460E9B1360002005B0BDE8F08F034B63
:10FAE000034A04484FF48F6117F092FD10CD0500D2
:10FAF00018CC05009CCC05002DE9F04F0446D2E956
:10FB000000038FB0002608900291099304F11409B4
:10FB1000B3460DF1280A08AB494653F82670102366
:10FB2000CDE900A33A4600232046FFF701FF002855
:10FB300039D1BBF1000F68D10B9B23F00043132B8D
:10FB400054D92268D269934250D80EAB4FF0FF319E
:10FB500043F81C1D102218465146039304F088FFF9
:10FB60000B9B23F00042102A25D0CDE904B61025C6
:10FB70000DF11B081646DDF80CB004E0584604F001
:10FB800077FFAE4215D00123CDE900833A462B46DC
:10FB900049462046FFF7CCFE012241461544002885
:10FBA000ECD0DDE904B610F1340F1FD00FB0BDE882
:10FBB000F08FDDE904B6079B751CBBB905F00105A4
:10FBC0000DF1380C0CEB850C029D03959AE80F00A3
:10FBD0006F605CF8187CAF602F46BC461C35102760
:10FBE000CCF80C7085E80F004FF0010BA6B1002097
:10FBF000BBF1000FDAD1DDE9082308484FF4F771B3
:10FC000018F04AFC6FF03300D0E7029A0A9BD269E1
:10FC10009B1A002B90DAE9E701267CE760CE05000D
:10FC20002DE9F04F984603681B6A87B04345109E44
:10FC3000DDE911A740F2D780002F4AD081468B46DC
:10FC40001546DBF8003043454ED0013340F0C58007
:10FC5000D9F800008269B6FBF2F302FB1363002BB4
:10FC60003BD1BA4239D8B7FBF2F302FB13730393CB
:10FC7000FB1A009302938468534632464146A047DC
:10FC8000002840F0A380029B002D00F09B80DBB198
:10FC90005446371B9A4408E014F8013B9DF817209E
:10FCA0009A4240F09180A2450ED0012301930DF1BC
:10FCB0001703009342463B1929464846FFF738FE92
:10FCC0000028E9D0C0F28280029B039F1E44002FCF
:10FCD000B7D1002007B0BDE8F08FF31ACBE900835D
:10FCE000DBF800304345B0D1DBF80420B242ACD899
:10FCF000D9F800108C691444B442A6D9A41BBC42A4
:10FD0000DBF8080028BF3C46B21A10445146224690
:10FD100017F045FDD9F80000D0F818C02644B6FB0E
:10FD2000FCF30CFB13633F1BA244002BCFD1DBF889
:10FD300000104B1CCBD0DBE90123CDF800C0846858
:10FD4000A047002842D1D9F80030DBF808009A69B2
:10FD50006DB3DBE9001352B382181B1ACDF808B05B
:10FD6000CDF80C801096044693460E46984607E060
:10FD700014F8013B9DF817209A4225D1A34528D0BD
:10FD8000012301930DF117030093324608EB04039E
:10FD900029464846FFF7CCFD0028E9D0DDE902B846
:10FDA000109E13DBD9F80030DBF808009A69FF21B8
:10FDB00017F019FD4FF0FF33CBF80030002F7FF420
:10FDC00040AF86E79A447FE76FF0330007B0BDE8A5
:10FDD000F08FDDE902B8109EE4E7064B064A0748BB
:10FDE000B72117F015FC064B034A04489C2117F075
:10FDF0000FFC00BF60CC050008CC05009CCC0500C2
:10FE00007CCC05002DE9F04F90460268126A83B061
:10FE10004245DDF830900D9E6CD91EB382460F46E8
:10FE20001D463B68984527D001335DD1DAF80000C4
:10FE30008269B5FBF2F302FB1353BBB9B24215D88A
:10FE4000B6FBF2F402FB1464361B0096D0F808B03F
:10FE50004B462A464146D84728B9B1443544264640
:10FE6000002EDED1002003B0BDE8F08FEB1AC7E909
:10FE700000833B689845D7D17968A942D4D8DAF88D
:10FE8000002092690A44AA42CED9541BB442B868F1
:10FE900028BF3446691A08442246494617F07FFCB9
:10FEA000DAF8000082692544B5FBF2F302FB135334
:10FEB000361BA144002BD3D139684B1CD0D0D7E9D5
:10FEC00001C3009284686246A0470028CBD1DAF8CB
:10FED0000030B8689A69FF2117F085FC4FF0FF33B6
:10FEE0003B60002E9DD1BDE7054B064A0648B72171
:10FEF00017F08EFB054B034A03489C2117F088FB43
:10FF000060CC050008CC05009CCC05007CCC05002D
:10FF10002DE9F04F934691B000240122CDE905313F
:10FF20005B46CBE909429A468346DAF8283001332A
:10FF300000F016810AF1240251465846FFF7DCFD15
:10FF40000790002877D15246DAF80C30DA4693460B
:10FF5000DBF8201021F00042043A03F10C00824249
:10FF600080F0E980002980F2E9800AF11409DBE9D8
:10FF700009234FF000080A920B9347460AAB494603
:10FF800053F82860102301930CAB009332460023F2
:10FF90005046FFF7CDFC00283FD12FB10C9BDBF87A
:10FFA0001C209B1A002B65DB0D9B23F00043132BB9
:10FFB00060D9DAF80020D26993425BD810AB4FF0D9
:10FFC000FF3143F81C1D102218460CA9029304F0BF
:10FFD0004FFD0D9B23F00042102A32D00397CDF83D
:10FFE000108010240DF123051746DDF8088004E089
:10FFF000404604F03DFDA74221D00123CDE9005346
:020000024000BC
:100000003246234649465046FFF792FC01222946D4
:1000100014440028ECD0DDE9037810F1340F29D026
:100020005B46D3469A46831C40F09D80DAF8243024
:1000300001337FF47AAF079811B0BDE8F08FDDE9A6
:100040000378099B08F10104A3B90CAB10AD0FCBE9
:1000500004F0010405EB8404102554F8184CCBF887
:1000600008400BF11C04CBF80460CBF80C5084E87A
:100070000F000127B8F1000F1AD0002F62D0DBF873
:100080002010DBF8182021F00043043B143210202C
:100090001B2BCBF81820CBF80C000CD80029FFF64E
:1000A00066AF5B46D3469A460346059A1360BDE7A2
:1000B0004FF0010862E70346059DDBF80420281D88
:1000C0000C24CDE9000449465046FFF731FC0028D6
:1000D000A6D16B79A979EA79DBF80C0028600433A2
:1000E0000B4413440344CBF80C306A79AC79E879BB
:1000F000DBF818100432224402440A44CBF81820DA
:100100002A7902F07002202A7FF422AF0598069C1B
:1001100081682268914208D0C0686468A04204D017
:10012000A14202D082427FF413AF012307930798C4
:1001300011B0BDE8F08F0AF11409BDE75A46D34665
:100140009246B2E7DDE90A234FF4F771074818F049
:10015000A3F96FF033030793079811B0BDE8F08F50
:100160000023079367E7079065E700BF60CE0500AF
:100170002DE9F04FA3B001230691002417A90BAA83
:10018000CDE90B438346FFF7B7FC079000287AD1EF
:10019000209B013377D0219B013374D020AA17A96B
:1001A0005846FFF7A9FC00286CD11A9CDA461F9A22
:1001B00022F00043043B04F10C018B4280F0938059
:1001C000002A80F28B800AF1140BDDE92023002540
:1001D0000D920E93A8464FF010090DAB594653F8F7
:1001E0002560CDF8049013AB0093324600235046AF
:1001F000FFF79EFB00283FD1B8F1000F04D0139BFE
:100200001E9A9B1A002B57DB149B23F00043132BE1
:1002100052D9DAF80020D26993424DD822AB4FF080
:10022000FF3143F8601D102213A91846039304F010
:100230001FFC149F27F00042102A2AD0CDE9048524
:1002400010240DF127071546DDF80C8004E0404628
:1002500004F00EFCA5421AD00123CDE9007332460A
:10026000234659465046FFF763FB012239461444A2
:100270000028ECD0DDE9048510F1340F1CD0831C7C
:10028000D34685D00790079823B0BDE8F08FDDE90D
:1002900004850A9B6C1C7BB913AB0FCB22AF04F017
:1002A000010407EB840407E90F0054F8543C189646
:1002B000CDE919394FF001089DB1B8F1000F43D0D5
:1002C0001F991D9A21F00043043B143210241B2B6C
:1002D0001D921A9409D80029FFF677AFD3460F94E0
:1002E00056E7012579E70AF1140B10A80C25CDE992
:1002F0000005189A234659465046FFF719FB002877
:10030000BDD19DF841209DF842509DF843001A9CB4
:100310001D999DF940300F9404322A44024414443C
:10032000002B0A441A941D92FFF641AF0822069949
:1003300011A817F025FA00287FF439AF012307939D
:10034000079823B0BDE8F08FDDE90D234FF4F77176
:10035000044818F0A1F86FF033030793079823B00F
:10036000BDE8F08F60CE05002DE9F04F97B01C4638
:100370000C9340F62203824624685360104608928C
:10038000DAE90123D3460A948260C3608A460A9D53
:10039000BE49284618F0FDF92B4603440446BB49E4
:1003A0000993184618F0B2F90128079000F07081FF
:1003B000022800F07681099B079A9D18CDE90A551D
:1003C0000124B249284618F0E4F905442846AF490B
:1003D00018F09CF978B1022802D001340544F0E706
:1003E0002B782E2BF9D16B782E2BF6D1013CF5D141
:1003F000AB1C0A93CBE7099B1878002800F0858096
:100400000C9A1360089A1379222B40F0638102F151
:1004100008031A46514658460D93FFF76DFB002816
:1004200073D15246DAF80C30DA469346DBF82010E6
:1004300021F00042043A03F10C00824280F0228154
:10044000002980F295800AF1140912ABD04603937B
:10045000CA46DBE9092300255F4610921193A9469D
:10046000AB4610AB514653F82B5010230193039B1E
:1004700000932A4600234046FFF75AFA002841D14C
:10048000B9F1000F04D0129BFA699B1A002B58DBBC
:10049000139B23F00043132B53D9D8F80020D269C3
:1004A00093424ED816AB4FF0FF3143F81C1D10227B
:1004B00018460399049304F0DBFA139B23F00042DF
:1004C000102A27D0CDF81490CDF818B010240DF1D3
:1004D0003B069146DDF810B004E0584604F0C8FA37
:1004E000A14515D00123CDE900632A462346514694
:1004F0004046FFF71DFA0122314614440028ECD093
:10050000DDE9059B10F1340F1BD017B0BDE8F08F6B
:10051000DDE9059B0F9B0BF1010493B9039B7D6003
:100520000FCB04F0010416AE06EB8404102554F83A
:10053000184CBC6007F11C04FD6084E80F004FF00C
:100540000109BBF1000F1AD0BB46B9F1000F00F052
:10055000B380396ABA6921F00043043B1432102099
:100560001B2BBA61F8600DD80029FFF672AF034665
:10057000089A6FF00100136017B0BDE8F08F4FF0DC
:10058000010B6EE7D1460346C246089FDBF8042004
:100590000C20391DCDE9001049465046FFF7C8F937
:1005A0000028B2D17B79BA79F879DBF80C403C604D
:1005B0000433134403442344CBF80C307D79B879D9
:1005C000FE79DBF818102A1D024432440A44CBF8A5
:1005D00018203A7902F07F01112902D022297FF4F4
:1005E00025AF07998E427FF421AF04342C44044494
:1005F000DBF80460002969D0099DCDF80CB012AB7E
:10060000641B0127DDF82CB0984607E015F8013B84
:100610009DF848209A4213D15D4516D0CDE9008758
:100620006319324649465046FFF782F90028EDD05B
:10063000D346DDF80CA0FFF668AF089B1A7909E0F5
:10064000DDF80CB0DBF80C30F0E6089BD3461A79E5
:10065000DDF80CA013067FF59AAEDBF80430013309
:100660000BD0DBF80830013307D00D995846FFF75F
:100670007FFD002831D1089B1A79089B02F07F0288
:100680001A7184E60AF114097FE700BFA4CA0500C5
:100690002B5D2E2B7FF48FAE099B079A13440A9390
:1006A00075E6099B1B782E2B7FF485AE099B5B7842
:1006B0002E2B7FF480AEEFE7DDE9102309484FF4DD
:1006C000F77117F0E9FE6FF033001EE75B46D34683
:1006D0009A46BFE76FF0130017E7FFF616AF6FF00B
:1006E000010012E760CE05002DE9F04F44680134A7
:1006F00093B000F0938084680134824600F08E80CD
:1007000090468946002101230A910AAA41460B938B
:10071000FFF7F2F9002840F0828043460AF1140BFB
:10072000C8469946D9F82430581C77D0D9F82820E3
:10073000511C73D0D8F80010994273D0D8F8040037
:1007400090426FD083426DD091426BD0CDE90C3294
:10075000002503950EAFCDF810800CAB594653F829
:1007600025601023CDE90073324600235046FFF781
:10077000DFF8002840D1039B2BB10E9BD9F81C2039
:100780009B1A002B3BDB0F9B23F00043132B36D926
:10079000DAF80020D269934231D812AB4FF0FF3122
:1007A00043F8241D102218463946059304F060F9D9
:1007B0000F9B23F00042102A3AD00695CDF81C90EA
:1007C00010240DF123081546DDF8149004E0484686
:1007D00004F04EF9A54229D00123CDE90083324629
:1007E000234659465046FFF7A3F8012241461444D8
:1007F0000028ECD0DDE9065910F1340F0FD19DB37C
:10080000DDE90338002B8DD1DDE90C2317484FF4C7
:10081000F77117F041FE6FF0330000E0002013B0D5
:10082000BDE8F08F012013B0BDE8F08FDDE9065977
:10083000099B6C1C002BE2D197E80F0004F0010427
:100840000DF1480C0CEB8404C9F8046054F8184C02
:10085000C9F80840102609F11C04C9F80C6084E8A6
:100860000F0001230393CAE7012576E760CE050058
:100870002DE9F04F4FF0010BA1B081468A46DAF81E
:100880002420C74840F2865117F006FE4FF00008BA
:10089000D9E90C62D9F8384013E05109531C601EA5
:1008A000D9F83C50C9F83430C9F8380055F82170EF
:1008B00002F01F010BFA01F1394200F07381044686
:1008C0001A469642E9D1D9F82C30002C00F00F835B
:1008D000D9F80020D9F83C00D2E908121E4494420D
:1008E00028BF1446B6FBF1F301FB1366C9F8348048
:1008F000C9F83040D208C9F82C60002116F073FF07
:10090000D9F804300133C3D0D9F808300133BFD04F
:1009100015AA01230592524609F11407CA46CDF8DB
:1009200034800E9300249146DAF80060DAF82C2027
:10093000316ADAF830508A1A1444B4FBF1F001FB42
:100940001040A84212D2DAF83C10440900F01F030C
:1009500051F824200BFA03F3134341F82430316A91
:10096000DAF82C200E9BDAF830508A1A1A44B2FBBF
:10097000F1F301FB1322AA420BD25409DAF83C002E
:1009800002F01F0250F824100BFA02F30B4340F858
:1009900024300DAA05995046FFF7AEF8002840F024
:1009A000BA81CDF81C900C26B946189B12AC1CE0FD
:1009B000169ACDE9004649465046FEF7B9FF002891
:1009C00040F0A9819DF849309DF84A209DF84B00E0
:1009D0001899043313449DF84820034402F0700230
:1009E0000B44102A189300F08F821D9A22F00042C7
:1009F000043A03F10C019142DAD9DDE91E43601C8F
:100A00004F46CDE90D43DDF81C9001D0591C8BD128
:100A10004B46D1469A46D9F80C50002D3FF438AFDA
:100A2000CDF824A0AA46DAF81C30DA0340F19C8104
:100A3000DAF81440002C00F09781D9F80010CD6945
:100A4000013C083DB4FBF5F3069353B1581E0591E4
:100A500016F05AFC05990230A4EB8004B4FBF5F3C0
:100A60000693DAF810300593D9F82C400B6AD9F8C0
:100A70003000059A1A44141BB4FBF3F203FB124333
:100A800083420BD25C09D9F83C0003F01F0350F8F5
:100A900024200BFA03F3134340F82430069B002B69
:100AA00000F0608103F00103C3F102030A6A0793B7
:100AB0009D00059B934280F012810FAF00240846F1
:100AC0001A4620E0D9F81430059A46699A4200F097
:100AD000D682B4FBF6F2436806FB12429C46002A1B
:100AE00000F0F3820599D9F81C30C9F81410A21A45
:100AF000C9F8182000966646B047002840F00B81E0
:100B0000D9F80000059ADAF82C309A42DAD1DAF8EE
:100B10003020A242D6D883691344A342D2D91B1BEA
:100B2000DAF83410AB4228BF2B46A21A11441E46F5
:100B30001A463846AD1A16F032FE34443744D9F816
:100B40000000002DDED1079B01465D1E012DD9E975
:100B50000B400B6A19D10F9A121BD618B6FBF3F291
:100B600003FB1262824210D25409D9F83C0002F011
:100B70001F0350F8242005FA03F3134340F82430F0
:100B8000D9F82C400B6AD9F8300020AA02EB850571
:100B9000DDE90626921B069255F8442C059269E77A
:100BA00090CE0500D9F80000D9F82C10076A0A4445
:100BB000B342B2FBF7F107FB112206921BD0590991
:100BC00003F01F0255F82110012707FA02F20A422A
:100BD00011D0023C0AE0590903F01F0255F8211018
:100BE0000BFA02F20A4204F1FF3404D00133B3429B
:100BF000C9E90D34EFD1C3680699984703460790B9
:100C000028B113F1340F3FF43AAE184684E0DAF815
:100C10002830D9F80000002B00F08180DAF8244059
:100C2000036A09F11402A342089258D915AB05933F
:100C3000079F09F1200309933D46DDF8148017E072
:100C4000D9F8143041699C424FD0B5FBF1F201FB59
:100C50001252002A54D0D9F81C300091AA1AC9E9BE
:100C6000054246682146B047002854D1D9F8000013
:100C7000DAF82C309C42E3D1DAF83030AB42DFD8DE
:100C800086691E44AE42DBD9DAF83410761B012E99
:100C900028BF0126EB1A3246404619443544B04479
:100CA000C6F1010616F07BFD002EDFD10123029371
:100CB000059BDDE90821CDE900734846069BFEF758
:100CC000AFFF002849D1DAF82830D9F80000013701
:100CD000BB4224D9DAF82440036A9C42ACD3AF4B20
:100CE000AF4AB048122116F093FCD9F81830AB4245
:100CF000ABD85E18AE42A8D9761BD9F81C10C6E74F
:100D00000129A8D801230093214643462A46446876
:100D1000A0470028CAD0079021B0BDE8F08F8269B3
:100D2000D9F82810DAF8340016F039FDD9E908139B
:100D3000D9F80020D9F828009269CAE90B13FF21DD
:100D400016F051FD4FF0FF33C9F820300798069B8D
:100D5000CAF8243021B0BDE8F08F10F1340F3FF411
:100D60008EADD8E7DAF81C309B0340F1B780DAF893
:100D70002040002C00F0B280D9F80010CD69013C71
:100D8000083DB4FBF5F3069353B1581E059116F0D8
:100D9000BBFA05990230A4EB8004B4FBF5F306938B
:100DA000DAF824300593D9F82C400B6AD9F83000D2
:100DB000059A1A44141BB4FBF3F203FB124383425B
:100DC0000BD25C09D9F83C0003F01F0350F8242033
:100DD0000BFA03F3134340F82430069B002B7DD01D
:100DE00003F00103C3F102030A6A07939D00059B08
:100DF0009342BFF474AF0FAF002408461A4620E0B8
:100E0000D9F81430059A46699A4200F04B81B4FB38
:100E1000F6F2436806FB12429C46002A00F06B8102
:100E20000599D9F81C30C9F81410A21AC9F818206D
:100E300000966646B04700287FF46DAFD9F80000F1
:100E4000059ADAF82C309A42DAD1DAF83020A24248
:100E5000D6D883691344A342D2D91B1BDAF83410C5
:100E6000AB4228BF2B46A21A11441E461A463846EA
:100E7000AD1A16F094FC34443744D9F80000002D24
:100E8000DED1079BD9F82C4001465D1E012DD9F813
:100E900030000B6A17D10F9A121BD618B6FBF3F26B
:100EA00003FB126282420ED25409D9F83C0002F0D0
:100EB0001F0350F8242005FA03F3134340F82430AD
:100EC000D9E90B400B6A20AA02EB8505DDE906266D
:100ED000921B069255F8442C05926AE7DAF800A0B6
:100EE000BAF1000F7FF49FADDDF824A0D0E49A1989
:100EF0004FF49D712C4817F0CFFA6FF01B03184682
:100F0000079321B0BDE8F08F149C002C3FF44EAD48
:100F1000DAF80010CD69013C083DB4FBF5F3089305
:100F200053B1581E069116F0EFF90699831CA4EBF5
:100F30008303B3FBF5F30893139B0693DAF82C5065
:100F40000B6ADAF83040069ACDF82C9008461A441D
:100F5000551BB5FBF3F203FB1253A3420BD25C0902
:100F6000DAF83C1003F01F0351F824200BFA03F3C6
:100F7000134341F82430089B002B00F0E88003F075
:100F80000103C3F10203026A09939C00069B93428A
:100F9000BFF4A5AE0DF13C09002521E07CCC050095
:100FA000F8CB05009CCC0500B0CE05004368B5FB2E
:100FB000F1F201FB12529C46002A00F0B280069F1B
:100FC000CAF81470AA1ADAF81C30CAF8182000916E
:100FD00039466746B84700287FF49DAEDAF800002E
:100FE000DAF81430069A41699A42DFD1DAF81830FB
:100FF000AB42DBD85A18AA42D8D9521BDAF81C10D7
:10100000A242A5EB030328BF2246484619441746CF
:10101000A41A154416F0C3FBB944DAF80000002CFA
:10102000DED1099BDAF82C50DAF83040591E01293C
:10103000036A19D10F9A521B1A44B2FBF3F703FB50
:101040001722A24210D2DAF83C50570902F01F03CF
:1010500055F8274001FA03F3234345F82730DAF81F
:101060002C50036ADAF8304020AA02EB8101DDE956
:101070000827D21B089251F8442C069267E7D9F84A
:101080001830A3423FF625AD9A19A2427FF621AD52
:10109000121BD9F81C10AA4228BF2A46E31A16468A
:1010A000194446E5D9F81830A3423FF6B0AE9A1974
:1010B000A2427FF6ACAE121BD9F81C10AA4228BF80
:1010C0002A46E31A16461944D1E6B542FFF40AADA2
:1010D000B5FBF6F306FB1353ED1A089300953B4658
:1010E000224605996646B04700287FF414AE2F4487
:1010F0002C44089D23E5B542FFF492AEB5FBF6F310
:1011000006FB1353ED1A089300953B4622460599BA
:101110006646B04700287FF4FEAD2F442C44089D5E
:10112000ABE68C42FFF44BAFB4FBF1F701FB174386
:10113000E41A0A9300944B462A4606996746B84734
:1011400000287FF4E8ADA14425440A9C65E7DDF85A
:101150002C902AE42DE9F04FD0E90C23A1B08B4666
:1011600001F104084FF001090C31CDF810B004462C
:101170000391CA46C3464FF000082746BC6B0FE0F8
:101180005909013C581CFE6BBC63786356F821502A
:1011900003F01F0109FA01F1294200F065810346BD
:1011A0009A42EDD1FB6A002C00F0B9813968F86BE6
:1011B000D1E908651344AC4228BF2C46B3FBF6F1D5
:1011C00006FB1133FB62C7F834803C63EA08002158
:1011D00016F009FB7B68013300F09881BB6801338E
:1011E00000F09481CDE90D8A07F11406CDF814B012
:1011F00001230024B3463E68FA6A306A3D6B821AC6
:101200001444B4FBF0F100FB1141A9420FD2F86B7A
:101210004C0901F01F0350F8242009FA03F313438B
:1012200040F82430FA6A306A0E9B3D6B821A1A44E9
:10123000B2FBF0F300FB1323AB420AD25809F96B5F
:1012400003F01F0351F8202009FA03F3134341F878
:1012500020300DAA15A93846FEF74EFC002840F0B4
:1012600050815B460C26BB461F46189B12AC1CE007
:10127000169ACDE9004639465846FEF759FB002834
:1012800040F03F819DF849309DF84A209DF84B0081
:101290001899043313449DF84820034402F0700267
:1012A0000B44102A189300F043811D9A22F000424B
:1012B000043A03F10C019142DAD93B465F469B4662
:1012C000DDE91E43601CCDE90D4301D0591C92D1CC
:1012D000FD68DDF814B0002D00F01881CDF828B0BD
:1012E000AB460CE09B0304D5DBF82040002C40F01B
:1012F000FF81DBF800B0BBF1000F00F00581DBF8E7
:101300001C30DA03EED5DBF81440002CEAD03B6841
:10131000DD69013C083DB4FBF5F2079252B1501E65
:10132000059315F0F1FF0230A4EB8004B4FBF5F354
:101330000793059BDBF810200592FC6A1A6A386B4C
:101340000599CDF818B011440C1BB4FBF2F102FB67
:10135000114282420AD25409F86B02F01F0250F87F
:10136000241009FA02F20A4340F82420079A002ABE
:1013700000F0AB8202F00102C2F10202196A089287
:101380009500059A8A4280F0A8820DF13C0B00245A
:10139000069A0599D26A914222D07A6905985969CC
:1013A000904200F07781B4FBF1F2586801FB1242E1
:1013B0008446002A00F08181FE6905987861A21AAE
:1013C000BA6118460091334605996646B047002831
:1013D00040F09780069A0599D26A3B689142DCD129
:1013E000069A106BA042D8D89A690244A242D4D976
:1013F0000993069B121B596BAA4228BF2A46201A42
:10140000164601445846AD1A16F0C9F9099B3444F2
:10141000B344002DBCD1089A551E012D1A6AD7E994
:101420000B4016D10F99091B1144B1FBF2F602FBD8
:10143000161181420DD2FC6B4E0901F01F0254F8C7
:10144000260005FA02F2024344F82620D7E90B40B1
:101450001A6A20A901EB8505DDE90716891B0791AA
:1014600055F8441C05916EE73968FA6A096A134415
:10147000B3FBF1F201FB12334BF8043BD7E90C2329
:1014800093423C461BD0580903F01F0156F8200038
:101490000AFA01F1014212D0BD6B013D0AE0580980
:1014A00003F01F0156F8200009FA01F1014205F18D
:1014B000FF3504D001339342C4E90D35EFD10399D0
:1014C00059457FF458AEDDF810B004210BF11C0330
:1014D000DBF804202046CDE90031002304F114019B
:1014E000FEF726FAA8B9DBF81C304FF0FF32CBE943
:1014F0000922142001331021CBE90730CBF80C105E
:10150000002021B0BDE8F08FDDF828B0D7E90C232A
:1015100034E610F1340FE6D021B0BDE8F08F1A4464
:101520004FF49D71714816F0B7FF6FF01B00E8E7AC
:10153000149C002C3FF49AAEDBF80010CD69013CFE
:10154000083DB4FBF5F3089353B1581E069115F00E
:10155000DBFE0699831CA4EB8303B3FBF5F308932E
:10156000139B0693DBF82C500B6ADBF83040069A8D
:101570000B9708461A44551BB5FBF3F203FB1253B5
:10158000A3420BD25C09DBF83C1003F01F0351F8B7
:10159000242009FA03F3134341F82430089B002B5D
:1015A00000F0918103F00103C3F10203026A099381
:1015B0009D00069B934280F090810FAB079300271C
:1015C00018E04368B7FBF1F201FB12729C46002A57
:1015D00000F06181069CCBF81440BA1ADBF81C308D
:1015E000CBF81820009121466446A047002888D1F6
:1015F000DBF80000DBF81430069A41699A42E0D12A
:10160000DBF81830BB42DCD85A18BA42D9D9D21B01
:10161000DBF81C100798FB1AAA4228BF2A46194477
:101620001446AD1A174416F0BAF8079B23440793E3
:10163000DBF80000002DDDD1099BDBF82C50DBF836
:101640003040591E0129036A19D10F9A521BD7182D
:10165000B7FBF3F203FB1272A24210D25509DBF87A
:101660003C4002F01F0254F8253001FA02F2134305
:1016700044F82530DBF82C50036ADBF8304020AA10
:1016800002EB8101DDE90827D21B089251F8442CB6
:1016900006926FE7BA69A2423FF685AE5018A042A3
:1016A0007FF681AE001BF9690993A84228BF28463E
:1016B000A21A114406460246A4E68D42FFF47CAE0F
:1016C000B5FBF1F601FB1652AD1A099218460095CA
:1016D0005B46224605996646B04700287FF411AF65
:1016E000AB442C443B68099D93E600BFB0CE050097
:1016F0003B68DD69013C083DB4FBF5F2069252B14E
:10170000501E059315F000FE0230A4EB8004B4FBDC
:10171000F5F30693059BDBF824200592FC6A1A6A10
:10172000386B0599CDF81CB011440C1BB4FBF2F1D9
:1017300002FB114282420AD25409F86B02F01F02E6
:1017400050F8241009FA02F20A4340F82420069ABD
:10175000002A00F0BF8002F00102C2F10202196A01
:1017600008929500059A8A4280F0B7800DF13C0BF3
:101770000024079A0599D26A914220D07A69059887
:10178000596990425FD0B4FBF1F2586801FB1242F4
:101790008446002A68D0FE6905987861A21ABA6169
:1017A00018460091334605996646B04700287FF4F5
:1017B000A8AE079A0599D26A3B689142DED1079A92
:1017C000106BA042DAD89A690244A242D6D9099392
:1017D000079B121B596BAA4228BF2A46201A16469D
:1017E00001445846AD1A15F0DAFF099B3444B3445E
:1017F000002DBED1089A551E012D1A6AD7E90B405B
:1018000016D10F99091B1144B1FBF2F602FB161118
:1018100088420DD9FC6B4E0901F01F0254F82600D6
:1018200005FA02F2024344F82620D7E90B401A6A6F
:10183000089E20A901EB85050699891B069155F89C
:10184000441C059170E7BA69A2429CD85018A04286
:1018500099D9001BF9690993A84228BF2846A21A02
:10186000114406460246BCE78D4294D3B5FBF1F61F
:1018700001FB1652AD1A0992184600955B462246A6
:1018800005996646B04700287FF43BAEAB442C4434
:101890003B68099DACE78D42FFF49CAEB5FBF1F4CB
:1018A00001FB1453ED1A0A930095079B06993A46DB
:1018B0006446A04700287FF424AE079B2B442F44A6
:1018C00007930A9DB4E60B9FCFE4DDF818B0DBF870
:1018D0001C3007E5DDF81CB00BE5034B034A044858
:1018E000122115F095FE00BF7CCC0500F8CB050059
:1018F0009CCC05002DE9F04F95B014AB054643F89C
:10190000342DD0E90162C1E901620CAA0C46FEF750
:101910002BFD834600285FD19DF83430222B40F008
:101920008E80DDE90E23CDE90A2305F114088146F6
:1019300002900DF1400A03900AAB414653F829701A
:101940001023CDE900A33A4600232846FDF7F0FF17
:1019500000283DD1029B23B1109BE2699B1A002B0A
:1019600058DB119B23F00043132B53D92A68D2690B
:1019700093424FD814AB4FF0FF3143F82C1D102287
:1019800018465146049303F073F8119B23F000426C
:10199000102A27D0CDE9059410260DF1230B14460B
:1019A000DDF8109004E0484603F062F8B44217D026
:1019B0000123CDE900B33A46334641462846FDF7B8
:1019C000B7FF0122594616440028ECD0DDE9059402
:1019D00010F1340F1ED08346584615B0BDE8F08F85
:1019E000DDE90594099B09F101069BB99AE80F000E
:1019F00006F001060DF1500C0CEB8606676056F8F8
:101A0000286CA660102704F11C06E76086E80F002A
:101A100001230293B9F1000F14D0DDE9023BA3B119
:101A2000D4E901122B69216162610E21102258460E
:101A3000A161E26023602C6115B0BDE8F08F6FF00A
:101A4000130BC9E74FF0010976E7DDE90A230448E3
:101A50004FF4F77116F020FD6FF0330BBCE700BFB9
:101A600060CE0500026942B18A4203D107E0994283
:101A700007D01A461368002BF9D10020704700F1F7
:101A800010020B6813600020704700BF2DE9F04F73
:101A900093B013468946029282464C221846002192
:101AA00015F0A1FED9F818300E2B00F01B810F2B7A
:101AB00000F02581D9F80C30CB46DBF8201021F05E
:101AC0000042043A03F10C00904240F229810029BF
:101AD00080F294800AF11409D046CA46DBE9092352
:101AE000002508920993A94608AB514653F8256092
:101AF000102301930EAB0093324600234046FDF7BE
:101B000017FF002840D1B9F1000F05D00E9BDBF87C
:101B10001C209B1A002B5ADB0F9B23F00043132B36
:101B200055D9D8F80020D269934250D812AB4FF063
:101B3000FF3143F82C1D10220EA91846039302F022
:101B400097FF0F9F27F00042102A27D0CDE9049578
:101B500010240DF11B071546DDF80C9004E04846F3
:101B600002F086FFA54217D00123CDE9007332466B
:101B7000234651464046FDF7DBFE01223946144418
:101B80000028ECD0DDE9049510F1340F1FD0831C40
:101B900034D013B0BDE8F08FDDE90495079B6C1CD1
:101BA000ABB90EAB0FCB04F0010412AF07EB84040A
:101BB000CBF8046054F8284CCBF8084010260BF101
:101BC0001C04CBF80C6084E80F004FF00109CDB184
:101BD000B9F1000F00F0A780DBF82010DBF8182027
:101BE00021F00043043B143210201B2BCBF81820AB
:101BF000CBF80C0008D80029FFF670AF002013B016
:101C0000BDE8F08F01256FE7D1460346C2460C20A0
:101C10000BA9DBF80420CDE9001049465046FDF73A
:101C200087FE0028B3D19DF82D509DF82E409DF8D9
:101C30002F60DBF80C00DBF818109DF82C700A9070
:101C40002A1D2244324483180A4407F07F011129D7
:101C5000CBF80C30CBF8182002D022297FF42DAF1E
:101C60003A066AD5DAF80430013334D0DAF80830AD
:101C7000013330D00CA95046FEF77AFA002888DBF1
:101C80002DD19DF82C100A989DF82D509DF82E40CE
:101C90009DF82F605B4601F07F01CB4699468DF899
:101CA0002C10029B1129197002D11A460D9B53600A
:101CB0000299D9F804200196031D2B4408310091A4
:101CC000234459465046FDF733FE002808BF012043
:101CD00013B0BDE8F08F5B46CB469946DFE7DBF8F3
:101CE0000C30EAE6174A029912880A8122230B7007
:101CF000D9F818300133C9F81830012049E70298A3
:101D0000114A0346222103F8081B118892780181A9
:101D10009A70D9F818300133C9F81830012038E723
:101D20000AF1140973E7DDE9082308484FF4F77155
:101D300016F0B2FB6FF033002BE75B463946CB461B
:101D40009946AEE710AA050038A9050060CE050047
:101D50002DE9F04FA9B00992CA690A9302F0030471
:101D6000012C00F0368454038A46834602F4003383
:101D700000F1F082100507D5DAF81420DAF8201007
:101D8000914238BFCAF82020002B00F0ED820A9B58
:101D90001846002B00F0F3810AF12C0305930A9BEF
:101DA0000B93D0464FF00109DA46D8F81C3099035E
:101DB00000F1A181D8F82010002940F0FC82D34620
:101DC0005BF8143B1D6ACAF83850D8E90823CDF8EF
:101DD000308006921493D0464FF0000AD8E90C6484
:101DE00013E06209631C681ED8F83C10C8F8343050
:101DF000C8F8380051F8227004F01F0209FA02F204
:101E00003A4200F0C38105461C46A642E9D1D8F803
:101E10002C10002D00F0F782D8F80030D8F83C00E4
:101E2000D3E908420E44954228BF1546B6FBF4F3A9
:101E300004FB1366C8F834A0C8F83050D208C8F8BC
:101E40002C60002115F0CFFCD8F80430013300F0ED
:101E50002882D8F80830013300F0238201231DAD19
:101E6000CDF854A0169300240C272E46D8F800C0B5
:101E7000D8F82C20DCF82000D8F83050821A14440E
:101E8000B4FBF0F100FB1141A94213D2D8F83C0099
:101E90004C0901F01F0350F8242009FA03F31343FF
:101EA00040F82430DCF82000D8F82C20169BD8F815
:101EB0003050821A1A44B2FBF0F300FB1323AB42FA
:101EC0000BD25809D8F83C1003F01F0351F820201A
:101ED00009FA03F3134341F8203015AA314640466E
:101EE000FDF70AFE002840F0BF811AAC0D96209B3A
:101EF0001CE01E9ACDE9004759464046FDF718FD03
:101F0000002840F0B1819DF869309DF86A209DF865
:101F10006B002099043313449DF86820034402F0B9
:101F200070020B44102A209300F07882259A22F048
:101F30000042043A03F10C019142DAD9DDE926436B
:101F4000621C0D9ECDE9154301D05D1C8ED1D8F8E1
:101F50000C50002D00F0A581CDF83CB0AB460CE054
:101F6000990304D5DBF82040002C40F04B83DBF8CC
:101F700000B0BBF1000F00F09281DBF81C30D803F9
:101F8000EED5DBF81440002CEAD0D8F80010CD696B
:101F9000013C083DB4FBF5F3089353B1581E07917B
:101FA00015F0B2F907990230A4EB8004B4FBF5F305
:101FB0000893DBF810300793D8F82C400B6AD8F858
:101FC0003000079A1A44141BB4FBF3F203FB1243CC
:101FD00083420BD25C09D8F83C0003F01F0350F891
:101FE000242009FA03F3134340F82430089B002B04
:101FF00000F0128403F00103C3F102030A6A0D9397
:102000009D00079B934280F0018417AF002408468F
:10201000DBF82C30079A9A4224D0D8F81430079A6B
:1020200046699A4200F0B682B4FBF6F2436806FBBA
:1020300012429C46002A00F0CF820799D8F81C3043
:10204000C8F81410A21AC8F8182000966646B047BF
:10205000002840F00981DBF82C30079AD8F80000FE
:102060009A42DAD1DBF83020A242D6D883691344F1
:10207000A342D2D91B1BDBF83410AB4228BF2B463E
:10208000A21A11441E461A463846AD1A15F087FBAF
:1020900034443744D8F80000002DB9D10D9B0146D7
:1020A0005D1E012DD8E90B400B6A19D1179A121B3E
:1020B000D618B6FBF3F203FB1262824210D2540927
:1020C000D8F83C0002F01F0350F8242005FA03F36F
:1020D000134340F82430D8F82C400B6AD8F830006D
:1020E0000D9E28AA02EB8505089A921B089255F8C6
:1020F000442C079266E7D346D8F828505BF8143B87
:10210000DE69B5423FF45EAED8F824400B9B059FD4
:10211000761B9E4228BF1E462346099C0CE010F108
:10212000340F40F03C8141465046FEF7A1FB0028A9
:1021300040F03581D8E90935CDE9014600955A4688
:1021400039465046FDF76CFD0028E8D1D8F820202C
:10215000D8F82830DAF8001032443344096AC8F855
:102160002020C8F82830099A0B9BCAF8381032444E
:102170009B1B09920B937FF418AE0A98C246DAF8BB
:102180001C3023F40023CAF81C3075E0D8F8000096
:10219000D8F82C20076A1444B342B4FBF7F207FBCB
:1021A000124420D04FEA531C03F01F0251F82CC0F8
:1021B0004FF0010E0EFA02F212EA0C0F13D0023D9C
:1021C0000CE04FEA531C03F01F0251F82CC009FA2F
:1021D00002F212EA0C0F05F1FF3504D00133B342CD
:1021E000C8E90D35EDD1012C40F2FE82A742C0F0C6
:1021F000FB82C36821469847002840D1069BD8F847
:102200000070002B00F0DE811A46FB69561EA3F118
:10221000080AB6FBFAF5002D46D1721C93420692CD
:1022200057D01346002A00F0B0819A4600251DAE13
:10223000059F0EE00123CDE90163009523465A4630
:1022400039464046FDF7ECFCC8B90135AA4500F017
:10225000D2800123CDE90063149A2B4659464046AB
:10226000FDF766FB0028E5D0DDF830A0DAF81C3079
:1022700043F40023CAF81C3029B0BDE8F08F10F1F8
:10228000340FF1D1224640F2DC41CC4816F004F97B
:102290004FF0FF33C8F82030D8F838509CE5DDF80F
:1022A0003CB0D8F8385099E5681E069315F02CF824
:1022B000851CA6EB8505B5FBFAF5284615F024F834
:1022C00005FB1A66069BA6EB8006721C93420692DB
:1022D000A7D16E1C96FAA6F3B3FA83F307930133E2
:1022E00000250DF1500A08930426AF005A46CDE9A7
:1022F00001A60097234605994046FDF791FC149AE4
:102300000028BCD1079BAB4209D0CDE900A63B46D3
:1023100059464046FDF70CFB0028A5D1149A012A26
:1023200040F26982D8F800703B6A9342C0F0638241
:10233000089B0135AB42D8D8C246DDF830809D00FD
:10234000C8E90945D8F81C30FE6943F40033C8F8E1
:102350001C30DBE64FF0FF3522F48024CD62CC61E7
:10236000FBB912053FF508ADDAF82040DAF8143071
:102370009C427FF60CADCAF82030002501230DF1F8
:102380004F02514658468DF84F50FFF7E1FC0028A8
:10239000FFF672AFDAF820309C42EFD8F7E4C2467D
:1023A00064E700F049FA00287FF466AFDAF81C20F1
:1023B00002F40033DEE4013908F1240008F12804B6
:1023C000D8E904230091CDE9010405995046FDF7B1
:1023D00011FB0028E3D1DAF80030D8F834009A690C
:1023E000D346FF2115F0FFF94FF0FF325BF8143BA5
:1023F000C8F82C20E6E4C246DDF83080DAF8007038
:10240000C8E909459EE772186D48DDF830A04FF421
:102410009D7116F041F86FF01B0027E71C9E002EFF
:102420003FF484ADD8F80010CD69013E083DB6FBFD
:10243000F5F30E9353B1581E079114F065FF0799F9
:10244000831CA6EB8303B3FBF5F30E931B9B07934F
:10245000D8F82C600B6AD8F83050079ACDF844B001
:1024600008461A44961BB6FBF3F203FB1263AB4219
:102470000BD25D09D8F83C1003F01F0351F825205A
:1024800009FA03F3134341F825300E9B002B00F0AB
:10249000B98103F00103C3F10203026A0F939E00A6
:1024A000079B934280F0B28117AB08934FF0000B6B
:1024B0001AE04368BBFBF1F201FB12B29C46002A12
:1024C00000F07A81079DC8F81450ABEB0202D8F8EF
:1024D0001C30C8F81820009129466546A8470028F6
:1024E0007FF4C2AED8F80000D8F81430079A4169DA
:1024F0009A42DED1D8F818305B45DAD85A185A45D6
:10250000D7D9A2EB0B02D8F81C100898ABEB030349
:10251000B24228BF324619441546B61A934415F004
:102520003EF9089B2B440893D8F80000002EDBD11D
:102530000F9B591E0129036AD8E90B651AD1179A16
:10254000921B02EB030CBCFBF3F203FB12C2AA4288
:1025500010D25609D8F83C5002F01F0255F8263028
:1025600001FA02F2134345F82630D8F82C60036ACA
:10257000D8F8305028AA02EB810CDDE90E21521A5E
:102580000E925CF8442C07926BE7C2461546DDF8C4
:10259000308035E7D8F81830A3423FF645AD9A1998
:1025A000A2427FF641AD121BD8F81C10AA4228BFE8
:1025B0002A46E31A1646194466E500BF90CE050088
:1025C000B0CE0500C246DDF830801D46C8E909439B
:1025D000B8E66FF008004FE6B542FFF42EADB5FB4C
:1025E000F6F306FB1353ED1A0E9300953B46224675
:1025F00007996646B04700287FF436AE2F442C4436
:102600000E9D47E5D8F80010CD69013C083DB4FBAC
:10261000F5F3089353B1581E079114F075FE07990E
:102620000230A4EB8004B4FBF5F30893DBF824300C
:102630000793D8F82C400B6AD8F83000079A1A4450
:10264000141BB4FBF3F203FB124383420BD25C096D
:10265000D8F83C0003F01F0350F8242009FA03F3D4
:10266000134340F82430089B002B3FF480AC03F068
:102670000103C3F102030A6A0D939D00079B934275
:1026800080F0C48017AF00240846DBF82C30079A8E
:102690009A4222D0D8F81430079A46699A4265D0F7
:1026A000B4FBF6F2436806FB12429C46002A6ED049
:1026B0000799D8F81C30C8F81410A21AC8F81820C6
:1026C00000966646B04700287FF4CEADDBF82C308C
:1026D000079AD8F800009A42DCD1DBF83020A242F9
:1026E000D8D883691344A342D4D91B1BDBF8341018
:1026F000AB4228BF2B46A21A11441E461A46384642
:10270000AD1A15F04CF834443744D8F80000002DC9
:10271000BBD10D9B01465D1E012DD8E90B400B6A14
:1027200019D1179A121BD618B6FBF3F203FB1262EB
:10273000824210D25409D8F83C0002F01F0350F82E
:10274000242005FA03F3134340F82430D8F82C4032
:102750000B6AD8F830000D9E28AA02EB8505089A6E
:10276000921B089255F8442C079268E7D8F8183065
:10277000A34295D89A19A24292D9121BD8F81C10DC
:10278000AA4228BF2A46E31A16461944B7E7B542BB
:102790008ED3B5FBF6F306FB1353ED1A0E9300959B
:1027A0003B46224607996646B04700287FF45CAD59
:1027B0002F442C440E9DA8E78E42FFF483AEB6FB57
:1027C000F1F501FB1563F61A10930096089B079923
:1027D0005A466546A84700287FF446AD089B334417
:1027E000B3440893109E9FE60D4B0E4A0E4840F2EC
:1027F0008C4114F00DFF0D4B0A4A0B4840F2D341B7
:1028000014F006FFDDF844B0FFF771BB084B094A2E
:102810000548122114F0FCFEDBF81C30FFF7A0BBCA
:10282000F8CE050028CC05009CCC050010CD050095
:102830007CCC0500F8CB05002DE9F04F8A4699B015
:10284000064606F11404DAF8207005942C220021C3
:102850000AA8079714F0C7FF94E807004FF0FF3568
:10286000DAE904340DF154097561DAF820500E9359
:1028700089E80700DAF81410129701238D420F94AB
:1028800011936DD29F033BD4129A0F9B9A4247D269
:102890000DF127080DF14C0B1BE03368149DDF6927
:1028A000BD421BD07C1B012C28BF0124CDF8008029
:1028B000139A01942B4649463046FDF739F8A04457
:1028C00060BB129A149B2244AF421C44129214948F
:1028D00026D1119B5C0349463046DED4DDE90E4328
:1028E00014AD0092CDE901B52246FDF783F8A8B9F1
:1028F000119B3268149DD76943F480231193D1E76B
:102900005D0305D523F480234FF0FF321193159218
:102910000AA93046FFF790FF0028B5D000281CDB3D
:1029200001230DF1270251463046FFF711FA002826
:1029300013DB7369013303D04FF0FF3315937361D9
:10294000DAF82020DAF814309A4209D2119B03F009
:102950000302022A96D16FF0080019B0BDE8F08F8B
:102960000DF1270B4FF00109DAF82C104B1C4AD05F
:102970003068DAF834308469DAF8302000948468FA
:10298000A04720BB3368DAF82C809A69DAE90C7525
:10299000002A4DD02C46CDF818A015443F1BDDF879
:1029A00014A007E014F8013B9DF827209A421AD1A1
:1029B000AC421BD0CDE900B93B19424651463046E6
:1029C000FCF7B6FF0028EDD0DDF818A032DA10F1E0
:1029D000340FC2D151463046FDF74AFF0028C3D01C
:1029E00019B0BDE8F08FDDF818A0F3E7DDF818A006
:1029F0003368DAF834009A69FF2114F0F4FE4FF0DE
:102A0000FF33CAF82C30DAF81C3023F40033DAE94B
:102A1000082143F48033CAF81C30079BCAF8101011
:102A20000020CAF81420CAF8203019B0BDE8F08F91
:102A30002846E1E73368DAF834009A69DCE700BF3A
:102A40002DE9F04F0D46C969074601F00300022841
:102A500087B061D08803904647D42A6A69698A4260
:102A60003FD2891A99420E4628BF1E460596002E6F
:102A70004ED005F12C0905F1280B05F1240A1AE0C6
:102A80003C68AB6AE469A3421AD0E41AB44228BF96
:102A900034466A6ACDF80080019449463846FCF70E
:102AA00047FFA044F0B92A6AAB6A22442344361B8C
:102AB0002A62AB622CD0EB695B0349463846DFD40F
:102AC000D5E904430092CDE901AB2246FCF792FF21
:102AD00040B9EA693968AB6ACC6942F48022EA619C
:102AE000D3E7002007B0BDE8F08F4A0305D521F4F5
:102AF00080214FF0FF32E961EA62294638460593AA
:102B0000FFF79AFE059B0028A7D007B0BDE8F08F1D
:102B1000059807B0BDE8F08F6FF00800E2E700BF4E
:102B200070B50C46C96916464A031D4605D521F401
:102B300080214FF0FF33E161E3628B0304D521462E
:102B4000FFF77AFE00B170BD15B93046266270BD40
:102B5000012D03D0022D07D0206A70BD002E206AFF
:102B60000BDB3044206270BD002E6069F9DA7342DD
:102B70008342F6D96FF0150070BD73429842F0D2CF
:102B8000F8E700BF086A7047CB6948699B0303D523
:102B90000B6A984238BF1846704700BFF0B595B031
:102BA00014AB154643F8441D05AA09A90646FDF7CE
:102BB000DBFB044610B1204615B0F0BD4C220146A7
:102BC000284614F010FE9DF818302B70112B04BF0E
:102BD000089B6B607268079B934205F108071BD046
:102BE0000898B168884217D08B4215D0824213D022
:102BF00005999DF819009DF81A300A9A009704313A
:102C000001449DF81B0001900B44304606F114016D
:102C1000FCF78EFE0446CEE7024B1B882B81204634
:102C200015B0F0BDA4CA050030B58B6A016099B03B
:102C30000446002B7ED0C361C86A8A69002800F070
:102C40008580A062FF2114F0CEFD4FF0FF33216894
:102C500023626361486AC30640F0DB80002800F00D
:102C6000CA800B6B002B79D0E363D1E90503B3FB7A
:102C7000F0F200FB1232002A40F0B680C869B0FBC7
:102C8000F3F203FB1203002B40F0CA804FF0FF3534
:102C9000A0F10802B5FBF2F22A44B2FA82F2C2F1C4
:102CA0002002B0EB820FC0F0AD800A6AA263C4E9D3
:102CB0000155C4E90333012584F84030C4E90B33DE
:102CC000636302AA0DA92046CDE90235FCF714FF83
:102CD000054678B110F1340F22D023689A6A002A91
:102CE0004CD0DA6A002A44D01B6B002B3DD028461A
:102CF00019B030BD202105ABCDE900310E9A10236B
:102D000004F114012046FCF713FE05460028E4D127
:102D1000474B0B9ADDE906019A42C4E9010132D022
:102D20000123002240F6AE01424815F0B5FB6FF0DA
:102D30003305D2E7486908F0CBFBE061002839D0C1
:102D40002168C86A8A6900287FF47BAF104608F0C2
:102D5000BFFBA06270B323689A6973E7C00808F0EC
:102D6000B7FBE06330B321687FE7E06B08F0C2FB9C
:102D7000BDE7A06A08F0BEFB2368B5E7E06908F08C
:102D8000B9FB2368ADE70C9AA3F18773A3F58063C1
:102D90009A42C5D10A9B1A0C012A02D199B2012983
:102DA000A5D99BB240F6B701234815F075FB6FF02B
:102DB000150592E723689A6A8AB1DA6A52B11B6BE9
:102DC00013B16FF00B0592E7E06B08F093FB6FF027
:102DD0000B058CE7A06A08F08DFB2368EFE7E0693C
:102DE00008F088FB2368E8E7144B154A154840F6BD
:102DF0001F0114F00DFC144B114A124840F6140147
:102E000014F006FC114B0E4A0E4840F6240114F053
:102E1000FFFB0F4B0A4A0B4840F6130114F0F8FB76
:102E20000C4B074A07484FF4026114F0F1FB00BF56
:102E30006C6974740CD0050044D0050060CF0500A7
:102E400054CC05009CCC050048CF0500C0CF050040
:102E500028CF050090CF050003689A6A10B5044694
:102E600052B1DA6A7AB11B6B0BB1002010BDE06B76
:102E700008F040FB002010BDC06908F03BFB236850
:102E8000DA6A002AEFD1A06A08F034FB2368EAE787
:102E900042680121013280F8401004D08368013378
:102EA00001D001F0D3B80020704700BF2DE9F04FEA
:102EB00088468246C869D1E90141A9B00130C8F805
:102EC00004100792C8F81C00C8F8084004937BB1AE
:102ED0001E465068D3681546D8F820201B1A022ECB
:102EE000134403D1E8696A6903449B1AC8F8203087
:102EF000DAF8000000230693CDE90D14C368984763
:102F0000D1460546002800F0938115F1340F40F0BA
:102F10004C81D8F80420B84840F2692115F0BCFA79
:102F20000D9A4FF0FF33C9F82030002A00F0558287
:102F30000E9B012B00F05182012A00F04E82002BE3
:102F400000F04B820127BB464FF0000AD9E90C6321
:102F5000D9F8384012E05A09013C591CD9F83C50C4
:102F6000C9F83840C9F8341055F8220003F01F02A0
:102F700007FA02F2024200F01C810B469E42EAD19F
:102F8000D9F82C10002C00F03382D9F80030D9F891
:102F90003C00D3E908520E44944228BF1446B6FBC5
:102FA000F5F305FB1366C9F834A0C9F83040D20820
:102FB000C9F82C60002114F016FCD9F80430013354
:102FC000C4D0D9F808300133C0D0012309F1140569
:102FD000CDF80C80CDF83CA010930024A846D9F879
:102FE0000060D9F82C20306AD9F83050821A144485
:102FF000B4FBF0F100FB1141A94212D2D9F83C0018
:103000004C0901F01F0350F8242007FA03F313437F
:1030100040F82430306AD9F82C20109BD9F8305071
:10302000821A1A44B2FBF0F300FB1323AB420BD21B
:103030005809D9F83C1003F01F0351F8202007FA73
:1030400003F3134341F820300FAA1DA94846FCF7AB
:1030500053FD002840F0A8800C26209B16AC1CE0F5
:103060001E9ACDE9004641464846FCF761FC00281F
:1030700040F09A809DF859309DF85A209DF85B00E9
:103080002099043313449DF85820034402F0700241
:103090000B44102A209300F0B981259A22F00042B7
:1030A000043A03F10C019142DAD9DDE92643601CB0
:1030B000CDE90F4301D0591C91D1D9F80C40DDF86E
:1030C0000C80002C3FF442AFCDF82880C846A146C2
:1030D000D9F81C30DA0304D5D9F81440002C40F09C
:1030E00050829B0304D5D9F82040002C40F008837F
:1030F000D9F80090B9F1000FEAD1C146DDF8288077
:1031000024E7D8E901323D48CDE900324FF420717F
:10311000DDE90D2315F0C0F9DAF80430013300F0D1
:103120006184DAF8083001331DAC0DAE00F05C8428
:103130002246314611AB5046FCF7EAFE002833DB4D
:1031400000F05284D8E90103119E159621460C36F1
:103150000C2413909DF84B001996149312AE1694FC
:1031600018941A9000241C904A4601235046179642
:103170001B94FFF79BFEB8B90D98DAF80420904233
:1031800000F01F840E9BDAF808108B4200F01984BF
:10319000884200F016849A4200F013845046FFF7EC
:1031A00077FE002800F099830546284629B0BDE83F
:1031B000F08FD9F80000D9F82C20016A1344B3FB32
:1031C000F1F201FB1231C8F80410D9E90C32934234
:1031D00026D0560902F01F0455F826600BFA04F4B5
:1031E00034421DD0D9F8384004F1FF3C6446012731
:1031F0009C4623460FE000BF90CE050008CE050098
:10320000560902F01F0455F8266007FA04F4344208
:1032100003F1FF3304D001326245C9E90D23EFD138
:1032200001230693C3689847054600287FF46DAED6
:103230000DF1A00A4FF0FF334AF84C3D08F11C0491
:1032400021465046102201F013FCD8F804200094C7
:1032500009F1200310241946039301942B46484694
:10326000FCF7D0FD834628B110F1340F3FF451AE86
:1032700005469AE709F11403264605930127D8F875
:10328000203023F00043043BA34232D9049B9B45EA
:1032900007DA4FEA0B13079AD518D358B34200F058
:1032A00084801DAB00930E9A0197334605994846DA
:1032B000FCF73EFB00287FF477AF01221DA95046A2
:1032C00001F0D6FB1DABD8F80420039900930197B9
:1032D00023464846FCF796FD002840F09580D8F834
:1032E000203023F000430134043BA34206F10106E1
:1032F000CCD80420D8F8042003990190CDF800A080
:1033000023464846FCF77EFD054600287FF4FDADC8
:10331000D9F82010D9F800004FF0FF34A142C9F8C5
:10332000144015D08569D9E9092300958568A84717
:10333000054600287FF4E9ADD9F80030D9F8280017
:103340009A69FF2114F04FFAD9F80000C9F820401B
:1033500003699847054600287FF4D7ADD8F8207058
:10336000D8F80430039327F000474FF0FF33043FB1
:103370001D9309F1140B00F0A482064611AC08E07D
:103380000136012221461DA801F072FBB74200F070
:1033900098820123CDE90043039A334659464846B3
:1033A000FCF7C6FA0028EBD0FEE6D5E9021250463B
:1033B00001F05EFBD5E90231D8F804204846CDE99A
:1033C000003123460399FCF71DFDE8B96A68EB68F4
:1033D0000BF1010B16441C4451E740F27221C64820
:1033E00015F05AF86FF03305284629B0BDE8F08F84
:1033F0007218C2484FF49D7115F04EF86FF01B051E
:10340000284629B0BDE8F08F05467EE5189C002CC3
:103410003FF424AED9F80010CD69013C083DB4FB5F
:10342000F5F0002800F0B0820138059113F06CFF30
:103430000599831CA4EB8303B3FBF5F30893179B57
:103440000593D9F82CC0D9F83040059A0B6ACDF80D
:103450002C80084661461A44511AB1FBF3F203FB73
:103460001213A3420BD25C09D9F83C1003F01F03DE
:1034700051F8242007FA03F3134341F82430089B42
:10348000002B00F0948203F00103C3F10203026AEF
:1034900009939D00059B934280F0838211AB0693B4
:1034A0004FF000081AE04368B8FBF1F201FB12820A
:1034B0009C46002A00F05082059CC9F81440A8EBF5
:1034C0000202D9F81C30C9F8182000912146644640
:1034D000A04700287FF468AED9F80000D9F814306E
:1034E000059A41699A42DED1D9F818304345DAD8B5
:1034F0005A184245D7D9A2EB0802D9F81C100698F1
:10350000A8EB0303AA4228BF2A4619441446AD1A61
:10351000904414F044F9069B23440693D9F8000024
:10352000002DDBD1099BD9F82C10D9F830405D1E55
:10353000012D036A1AD1119A521A02EB030CBCFB3B
:10354000F3F203FB12C2A24210D25409D9F83C1084
:1035500002F01F0251F8243005FA02F2134341F839
:103560002430D9F82C10036AD9F8304028AA02EB8D
:10357000850CDDE90825521B08925CF85C2C05924D
:1035800069E7D8F80010CD69013C083DB4FBF5F0BF
:10359000002800F0FD810138039113F0B5FE039976
:1035A0000230A4EB8004B4FBF5F30693D9F8103095
:1035B0000393D8F82C400B6AD8F83000039ACDF862
:1035C00014901A44141BB4FBF3F203FB124383421E
:1035D0000BD25C09D8F83C0003F01F0350F82420FC
:1035E00007FA03F3134340F82430069B002B00F046
:1035F000E28103F00103C3F102030A6A08939D000C
:10360000039B934280F0CD810DF1440900240846CC
:10361000059B039ADB6A9A4224D0D8F81430039AA7
:1036200046699A4200F02781B4FBF6F2436806FB34
:1036300012429C46002A00F079810399D8F81C3088
:10364000C8F81410A21AC8F8182000966646B047A9
:1036500000287FF4A9AD059B039ADB6AD8F8000027
:103660009A42DAD1059B1A6BA242D6D883691344D9
:10367000A342D2D905991B1B496BAB4228BF2B46ED
:10368000A21A11441E461A464846AD1A14F087F88D
:103690003444B144D8F80000002DB9D1089B01464C
:1036A0005D1E012DD8E90B400B6A19D1119A121B2E
:1036B0001A44B2FBF3F603FB1622824210D2D8F86A
:1036C0003C40560902F01F0354F8260005FA03F3A4
:1036D000034344F82630D8F82C400B6AD8F8300061
:1036E000089E28AA02EB8505069A921B069255F8B9
:1036F0005C2C039265E700BFD4CD0500B0CE050079
:10370000D8F80010CD69013C083DB4FBF5F0002865
:1037100000F03C810138039113F0F6FD039902306B
:10372000A4EB8004B4FBF5F30593D9F8243003939C
:10373000D8F82C400B6AD8F83000039ACDF81890CE
:103740001A44141BB4FBF3F203FB124383420BD263
:103750005C09D8F83C0003F01F0350F8242007FA56
:1037600003F3134340F82430059B002B00F0158130
:1037700003F00103C3F102030A6A08939D00039B4F
:10378000934280F00E810DF1440900240846069B07
:10379000039ADB6A9A4223D0D8F81430039A466918
:1037A0009A427BD0B4FBF6F2436806FB12429C4679
:1037B000002A00F0A5800399D8F81C30C8F814102E
:1037C000A21AC8F8182000966646B04700287FF471
:1037D000EBAC069B039ADB6AD8F800009A42DBD177
:1037E000069B1A6BA242D7D883691344A342D3D94C
:1037F00006991B1B496BAB4228BF2B46A21A1144EA
:103800001E461A464846AD1A13F0C9FF3444B14467
:10381000D8F80000002DBAD1089BD8F82C405D1EC6
:10382000012D0146036AD8F8300019D1119A121BF4
:103830001A44B2FBF3F603FB1622824210D2D8F8E8
:103840003C40560902F01F0354F8260005FA03F322
:10385000034344F82630D8F82C400B6AD8F83000DF
:10386000089E28AA02EB8505059A921B059255F839
:103870005C2C039264E7D8F81830A3423FF6D4AE2C
:103880009A19A2427FF6D0AE121BD8F81C10AA4299
:1038900028BF2A46E31A16461944F5E6D8F8183028
:1038A000A3423FF67FAF9A19A2427FF67BAF121B6D
:1038B000D8F81C10AA4228BF2A46E31A1646194413
:1038C000A0E71D9A159B9A427FF423AB5346CA4644
:1038D0009946069B002B7FF414ACDAF81030002BCD
:1038E0003FF463ACD8E901125C688C4252D098680E
:1038F00090424FD094424DD081424BD01B68EEE7AE
:10390000B542FFF458AFB5FBF6F306FB1353ED1ABF
:10391000099300954B46224603996646B047002816
:103920007FF442ACA9442C44099D71E7B542FFF4F1
:1039300084AEB5FBF6F306FB1353ED1A099300951D
:103940004B46224603996646B04700287FF42CACCC
:10395000A9442C44099D9DE68D42FFF4ADADB5FB15
:10396000F1F401FB1453ED1A0A930095069B059997
:1039700042466446A04700287FF416AC069B2B44C1
:10398000A84406930A9DC9E5089058E50590CCE641
:1039900006900BE6C3E90112B0E7DDF81890FFF7D7
:1039A000A7BB1C4B1C4A1D48122113F031FEDDF849
:1039B0002C80FFF752BBDDF81490D9F81C30FFF7CC
:1039C00090BBD8E9012316484FF4196114F064FD47
:1039D000D8F80430CAF80430D8F80830CAF80830EB
:1039E000FFF7DCBB1DAC0DAE314622465046FCF75E
:1039F0007BFE0028FFF6D8AB3FF46FAF2146D8E935
:103A00000104002326901A4650462794FFF74EFAE9
:103A1000FFF7C7BB7CCC0500F8CB05009CCC0500AC
:103A200038CE05002DE9F04F9DB000F11408824614
:103A30008B4691460593474699F8053099F806005C
:103A400099F80740DAF80020DBF82010D269043337
:103A5000034423440B44934240F29180002980F2B6
:103A6000A880DBE909234FF00008CDE9028909921B
:103A70000A9309AB394653F828501023019311AB30
:103A800000932A4600235046FBF752FF00283DD101
:103A9000029B2BB1119BDBF81C209B1A002B59DBDE
:103AA000129B23F00043132B54D9DAF80020D2697B
:103AB00093424FD80DF170094FF0FF3349F8503D54
:103AC000102211A9484600F0D3FF129E26F00043B1
:103AD000102B25D0CDF8108010240DF11F0698462C
:103AE00004E0484600F0C4FFA04517D00123CDE90B
:103AF00000632A46234639465046FBF719FF012248
:103B0000314614440028ECD0DDF8108010F1340F59
:103B100020D0034618461DB0BDE8F08FDDF81080B8
:103B2000089B08F10104ABB911AB0FCB04F0010401
:103B30001CAE06EB8404CBF8045054F84C4CCBF884
:103B4000084010250BF11C04CBF80C5084E80F0042
:103B500001230293B8F1000F0ED0DDE90239002BEA
:103B60007FF46AAFDDE9092333484FF4F77114F0AD
:103B700093FC6FF03303CDE74FF0010879E74D4632
:103B80000B1F45F8043B059F1395002611931593D1
:103B900011AA594650460C250223CDE917741296F6
:103BA00016961495FFF782F9034618461DB0BDE836
:103BB000F08F5D460FCD11AC0FC40FCD0FC495E84B
:103BC000070084E8070059465046FDF7C3FA03464C
:103BD00000289FD1DBF820201A99CBF82410484602
:103BE000043A1B99CBF8281040F8042B0A9399F853
:103BF00007100E93059B0F93099202230D921091CB
:103C00000B900C2409AA594650460C94FFF74EF924
:103C1000034600287FF47EAFDBE90114199A1A915C
:103C200042F0004511A91A46504619951B94FFF71A
:103C30003DF903466EE700BF60CE05002DE9F04177
:103C4000537996790D460433D179334414462A6A60
:103C50000B4403F1140122F000428A428EB0064662
:103C600064D003AF206804933A46039000270123F1
:103C700029463046CDE90577FFF718F900284FD1DE
:103C8000F36823B34FF0FF370BE0D3F808E0D5F823
:103C900008C0E64509D0624507D0714505D01B68CC
:103CA000ABB15A6869688A42EFD1DA6821688A4202
:103CB00039D0F4D9617994F806E094F807C004315A
:103CC00071446144521ADA601B68002BE9D13369F0
:103CD00053B925E09F68AE68B74209D0B24207D019
:103CE000B94205D01B68DBB15A6869688A42F1D1D4
:103CF000D96822689142F5D96279A779E6790432C8
:103D00003A4432448A1ADA606279A779E679996985
:103D100004323A4432448A1A9A611B68002BE3D178
:103D20000EB0BDE8F081C3E90177B8E7436801331D
:103D300024D08368013321D0002203AF01230192F4
:103D4000394601AA0293FBF7D7FE90BB0C9B5A1C85
:103D500015D0DDF834C0BCF1FF3F0CAA394630461F
:103D60000DD0D5F804E09E4509D0D5F80880E0458F
:103D700005D0434503D0E645E5D100E003AF0B9AFB
:103D8000002A06DB6379A179E27904330B441344FA
:103D900068E7D5E90831AC6A0C9163F0004500236F
:103DA0001540394630461A460B950D94FFF77EF8BC
:103DB000B6E70028B4DBE2E72DE9F0478B6A016043
:103DC000A6B00446002B62D0C361C86A8A69002885
:103DD00069D0A062FF2113F006FD4FF0FF33226887
:103DE00023626361536AD90640F00481002B00F01E
:103DF000FA80106B00285FD0E063D2E90553B3FB73
:103E0000F5F105FB1131002940F00981D169B1FBC1
:103E1000F3F503FB1515002D40F0FA804FF0FF3647
:103E2000A1F10803B6FBF3F33344B3FA83F3C3F110
:103E30002003B1EB830FC0F0E480526A256129466C
:103E4000D208C4E9026584F84050666013F0CBFCE8
:103E50002368E562D3E90823934228BF1346C4E9E7
:103E60000C35A26310A92046FDF774F90546002819
:103E70002AD023689A6A002A7FD0DA6A002A77D08B
:103E80001B6B002B70D0284626B0BDE8F087486930
:103E900007F01EFBE061002800F08A802168C86AF4
:103EA0008A69002895D1104607F012FBA06200280D
:103EB0007ED023689A698DE7D80807F009FBE06394
:103EC000002875D0226898E71BA92046FDF742F923
:103ED00005460028CDD1034602461BA92046FEF721
:103EE000E5FF05460028C4D1206850491C9AADF86A
:103EF0002250D0E9073603C90EAF87E80300A94670
:103F00000B9310251D9B0C96082041F22E464FF076
:103F100001116260099219923422ADF82060A36009
:103F20000A931A930795AA468DF823000D911892CB
:103F30004FF0020808AF2026012303AA10A920464B
:103F4000CDE903A6CDE90576FEF7B0FF0546C8B179
:103F500010F1340F8DD1B8F1010F16D1B9F1000F66
:103F600016D16FF0330584E7E06B07F0C3FA8AE7F8
:103F7000A06A07F0BFFA236882E7E06907F0BAFA9F
:103F800023687AE74FF00109E5E74FF00108D3E72E
:103F9000002310A901AA2046CDE90138FBF7ACFDAA
:103FA000054600287FF465AF23681A6AA26361E7BB
:103FB00023689A6A92B1DA6A5AB11B6B2BB16FF01F
:103FC0000B05284626B0BDE8F087E06B07F092FAB3
:103FD000F5E7A06A07F08EFA2368EEE7E06907F0DC
:103FE00089FA2368E7E7124B124A134840F6140196
:103FF00013F00EFB114B0F4A0F4840F6130113F05C
:1040000007FB0F4B0B4A0C4840F6240113F000FB52
:104010000C4B084A08484FF4026113F0F9FA0A4BB6
:10402000044A054840F61F0113F0F2FA38D00500A3
:1040300048CF050054CC05009CCC050028CF0500D6
:10404000C0CF050090CF050060CF05002DE9F04FEF
:10405000BBB083462C22002119A813F0C4FB4FF0FB
:104060000043282224A80021219313F0BCFBDBF895
:1040700000301B6A01222E92002B00F08F8100235A
:1040800003932DAA24A95846FBF736FD079080BB61
:10409000219B002B56DBDBF80430013300F06181FB
:1040A000DBF80830013300F05C810DAB2FAA22A9A8
:1040B0005846FBF72DFF00281ADBDDE9221000F03F
:1040C0005081DDE90F238A4200F05E81824200F0D8
:1040D000618140F6DD11B34814F0DEF9DDE90F54DB
:1040E000002319A958461A46CDE92254FEF7DEFEF0
:1040F000079007983BB0BDE8F08FDDE90F2340F64D
:104100000721A94814F0C8F90D999DF838209DF8A9
:104110003B40119101F10C000EAB02F07F020C2527
:10412000139300268DF838201590012311AA24A995
:10413000584617961295149516941894FEF7B6FEE5
:104140000028D5D1279BDA462C9921F00042043A69
:1041500003F10C00904298BF0AF1140B40F2AF80BB
:10416000002980F2A7800AF1140BDDE92D23002538
:104170000B920C93A8464FF010090BAB594653F81D
:104180002570CDF804902FAB00933A46002350469B
:10419000FBF7CEFB00283FD1B8F1000F04D02F9BD6
:1041A0002B9A9B1A002B73DB309B23F00043132BBD
:1041B0006ED9DAF80020D269934269D83AAB4FF051
:1041C000FF3143F8C01D102218462FA9049300F0B8
:1041D0004FFC309B23F00042102A45D0CDE90585E5
:1041E00010240DF127061546DDF8108004E0404646
:1041F00000F03EFCA54235D00123CDE900633A46EC
:10420000234659465046FBF793FB0122314614449E
:104210000028ECD0DDE9058510F1340F38D0831C7F
:10422000D3467FF465AF24AD0FCD19AC0FC40FCDCD
:104230000FC495E8070084E80700DBF80030039A14
:104240001B6A01329A42039280F0A8802D9B0133B1
:104250003FF44FAF2E9B01337FF413AF07983BB071
:10426000BDE8F08FDDE905850A9B6C1C83B92FAB97
:104270000FCB2BAE04F0010486E80F003AAB03EB42
:104280008404259754F8BC3CCDE926394FF0010849
:1042900095B1B8F1000F56D02C982A9A20F000431F
:1042A000043B143210211B2B2A92279106D8002898
:1042B000FFF65BAFD346B6E701255EE70B460C2061
:1042C00001900EA80090259A59465046FBF730FB06
:1042D0000028A4D19DF839209DF83A109DF83B4064
:1042E000279B9DF938000D9304320A442A992244F1
:1042F000134400280A4427932A92BFF625AFDAF820
:1043000004300133D3463FF4F8AEDAF80830013315
:104310003FF4F3AE0FA95046FBF72AFF0028FFF643
:10432000E7AEDDE90F233FF4EAAE4FF420611F480A
:1043300014F0B2F80DAA24A95846FFF77FFC002814
:104340003FF400AFD4E6DDE90B234FF4F7711848D2
:1043500014F0A2F86FF03303079307983BB0BDE861
:10436000F08FDDE9222340F6CD11124814F094F8C5
:10437000DDE92D54002319A958461A46CDE92254E7
:10438000FEF794FD0790B4E698423FF4DBAE82421C
:104390007FF49FAE99427FF49CAED3E66FF0330377
:1043A0000793A6E6B0CD050084CD050060CD0500DD
:1043B00060CE05003CCD050070B590F840309CB053
:1043C0000546019163B943680122013380F840201A
:1043D00006D08368013303D0FFF738FE044660B986
:1043E00001AB02AA06A92846FBF7BEFF831C0446C0
:1043F00006D0002808BF6FF0100420461CB070BD26
:104400002F21019814F063F90028F6D12B681B6A5C
:10441000AB6311A92846FCF79DFE04460028ECD1A9
:10442000DDE90F3602461A9311A9034628461B966A
:10443000FEF73CFD04460028DFD1019E8DF80E00FA
:1044400040F622033046ADF80C3014F071F93346D3
:10445000DDE912648DF80F0002AA06A9284605942A
:10446000109404960F96FFF7DDFA04460028C4D195
:104470002B681B6AAB63C0E72DE9F0431F4691B080
:1044800003F00303012B0C460092054603D090F87D
:104490004030002B4ED001AA05A96B462846FBF7F9
:1044A00063FF064600283FD19DF80830222B00F01C
:1044B0009380BB0500F18D80DDE9062001996260E3
:1044C000039AA0600023C4E906372362C4E90312FB
:1044D000049B63617A0506D5002B3DD14FF0FF3276
:1044E0000023C4E904232B68586B4FF0FF32E262CB
:1044F000002859D0EB68002B61D16063E36903F0B9
:1045000003034FF0FF36012BE66205D02B68FF2135
:104510009A6913F068F9E662EB682360002630467A
:10452000EC6011B0BDE8F083023019D0304611B014
:10453000BDE8F08343680122013380F84020AAD00F
:1045400083680133A7D0FFF781FD06460028A2D07B
:10455000304611B0BDE8F08347F48037E761BDE72E
:10456000DDF800902F21484614F0B1F8804600286D
:10457000DCD1F905DAD540F611034846ADF808302C
:104580008DF80A8014F0D4F84FF0FF368DF80B0048
:104590004B4601AA05A92846CDE90368FFF742FA70
:1045A0000646002888D0C1E7E26902F00302012A2A
:1045B00008D0986906F08CFF606300289ED16FF0E8
:1045C0000B06B3E7586906F083FF6063002895D1B6
:1045D000F5E76FF01006A9E76FF01406A6E700BF35
:1045E0002DE9F041CB690C4659039AB0064605D532
:1045F00023F480234FF0FF32E361E2629A030AD58D
:1046000021463046FEF718F9054618B128461AB07B
:10461000BDE8F081E36903F41023B3F5803F04D0D3
:10462000002528461AB0BDE8F08163680133F7D051
:10463000A3680133F4D00FA9221D3046FBF75CFAC2
:1046400005460028E2D1E068049504AF4FF00C085D
:104650000346CDE900780390C7E90155109A06F1A9
:1046600014013046FBF764F905460028CED19DF8C9
:104670001030112B20D1039B22690997304603F19A
:104680000C070D9566699DF81350079305920FA9C5
:10469000012307AA0C950E95CDF82080CDF828802F
:1046A0000B970696FEF702FC05460028AED1E3699B
:1046B00023F48033E361A9E7034B044A044840F242
:1046C000136112F0A5FF00BFD8CE050038CC05005D
:1046D0009CCC0500F0B5CB690C4659039BB0054650
:1046E00005D523F480234FF0FF32E361E2629A03A1
:1046F00022D521462846FEF79FF80646D8B1EA683B
:1047000042B1944203D163E09C4263D01A461368DD
:10471000002BF9D1A36923B11B6813B130461BB03C
:10472000F0BD2B685B6B002BF8D1606B06F0E2FEEE
:1047300030461BB0F0BDE36903F41023B3F5803FAE
:1047400001D00026DBE763680133FAD0A3680133A8
:10475000F7D00FA9221D2846FBF7CEF90646002800
:10476000CDD1E068039004A90C270346CDE90017DA
:10477000109A049605F114012846CDE90566FBF769
:10478000D7F806460028BAD19DF81030112B24D155
:10479000039B0D9004AA6069099203F10C029DF835
:1047A000136008970A97079327690B9206900FA941
:1047B000012307AA28460C960E960597FEF776FB6E
:1047C000064600289BD1E36923F48033E36196E732
:1047D00005F10C02236813609CE7034B034A04486D
:1047E00040F2136112F014FFD8CE050038CC05005A
:1047F0009CCC0500F0B590F84030ADB00446019176
:104800007BB943680122013380F8402009D08368D6
:10481000013306D0FFF71AFC054610B128462DB02B
:10482000F0BD0BA901AB07AA2046FBF79DFD05468D
:104830000028F3D19DF82030222B00F0BF809DF896
:1048400021309DF822009DF82310139A043303446D
:104850000B4403F1140122F000428A4200F09480DC
:1048600021AE0798229332462190002601230BA9FE
:104870002046CDE92366FEF719FB002840F097801B
:10488000E36823B39DF821609DF822109DF8232052
:10489000DDF81CC00E440436DDE90C0716444FF069
:1048A000FF3E08E09968B94208D0BA4206D0884273
:1048B00004D01B685BB15A688242F3D1DA68624562
:1048C00079D084BF921BDA601B68002BF3D1236977
:1048D00023B39DF821109DF822009DF82320DDF8D8
:1048E0001CC001440431DDE90C67114408E09868FC
:1048F000B84208D0BA4206D0864204D01B686BB1D9
:104900005A68B242F3D1DA686245F7D99869521A07
:10491000401ADA6098611B68002BF1D19DF82030B5
:10492000222B7FF47BAF6368013326D0A368013369
:1049300023D000200123059005AA0BA92046069349
:10494000FBF7DAF80546A8B17CE0159A511C14D0A3
:104950001799994279D01898904276D0834274D0B2
:10496000914272D014AA0BA92046FBF7C5F8054660
:10497000002867D1149B581CE7D13A4B3A4A3B4870
:1049800040F26E7112F044FE6368013344D0A368B4
:10499000013341D0002021AE01230390314603AA08
:1049A00020460493FBF7A8F830B3002827DA054621
:1049B00028462DB0F0BDC3E901EE7AE709AA16A991
:1049C0002046FBF799F800283FF439AF0546EFE79A
:1049D0002B9A571C13D00C99994210D00D989042E5
:1049E0000DD083420BD0914209D02AAA31462046ED
:1049F000FBF782F80028D8D12A9B5A1CE8D1299AC3
:104A0000002A0BDB9DF821309DF822109DF8232011
:104A100004330B44134424E721AEF0E7DDE91331FE
:104A200063F00040104000232A91299031461A4635
:104A3000159E2B962046FEF739FA00283FF46EAFFC
:104A40000546B5E7002DFFF6E9AE2046DDE91F5427
:104A500000230BA91A46CDE91454FEF727FA0546A0
:104A6000DCE600BF6CD0050048CC05009CCC0500FE
:104A7000E2B170B4013A04680D4D8E18013911F895
:104A8000013F83EA040202F00F028E4255F8222011
:104A900082EA141484EA131303F00F0355F8233049
:104AA00083EA1414EBD1046070BC7047704700BFF8
:104AB00070D0050010B5034B03600446F9F72AFED9
:104AC000204610BDB8D0050010B5054B0360044664
:104AD000F9F720FE204609F071FC204610BD00BF0A
:104AE000B8D0050008B500F04FF9002008BD00BFA0
:104AF00070B501F5ED51CC0182B004F18006FF25BF
:104B0000012220460DF1070114448DF8075000F0F2
:104B100041F9A642F4D1002002B070BD08B501F5FC
:104B2000ED5102EBC1101946029A00F033F9B0FAC8
:104B300080F04009404208BD08B501F5ED5102EB97
:104B4000C1111846029A00F03DF90028CCBF0020A0
:104B50000120404208BD00BF38B500210546F9F7E5
:104B600057FE98B94FF46D24204600F033F904F550
:104B7000805458B1B4F5742FF6D12846F9F7F6FEF3
:104B800028460021BDE83840F9F742BE38BD00BFD5
:104B900010B5074C07492046F9F722FE064B236063
:104BA0002046064A0649BDE810400FF073BC00BF1E
:104BB0006076002018610020B8D005000060002059
:104BC000B54A040029DF704728DF704712DF7047BD
:104BD00008B512F0D5FDB0FA80F0400908BD00BF5D
:104BE00010B5144612F0DBFD204610BD70B5234E03
:104BF000316882B0054699B32D0B01E006F002FC46
:104C00002846FFF7E1FF112804464FF00100F5D0D8
:104C100054B902A800F8014DFFF7D8FF9DF80730FE
:104C2000B3B9012002B070BD78221549154813F0C0
:104C300033FC20460AF07CFBC8B120460AF078FB22
:104C400013F02AFC104813F0AFFC002002B070BD36
:104C500030684FF0FF3107F047F9012002B070BD16
:104C60000A2006F0C7FC30600028C5D1DAE72246EA
:104C70002146064813F010FCE4E700BF048700203B
:104C8000C0D00500BCC90500DCC9050098CA0500F4
:104C90002DE9F04182B002AB002403F8014D064635
:104CA000184690460D46D708FFF790FF01E006F042
:104CB000A9FB3A4629463046FFF784FF11280446EF
:104CC0004FF00100F3D0BCBB9DF80730C3B94FEAE9
:104CD00058031E441D4401E006F094FB3A46294661
:104CE0003046FFF76FFF112804464FF00100F3D064
:104CF0006CB99DF807300BBB404602B0BDE8F081AF
:104D0000164B4FF0FF31186807F0EEF8DFE7A222EC
:104D10001349144813F0C0FB20460AF009FBB8B150
:104D200020460AF005FB13F0B7FB0F4813F03CFCDC
:104D3000002002B0BDE8F0819B22E9E7074B4FF06D
:104D4000FF31186807F0D0F8404602B0BDE8F081A6
:104D500022462146054813F09FFBE6E70487002022
:104D6000CCD00500BCC90500DCC9050098CA050007
:104D7000044B186820B100231A46194606F06CBC93
:104D8000704700BF04870020014800F06FB800BFE3
:104D90005061002010B4094CA0420AD3B0F5742F22
:104DA00007D213465DF8044B0A460146044800F05A
:104DB00013B84FF0FF305DF8044B704700600200FD
:104DC0005061002013460A460146014800F06EB8C3
:104DD00050610020FFF70ABF2DE9F04F83B0019327
:104DE000002B3CD0DFF8809005460E4690461F46CB
:104DF000C6F30B0ACAF580542B69BC4206EA090BBC
:104E000028BF3C465B4520D0184601334FF4805202
:104E100013D0EB6813B16969984770B903200AF0A1
:104E2000EBFD2B68286998476B68D5E904014FF4BE
:104E30008052984703200AF0F5FDC5F810B0594696
:104E4000AB6868694FF480529847686941462246CA
:104E5000504412F0A4FC3F1B2644A044C8D1019842
:104E600003B0BDE8F08F00BF00F0FFFF38B5036965
:104E70005A1C1AD0C56804462DB118464FF480520A
:104E80006169A84770B903200AF0B6FD236820695C
:104E900098476368D4E904014FF48052984703208F
:104EA0000AF0C0FD4FF0FF33236138BD2DE9F84310
:104EB00004691D46631C06468846174607D1B36839
:104EC000394640462A4698472846BDE8F88394422A
:104ED00024D92A4494428368F2D204F5805297423E
:104EE000EED2E41B22463946404698474FF480599B
:104EF00008EB04002A1B00219145736928BF9146E5
:104F00004A4619444C4412F04AFCA542DCD9B36825
:104F1000391908EB04002A1B9847D5E704F580539C
:104F20009A42CCD2391BC1F580592A46404600240A
:104F3000E2E700BF72DF704773DF704777DF7047CB
:104F400070B5054608460C4602F0E8FD102808D06A
:104F5000802812D1A36883B1EA7F0D2A0FDD0020DB
:104F600070BDEB7FA2881B2BF9DCE9180320E85405
:104F700048704A80EB7F0433EB77012070BDA9189D
:104F80001120A85407224A7098681E685C68DB6884
:104F9000C1F80E30C1F80A00C1F80260C1F806403D
:104FA000EB7F1233EB770120DAE700BF08B5002171
:104FB000C1771F2212F017FC08BD00BF30B5D1E940
:104FC000035485B04A69074B00936946CDE9024214
:104FD0000195FFF7B5FF0446684602F071FD2046D3
:104FE00005B030BD1CD80500F0B589B005462022BB
:104FF0006946134803F002FEEB7FC2181D2A0ADD42
:10500000C3F11D04E4B2E2181D2A4FF0000615DDBD
:10501000304609B0F0BD044601260927EA18601C95
:10502000E85469465770901C224612F0B8FBEB7F9B
:1050300002331C443046EC7709B0F0BD0827EDE799
:105040002087002010B50446094803F057FEE37F8F
:105050001C2B0ADCE2180221E1540A2390705370E1
:10506000E37F0333E377012010BD002010BD00BFB4
:1050700020870020C27F1C2A0DDC10B403469C1838
:10508000022098540120A1706070DA7F0332DA7731
:105090005DF8044B70470020704700BF38B500240E
:1050A0002146C4771F2212F09EFB0949094A034694
:1050B000C3E90E44C3E90C1240F2FF15012083F846
:1050C000220083F82340DC621C641D84184638BD2E
:1050D0002000F40020001E00C18670474286018631
:1050E0008186704780F82210704700BFF0B50446F3
:1050F00090F8210002EB82030E46811E87B003EB7D
:105100008303C9B215469B0000220929CDE902623A
:105110000092ADF80C300192CDE904228DF8000028
:1051200009D8012303FA01F140F2A32319421CBF5D
:1051300004F1240301932D4B1A68D20709D42C499A
:105140002C4AC87FE77F908101201460916097808E
:1051500018606A46274904F12000FFF7EBFE074676
:10516000002837D1244894F8207003F0C7FD394651
:1051700002460120FFF7E2FE0746B0B9012194F88C
:105180002000FFF7D9FE074638BB1B4803F012FE8C
:10519000638FA686AB424FF0010094BFDB1A5B1B06
:1051A000638784F8230007B0F0BD4FF4BD72134944
:1051B000134813F071F938460AF0BAF880B138464E
:1051C0000AF0B6F813F068F90E4813F0EDF9002074
:1051D00007B0F0BD40F27912E9E740F27B12E6E752
:1051E0003A463946084813F057F9EDE7088700209A
:1051F000A48D00200C87002020870020D8D0050037
:10520000BCC90500DCC9050098CA0500F0B5044614
:1052100087B041870187FA213F4803F077FD94F872
:105220002100E58E278E029705EB8503811E03EB97
:105230008303C9B200229B00092903920092ADF8B2
:105240000C300192CDE904228DF8000009D8012329
:1052500003FA01F140F2A32319421CBF04F1240315
:1052600001932E4B1A68D20709D42D492D4AC87FC5
:10527000E67F9081012014609160968018606A46F4
:10528000284904F12000FFF755FE0646002837D1D3
:10529000214894F8206003F031FD31460246012098
:1052A000FFF74CFE0646B0B9012194F82000FFF745
:1052B00043FE064638BB184803F07CFD638FA78683
:1052C0009D424FF0010094BF5B1BDB1A638784F89B
:1052D000230007B0F0BD4FF4BD721349134813F01B
:1052E000DBF830460AF024F880B130460AF020F8A6
:1052F00013F0D2F80E4813F057F9002007B0F0BDB4
:1053000040F27912E9E740F27B12E6E73246314695
:10531000084813F0C1F8EDE7208700200887002037
:10532000A48D00200C870020D8D00500BCC9050042
:10533000DCC9050098CA050030B50B888D88112B93
:1053400085B004462CD0262B0FD0102B01D005B0F1
:1053500030BDCB7B012BFAD1C26A03FA05F51543A8
:105360000023C56280F82330F1E70B7A012BEED1E0
:10537000002380F823304FF4FA71274803F0C6FC6D
:10538000238F002B30D0658F002D36D0236C0BB1CE
:105390009847658F618E2A462046FFF7A7FED6E71D
:1053A000C36AEB40DB07D2D51B4801F067FC00283D
:1053B000CDD1E36A94F82310012202FA05F523EA1D
:1053C0000503E3620029C2D194F82230002BBED03D
:1053D000238F6387FA21104803F098FCE28E218E18
:1053E0002046FFF783FEB2E7236C03B19847002203
:1053F000618E2046FFF77AFEA9E7074803F0EEFC2E
:10540000E26B002AA3D004AB0095294643F8045D63
:10541000284609F01BFE9AE720870020AADF704784
:10542000ABDF7047ACDF7047ADDF7047AEDF704772
:10543000B0DF704710B5044B044640F8043B02F05F
:105440003FFB204610BD00BF78D1050010B5054BCD
:10545000044640F8043B02F033FB204608F0AEFF60
:10546000204610BD78D105002DE9F0410B888E88CB
:10547000502B8AB00C46054609D0512B04D18B79AC
:10548000012B3AD0022B22D00AB0BDE8F081CB88A4
:10549000428E9A4241D0EA8E9A42F5D1648A954969
:1054A000954812F0F9FF2146944812F0F5FF944810
:1054B00013F07AF86B6D002BE6D095F84420920734
:1054C00000F1CF802246294630469847DCE7A27B90
:1054D000042A73D0062A4DD0012AD5D1EB6C002BBB
:1054E000D2D095F84420170704F1080400F1DD80BC
:1054F0002246294630469847C6E7836C002BC3D026
:1055000090F84420520701F1080700F191803A46D3
:10551000294630469847A379B4E77649764812F091
:10552000BBFF228A2189774812F0B6FF744813F036
:105530003BF804F1120701231946228A384609F084
:1055400023FE6F4813F030F86D4813F02DF8D5F8AE
:105550005080B8F1000F0BD095F84430B4F810C06B
:10556000D90700F18E8063463A4629463046C04747
:10557000E38890E7EA6B002A86D0002202A9304631
:10558000CDE90222CDE904228DF80830FFF750FF63
:105590002C6D64B195F84430EF6BB5F842C0D80774
:1055A00000F1938063463A4630462946A047E86BAF
:1055B00005F05CFF0023C5E90F3365E7E86B0028C1
:1055C00046D0B5F84070218A628A01EB020C0023B4
:1055D0004FF0020EBC45CDE90633CDE908338DF816
:1055E00018E008DD40F20913ADF81C3006A930467A
:1055F000FFF71EFF48E79DF81E30ADF8201004F1BC
:10560000140743F0010308443946ADF822208DF811
:105610001E30099712F0C3F8638A228AB5F8421047
:105620001A4493B28B4238BF0B46A5F84230DDE7EF
:1056300003211A46009106AB08213846CDE90665DC
:10564000089709F003FD00287FF465AFAB6C5EE7B7
:105650004FF4806005F0F0FE4FF48067C5E90F0756
:10566000B1E7032000211A46009006AB0846CDE9B9
:105670000665089409F0EAFC00287FF405AF6B6D1D
:1056800020E7042300934246614606AB3846CDE945
:105690000665CDE9087C09F0D9FC00287FF468AFE5
:1056A000D5F85080B4F810C05DE703211A46009188
:1056B00006AB0E212046CDE90665089409F0C6FC2C
:1056C00000287FF4E1AEEB6C12E70423009322463E
:1056D0003846614606ABCDE906650897CDF824C08B
:1056E00009F0B4FC00287FF462AF2C6DEF6BB5F8C5
:1056F00042C057E70CD1050014D1050044D1050084
:10570000DCC905001CD10500F0B5934B04461B68AD
:10571000836197B0043002F013FA94F82E30A06938
:1057200013F0320208BF84F82F2013F00C0308BFD7
:1057300084F830300DF10102694602F0B7F994F8AF
:105740002F209DF80110100714D09DF8003002F0B2
:105750000F0003F00F06B0424FEA13174FEA12157D
:1057600040F2888094F82F2060F3030265F307125B
:1057700084F82F2094F830301A0711D003F00F026C
:1057800001F00F05AA424FEA13104FEA111669D92A
:1057900094F8303062F3030360F3071384F8303079
:1057A00094F82E2012F0300340F0A1800FAD0F933B
:1057B000C5E90133C5E9033394F82F108DF83C2077
:1057C0001846AB6101234FF0000263F34202236AE3
:1057D00014900020ADF808008DF80A208DF808100C
:1057E0000BB11A7892BB94F8263013B104F126035A
:1057F000129394F83130E28AE169099113F0010FB4
:105800004FF000030CBF10461846CDF81E30294655
:10581000ADF81C00ADF82230184604F12F05ADF8A4
:10582000202004F1080604F1320305AA0695059626
:10583000FFF7F4FD0546002873D194F825304BBBE3
:10584000257D05B30025284617B0F0BD18461093F6
:1058500012F06EFF02AB80B2ADF84400ADF8460026
:105860001393C0E74B401B0701D1B04290D830469C
:105870002A468DE75A40130702D1BD423FF672AF68
:105880003D4630466EE72146344801F097F92846F8
:1058900017B0F0BD0123024663F3420294F82F10C3
:1058A0008DF8123003AE02238DF80E2042F6081256
:1058B000ADF80C000B968DF80C1004F12405ADF832
:1058C000102004AE0DEB03020AA9CDF832000E95AC
:1058D000ADF83600ADF83030ADF834300A96FFF749
:1058E0009FFD05460028ABD04FF4B7721BE00023A4
:1058F00001251B490F93184665F342000FAD0E7842
:1059000094F82F108DF83C208DF806008DF8046077
:10591000C5E90133C5E90333AB618DF8051001A872
:1059200050E74FF4AA720F490F4812F0B5FD284610
:1059300009F0FEFC50B1284609F0FAFC12F0ACFD6B
:105940000A4812F031FE284617B0F0BD2A46294613
:10595000074812F0A1FDF3E71C870020608B0020B0
:1059600008D1050088D10500BCC90500DCC90500C7
:1059700098CA0500174B10B5044640F8043B02F0E6
:10598000A7F80123194663F342010023124A84F861
:105990004430C4E90F331278A3841420C4F82630AD
:1059A000C4F82A3084F82E30E08284F8311084F86C
:1059B0002F2084F830202375A3612362E36163867E
:1059C000A3862387E386C4E91233C4E9143320464F
:1059D00010BD00BF78D1050008D10500F0B4D1E9B1
:1059E0000154184ACF681178174E856001231A4672
:1059F00063F34202154D80F83120C4600022142464
:105A00000761C0E90065C48280F82F1080F830106B
:105A100080F844200275826102628284C0F82620E8
:105A2000C0F82A2080F82E20C26142868286028732
:105A3000C286C0E90F22C0E91222C0E91422F0BCDC
:105A4000704700BF08D1050078D105001CD80500BB
:105A500010B4D1E90142CB680361C0E902425DF8AC
:105A6000044B704701230375704700BF80F82E1068
:105A7000704700BFC182704739B990F831300122B8
:105A800062F3000380F83130704790F83130C18202
:105A9000002262F3000380F83130704780F82F1045
:105AA00080F83020704700BF90F84430016562F301
:105AB000000380F84430704730B490F8443090F8D8
:105AC0003140C1640D1C18BF012565F3041462F355
:105AD000C30380F8314080F8443030BC704700BFC9
:105AE00051F8322F02604A684260704730B505466F
:105AF00083B008460C4612F01BFEEB8A019480B27C
:105B0000834228BF03460024698EADF800306A4600
:105B10004FF6FF70ADF80240FFF784FC18B9BDF8EE
:105B2000000003B030BD04464FF413720C490D4819
:105B300012F0B2FC204609F0FBFB50B1204609F000
:105B4000F7FB12F0A9FC084812F02EFD002003B06C
:105B500030BD22462146054812F09EFCF3E700BF07
:105B6000B4D10500BCC90500DCC9050098CA050010
:105B700010B5C38A82B0934228BF13460191002416
:105B8000418EADF800306A464FF6FF70ADF8024026
:105B9000FFF748FC18B9BDF8000002B010BD04467C
:105BA0004FF413720C490D4812F076FC204609F0B0
:105BB000BFFB50B1204609F0BBFB12F06DFC08485A
:105BC00012F0F2FC002002B010BD2246214605482A
:105BD00012F062FCF3E700BFB4D10500BCC90500B8
:105BE000DCC9050098CA050030B5C38A85B0012B11
:105BF00028BF01238DF807100025418EADF808302D
:105C00000DF1070402AA4FF6FF70ADF80A50039495
:105C1000FFF708FC18B9BDF8080005B030BD044610
:105C20004FF413720C490D4812F036FC204609F06F
:105C30007FFB50B1204609F07BFB12F02DFC084899
:105C400012F0B2FC002005B030BD224621460548C6
:105C500012F022FCF3E700BFB4D10500BCC9050077
:105C6000DCC9050098CA050030B5C38A85B0022B8F
:105C700028BF0223ADF806100025418EADF808308C
:105C80000DF1060402AA4FF6FF70ADF80A50039416
:105C9000FFF7C8FB18B9BDF8080005B030BD0446D1
:105CA0004FF413720C490D4812F0F6FB204609F030
:105CB0003FFB50B1204609F03BFB12F0EDFB0848DA
:105CC00012F072FC002005B030BD22462146054886
:105CD00012F0E2FBF3E700BFB4D10500BCC9050038
:105CE000DCC9050098CA050090F82E3013F01003A7
:105CF00001D11846704730B5044685B01F480D469F
:105D000003F028F810B1E18E11B9084605B030BD96
:105D1000284600230DF1060402AA02250394ADF8DB
:105D20000A30ADF80850FFF77FFB43F20142904282
:105D3000044605D030B99DF8060000F00100E5E703
:105D40001846E3E740F2AF220D490E4812F0A4FBDB
:105D5000204609F0EDFA50B1204609F0E9FA12F0B8
:105D60009BFB094812F020FC04F00100CEE722461C
:105D70002146064812F090FBF3E700BF2087002081
:105D800030D20500BCC90500DCC9050098CA050071
:105D90002DE9F04F90F82E30DC0687B004D40026B1
:105DA000304607B0BDE8F08F0446724815460F46EE
:105DB00002F0DCFFE38A94F82E209D4228BF1D46A6
:105DC000D206814608D501466A4802F0C3FF06465E
:105DD00008B1E18E49BBE38A0DF108089D4228BF56
:105DE0001D46618EADF80850002342464FF6FF7005
:105DF0000397ADF80A30FFF715FB04460028CED014
:105E00004FF413725C495D4812F046FB204609F0DE
:105E10008FFA002800F09A80204609F089FA12F0E3
:105E20003BFB574812F0C0FBB9E7002002230DF1FD
:105E30000808ADF80A00ADF8083042460DF1060337
:105E400048460393FFF7F0FA43F201439842824633
:105E500000F08E80002864D1BDF806A00AF001038E
:105E6000002B00F085804946424802F08BFF8246B5
:105E7000002894D000F016FA033883B2002D8FD09A
:105E8000B3464646A0461C4606E0BDF80630ED1A6D
:105E9000ADB21F44002D42D0504600F0E9FAAC42AA
:105EA000A4464FF0000328BFAC4636490122002823
:105EB0003FF475AFB8F832E0CDF80A30ADF80E30E7
:105EC0003148ADF806C00DF106038DF80A20CDE982
:105ED0000437ADF808E012F0DFFABDF806102B48E1
:105EE00012F0DAFA264812F05FFB31464846FFF717
:105EF0009DFA0028C9D08346504600F0C3FA40F20C
:105F0000EB2223491D4812F0C7FA584609F010FA4F
:105F100010B3584609F00CFA12F0BEFA81E75E465B
:105F20003EE740F2AF221B49144812F0B5FA504642
:105F300009F0FEF9B0B1504609F0FAF912F0ACFAE6
:105F40000F4812F031FB0AF0010389E7224621468F
:105F5000114812F0A1FA64E75A4659460E4812F069
:105F60009BFA5EE7524651460B4812F095FAE7E776
:105F7000E38A33E720870020B4D10500BCC90500BF
:105F8000DCC905005CD1050014D1050060D1050015
:105F9000F0D1050030D2050098CA05002DE9F04F78
:105FA00090F82E3087B0DA068DF8051004D400255D
:105FB000284607B0BDE8F08F0446754802F0D6FECB
:105FC000B4F8169094F82E304E46012E28BF0126C4
:105FD000DB06804609D501466D4802F0BBFE05464A
:105FE00008B1E18E59BBB4F8169002AF4E4528BFF8
:105FF0004E46618EADF8086000240DF105033A4667
:106000004FF6FF70ADF80A400393FFF70BFA044612
:106010000028CCD04FF413725E495F4812F03CFA6E
:10602000204609F085F9002800F09C80204609F000
:106030007FF912F031FA594812F0B6FAB7E70020AA
:10604000022302AFADF80A00ADF808303A460DF170
:10605000060340460393FFF7E7F943F201439842F2
:10606000824600F09180002867D1BDF806A00AF0B2
:106070000103002B00F088804146454802F082FE73
:106080008246002893D000F00DF9033883B2B9F1AD
:10609000000F8DD00DF10509AB4625464C469946BB
:1060A00006E0BDF80630F61AB6B21C44002E42D007
:1060B000504600F0DDF9B145CC464FF0000328BF53
:1060C000B4463749012200283FF471AFB5F832E0F9
:1060D000CDF80A30ADF80E303248ADF806C00DF1FB
:1060E00006038DF80A20CDE90434ADF808E012F07B
:1060F000D3F9BDF806102C4812F0CEF9274812F05B
:1061000053FA39464046FFF791F90028C9D0834633
:10611000504600F0B7F940F2EB2224491E4812F035
:10612000BBF9584609F004F910B3584609F000F9D4
:1061300012F0B2F97FE75D463AE740F2AF221C4920
:10614000154812F0A9F9504609F0F2F8B0B15046DE
:1061500009F0EEF812F0A0F9104812F025FA0AF052
:10616000010386E722462146124812F095F962E7BC
:106170005A4659460F4812F08FF95CE7524651468D
:106180000C4812F089F9E7E7B4F816902EE700BF43
:1061900020870020B4D10500BCC90500DCC905007A
:1061A0005CD1050014D1050060D10500F0D10500D7
:1061B00030D2050098CA050075DF704776DF70475A
:1061C0008FDF704790DF7047A5DF7047B1DF704702
:1061D000B5DF704710B5074B03600446806A06F0D0
:1061E00039F8E06A06F036F8206B08B106F032F8AC
:1061F000204610BD1CD4050010B5094B03600446B1
:10620000806A06F027F8E06A06F024F8206B08B1EF
:1062100006F020F8204608F0D1F8204610BD00BF57
:106220001CD4050070B504468180174E26600121FC
:1062300017251B20E580E08121752174518921817A
:1062400091896181D189A18192E803000D0CA0613F
:10625000A183A577D2796274194618469DF810502B
:1062600005F0C8F92946A062284605F0C3F90023C5
:1062700011214FF6FF72E062E1756282637523635C
:10628000A375204670BD00BF1CD40500007D70477B
:10629000407D7047C07D113818BF0120704700BF96
:1062A000407C7047C08870470089704740897047BC
:1062B00080897047C0897047007C704710B44B7D5F
:1062C0004BB918310C688A888B790460828083719D
:1062D0005DF8044B70471F31F4E700BF10B58088AC
:1062E000FFF772FF08B9012010BD0446AD220C492A
:1062F0000C4812F0D1F8204609F01AF848B12046AF
:1063000009F016F812F0C8F8074812F04DF900200D
:1063100010BD22462146054812F0BEF8F4E700BF42
:106320007CD40500BCC90500DCC9050098CA05007D
:1063300010B58088FFF746FF08B9012010BD04465C
:10634000B3220C490C4812F0A7F8204608F0F0FFE1
:1063500048B1204608F0ECFF12F09EF8074812F012
:1063600023F9002010BD22462146054812F094F87A
:10637000F4E700BFB0D40500BCC90500DCC90500C6
:1063800098CA050030B500252C4683B061F30F058F
:1063900062F30F0461F31F4563F31F44808869466D
:1063A000CDE90054FFF708FF10B9012003B030BD5C
:1063B0000446C0220C490D4812F06EF8204608F041
:1063C000B7FF50B1204608F0B3FF12F065F8084857
:1063D00012F0EAF8002003B030BD224621460548FD
:1063E00012F05AF8F3E700BF24D50500BCC9050038
:1063F000DCC9050098CA050010B582B00B468DF8BF
:10640000041080888DF8053001A9FFF7D9FE10B976
:10641000012002B010BD0446C8220C490C4812F0FD
:106420003BF8204608F084FF50B1204608F080FF7A
:1064300012F032F8074812F0B7F8002002B010BD91
:1064400022462146044812F027F8F3E724D4050039
:10645000BCC90500DCC9050098CA050008B51321B0
:106460008088FFF7ABFEB0FA80F0400908BD00BF9E
:1064700008B56621806A05F037FD003018BF01209D
:1064800008BD00BF08B500231A461946806A05F00A
:10649000E3F8003018BF012008BD00BF00F11F0263
:1064A0008188407C03F0BEB838B50A4605460C46E4
:1064B0008188407C03F0A4F8214651F8483FC5F894
:1064C0001F308B79888885F825300123A5F82300B3
:1064D0006B75184638BD00BF38B50A4605460C46F0
:1064E00000F11801407C03F0E3F8687550B12146D3
:1064F00051F8482FC5F81F208A88897985F825101A
:10650000A5F8232038BD00BF10B5447D24B100F1AB
:106510001F01407C03F098F8204610BD70B50B8831
:10652000113B86B00C460546462B55D8DFE813F0E4
:106530006600690054005400540054005400540094
:10654000540090005400540054005400540054006F
:106550009E00B200C200DD005400540054005400FC
:10656000540054005400540054005400540054008B
:10657000540054005400540054005400540054007B
:10658000540047005400EF005400540054005400DD
:10659000540054005400540054005400540054005B
:1065A000540054005400540054005400540054004B
:1065B00054000001070154001E01400156004B89A0
:1065C000C3809749974811F067FFE988964811F012
:1065D00063FF964811F0E8FF06B070BD8B79002B81
:1065E000FAD0002600231A461946A86A05F034F8A6
:1065F0000136A379F6B2B342F4D8EDE70023037570
:10660000EAE74B8903818B894381CB898381844964
:10661000844811F041FF2B8907EE903AF8EEE77AB3
:10662000B7EE047A67EE877A17EE900A10F0B4FAA4
:10663000AB896A89009203EB83035C0002460B4638
:1066400001947B4811F028FF784811F0ADFFC3E7B3
:106650000B7AC375112BBFD000F11F028188407CDB
:1066600003F094F903460028B6D162E06C496D4806
:1066700011F012FF217A627A6E4811F00DFF6B481B
:1066800011F092FF06A9002321F8103DA888FFF71A
:1066900097FDA1E70B7A002B00F09E8060496148CE
:1066A00011F0FAFE217A644811F0F6FE5F4811F00D
:1066B0007BFF91E75A495B4811F0EEFEE089A38920
:1066C0006289218900905D4811F0E6FE574811F07B
:1066D0006BFF0022A8881146FFF774FD04460028CE
:1066E0003FF47AAF40F26F1253E04D494D4811F03C
:1066F000D3FEE089A389628921890090504811F076
:10670000CBFE4A4811F050FF2389EB8164E78B7A76
:10671000002B3FF461AF002600231A461946E86AB1
:1067200004F09AFF0136A37AF6B2B342F4D853E7E5
:106730000023A8881A461946FFF748FD4CE741494F
:10674000384811F0A9FEE1883F4811F0A5FE37480E
:1067500011F02AFF286B0123AB7500283FF43CAFF2
:1067600000231A46194604F077FF35E7417C374885
:1067700002F000FBE188814228BF014689B2E9802E
:10678000A888FFF725FD044600283FF41AAF4FF410
:10679000AD722F492F4811F07FFE204608F0C8FD4A
:1067A000002836D0204608F0C3FD11F075FE10E732
:1067B0008C791C48234911F06FFE2146264811F0C0
:1067C0006BFE1A4811F0F0FE002C7FF405AF286B29
:1067D000AC750028C4D1FFE6204B0FCB06AE06E90E
:1067E0000F000F490F4811F057FEA27A637A1C4838
:1067F00006A901EB830301EB820253F8101C52F847
:10680000102C11F049FE094811F0CEFE637A2B746A
:10681000E2E622462146134811F03EFED9E600BFCB
:1068200080D2050014D10500C8D20500DCC90500DE
:1068300084D205007CD30500A4D30500E4D2050072
:1068400034D305000CD10500DCD3050020870020DF
:106850004CD40500BCC9050000D4050070D2050069
:10686000C0D3050098CA0500F0B589B085880E46EA
:1068700004A84FF4285117464FF6FF7401F032F97F
:106880000120CDE901043346294604AA00970548B2
:1068900000F020F8044604A801F012F9204609B0DF
:1068A000F0BD00BF608B0020A0DF704738B5044604
:1068B000F82500F5F87002F003FE2A462046002174
:1068C00010F091FF2A466019002110F08CFF20463D
:1068D00038BD00BF2DE9F04383B00446BDF82C60FD
:1068E000BDF830502B48ADF80460ADF8065017469F
:1068F00098460E46BDF8289002F044FA04F5F87464
:10690000054604E02846FFF7CFFC04F07BFD204657
:1069100002F030FE0028F5D10121204602F0DAFD18
:106920004A464146204602F0EFFD391D304601AA95
:10693000FFF7BAFF0546C0B147221749174811F0C3
:10694000ABFD284608F0F4FCF0B1284608F0F0FC56
:1069500011F0A2FD124811F027FE204602F0C4FDFE
:106960000025284603B0BDE8F0834FF4FA712046B5
:1069700002F0D0FD20EAE07085B2204602F0B4FDBE
:10698000284603B0BDE8F0832A462946054811F0A1
:1069900083FDDFE7208700207CD50500BCC905000A
:1069A000DCC9050098CA05002DE9F04F8F880E88D4
:1069B00085B08846054639467F4802F0E3F9A6F1DE
:1069C0001003012B814640F28B8095F854203AB396
:1069D000002404F11603502E55F823A059D0512E4F
:1069E0001AD198F80630B8F808B0022B43D0BBF1A2
:1069F000000F11D051466846FFF772F8BDF800301D
:106A00005B4549D0514602A8FFF76AF8BDF80C3043
:106A10005B4541D095F854200134E4B29442D8D378
:106A200095F84C31002B00F0C38005F5A6790024C1
:106A300004E095F84C310134A34246DD59F8040FC7
:106A400003F0C2FAB842F4D1382E03D0392E01D067
:106A5000362EEED1B8F80AA0BAF1000FE9D0D9F875
:106A600000B0584603F0B4FA5045E2D158464146CA
:106A700003F0B0FADDE798F80E30062BB7D1DAF85C
:106A800000305046DB68414698474846FFF702FC15
:106A9000C0E7B8F806B0AAE7DAF800305046414639
:106AA000DB6898474846FFF7F5FB0028B2D0502E28
:106AB000B0D1514602A8FFF713F8BDF80C305B4582
:106AC000A8D14846FFF7EAFCA4E7112E2AD0352EBC
:106AD00003D1B8F80A30002B5BD105B0BDE8F08FC8
:106AE0002B78002B3FF471AF112E4FF000040CD027
:106AF00005EB84033946586803685B68984701349E
:106B00002B78E4B2A342F3D85FE705EB8403394660
:106B1000586803681B68984701342B78E4B2A34295
:106B2000F3D852E7002473B105EB8406D6F8500180
:106B300003F04AFAB84204F101031FD095F84C2142
:106B4000DCB2A242F0D895F8F8100029C5D0002494
:106B500005EB8403621CD3F8FC008388BB4203D09E
:106B6000D4B28C42F4D3B8E703681B689847013469
:106B700095F8F810E4B28C42EAD3AEE7D6F85001AB
:106B800003F01EFA013495F84C31E4B2A342CBD89D
:106B9000D9E705F5F8752846B8F80C2008F110017A
:106BA00002F0EAFC284605B0BDE8F04F02F0FCBC5C
:106BB000112E8CD1C7E700BF2087002090F85430F9
:106BC000272B0CD810B4024603F11604013380F8C9
:106BD0005430012042F824105DF8044B7047002027
:106BE000704700BF0378132B06D800EB83020133F4
:106BF00003700120516070470020704778DF7047B4
:106C00007ADF7047054A034692E80300002283E8D2
:106C10000300C3E902221846704700BFD8D505001B
:106C200010B5FFF7EDFF28B9FFF7E8FF0446A8B954
:106C3000012010BD044639220C490D4811F02CFCEE
:106C4000204608F075FB58B1204608F071FB11F0A2
:106C500023FC084811F0A8FC002010BD3B22EBE704
:106C600022462146044811F017FCF2E728D6050019
:106C7000BCC90500DCC9050098CA0500F8B50024A8
:106C80000B4F2546A1B2384602F07CF80134064687
:106C900048B1FFF7FBFA30B13046FFF701FB01289E
:106CA00004BF0135EDB2142CECD12846F8BD00BF6D
:106CB0002087002081607047C1607047704700BF27
:106CC00070B5224C224E234A05462DED028B3146EB
:106CD000204603F01BFE2B8807EE903AF8EEE77A89
:106CE000B7EE048A67EE887A17EE900A0FF054FF29
:106CF00002460B462046184903F008FE6B8807EE53
:106D0000903AF8EEE77A67EE887A17EE900A0FF07D
:106D100043FF0B4602461149204603F0F7FD20468B
:106D200003F0D8FC314620460D4A03F0EFFDEA8817
:106D30000C4902EB82022046520003F0E7FDBDEC55
:106D4000028B2046BDE8704003F0C4BC986300206D
:106D5000F0D50500E0D50500F8D5050008D60500FA
:106D600018D60500FCD8050046DF70477FDF704766
:106D700080DF704781DF704785DF704786DF7047AF
:106D800038B51C460D46034611462846224698470C
:106D900034B1014600222846BDE83840FFF7E8BF7D
:106DA00038BD00BF10B50C4682B003466946204688
:106DB00098476A4620460121FFF7DAFF02B010BD6E
:106DC00038B50446083008F057FF03224FF005039A
:106DD00062F306130725102023700023A070227190
:106DE0006570E270C4F81034C4F81434C4F8183470
:106DF000C4F81C34204638BD30B50446ADF55F7D7F
:106E000000F108058F4808F071FE0821284608F0B7
:106E100037FF684608F03EFF6846082108F03EFF4D
:106E20006946284608F09EFE04F54F7141226846E7
:106E300008F042FF684608F03BFF94F85C0394F8C2
:106E40005B2394F83D1394F83E3384F83D0384F8B3
:106E50003E2394F85A0394F8592394F83F5384F846
:106E60005C1384F85B3394F8401394F8413384F84E
:106E70003F0384F8402394F8580394F8572384F888
:106E80005A5384F8591394F8425394F8431384F8EE
:106E9000410384F8583394F8560394F8443384F843
:106EA000422394F8552384F8575384F8430384F815
:106EB000442384F8553384F8561394F8451394F812
:106EC000540394F8532394F8463384F8450384F824
:106ED000462394F8520394F8512394F8475384F8C6
:106EE000541384F8533394F8481394F8493384F8CE
:106EF000470384F8482394F8500394F84F2384F808
:106F0000525384F8511394F84A5394F84B1384F86D
:106F1000490384F8503394F84E0394F84C3384F8C2
:106F20004A2394F84D2384F84F5384F84B0384F894
:106F30004C2384F84D3384F84E1394F85D1394F881
:106F40007C0394F87B2394F85E3384F85D0384F823
:106F50005E2394F87A0394F8792394F85F5384F8C5
:106F60007C1384F87B3394F8601394F8613384F8CD
:106F70005F0384F8602394F8780394F8772384F807
:106F80007A5384F8791394F8625394F8631384F86D
:106F9000610384F8783394F8760394F8643384F8C2
:106FA000622394F8752384F8775384F8630384F894
:106FB000642384F8753384F8761394F8651394F891
:106FC000740394F8732394F8663384F8650384F8A3
:106FD000662394F8720394F8712394F8675384F845
:106FE000741384F8733394F8681394F8693384F84D
:106FF000670384F8682394F8700394F86F2384F887
:10700000725384F8711394F86A5394F86B1384F8EC
:10701000690384F8703394F86E0394F86C3384F841
:107020006A2394F86D2384F86B03012084F86F536E
:1070300084F86E1384F86C2384F86D330DF55F7D4E
:1070400030BD00BF749900200B7803F0FE03042BC1
:1070500001D000207047F0B514468DB00D461E22B9
:1070600000210DF1120010F0BEFB20686168A268DB
:10707000E3686C460FC49DF800109DF80F209DF842
:1070800001609DF80E409DF802008DF80F102B4610
:107090009DF80D108DF800209DF803208DF80E60EE
:1070A0008DF801409DF80C609DF804408DF80D00AE
:1070B0008DF802109DF80B009DF805108DF80C203E
:1070C0009DF80A208DF803608DF80B408DF80400C0
:1070D0008DF80A108DF805209DF8062033F8041F5E
:1070E000ADF810109F789DF807109DF809C09DF825
:1070F00010609DF811408DF8092000239DF80820AC
:107100008DF81D7068461F468DF808108DF8072011
:107110008DF810308DF811308DF812308DF81C304C
:107120008DF813308DF81B308DF814308DF81A302F
:107130008DF815308DF819308DF816308DF818301F
:107140008DF817308DF806C08DF81F608DF81E4041
:10715000FFF70AFE9DF82F306A789DF82E009DF803
:107160002D108DF821009A428DF8221004D00120B4
:1071700080F001000DB0F0BDAA78C3B29A4205F1CB
:107180000201F4D14A789DF822309A42EFD1384674
:10719000EEE700BF10B5137CDB0758BF1C32084672
:1071A00002F11201FFF7E8FD044608B9012010BD05
:1071B000F4220C490C4811F06FF9204608F0B8F899
:1071C00048B1204608F0B4F811F066F9074811F00C
:1071D000EBF9002010BD22462146054811F05CF96C
:1071E000F4E700BFA0D70500BCC90500DCC9050055
:1071F00098CA0500F0B58E880D46ADF56F7D044642
:1072000031462F4801F0BEFD2B88133B0746072B64
:1072100052D8DFE813F008004F037C035100A103AC
:107220006300040333032749274811F035F9297A0D
:107230002648C1F30213C1F340020093C1F3800357
:1072400001F0010111F028F9214811F0ADF904F223
:10725000BE3204F2DA3304F2F631002510921493B0
:1072600004F23D3204F27E3338461392159117939F
:10727000CDE911551695FFF713F801280CBF2246EA
:107280002A4610AB29463046FFF770FD044698B1F8
:107290004FF49A720F49104811F0FEF8204608F09A
:1072A00047F8002800F08E83204608F041F811F0DE
:1072B000F3F8074811F078F90DF56F7DF0BD00BFC8
:1072C0002087002040D6050014D1050048D60500CF
:1072D000DCC9050074D70500BCC9050094F87E33ED
:1072E00094F89D2394F87FC394F89C7394F880538A
:1072F00094F89B0384F89D33042194F89A3384F81E
:107300007D1384F87E2394F8811394F8822384F803
:107310009CC384F87F7394F899C394F8837384F8BA
:107320009B5384F8800394F8985394F8840384F86A
:107330009A1384F8813394F8971394F8853384F87A
:10734000992394F8962384F882C384F8987384F878
:10735000835384F8970384F8841384F8852384F88E
:10736000963394F8862394F8953394F887C394F869
:10737000947394F8885394F8930394F8891384F8D9
:10738000952384F8863394F8922394F88A3384F80A
:1073900094C384F8877394F891C394F88B7384F83A
:1073A000935384F8880394F8905394F88C0384F8EA
:1073B000921384F8892394F88F1394F88D2384F81A
:1073C000913394F88E3384F88AC384F8907384F8E8
:1073D0008B5384F88F0384F88C1384F88D3384F8EE
:1073E0008E2394F89E2394F8BD3394F89FC394F8A9
:1073F000BC7394F8A05394F8BB0394F8A11384F8D9
:10740000BD2384F89E3394F8BA2394F8A23384F809
:10741000BCC384F89F7394F8B9C394F8A37384F839
:10742000BB5384F8A00394F8B85394F8A40384F8E9
:10743000BA1384F8A12394F8B71394F8A52384F819
:10744000B93394F8B63384F8A2C384F8B87384F8D7
:10745000A35384F8A41384F8B62384F8A53384F8DE
:10746000B70394F8A60394F8B51394F8A72394F8F7
:10747000B43394F8A87394F8B35384F8B50384F83C
:10748000A61394F8A90394F8B21384F8B42384F8EB
:10749000A73394F8AA2394F8B13384F8B37384F82B
:1074A000A85394F8AB7394F8B05384F8B20384F8FB
:1074B000A91394F8AC0394F8AF1384F8B12384F8BB
:1074C000AA3394F8AD2394F8AE3384F8AD3384F83E
:1074D000AE2384F8B07384F8AB5384F8AF0384F818
:1074E000AC1310A808F0D6FB10A8082108F0D6FBB2
:1074F00004F27D3110A8412208F010FC10A908AA5E
:10750000202304F1080008F079FB10A808F0D0FB54
:107510009DF820109DF83F009DF821309DF83E20F9
:107520009DF822709DF83D508DF820008DF83F1099
:107530009DF823009DF83C108DF821208DF83E30F9
:107540009DF824209DF83B308DF822508DF83D7039
:107550009DF825509DF83A708DF823108DF83C0069
:107560009DF826109DF839008DF824308DF83B20C9
:107570009DF827309DF838208DF825708DF83A5009
:107580008DF826008DF827208DF838308DF83910C9
:107590009DF828109DF837009DF829309DF8362079
:1075A0009DF82A709DF835508DF828008DF8371019
:1075B0009DF82B009DF834108DF829208DF8363079
:1075C0009DF82C209DF833308DF82A508DF83570B9
:1075D0009DF82D509DF832708DF82B108DF83400E9
:1075E0009DF82E109DF831008DF82C308DF8332049
:1075F0009DF82F309DF830208DF82D708DF8325089
:107600008DF831108DF82F208DF830308DF82E0048
:1076100094F87E0394F89D1394F87F2394F89C3398
:1076200094F8807394F89B5384F89D0384F87E1338
:1076300094F8810394F89A1384F89C2384F87F3398
:1076400094F8822394F8993384F89B7384F88053D8
:1076500094F8837394F8985384F89A0384F8811308
:1076600094F8840394F8971384F8992384F8823368
:1076700094F8852394F8963384F8987384F88353A8
:1076800084F8841384F8962384F8853384F8970368
:1076900094F8860394F8951394F8872394F8943318
:1076A00094F8887394F8935384F8950384F88613B8
:1076B00094F8890394F8921384F8942384F8873318
:1076C00094F88A2394F8913384F8937384F8885358
:1076D00094F88B7394F8905384F8920384F8891388
:1076E00094F88C0394F88F1384F8912384F88A33E8
:1076F00094F88D2394F88E3384F8907384F88B5328
:1077000084F88C1384F88E2384F88D3384F88F03E7
:1077100094F89E0394F8BD1394F89F2394F8BC3317
:1077200094F8A07394F8BB5384F8BD0384F89E13B7
:1077300094F8A10394F8BA1384F8BC2384F89F3317
:1077400094F8A22394F8B93384F8BB7384F8A05357
:1077500094F8A37394F8B85384F8BA0384F8A11387
:1077600094F8A40394F8B71384F8B92384F8A233E7
:1077700094F8A52394F8B63384F8B87384F8B70363
:1077800084F8A41384F8B62384F8A53384F8A353AB
:1077900094F8A65394F8A72394F8B43394F8B50357
:1077A00094F8A81394F8B37384F8B55384F8B42309
:1077B00094F8A95394F8AA2384F8A73394F8B13322
:1077C00094F8B0C384F8A60384F8B31394F8B20312
:1077D00094F8AB1384F8A87384F8B25394F8AC739C
:1077E00094F8AF5384F8B12384F8AA3394F8AD2306
:1077F00094F8AE3384F8A90384F8B013304608A98E
:1078000084F8ABC384F8AF7384F8AC5384F8AE2328
:1078100084F8AD33FFF7AEFA0DF56F7DF0BD6C491E
:107820006C4810F039FE6A7A6B7B287B297A0193C9
:107830000090C2F3C0036848C2F3800210F02CFE2F
:10784000664810F0B1FE2B7A43B96B7B9B0740F181
:10785000A980384604F2BE31FEF726FED4F818247B
:10786000002A3FF429AD287A1190022300210093C9
:10787000084610AB109607F0E9FB1DE55449554842
:1078800010F00AFE297A56480A0901F00F0110F09B
:1078900003FE524810F088FED4F81C24002A3FF45E
:1078A0000BAD012300210093084610AB109607F0A2
:1078B000CDFB01E54649474810F0EEFDAA7B6B7A07
:1078C000297A687B04922A7B0390A87AEC7A029248
:1078D000CDE900044A08434801F0010110F0DCFD45
:1078E0003E4810F061FE384610A9FEF7F5FD03464C
:1078F00000284BD010A9304600231EAAFFF73EFAFD
:10790000044600283FF4D8AC40F2A312C2E4304948
:10791000304810F0C1FDAA7B334805F1080739460D
:1079200002F0010210F0B8FD2C4810F03DFED4F832
:10793000101400293FF4C0ACAB7B109103F001039D
:10794000139304230093294A119610AB384606215D
:10795000129707F07BFBAFE41D491E4810F09CFD19
:10796000234810F099FD1D4810F01EFED4F8142491
:10797000002A3FF4A1AC022300210093109210AB27
:1079800008461C4A119607F061FB95E430461A46FA
:107990001946FFF7F3F9044600283FF48DAC4FF485
:1079A000D37277E406A83946FEF788FC0698BDF83E
:1079B0001C109DF81E2084F80C24C4F80604A4F8BA
:1079C0000A1446E7224621460B4810F065FD70E494
:1079D00040D6050014D10500BCD60500DCC9050061
:1079E00054D7050014D7050084D60500816D040026
:1079F000A8D60500A56D040098CA0500A8DF704749
:107A0000704700BF30B5044683B0083000F098F8E6
:107A100004F10C010DF106020120FFF7EFFF05460E
:107A200040B9114B11481C602146FFF7DBF828468E
:107A300003B030BD53220E490E4810F02DFD2846EC
:107A400007F076FC50B1284607F072FC10F024FDD8
:107A5000094810F0A9FD284603B030BD2A46294642
:107A6000064810F019FDF3E71C870020608B00200A
:107A7000F0D70500BCC90500DCC9050098CA05009F
:107A800070B44C68C460D1E90254064A064E826064
:107A9000002111220660C0E9045481808271C27104
:107AA00070BC70471CD80500E4D7050083790B70C3
:107AB000C3791370704700BF62DF704763DF7047A0
:107AC000704700BF10B5044606F078FC204610BD94
:107AD000034A0260002282718280C0E9022270475C
:107AE0001CD8050010B4054C8180002201210460DF
:107AF0008171C0E902225DF8044B70471CD8050073
:107B0000002210B4044C0460816082718280C260E3
:107B10005DF8044B704700BF1CD805008379012B2A
:107B20000BD082680AB180207047C268002AFAD15F
:107B3000012B8CBF8020002070471020704700BFB1
:107B40002DE9F043857983B0002D3DD1C768064605
:107B5000002F3DD0102003F06FFC8046384610F017
:107B6000E7FD441E00B3A94604E00134023C1BD4E7
:107B7000102D19D03B5D2D2B07EB040C4FF010029C
:107B80004FF0000101A8F0D08DF806901CF801CC50
:107B90008DF804C08DF8053010F088FE6B1C023C97
:107BA00008F80500DDB2E3D5C6F80880B8F1000F8B
:107BB0000AD0B11D4046FFF77FFF321DB16810208B
:107BC000FFF77CFF044630B9012003B0BDE8F08325
:107BD000D0F80880EAE793220C490D4810F05CFCCD
:107BE000204607F0A5FB58B1204607F0A1FB10F096
:107BF00053FC084810F0D8FC002003B0BDE8F08327
:107C000022462146044810F047FCF2E724D805003C
:107C1000BCC90500DCC9050098CA05004DDF7047E6
:107C20004EDF70474FDF704750DF70474BDF7047C4
:107C300010DF70476DDF70477CDF70477DDF704776
:107C400060DF704769DF704761DF704766DF70474C
:107C500067DF7047042007F0ABBE00BFF0B50646F3
:107C600083B00F461E4D1F483146144610F014FCD9
:107C70001D4810F011FC95E803000B0C0090ADF8C6
:107C800004106846394638278DF806308DF80270A2
:107C900010F002FC154810F0FFFB95E8030000907F
:107CA0000B0CADF80410684621468DF802708DF873
:107CB000063010F0F1FB012E02D007F065F8FCE76A
:107CC000002CFAD00A490B4810F0E6FB22886168C4
:107CD000094810F0E1FB094810F066FCEDE700BF31
:107CE000C0D9050084D9050090D9050098D90500B0
:107CF000A4D9050014D10500ACD90500DCC90500E4
:107D00002DE9F0434B4C4C4F4C4EDFF8448183B08F
:107D10004FF0FF31D4F8300704F0E6F80028F7D030
:107D2000002F44D0DFF8249101A8FFF77FFF05283A
:107D30000346EDD00028F7D1019DAA1E31464846E2
:107D4000092AF1D80FF2040C5CF822F08B7D0400B4
:107D50008B7D0400297D0400297D0400297D040019
:107D6000297D0400297D0400757D0400757D0400D3
:107D7000757D04000A2D04D0092D56D00B2DD3D1CA
:107D800001231846E3F75CFDCEE710F085FB2C4B92
:107D900001992C48022914BF4146194610F07CFB7A
:107DA000294810F001FC0198FCF7E2FFBCE7274DE1
:107DB00001A8FFF73BFF0528AAD00028F8D1019AB7
:107DC000931E092BF4D801A151F823F0097E040079
:107DD000097E0400B17D0400B17D0400B17D040082
:107DE000B17D0400B17D0400F57D0400F57D040043
:107DF000F57D04000A2A04D0092A18D00B2AD7D10D
:107E00000120E3F71DFDD3E73146284610F044FB7F
:107E100001990B4B0B48022914BF4146194610F03B
:107E20003BFB094810F0C0FBC2E70223A9E7022090
:107E3000E7E700BF20870020714D040064D90500EA
:107E4000BCE7050068D90500DCC9050014D10500B0
:107E5000BCE9050010B504460D4810F01DFB204696
:107E600007F066FA48B1204607F062FA10F014FBFA
:107E70000848BDE8104010F097BB2246214606484E
:107E800010F00AFB0348BDE8104010F08DBB00BFA6
:107E9000BCC90500DCC9050098CA05002DE9F04FF2
:107EA0004FF4FA708DB003F0C7FA854CDFF84892B2
:107EB00000F108030546079304F5F1674FF0FF3121
:107EC000D4F82C0704F010F80028F7D04FF4FA7318
:107ED0000DF126012846ADF82630FFF7B5FE06461F
:107EE00080B10528EAD07749484610F0D5FA3046E7
:107EF00007F01EFA0146744810F0CEFA734810F0ED
:107F000053FBE3E7B5F804A0BAF1130F00F2A68122
:107F100004EB8A036B49D3F83C67484610F0BCFA7F
:107F2000288807F0EFF952460146694810F0B4FA84
:107F3000664810F039FB3EB129463046FEF7EEFAAE
:107F400029466448FFF756F92B88013B1B2B68D85C
:107F5000DFE813F0B00067006700670067006700A4
:107F600067006700670067006700670067006700D9
:107F70006700D4001C0067006700670067006700A7
:107F80006700670067006700670071015249DFF80A
:107F90006481484610F080FA287A07F0DFF901463C
:107FA0004E4810F079FA494810F0FEFA4FF0000BF5
:107FB00058F8043F184633B1FEF768F918B10BF1D1
:107FC000010B5FFA8BFB4745F2D1BBF1000F06D1E5
:107FD00094F838371BB15946042007F0CDFC3046E1
:107FE000FEF75EF9012800F07281E26962B10223B6
:107FF0000021009395F808C0CDF828A008460AABE8
:10800000CDF82CC007F022F80AF5E77804EB8803D6
:10801000586810B103685B68984704EB8803002236
:108020005A6029462E48FDF787F929462D4802F067
:1080300031FAB4F83A3753452B8800F01F81102BE2
:108040001ED02EB33046FEF72BF9012803D1294666
:108050001B48FEF733FE3046FEF722F902281BD0FC
:10806000214802F0D5F800BB29462048FEF79CFCC9
:10807000D4F89037002B3FF429AF2846984725E7DE
:10808000EB7B012BDDD1AB88A4F83A37002ED9D198
:1080900029460B48FEF712FE1548294601F010FF4D
:1080A000114802F0B5F80028DED029460E4802F04B
:1080B000B1F8D9E700215046FFF7C8FDB1E700BF8E
:1080C0002087002064D8050050D90500DCC90500D0
:1080D00068D805004087002080D2050038D9050007
:1080E000608D0020C48D0020188E0020608B002041
:1080F00030870020588E002014D105004FF0000872
:10810000D4F83407CDF80080434642460321724E2E
:1081100005F01EFE56F8043F184633B1FEF7B6F8D8
:1081200018B108F101085FFA88F8BE42F2D194F85C
:108130003837002B40F0AD806849484610F0ACF964
:10814000287A6E7A029600F00106400804960390A1
:10815000AE7AE87A6A7B2B7BA97BCDE90006604882
:1081600010F09AF95F4810F01FFA5C49484610F089
:1081700093F96B8A07EE903AF8EEE77AB7EE047A55
:1081800067EE877A0AF5E77817EE900A0EF004FD9D
:10819000EB8AAA8A009203EB83035E0002460B4639
:1081A0000196514804EB880610F076F94D4810F01E
:1081B000FBF9736893B14949484610F06DF94B4893
:1081C00010F06AF9474810F0EFF9706810B10368D1
:1081D0005B68984704EB880300225A60EB7B012B15
:1081E0000BBF94F81B3794F8213794F81AB794F81A
:1081F00020B70693342006F0DFF8069B0093079A19
:108200005B4651460646FEF70DF804EB8803304600
:108210005E60FEF745F801284CD0A269002A3FF4C1
:1082200000AF01230021009308460AABCDF828A037
:1082300006F00CFFF5E6D4F88C27002A3FF4F1AEE7
:1082400002230021009395F908C0CDF828A0084624
:108250000AABCDF82CC006F0F9FEE2E62449484608
:1082600010F01AF9288807F04DF8524601462148C7
:1082700010F012F91B4810F097F965E6102B3FF447
:10828000FFAE112B7FF4DDAE4FF6FF73A4F83A3743
:10829000D7E618F1000118BF0121042007F06CFB9C
:1082A00094F83837002B3FF447AF0121042007F042
:1082B00063FB41E7A268002A3FF4B3AE00210090BF
:1082C0000AAB0846CDF828A006F0C0FEA9E6E26891
:1082D000002A7FF48CAE97E6588E002080D20500ED
:1082E00080D80500DCC90500C0D8050004D9050008
:1082F00064D8050068D8050070B5B2498EB0044650
:10830000B14802F001FAB14AB149AF4802F0FEFAB1
:1083100094F81517AC480A2202F00EFAAD4AAC499F
:10832000A94802F0F3FAD4F81017A7480A2202F07D
:10833000B5FAA94AA649A44802F0E8FA94F8141735
:10834000A1480A2202F0F8F994F82437002B7DD1D5
:1083500094F82537002B40F0BE80A0499A4802F0DF
:10836000D3F9202606AD9E4A9949974802F0CEFAE5
:108370003246002128460FF036FA0EA9284621F889
:108380002A6DFFF75BFC0646002840F00181294674
:108390008D4802F0BBFA8C4802F09CF9914A8C4956
:1083A000894802F0B3FA94F824278F49864802F0EE
:1083B000ADFA94F825278D49834802F0A7FA824840
:1083C00002F088F98A4A82497F4802F09FFA894B75
:1083D0000FCB85E80F0004A8FFF72CFC00230093C7
:1083E00006223A230DF11101774802F0ABFA9DF80D
:1083F0001030814974480EAA5B0802EB830353F8DE
:10840000202C02F083FA704802F064F97B4A70492C
:108410006D4802F07BFA94F9262779496A4802F000
:1084200075FA694802F056F92046FEF749FC94F8BF
:108430002437002B40F0A08094F82537002B40F023
:108440008B80614802F046F90EB070BD6D495E4800
:1084500002F05AF96C495C4802F02AF96B4A5C490F
:10846000594802F053FA0A22B4F81617564802F097
:108470009DF96549544802F01BF9654A5449524830
:1084800002F044FA0A22B4F818174F4802F08EF9A5
:108490005D494D4802F00CF95E4A4D494A4802F0E8
:1084A00035FA0A2294F81A17474802F045F9564956
:1084B000454802F0FDF8584A4549434802F026FA7B
:1084C0000A2294F81B17404802F036F994F8253731
:1084D000002B3FF442AF51493B4802F015F94A499D
:1084E000394802F0E5F8494A3949374802F00EFAAE
:1084F0000A22B4F81C17344802F058F942493248AD
:1085000002F0D6F8424A32492F4802F0FFF90A2217
:10851000B4F81E172C4802F049F93B492A4802F0EA
:10852000C7F83C4A2A49284802F0F0F90A2294F890
:108530002017254802F000F93349234802F0B8F823
:10854000354A2349204802F0E1F90A2294F821171C
:108550001D4802F0F1F800E7314A1D491A4802F0BF
:10856000D5F9194802F0B6F8022001F081F9164851
:1085700002F0B0F80EB070BD2A4A1549124802F058
:10858000C5F9114802F0A6F8012001F071F953E78E
:1085900040F21322244925480FF07EFF304606F0B2
:1085A000C7FE40B1304606F0C3FE0FF075FF20480D
:1085B0000FF0FAFFEBE6324631461E480FF06CFF33
:1085C000F5E700BF9CDA050098630020C4DA0500D7
:1085D000F0D50500D0DA0500E0DA050068DB05001B
:1085E0008CDB050094DB0500A4DB0500B8DB05008F
:1085F000C8DB05003CD80500D0DB0500D8DB050052
:10860000E4DB0500F0DA05000CDB050014DB0500F7
:108610001CDB05002CDB05003CDB050050DB050006
:1086200008DC0500ECDB050050DC0500BCC90500DA
:10863000DCC9050098CA050038B50446FEF7E2FA21
:1086400004F1100001F00CFC04F12000FEF7B8FB6F
:1086500004F58860FEF72AF904F5C860FCF71EFDF2
:1086600004F28460FCF7A2FC04F2A46001F090FE26
:1086700004F5DF6001F0B2FD4FF480530025C4F82B
:10868000103716481649174AC4F8140740F2011368
:10869000C4F81817C4F81C27A4F82037A4F82257E8
:1086A000A4F82457294604F23C7050220FF09BF89E
:1086B00001224FF6FF73C4F82C57C4F83057C4F8A2
:1086C000345784F82657C4F89057C4F88C5784F868
:1086D0003827A4F83A37204638BD00BF010A1700F2
:1086E000030001011700030004290DD8DFE801F0A1
:1086F0002017200D0300134BC0F816370322012367
:1087000080F81A2780F81B3770470F4BC0F81637D0
:108710000222012380F81A2780F81B3770470B4B81
:10872000C0F81637012380F81A3780F81B377047D6
:10873000074BC0F81637012380F81A3780F81B372B
:10874000704700BFF70064008000060017000200B9
:1087500017000300F0B580F824178DB080F82527A6
:10876000C54E044605F0ACFE05F0B2FE05F06AFE0B
:108770000CA8336940F8243DC049FFF759FA002896
:1087800040F0F7800120FFF74BFA0120FFF746FA8F
:108790000120FFF747FA09A8FFF746FA099B9B0754
:1087A00005D5B74BD3F80435002B00F0E98094F8D9
:1087B0001557B44A0492002309A90120CDE90933D1
:1087C0000B938DF82450FFF73DFA0546002840F042
:1087D000BA8094F825370B90CDE90900181C18BF12
:1087E000012094F824778DF82700049A8DF826301C
:1087F00009A940208DF82570FFF724FA05460028C6
:1088000040F0BB8094F814170990034661F300030D
:10881000CDE90A00049A8DF8243009A9A020FFF7B9
:1088200011FA0546002840F0B580D4F810370A90B8
:108830000B90049A099309A9A120FFF703FA0546B2
:10884000002840F0F98094F82437002B40F0A580F0
:1088500094F82537002B4CD00023B4F81C57049A09
:108860000993022709A92320ADF82650CDE90A3340
:108870008DF82470FFF7E6F90546002840F0F980EE
:1088800094F82507B4F81E37049A0B95CDE90955DD
:1088900009A98DF8260020208DF82470ADF8283025
:1088A000FFF7D0F90546002840F01281099094F8AE
:1088B0002037049A8DF82470CDE90A0009A92220F6
:1088C0008DF82630FFF7BEF90546002840F00681F6
:1088D000CDE9090094F821370B9009A9049A8DF885
:1088E000247021208DF82630FFF7ACF9002840F0E5
:1088F0004A8104A8FFF7A4F90546002840F09F80AC
:10890000614962480FF0C8FD049961480FF0C4FD49
:1089100060480FF049FEEBB243F0010307A90220C3
:10892000CDE907558DF81C30FFF792F9074600286E
:1089300040F0BD802046FEF773F90546002840F060
:10894000D380002512E040F26312534953480FF0E0
:10895000A3FD284606F0ECFCB0B1284606F0E8FC82
:108960000FF09AFD4B480FF01FFE002528460DB072
:10897000F0BD054640F23F12E7E74FF4B572E4E779
:108980000220E2F75DFF12E72A46294644480FF02D
:1089900083FDE7E740F27312D7E70990B4F8163782
:1089A000049AADF82630CDE90A00012709A9232051
:1089B0008DF82470FFF746F90546002874D194F825
:1089C0002407B4F81837049A0B95CDE9095509A97D
:1089D0008DF8260020208DF82470ADF82830FFF7A0
:1089E00031F90546002876D1099094F81A37049A8F
:1089F0008DF82470CDE90A0009A922208DF82630CF
:108A0000FFF720F9054600286BD1099094F81B3731
:108A1000049A8DF82470CDE90A0009A921208DF867
:108A20002630FFF70FF900283FF412AF4FF4CA7257
:108A30001949FFF70FFA99E74FF4BC7285E712491D
:108A400012480FF029FD0F4A049916480FF024FD33
:108A500010480FF0A9FD0C490C480FF01DFD0499BA
:108A60000B480FF019FD0B480FF09EFD40F2BF12AE
:108A70006BE740F29D1268E73CD805005D7C04007E
:108A80000070024000600020C8D9050014D1050024
:108A9000CCD90500DCC9050020DC0500BCC90500F7
:108AA00098CA0500F0D9050040F281124DE74FF455
:108AB000E3723E493E480FF0EFFC384606F038FCC2
:108AC00000286DD0384606F033FC0FF0E5FC49E78E
:108AD0004FF4D27239E74FF4C47236E74FF4D572CF
:108AE00033E74FF4C77230E704F12000FEF784F952
:108AF0000CA8337D00F8283D18222E49FFF79CF87A
:108B0000002846D194F825371BB104F1100001F07C
:108B1000B5F903220021012002F02AFDC4F82C0738
:108B200000283FF40EAF05AB0326CDE900634FF4F8
:108B3000A06200232049214803F096FE324600211E
:108B4000012002F015FDC4F8300700283FF4F9AE0B
:108B500006ABCDE90063C82200231949194803F088
:108B600083FE194B4FF480021A60184B00930023C8
:108B7000184601224FF4807105F092F8C4F83407CA
:108B800000F01EFDF2E64FF4D8720849FFF762F9D3
:108B9000ECE640F2CF1205493D46FFF75BF9E5E60A
:108BA0003A4639460A480FF077FCDBE620DC050040
:108BB000BCC9050078A7050064D805009D7E0400A7
:108BC00064D90500017D040000E100E0557C04004B
:108BD00098CA050030B5084B83B002AC1B7D04F881
:108BE000043D08460D460FF0A3FD294682B22046FB
:108BF000FFF722F803B030BD3CD8050010B582B0B5
:108C000002AB084623F8022D1946FFF717F818B9EA
:108C10009DF8060002B010BD044640F213220C4934
:108C20000C480FF039FC204606F082FB50B120467C
:108C300006F07EFB0FF030FC07480FF0B5FC00207B
:108C400002B010BD2246214604480FF025FCF3E790
:108C500050DC0500BCC90500DCC9050098CA050048
:108C600070B4254B0C4606460FCB85B06D4607C544
:108C70009DF900202B80A24237D09DF90130A342FC
:108C800033D09DF90230A3422FD09DF90330A34287
:108C90002BD09DF90430A34227D09DF90530A34283
:108CA00023D09DF90630A3421FD09DF90730A3427F
:108CB0001BD09DF90830A34217D09DF90930A3427B
:108CC00013D09DF90A30A3420FD09DF90B30A34277
:108CD0000BD09DF90C30A34207D09DF90D30A34273
:108CE00003D0002005B070BC7047012086F82647ED
:108CF00005B070BC704700BF54D8050090F9260736
:108D0000704700BF80F83817704700BF70B5044641
:108D100082B0D0F834070D4605F046F84FF47A7269
:108D200006460023A90DA8020EF0D6FAD4F834178F
:108D30000023024600930846042105F009F83EB9D5
:108D4000D4F83407009633463246032105F000F884
:108D500002B070BD132906D800EB8100D0F83C07A3
:108D600008B1FDF793BA0020704700BFB0F83A078A
:108D7000704700BF01290CBFB0F81607B0F81C07F8
:108D8000704700BF13299ABF00EB8100D0F83C0761
:108D90000020704710B5064C0021D4F8300702F0CF
:108DA000E5FED4F82C070021BDE8104002F0DEBE3D
:108DB0002087002090F8383703B9704710B582B08B
:108DC000D0F8344703F0A0FF00230246009320466A
:108DD000012104F0BDFF02B010BD00BFF0B583B0AB
:108DE000002507462B46D0F8340700952A46032174
:108DF00004F0AEFF07F5E76407F5F16654F8041FC9
:108E0000084621B1FDF742FA08B10135EDB2B4428E
:108E1000F4D197F838370BB903B0F0BD291C18BF4F
:108E20000121042003B0BDE8F04006F0A5BD00BF5D
:108E300008B50648DDF7D0FB38B10548D0F82C3727
:108E40001BB1BDE80840FFF757BA08BD9863002082
:108E5000208700200148FFF7EFBB00BF20870020DC
:108E600008B51830FCF7C0FE003018BF012008BD5F
:108E70001830FDF793B800BF30B585B0044641F611
:108E80000F016846FEF72EFE69462046FEF7F8FD04
:108E900025466846FEF714FE084B45F8183B684621
:108EA00042F61921FEF71EFE69462846FCF796FD9C
:108EB0006846FEF705FE204605B030BDC8DC05005B
:108EC00038B50546FEF79EFD0446A0B9183528467C
:108ED0001221FCF7CBFD224628461121FCF7DEFDCE
:108EE00028460121FCF7C8FD2846FCF70DFC044686
:108EF000A0B9204638BD30220C490D480FF0CCFAFD
:108F0000204606F015FA58B1204606F011FA0FF087
:108F1000C3FA08480FF048FB204638BD3522EBE77E
:108F20002246214604480FF0B7FAF2E7D4DC0500E8
:108F3000BCC90500DCC9050098CA05003CDF7047C4
:108F40003DDF704711DF704713DF7047B0DF7047B8
:108F5000B2DF70472DE9F0419EB0064604A81488A0
:108F600015460F46FCF7BCFDBDF81030A34202D0F9
:108F70001EB0BDE8F081AB79043B022BF8D9314635
:108F80005E48FFF7FFFE4FF000080223314604461B
:108F90003846CDE90688CDE908888DF81830FCF709
:108FA000A3FE06A9002861D03046ADF81C80FFF76B
:108FB000CDFF2D7B012DDBD1514F41463E2238465E
:108FC0000EF011FC1EAA082322F86A3D4D492B46DB
:108FD0003046FFF7BDFF68462146FDF76FF9009860
:108FE0003860BDF804309DF80620BA71BB80204679
:108FF000FDF750F9002847D1414943484FF6FF7229
:109000000B7883EA122383EA131343EA02229BB20A
:1090100082EA0332013182EA431381429AB2EFD1EC
:10902000374B3A489A870021FCF75CF82046FDF759
:1090300015FAFF210020FFF783FFB1210020FFF781
:109040007DFF0446D0B1A222314932480FF024FA04
:10905000204606F06DF900284AD0204606F068F94F
:109060000FF01AFA2C480FF09FFA81E740F2FD1337
:109070003046ADF81C30FFF769FF79E7FFF762FF74
:109080000446F8B1A322DFE70AA92046FDF724FA37
:109090000028B1D01EAB13E903000B0C3860B98077
:1090A000BB7118AD0FCD1D4EC7F807000AAD71603A
:1090B000B260F3600FCD11360FC695E8070086E861
:1090C000070099E7164B4FF0FF324FF01021C3F81D
:1090D0008020C3F880214869FFF736FF044608B1B5
:1090E000B222B1E780F31488486900F099FE3FE7A7
:1090F000224621460B480FF0CFF9B3E72087002026
:10910000807F0020B47F0020BC7F0020608D002085
:1091100048DD0500BCC90500DCC90500877F0020CB
:1091200000E100E098CA050030B585B004460E495C
:109130006846FEF7E5FC69462046FEF7A1FC254699
:109140006846FEF7BDFC094B45F8183B68460849E0
:10915000FEF7D6FC69462846FCF740FC6846FEF759
:10916000AFFC204605B030BDF4DC05003CDD050059
:1091700014DD050030B5B1B00546FEF743FC00280C
:1091800076D152491AA8FEF7BBFC1AA904A8FCF72D
:1091900025FC1AA8FEF794FC04A8FCF763FC04A8BD
:1091A0000421FCF763FC04A81421FCF763FC04A869
:1091B000FCF7AAFA0446B8B1CA22454945480FF05F
:1091C0006BF9204606F0B4F8002873D0204606F06C
:1091D000AFF80FF061F940480FF0E6F904A8FCF78A
:1091E00029F9204631B030BD183528461821FCF742
:1091F0003DFC28461721FCF73DFC28460122374953
:10920000FCF75AFC2846FCF77FFA0446002844D1B4
:1092100033496846FEF774FC69461AA8FCF7DEFB82
:109220006846FEF74DFC1AA8FCF71CFC02211AA8A0
:10923000FCF71CFC02211AA8FCF71EFC1AA8FCF77C
:1092400063FA044658B3D522214922480FF024F985
:10925000204606F06DF898B3204606F069F80FF046
:109260001BF91D480FF0A0F91AA8FCF7E3F8B5E7C1
:109270000446C322164917480FF00EF9204606F09F
:1092800057F888B1204606F053F80FF005F9124858
:109290000FF08AF9204631B030BDCF228DE7012191
:1092A0001AA8FCF7E1FCDFE7224621460D480FF043
:1092B000F3F8ECE7224621460A480FF0EDF88AE77A
:1092C0002246214607480FF0E7F8CAE704DD05000B
:1092D000A4DD0500BCC90500DCC90500558F0400EC
:1092E00024DD050098CA0500C16180F83D20704763
:1092F000416280F83F207047016380F84220704748
:1093000070B584B0044641F60A016846FEF7EAFBF0
:1093100069462046FEF7B4FB6846FEF7D1FB2046BF
:109320000E4B40F8183B242200210EF05CFA0C4E44
:109330000C480D49E06200232364E36384F8443061
:109340001825052213232046E66184F83D5084F851
:109350004120216384F8423004B070BDE8DD05008F
:1093600078A70500C4DD0500CCDD05002DE9F0433C
:109370009BB00646FEF746FB00284AD1336A002B15
:1093800076D0736A002B7ED006F13C04C4F52858D1
:1093900008F1230806F1180506F145072B6804A813
:1093A00063B3FCF7E7FA2A68B36B08EB04019A424F
:1093B00089B2684608BF42F65021FEF793FB694622
:1093C00004A8FCF745FB6846FEF77AFB04A8FCF707
:1093D00049FB022104A8FCF749FB217804A8FCF70B
:1093E0004BFB04A8FCF790F9814648BB04A82278FF
:1093F0002968FCF7BDFB04A8FCF71CF80134BC424B
:1094000005F10405CAD14FF0000948461BB0BDE87C
:10941000F08381467222264926480FF03DF84846DF
:1094200005F086FF002837D0484605F081FF0FF091
:1094300033F821480FF0B8F848461BB0BDE8F08378
:1094400089221B491B480FF027F8484605F070FF9A
:1094500040B3484605F06CFF0FF01EF816480FF0B9
:10946000A3F804A8FBF7E6FF48461BB0BDE8F0836D
:1094700005F0DAFF04460FF05BF9736A346286F890
:109480003E00002B80D105F08FFF04460FF050F90D
:10949000746286F83F0077E74A46494607480EF06F
:1094A000FBFFC6E74A46494604480EF0F5FFD5E7FC
:1094B000F4DD0500BCC90500DCC9050098CA05003B
:1094C0000022012142700170C0E90122C281828123
:1094D000704700BF017001B1704710B504460A2003
:1094E00002F088F8606010BD037810B5044613B927
:1094F000406802F0AFFE002301226370C4E901332B
:10950000E381A381227010BD002381608281C38129
:10951000704700BF037870B504460E46D3B945685E
:10952000012363704FF47A720023B002B10D0DF085
:10953000D3FE0146284602F0D7FCB8B94FF0FF35FC
:109540002378002666701BB1606802F083FE6660B7
:10955000284670BD03220021012002F009F80546CB
:1095600060600028DCD14FF0FF35F1E7E589ADB24E
:10957000E6E700BF4078704770B58689964204469A
:109580003546806828BF154621B12A460EF007F9F6
:10959000A068A689E3892B442844761B9BB2A0606F
:1095A000A681E381284670BD406820B100231A4699
:1095B000194602F051B87047B1DF7047B2DF70470B
:1095C00008B50C48FBF7C8FA0B490A48F5F7E2FA68
:1095D00058B10A490748F5F7DDFA00B108BD074957
:1095E0000448BDE80840F5F7F1BA03490148F5F72A
:1095F000EDFAEEE7607600203CDF050050DF050065
:1096000000B587B0032304910021039005920093D5
:10961000084603AB024A05F019FD07B05DF804FBEC
:10962000D19A040010B586B00323CDE90301144696
:109630000093104603AB034A0594072105F006FD8D
:1096400006B010BD299C040070B590B08D798B7860
:109650004A7803954D7902950E79CD780D4C0E49D7
:109660000196012808BF2146009504A80FF000F8D4
:1096700004A90A48F5F702FC09490A480EF00CFF54
:1096800004A909480EF008FF08480EF08DFF10B03D
:1096900070BD00BFB8DE0500E8DE05006076002082
:1096A00018DF050014D1050020DF0500DCC9050026
:1096B0002DE9F047D0B00B785B08012B04AF0D46C5
:1096C000044690467AD9022B71D15E495E4A5F4BBF
:1096D000DFF898A101280CBF89469146494600222F
:1096E000381DF5F703FE07F168005849F5F75CFDF2
:1096F00007F1CC0603E007F16800F6F747F800220F
:10970000391D3046F6F778F8D7E93410D7E9363204
:10971000F966386797F8E010D7F8E4007B67BA6716
:10972000D7F8E83087F87C10412207F1EC01C7F840
:10973000800007F18800C7F884300EF030F807F198
:109740006800F6F74FF8044640B307F16800F5F7F4
:10975000CBFC5028CFD10246414607F16800F5F70F
:109760009FFF08F1380229465046FDF76DFC04467C
:109770000028C0D0364937480EF08EFE07F1680049
:10978000F6F736F84946024633480EF085FE334870
:109790000EF00AFF07F16800F5F7F8FF381DF5F73E
:1097A000F5FF204607F59877BD46BDE8F087002411
:1097B000204607F59877BD46BDE8F087E9468CB0AE
:1097C0008979AB786A780391697902912979019155
:1097D000234E2449E878009004AD012C08BF31469F
:1097E000284607F1CC060EF043FF18493046F5F73E
:1097F000DBFC294630460022F5F722FE044650B92C
:1098000000243046F5F7C2FF2046CD4607F598778D
:10981000BD46BDE8F0873046F5F766FC021EEFDD79
:1098200092B241463046F5F73BFF094909480EF030
:1098300033FE29460C480EF02FFE08480EF0B4FE09
:10984000DFE700BF3CDF050050DF05006076002049
:1098500018DF050014D1050084DE0500DCC9050011
:10986000B8DE0500E8DE050068DE05004087002060
:109870002DE9F041414A4249424BDFF80C81CCB01E
:1098800000AF012818BF11460022381DF5F72EFD44
:1098900007F168003B49F5F787FC03E007F1680032
:1098A000F5F774FF0022391D07F1CC00F5F7A4FF8E
:1098B000D7E93420D7E93943D7F8DC50D7F8D86056
:1098C00097F8E0C0FA663867412207F1EC0107F12A
:1098D0008800C7E91D6587F87CC0C7E920430DF003
:1098E0005EFF07F16800F5F77DFFC0B307F1680080
:1098F000F5F780FF0028D1D107F16800F5F7F4FBF8
:10990000041E07F16800C9DDF5F708FF211807F10B
:109910006800F5F7E5FE07F16800F5F7E5FB021EC4
:1099200002F107036C4623F0070392B207F16800C7
:10993000B4DDADEB030D6946F5F7B2FE07F1680043
:10994000F5F756FF054607F16800F5F703FF6A468D
:109950000346294640460EF09FFDA5469EE70A2095
:109960000EF0B2FD07F16800F5F710FF381DF5F7AE
:109970000DFF07F59877BD46BDE8F08150DF050083
:109980003CDF050060760020A0DE05002DE9F047F1
:10999000AAB0947993785678039454790294147900
:1099A0000194434D434CD278009204AF324688462E
:1099B00001280CBF29462146381D0EF059FE391DDD
:1099C00007F134003C4B0022F5F790FC07F134001E
:1099D000F5F708FF98B907F13400F5F7D7FE3749D6
:1099E00037480EF059FD37480EF056FD36480EF058
:1099F000DBFD002420469837BD46BDE8F0870446CD
:109A000007F13400F5F770FB051E08DD07F134009F
:109A1000F5F784FE291807F13400F5F761FE07F128
:109A20003400F5F761FB051E08DD07F13400F5F79A
:109A300075FE291807F13400F5F752FE07F13400DE
:109A4000F5F752FB061EC6DDF31D23F00703E946BA
:109A5000ADEB030D0DF1100AB5B251462A4607F1E0
:109A60003400F5F71DFE51462A4640460323FFF712
:109A7000A3FD28B107F13400CD46F5F787FEAEE728
:109A80000E490F480EF008FD07F13400F5F762FEAD
:109A9000F2430244391D33460C480EF0FDFC0A48DF
:109AA0000EF082FD07F13400CD46F5F76FFEA1E719
:109AB000B8DE0500E8DE05006076002018DF05004E
:109AC00014D1050050DE0500DCC9050014DE0500D8
:109AD0002DE9F041B2B092F84E5092F84A30DFF8DA
:109AE00044C1484E144692F84920039594F84D50CD
:109AF000029594F84C50019504AF94F84B500095A2
:109B0000884601280CBF3146614607F124000EF05B
:109B1000AFFD07F124013C486D46F5F73BF888B9E5
:109B200007F15400384B012207F12401F5F7DEFB61
:109B300007F15400F5F756FE50B9B837AD46BD46AB
:109B4000BDE8F08107F124012F48F5F797F9E7E721
:109B5000502107F15400F5F7F5FA5022214607F19C
:109B60005400F5F72FFA20220021381D0DF03BFE9E
:109B700041462648FFF706F9391D2022FCF774FEFE
:109B80003B799BB994F8491094F84D3094F84E20E5
:109B9000039194F84A10029194F84B10019194F8B3
:109BA0004C100091381D1A490EF062FD381D0EF060
:109BB000BFFD013084B2E1B207F15400F5F7C2FAFB
:109BC0002246391D07F15400F5F7FCF911491248F6
:109BD0000EF062FC07F15400F5F7BCFD07F124021A
:109BE0000346391D0D480EF057FC0D480EF0DCFC05
:109BF00007F15400F5F7CAFDB837AD46BD46BDE8DC
:109C0000F08100BFB8DE05006076002020870020CC
:109C1000CCDF050018DF050014D10500ECDF0500DE
:109C2000DCC90500E8DE05002DE9F047AAB004AF65
:109C300007F19804002324F8963D0D468146194605
:109C40009046032322462846FFF7B8FC7B886E46E1
:109C500023B9B5469837BD46BDE8F0870733DB0822
:109C6000A6EBC3039D460DF1100A22462846514635
:109C70000323FFF7A3FC044698B1DA225D495E484E
:109C80000EF00AFC204605F053FB002800F09D80F2
:109C9000204605F04DFB0EF0FFFB58480EF084FC0B
:109CA000D7E798F8061098F8023098F80120039149
:109CB00098F80510029198F8041001915048514904
:109CC00098F803500095B9F1010F18BF0146381DEF
:109CD0000EF0CEFC391D07F134004B4B0122F5F795
:109CE00005FB07F13400F5F77DFD0028B1D02146D2
:109CF00007F13400F5F7F4FC07F13400F5F7F4F957
:109D0000041E08DD07F13400F5F708FD211807F1FE
:109D10003400F5F7E5FC07F13400F5F7E5F9041E2A
:109D200008DD07F13400F5F7F9FC211807F13400DC
:109D3000F5F7D6FC07F13400F5F7D6F97C8882B246
:109D4000A24222D0E1B207F13400F5F7FBF9224636
:109D5000514607F13400F5F735F92C492C480EF03F
:109D60009BFB07F13400F5F7F5FC7B88DA430244EE
:109D7000391D28480EF090FB20480EF015FC07F125
:109D80003400F5F703FDB54664E7134607336D4627
:109D9000DB08A5EBC3039D4604AC214607F1340064
:109DA000F5F77EFC21467A8850460DF0E9FC90B923
:109DB000164917480EF070FB391D17480EF06CFB62
:109DC0000E480EF0F1FBAD46D9E722462146134876
:109DD0000EF062FB61E707F13400F5F7BBFC798810
:109DE000C943014407F13400F5F77AFCAD467C889D
:109DF000A8E700BF1CE00500BCC90500DCC90500E0
:109E0000E8DE0500B8DE05006076002018DF0500FA
:109E100014D1050094DF050064DF050098CA050031
:109E2000F0B40346186880F308885868FF2464B2C9
:109E3000EFF30585002D01D1A646004725460646CD
:109E400021273FBAF0B40024002500260027F0B4F3
:109E5000F92040B2004700BFF0BC704775DF704783
:109E600010B44FF010144FF448010022C0E9004133
:109E7000C0E902225DF8044B704700BF014800F0C2
:109E8000BBB900BF188E0020F8B500240B4F254643
:109E9000A1B23846FEF776FF0134064648B1FCF71A
:109EA000F5F930B13046FCF7FBF9022804BF013563
:109EB000EDB2142CECD12846F8BD00BF208700205D
:109EC000F0B52DED028B8D8834480C4699B02946AB
:109ED000FEF758FF23881A2B52D01F2B10D0102BBF
:109EE00003D019B0BDEC028BF0BD04A9FCF7F4FA65
:109EF0000028F6D004AA29462948FDF74BF9F0E7D7
:109F0000284929480EF0C8FA238907EE903AF8EE5E
:109F1000E77AB7EE048A67EE887A17EE900A0CF0BB
:109F20003BFE6389A28907EE903AF8EEE77AE3896F
:109F3000029267EE887A03EB830306465B0017EE16
:109F4000900A0F4603930CF027FE3246CDE900013C
:109F50003B4616480EF0A0FA15480EF025FB54F8C3
:109F6000080F616804AB03C32846BDF81030ADF894
:109F7000123004A9FFF772FF19B0BDEC028BF0BDDF
:109F80000646FCF785F90028ABD03046FCF782F98D
:109F90000028A6D13046FCF7B7FAA2E720870020B8
:109FA0004087002080D2050014D1050060E0050044
:109FB000DCC90500A1DF7047A3DF7047A4DF70474D
:109FC00000238383704700BF006A00F005B900BF1B
:109FD000808B70472DE9F0410B88CE88382B86B0F6
:109FE0000C4605465AD0392B26D0362B02D006B067
:109FF000BDE8F081006A00F0EFF801467148FEF715
:10A00000C1FEFCF74FF905F12408074676B9E2894D
:10A0100004F110014046FFF7AFFA2B8E33B1033F36
:10A02000BFB2E389013FBB4280F289804046FFF71F
:10A03000BBFA06B0BDE8F0810B7B012B6FD0022B81
:10A04000D5D1836B002BD2D090F83C20B1F804809E
:10A05000CE89920701F1100700F19D803246394602
:10A060002846984761894046FFF7A8FF0446002824
:10A07000BDD040F2B312544954480EF00DFA2046B8
:10A0800005F056F9002800F09780204605F050F9B9
:10A090000EF002FA4E480EF087FAA8E700F1240706
:10A0A000002E36D10A8A38463146FFF765FA94F811
:10A0B0000C80B8F1010F2CD0B8F1040F97D1286AA9
:10A0C00000F08AF801463F48FEF75CFEFCF7EAF82C
:10A0D0002B8E053880B2834228BF0346002B39D02F
:10A0E000218AE289286AAC8BADF80C600A44E96ADF
:10A0F00005918DF80C80ADF81230ADF81020ADF858
:10A100000E4000F069F803A9FFF756FF00283FF45E
:10A110006EAF3846FFF748FA06B0BDE8F081436BF2
:10A12000002B3FF464AF90F83C20CE8901F110077A
:10A13000D1071FD4324639462846984757E7286A40
:10A1400000F04AF86A8EA98BFFF734FF00287FF4ED
:10A150006DAF4CE740F20511AA8B286AADF80C10E0
:10A16000CDE90433ADF80E2000F036F803A9FFF76F
:10A1700023FFCEE703201A460090314603AB384652
:10A18000CDE90357059604F061FF00287FF42FAF57
:10A19000E6896B6BCEE703201A460090314603AB8D
:10A1A0003846CDE90357059604F050FF00287FF4A8
:10A1B00059AFAB6BE68951E72246214605480EF0C0
:10A1C0006BF967E720870020CCE00500BCC90500DB
:10A1D000DCC9050098CA05008088704710B50446A0
:10A1E0000430FFF76DF9034B2360002323752046ED
:10A1F00010BD00BF0100FFFF017D01B1704710B528
:10A2000004460430FFF766F90123237510BD00BF33
:10A21000007D70472DE9F0470B88322B0D4607462D
:10A2200034D0332B1BD0302B01D0BDE8F0874D4903
:10A230004D480EF031F969894C480EF02DF94C4823
:10A240000EF0B2F9EB880437002B5FD16B89C3B1F4
:10A2500005F10A010A223846FFF78EF911E041495B
:10A2600041480EF019F9698942480EF015F9404845
:10A270000EF09AF9EB880437002B53D16A89002A33
:10A280006CD13846BDE8F047FFF78EB935493648FE
:10A290000EF002F9698938480EF0FEF834480EF0E5
:10A2A00083F96B89002B49D00024DFF8B8A0DFF8D0
:10A2B000B890DFF8D4802646514648460EF0ECF8B8
:10A2C00006EB860305EB430331469A8940460EF0C0
:10A2D000E3F827480EF068F901346B89E4B29C4238
:10A2E0002646E9DBEA88043762BB002BC9D003EBC2
:10A2F00083025200023205F10A01384692B2FFF79A
:10A300003BF93846BDE8F047FFF74EB91549164806
:10A310000EF0C2F8E98819480EF0BEF814480EF0A5
:10A3200043F9AEE70F4910480EF0B6F8E988144833
:10A330000EF0B2F80E480EF037F9A2E7EB880437BA
:10A34000002B9ED0074908480EF0A6F8E9880D4872
:10A350000EF0A2F806480EF027F992E702EB42024F
:10A36000C7E700BFACE0050014D1050004E105001B
:10A37000DCC9050098E1050038E105001CE1050095
:10A38000B4E105007CE1050058E105008ADF704773
:10A3900030B403461F22012418628025828480F88D
:10A3A0002D4000220B4C80F82E50C0E91122826211
:10A3B000C0F8464080F82C2080F82F20028680F8D4
:10A3C00038204263C0E90F22C264A0F8502030BC9C
:10A3D000704700BFA00050002DE9F04710468AB03A
:10A3E00017460C46FDF79AFBC0B210282ED0BF6866
:10A3F00007220623D4F818A094F81C808DF80520B5
:10A400008DF80430C6084FF000091F22002102A871
:10A410000DF0E9F9B8F1010F06D8B9F1000F35D008
:10A4200000200AB0BDE8F08701AB514613F809C01F
:10A4300042460B784878DC43604503F1010522442D
:10A4400008D012F0FF022944F3D1E6E704370322D3
:10A450000223CFE7013B0231DDB2DED02A4602A85B
:10A460000DF09DF9002DD8D002AC02E013F0FF05ED
:10A47000D3D02046324639460DF082F93444AB1B26
:10A480000028F3D101200AB0BDE8F0874FF00109A0
:10A49000BBE700BF2DE9F0430B888E88103B87B0E7
:10A4A0000C4605460D2B2FD8DFE803F098072E2E1B
:10A4B0002E2E2E2E2E2E2E832E31836AF340DB0776
:10A4C00022D57348FFF7E0FCF0B9AB6A95F82C2071
:10A4D000012404FA06F623EA0606AE62A2B995F84C
:10A4E0002D308BB11F232D62AB8405F1200105F1C6
:10A4F0004400FFF74BFF0646002840F0B380654854
:10A50000FEF758FC85F82C4007B0BDE8F08390F9C1
:10A510002E2091F91B309A4230DC90F8383001F14E
:10A5200008061BB35C4F4FF0000803E05FFA82F8A7
:10A53000434519D96B6B029703EB0813D3E901105C
:10A5400002AADB6803910490314628460593FFF781
:10A5500043FF814602A8FDF7B3FA08F1010295F81E
:10A560003830B9F1000FE1D0984507D095F82F3079
:10A57000002B4CD094F82430012B56D805F1200143
:10A580000020FFF703FF04460028BDD08522434981
:10A5900043480DF081FF204604F0CAFE00285BD03E
:10A5A000204604F0C5FE0DF077FF3E480DF0FCFF9D
:10A5B000AAE70B7A012BA7D1002480F82C4035485C
:10A5C000FEF70CFC2A6C002A9ED006AB00942146B4
:10A5D00043F8104D204604F039FD95E7CB7B022B64
:10A5E00092D10122836A02FA06F633430022836283
:10A5F00080F82C2088E70139CCB2911CBED0022C07
:10A6000021D95388ADF808302A8E9A42B6D1EA6B28
:10A61000002A3FF479AF06AB012143F8106D3046B4
:10A620000091242104F012FD6EE7226A117850781F
:10A63000CC43FF2801F101072344DCD013F0FF03D2
:10A640003A44F3D19AE7224602A80DF0A8F8002C6C
:10A6500094D0BDF80830D7E72246214612480DF0C5
:10A660001BFFA2E77A2211490D480DF015FF304675
:10A6700004F05EFE28B1304604F05AFE0DF00CFFE7
:10A6800093E73246314608480DF006FF8DE700BFDC
:10A6900030870020208700201CD805006CE20500D0
:10A6A000BCC90500DCC9050098CA050048E20500E0
:10A6B00069B170B5054608460C460EF039F82B68AE
:10A6C0000246214628465B68BDE8704018470846A8
:10A6D000704700BF036802495B680222184700BF49
:10A6E000640B060038B503688A685B68096804462D
:10A6F0009847236803495B6805460222204698472D
:10A70000284438BD640B0600036870B505460C4646
:10A710005E6849B108460EF00BF82146024628460D
:10A72000B0472B685E680446284602220149B047BC
:10A73000204470BD640B0600F0B505468BB006687A
:10A740005AB93368984704462B6817495B6828460E
:10A750000222984720440BB0F0BD0AAF0B46D2B29C
:10A760000021022A07F8041D2CBF14460A241846AB
:10A77000B0FBF4F204FB1201CBB2092903F1300162
:10A780008ABF3733CBB2DBB2104607F8013D002A4F
:10A79000EED138460DF0CCFF7368024639462846A4
:10A7A00098470446D0E700BF640B0600F0B50446A6
:10A7B0008BB00F460568002A44D00A2A26D100290A
:10A7C00045DB0AAE0023334806F8043D0B46A0FBE8
:10A7D0000312D20802EB8201A3EB4103303306F8E7
:10A7E000013D1346002AF2D130460DF0A1FF31465B
:10A7F00002466B68204698470646236826495B68F0
:10A8000020460222984730440BB0F0BD0AAED2B2C7
:10A810000023022A06F8043D2CBF10460A200A46EF
:10A82000B2FBF0F100FB1127FBB2092F03F1300757
:10A830008ABF3733FBB2DBB20A4606F8013D002976
:10A84000EED1D1E72B68C9B298470646D5E72B6809
:10A850002D2198470AAD002306460E4805F8043D11
:10A860007B42A0FB0321C90801EB8102A3EB420359
:10A87000303305F8013D0B460029F2D128460DF092
:10A8800057FF2368024629465B68204698470644DE
:10A89000B3E700BFCDCCCCCC640B0600F0B50546C9
:10A8A0008BB0066862B93368C9B2984704462B6812
:10A8B00015495B6828460222984720440BB0F0BD3A
:10A8C0000AACD2B20023022A04F8043D2CBF104681
:10A8D0000A20B1FBF0F200FB1217FBB2092F03F1C3
:10A8E00030078ABF3733FBB2DBB2114604F8013DB3
:10A8F000002AEED120460DF01BFF21460246736868
:10A90000284698470446D2E7640B06000EB430B5DB
:10A91000C2B045A9054651F8042B01910B4602A887
:10A920004FF480710EF004F82B68044602A95B68AE
:10A93000284622469847204642B0BDE8304003B042
:10A94000704700BF2DE9F84FDDF82880002947D077
:10A95000002A29D09946144605463CDDB8F1000F7F
:10A9600025D0DFF89CB0DFF894A08F18002608E00F
:10A97000013617F8012D51462846FFF7C7FFB442AC
:10A9800029D04946284646B12B681B68984796FB54
:10A99000F8F308FB1363002BEAD12B6802225B68F3
:10A9A000594628469847E3E71046BDE8F88F134E0E
:10A9B0008F18B8F1000F16D02B6849461B6828463F
:10A9C000984708F1010817F8012D31462846FFF78E
:10A9D0009DFF4445EDD104EB4404601EBDE8F88FB3
:10A9E0000846BDE8F88F17F8012D31462846FFF7D5
:10A9F0008DFF012CEFD04FF00108DDE7E0DE050010
:10AA0000640B06002DE9F0477C4F3D6806460C4676
:10AA1000904675B1252E09D828F48073032BC8F30E
:10AA2000002224D0042B59D0022B3BD00020BDE8BB
:10AA3000F0872946202272480CF0D5FE714A7249EF
:10AA4000724B0D604FF0FF30C2E9000040224D60B4
:10AA5000C3F88020BFF34F8FBFF36F8F6021C3F81F
:10AA6000802183F806131A6001233B60D2E74FF47C
:10AA70000037674B634853F8265090F900102B02BB
:10AA800003F47C5343F001038D4243EA07030CD0E7
:10AA900090F90160B54224D090F90270BD4222D1F4
:10AAA000022603E04FF44037E3E70026B10001F14E
:10AAB000804101F5C0418555D1F81005504F524DE8
:10AAC00047F8264020F0031020F47C500343012077
:10AAD000AA55C1F81035B040BDE8F0874FF4803773
:10AAE000C7E70126E2E790F903C0654549D090F930
:10AAF00004E075455BD090F9058045456DD090F92F
:10AB000006904D4577D090F907A0AA4501D10726B8
:10AB1000CCE7013123D13F49D1F8101589071ED167
:10AB20000026B10001F1804101F5C0418555D1F801
:10AB30001005334F344D47F8264020F0031020F421
:10AB40007C500343C1F810350023C1F800310120C7
:10AB5000304BAA55B040C3F80403BDE8F087013676
:10AB600006D12C49D1F81415890701D10126D8E75F
:10AB7000013708D12749D1F818158F0703D10226CC
:10AB8000CFE7032692E7BCF1FF3F06D12149D1F878
:10AB90001C158E0701D10326C3E7BEF1FF3F08D184
:10ABA0001C49D1F82015890703D10426B9E70426EA
:10ABB0007CE7B8F1FF3F06D11649D1F824158F077D
:10ABC00001D10526ADE7B9F1FF3F08D11149D1F810
:10ABD00028158E0703D10626A3E7052666E7BAF1F6
:10ABE000FF3F7FF423AF0B49D1F82C1589077FF481
:10ABF0001DAF072695E7062658E700BFE48E002024
:10AC0000BC8E0020DC8E0020B48E002000E100E02D
:10AC100068C8050000600040252825D8264A274B33
:10AC200052F8202093F900108A4238D093F901108D
:10AC30008A4236D093F902108A4234D093F9031035
:10AC40008A4232D093F904108A4230D093F9051029
:10AC50008A422ED093F906108A4206D093F9071043
:10AC6000914208BF072101D07047062170B401202E
:10AC7000134E144C144D8840C6F808038A00002077
:10AC800002F1804244F82100FF2402F5C0425C54E6
:10AC90006854C2F8100570BCC2F80001704700216A
:10ACA000E4E70121E2E70221E0E70321DEE70421F6
:10ACB000DCE70521DAE700BF68C80500DC8E00206C
:10ACC00000600040BC8E0020B48E00202DE9F043CF
:10ACD0001B4B1C4FD3F80463DFF86C80DFF86C90DB
:10ACE00085B000240123A200A34002F18045334235
:10ACF00005F5C0450FD0D5F8003163B1E3570133F6
:10AD000006D052F808201AB114F809307BB99047E0
:10AD10000023C5F800310134082CE3D1BFF34F8F75
:10AD200000BF00BF00BF00BF05B0BDE8F08304ABAB
:10AD3000002143F8041D0846009104F087F9E7E775
:10AD400000600040DC8E0020BC8E0020B48E00200D
:10AD5000F8B500250446C0E90055856091B1084664
:10AD60000E460DF0E5FC0746411C284600F094FB1A
:10AD700050B1A368C4E9000703B90370A760314666
:10AD80000DF0BCFC2046F8BD206808B100F06EFB59
:10AD900000232360C4E901332046F8BD70B50446A2
:10ADA0008C424FF00000C4E90000A06001D00D68A3
:10ADB0000DB9204670BD8E68711C00F06DFB50B15E
:10ADC000A368C4E9000603B90370A66029460DF024
:10ADD00095FC204670BD206808B100F047FB0023B9
:10ADE0002360C4E90133204670BD00BF30B504467E
:10ADF00085B000230846C4E90033A36001A903F02D
:10AE0000FFF901A80DF094FC0546206810B16368B5
:10AE10009D4209D9691C00F03FFB60B1A368C4E9F9
:10AE200000050BB903702068A56001A90DF066FC50
:10AE3000204605B030BD206808B100F017FB0023A4
:10AE400020462360C4E9013305B030BD30B5044667
:10AE50008BB000230846C4E90033A36001A903F0C6
:10AE600087F901A80DF064FC0546206810B16368FD
:10AE70009D4209D9691C00F00FFB60B1A368C4E9C9
:10AE800000050BB903702068A56001A90DF036FC20
:10AE900020460BB030BD206808B100F0E7FA00236F
:10AEA00020462360C4E901330BB030BD30B5044601
:10AEB0008BB000230846C4E90033A36001A903F066
:10AEC0009FF901A80DF034FC0546206810B16368B5
:10AED0009D4209D9691C00F0DFFA60B1A368C4E99A
:10AEE00000050BB903702068A56001A90DF006FCF0
:10AEF00020460BB030BD206808B100F0B7FA00233F
:10AF000020462360C4E901330BB030BD70B5002387
:10AF10008AB0C0E900338360044610EE100A0E4682
:10AF20008D1C0BF039FE6DB241EC100B01AA3146BD
:10AF3000284600F043FA50B9206808B100F096FAAC
:10AF4000002320462360C4E901330AB070BD0646E1
:10AF50000DF0EEFB0546206810B163689D420AD9EA
:10AF6000691C00F099FA0028E6D0A368C4E900053E
:10AF70000BB903702068A56031460DF0BFFB204679
:10AF80000AB070BD10B50446006800F06FFA2046A4
:10AF900010BD00BF38B5036813B142688A420BD2B6
:10AFA0000D4604460131184600F076FA28B1A36830
:10AFB000C4E9000503B90370012038BD884270B5AB
:10AFC000044609D00D68006845B908B100F04EFA92
:10AFD0000023C4E901332360204670BD8E6810B1A0
:10AFE00063689E4209D9711C00F056FA58B1A368F3
:10AFF000C4E900060BB903702068A66029460DF06D
:10B000007DFB204670BD20680028DFD1E0E700BF4F
:10B01000884238B5044612D000688B680D4628B1C6
:10B0200062689A420DD200F021FAAB68D5E900219E
:10B0300022600022C4E90113C5E90022AA6020466B
:10B0400038BD09680DF05AFBAB68A3600023AB6004
:10B05000204638BDF8B50446056849B915B12846FB
:10B0600000F004FA00232360C4E901332046F8BD50
:10B0700008460E460DF05CFB074615B16368984222
:10B080000BD92846791C00F007FA054660B1A36881
:10B09000C4E900070BB903702568A760314628464C
:10B0A0000DF02CFB2046F8BD20680028DAD000F017
:10B0B000DDF9D7E730B5836883B0044600688DF8C2
:10B0C000041000225D1C8DF8052010B162689542C5
:10B0D0000AD9991C00F0E0F960B1A368C4E9000541
:10B0E00013B903702068A368184401A90DF006FB8A
:10B0F000A560012003B030BD70B50E6804461EB1D6
:10B100008D685DB9204670BD206808B100F0AEF9C9
:10B1100000232360C4E90133204670BD82680068C3
:10B12000154410B163689D420BD9691C00F0B4F955
:10B130000028E9D0A268C4E9000512B902702068AD
:10B14000A268314610440DF0D9FAA560DAE700BFD5
:10B1500070B5044631B108460D460DF0E9FA58B90C
:10B16000204670BD206808B100F080F900232360FC
:10B17000C4E90133204670BDA2682368861813B164
:10B1800061688E420DD91846711C00F085F903469E
:10B190000028E7D0A268C4E9000612B9027023684B
:10B1A000A268294698180DF0A9FAA660D8E700BF52
:10B1B00030B50B4683B0044601A918460A2202F0B6
:10B1C000D7FF01A80DF0B4FA10B9204603B030BD86
:10B1D000A2682368851813B161688D420CD918469E
:10B1E000691C00F059F9034670B1A268C4E9000572
:10B1F00012B902702368A26801A998180DF07EFAAE
:10B200002046A56003B030BD206808B100F02EF9DB
:10B21000002320462360C4E9013303B030BD00BFE2
:10B2200030B50B4685B00446694618460A2202F03E
:10B230009FFF68460DF07CFA10B9204605B030BD7E
:10B24000A2682368851813B161688D420CD918462D
:10B25000691C00F021F9034670B1A268C4E9000539
:10B2600012B902702368A268694698180DF046FA70
:10B270002046A56005B030BD206808B100F0F6F8A2
:10B28000002320462360C4E9013305B030BD00BF70
:10B2900070B5044686B010EE100A0BF07DFC01AAD2
:10B2A00041EC100B0221042000F088F806460DF056
:10B2B0003FFA10B9204606B070BDA2682368851811
:10B2C00013B161688D420CD91846691C00F0E4F88E
:10B2D000034660B1A268C4E9000512B90270236890
:10B2E000A268314698180DF009FAA560E2E72068D7
:10B2F00008B100F0BBF8002320462360C4E9013305
:10B3000006B070BD9A422DE9F84317461E46044622
:10B31000884601D816461F460025C4E90055A56099
:10B320002846012100F0B8F808B3C4E90005A5607B
:10B330000570D8F80820B24216D9974228BF1746A0
:10B34000D8F800300022DD5DDA55D8F80000861903
:10B3500016D1206808B100F089F80023C4E9013350
:10B360002360D8F80030DD552046BDE8F88320681A
:10B3700008B100F07BF800232360C4E90133D8E76B
:10B3800030460DF0D5F98146206810B163689945C3
:10B390000BD909F1010100F07FF80028D9D0A3688A
:10B3A000C4E900090BB903702068C4F8089031465D
:10B3B0000DF0A4F9D5E700BFFEE700BF10B588B0D7
:10B3C0000B4614468DED000B0749024603A80DF00D
:10B3D0004FF99DED000B03A953EC102B20460DF007
:10B3E00047F9204608B010BD88E2050008B501F015
:10B3F0008BFC4FF47A72A0FB0223900A40EA835040
:10B4000008BD00BF014638B54FF47A7200238002B0
:10B41000890D0BF061FF054601F076FC0446DAF772
:10B4200057FF01F071FC001B854200D838BD281A77
:10B43000BDE8384001F094BD10B5044602F002F8B2
:10B44000022804D02046BDE810400CF077B901F086
:10B4500053FC20460CF072F9044601F0FBFC0CB1E1
:10B46000204610BD03F0C4FCFAE700BF10B5044647
:10B4700001F0E8FF02280AD144B101F03DFC20466A
:10B480000CF064F9BDE8104001F0E4BC10BD2046AA
:10B49000BDE810400CF05AB938B504460D4601F02D
:10B4A000D1FF022805D029462046BDE838400DF0DE
:10B4B00083B801F021FC204629460DF07DF80446B2
:10B4C00001F0C8FC0CB1204638BD03F091FCFAE74E
:10B4D00010B5044601F010FC20460CF02FF904468C
:10B4E00001F0B8FC0CB1204610BD03F081FC2046F1
:10B4F00010BD00BF50B110B5044601F0FDFB204661
:10B500000CF024F9BDE8104001F0A4BC704700BF66
:10B5100038B51C469DF8105043B3002908BF1A46A1
:10B520000123C4E90F01226084F8463002F088FC50
:10B53000D4E90F132268A26001FB03F1CB1A134474
:10B5400000200A44FF21A063E36084F84410626095
:10B5500084F8451004F1100004F07AFA04F1240094
:10B5600004F076FA02F076FC84F84C50204638BDA0
:10B57000F8B5074615460E4669B100FB01F050309C
:10B58000FFF7A6FF044690B3002200F1500380F8B5
:10B590004620036007E05020FFF79AFF044630B3CF
:10B5A00084F846602460C4E90F7602F049FCD4E9CF
:10B5B0000F132268A26001FB03F1CB1A1344002091
:10B5C0000A44FF21A063E36084F84410626084F8B9
:10B5D000451004F1100004F03BFA04F1240004F0DB
:10B5E00037FA02F037FC84F84C502046F8BD0024AE
:10B5F0002046F8BDF8B5074650200D46FFF768FF16
:10B60000044630B30026206080F846600664C763B5
:10B6100002F016FCD4E90F322168A66303FB02F3A3
:10B620009A1A0A440B44FF26C4E90131E26084F807
:10B63000446004F1100084F8456004F009FA04F154
:10B64000240004F005FA02F005FC0223A56384F847
:10B650004C302046F8BD00BF2DE9F04F044685B0C0
:10B660001D460192884602F0EBFBA26BE36BA84FEC
:10B670004FF000099A424E46C0F08B80022D00F038
:10B6800006810198002800F03081B9F1000F00F028
:10B69000958002F0DFFB01F02FFB02F0D1FB94F864
:10B6A0004430FF2B08BF84F8446094F84530FF2BEA
:10B6B00008BF84F8456002F0CDFB01A902A801F0A3
:10B6C00063FE002840F0188102F0BAFBA26BE36B26
:10B6D0009A4277D002F0BEFB02F0B2FB94F84530FC
:10B6E0004FFA83FABAF1000F1ADD636AC3B104F1AD
:10B6F000240907E00AF1FF33DBB24FFA83FA7BB18A
:10B70000636A6BB1484601F0D3FD0028F2D001F026
:10B7100073FE0AF1FF33DBB24FFA83FA002BEFD14D
:10B72000FF2384F8453002F095FB02F089FB94F882
:10B7300044304FFA83FABAF1000F1ADD2369C3B11E
:10B7400004F1100907E00AF1FF33DBB24FFA83FA84
:10B750007BB123696BB1484601F0AAFD0028F2D005
:10B7600001F04AFE0AF1FF33DBB24FFA83FA002BF5
:10B77000EFD1FF2384F8443002F06CFB01F06AFB48
:10B7800002F05EFBA26BE36B9A424FF00109BFF43B
:10B7900075AF226CA66B002A40F0FC80256801364C
:10B7A000002D00F01881A663636A002B40F08C80A6
:10B7B00002F050FB012005B0BDE8F08F02A801F0B7
:10B7C000D7FD66E704F1100902F044FB48460199F1
:10B7D00001F0F2FC02F034FB94F845A04FFA8AFA2B
:10B7E000BAF1000F1CDD636AD3B104F1240B08E049
:10B7F0000AF1FF3A5FFA8AF34FFA83FA83B1636A78
:10B8000073B1584601F054FD0028F1D00AF1FF3A17
:10B8100001F0F2FD5FFA8AF34FFA83FA002BEED1C2
:10B82000FF2384F8453002F015FB02F009FB94F881
:10B8300044304FFA83FABAF1000F06DC15E00AF142
:10B84000FF33DBB24FFA83FA7BB123696BB1484611
:10B8500001F02EFD0028F2D001F0CEFD0AF1FF33F9
:10B86000DBB24FFA83FA002BEFD1FF2384F8443088
:10B8700002F0F0FA01F0EEFA002881D14FF0805387
:10B880007B6040BFBFF34F8FBFF36F8F78E7226CB1
:10B89000A66B002A82D04146E0680BF080FF236C43
:10B8A000E26821685B421A448A42E26080F0898043
:10B8B00062681344E360022D00F083800136A663C2
:10B8C000636A002B3FF474AF04F1240001F0F0FC34
:10B8D00000283FF46DAF0E4B4FF080525A6040BFCE
:10B8E000BFF34F8FBFF36F8F62E7009002F0B2FAA1
:10B8F000009805B0BDE8F08F02F0A2FA94F8455028
:10B900006DB2002D18DD636AB3B104F1240607E0BF
:10B9100000ED00E0013DEBB25DB26BB1636A5BB17B
:10B92000304601F0C5FC0028F4D0013D01F064FD73
:10B93000EBB25DB2002BF1D1FF2384F8453002F069
:10B9400089FA02F07DFA94F844506DB2002D16DDAC
:10B950002369A3B104F1100605E0013DEBB25DB22D
:10B960006BB123695BB1304601F0A2FC0028F4D032
:10B97000013D01F041FDEBB25DB2002BF1D1FF239F
:10B9800084F8443002F066FA01F064FA002005B051
:10B99000BDE8F08F41465DBBA0680BF000FFA368D7
:10B9A000216C62680B44934206F10106A360FFF428
:10B9B000FAAEA663636A2268A260002B3FF4F8AE79
:10B9C00082E7002E7FF4EFAE0123A363636A002BAE
:10B9D0003FF4EEAE78E7606801F086FDA663636A27
:10B9E0006560002B7FF470AF00287FF474AFDFE652
:10B9F000E0680BF0D4FE236CE26821685B421A44D5
:10BA00008A42E260BFF457AF52E700BFF8B50C4678
:10BA100079B300250123216081F84630C1E90F3553
:10BA2000064602F00DFAD4E90F322168A56303FB44
:10BA300002F39A1A0A440B44FF27C4E90131E26079
:10BA400084F8447004F1100084F8457004F000F8A4
:10BA500004F1240003F0FCFF02F0FCF9C4E90055F6
:10BA6000E56084F84C602B462A4629462046FFF7BD
:10BA7000F3FD2046F8BD00BF2DE9F0418C4682B0B1
:10BA800004461746EFF31186402282F31188806B3B
:10BA9000E26B904221D3022B05D0002086F311885F
:10BAA00002B0BDE8F08194F84550226CD4F838809B
:10BAB0006DB252BB236808F10108002B4FD06B1CFC
:10BAC000C4F8388037D001356DB284F84550012074
:10BAD00086F3118802B0BDE8F08194F84550226CDD
:10BAE000D4F838806DB2002AE4D073B9A0680BF0A6
:10BAF00056FEA368216C62680B44934208F101086A
:10BB0000A360DCD32368A360D9E76146E0680193B2
:10BB10000BF045FE206CE2682168019B4042024424
:10BB20008A42E26002D262681044E060022B10D0C8
:10BB300008F10108C3E7636A002BC8D004F12400B0
:10BB400001F0B6FB0028C2D0002FC0D00120386021
:10BB5000A4E7B8F1000F08BF4FF00108AFE7606835
:10BB6000019301F0C1FC019B6360A8E738B5EFF3D6
:10BB70001184402383F31188826BC36B93420ED9E7
:10BB800090F8453001325BB282635A1C0BD001330E
:10BB90005BB280F84530012084F3118838BD002065
:10BBA00084F3118838BD436A002BF4D024300D464D
:10BBB00001F07EFB0028EED0002DECD001202860A3
:10BBC000EAE700BF2DE9F047044684B088460192B9
:10BBD00002F036F9D4F83890B9F1000F40F09380B4
:10BBE000019B002B00F00A8102A801F0C1FBB34FBA
:10BBF0004E4604F1240502F02DF901F07DF802F023
:10BC00001FF994F84430FF2B08BF84F8446094F87F
:10BC10004530FF2B08BF84F8456002F01BF901A9ED
:10BC200002A801F0B1FB002840F0878002F008F97B
:10BC3000A36B002B40F0E88002F00CF90199284634
:10BC400001F0BAFA02F0FCF894F845304FFA83F9A3
:10BC5000B9F1000F06DC15E009F1FF33DBB24FFA52
:10BC600083F97BB1636A6BB1284601F021FB0028A0
:10BC7000F2D001F0C1FB09F1FF33DBB24FFA83F9D7
:10BC8000002BEFD1FF2384F8453002F0E3F802F0F7
:10BC9000D7F894F844304FFA83FABAF1000F1ADD5E
:10BCA0002369C3B104F1100907E00AF1FF33DBB2E5
:10BCB0004FFA83FA7BB123696BB1484601F0F8FA79
:10BCC0000028F2D001F098FB0AF1FF33DBB24FFA03
:10BCD00083FA002BEFD1FF2384F8443002F0BAF846
:10BCE00001F0B8F800287ED14FF080537B6040BF50
:10BCF000BFF34F8FBFF36F8F02F0A2F8D4F83890E4
:10BD0000B9F1000F76D0226C52B1E168636811443A
:10BD10009942E16024BF2168E16040460BF03FFD9D
:10BD200009F1FF33A3632369002B40F0C98002F0BF
:10BD300091F8012004B0BDE8F08702F081F894F892
:10BD400045304FFA83F9B9F1000F06DC15E009F12F
:10BD5000FF33DBB24FFA83F97BB1636A6BB12846DC
:10BD600001F0A6FA0028F2D001F046FB09F1FF33FA
:10BD7000DBB24FFA83F9002BEFD1FF2384F8453073
:10BD800002F068F802F05CF894F844304FFA83FA55
:10BD9000BAF1000F1ADD2369C3B104F1100907E0FD
:10BDA0000AF1FF33DBB24FFA83FA7BB123696BB13F
:10BDB000484601F07DFA0028F2D001F01DFB0AF19F
:10BDC000FF33DBB24FFA83FA002BEFD1FF2384F865
:10BDD000443002F03FF801F03DF802F031F8A36B77
:10BDE00063B102F037F802F02BF8D4F83890B9F1CB
:10BDF000000F88D1019B002B7FF4FDAE02F02AF8E2
:10BE0000002004B0BDE8F08702F024F802F018F832
:10BE100094F845304FFA83F9B9F1000F06DC15E0CC
:10BE200009F1FF33DBB24FFA83F97BB1636A6BB17F
:10BE3000284601F03DFA0028F2D001F0DDFA09F1C0
:10BE4000FF33DBB24FFA83F9002BEFD1FF2384F8E5
:10BE5000453001F0FFFF01F0F3FF94F844304FFA52
:10BE600083FABAF1000F1ADD2369C3B104F1100996
:10BE700007E00AF1FF33DBB24FFA83FA7BB12369A3
:10BE80006BB1484601F014FA0028F2D001F0B4FA80
:10BE90000AF1FF33DBB24FFA83FA002BEFD1FF2315
:10BEA00084F8443001F0D6FF00F0D4FF01F0C8FF61
:10BEB000D4F83890B9F1000F9CD024E700ED00E0F1
:10BEC00004F1100001F0F4F900283FF430AF054B05
:10BED0004FF080525A6040BFBFF34F8FBFF36F8F58
:10BEE00025E700BF00ED00E02DE9F043044685B0F2
:10BEF0000026019101F0A4FFA36BB24FB046354676
:10BF0000002B40F0F380019B002B00F05D81B8F125
:10BF1000000F00F0FC8001F09DFF00F0EDFE01F04D
:10BF20008FFF94F84430FF2B08BF84F8445094F8F6
:10BF30004530FF2B08BF84F8455001F08BFF01A965
:10BF400002A801F021FA00286CD101F079FFA36B5F
:10BF5000002B40F0E08001F07DFF2368002B00F013
:10BF60003C8104F124094846019901F025F901F0CA
:10BF700067FF94F845304FFA83F8B8F1000F06DCFC
:10BF800015E008F1FF33DBB24FFA83F87BB1636A47
:10BF90006BB1484601F08CF90028F2D001F02CFA80
:10BFA00008F1FF33DBB24FFA83F8002BEFD1FF2308
:10BFB00084F8453001F04EFF01F042FF94F8443020
:10BFC0004FFA83F8B8F1000F1ADD2369C3B104F109
:10BFD000100907E008F1FF33DBB24FFA83F87BB1B9
:10BFE00023696BB1484601F063F90028F2D001F0F3
:10BFF00003FA08F1FF33DBB24FFA83F8002BEFD1DD
:10C00000FF2384F8443001F025FF00F023FF0028CF
:10C0100064D14FF080537B6040BFBFF34F8FBFF3BD
:10C020006F8F5BE001F00CFF94F845304FFA83F816
:10C03000B8F1000F1ADD636AC3B104F1240907E007
:10C0400008F1FF33DBB24FFA83F87BB1636A6BB15F
:10C05000484601F02DF90028F2D001F0CDF908F1A1
:10C06000FF33DBB24FFA83F8002BEFD1FF2384F8C4
:10C07000453001F0EFFE01F0E3FE94F844304FFA52
:10C0800083F8B8F1000F1ADD2369C3B104F1100978
:10C0900007E008F1FF33DBB24FFA83F87BB1236985
:10C0A0006BB1484601F004F90028F2D001F0A4F980
:10C0B00008F1FF33DBB24FFA83F8002BEFD1FF23F7
:10C0C00084F8443001F0C6FE00F0C4FE01F0B8FE72
:10C0D000A36B002B00F08A8001F0BCFE01F0B0FEE3
:10C0E000A36B4FF00108002B3FF40DAF2268013B1A
:10C0F000A363002A00F09E802369002B40F0898012
:10C1000001F0A8FE0126304605B0BDE8F08302A884
:10C1100001F02EF9FFE601F09DFE01F091FE94F88A
:10C1200045304FFA83F8B8F1000F1ADD636AC3B1E6
:10C1300004F1240907E008F1FF33DBB24FFA83F87A
:10C140007BB1636A6BB1484601F0B2F80028F2D0C7
:10C1500001F052F908F1FF33DBB24FFA83F8002BFC
:10C16000EFD1FF2384F8453001F074FE01F068FE42
:10C1700094F844304FFA83F8B8F1000F1ADD2369C0
:10C18000C3B104F1100907E008F1FF33DBB24FFA45
:10C1900083F87BB123696BB1484601F089F8002828
:10C1A000F2D001F029F908F1FF33DBB24FFA83F83E
:10C1B000002BEFD1FF2384F8443001F04BFE00F058
:10C1C00049FE8BE700ED00E0009301F043FE009B89
:10C1D0001E46304605B0BDE8F08301F031FE6068D0
:10C1E00001F040F9064601F035FEBAE601F032FEF4
:10C1F000002E88D001F024FE616A19B1236B196802
:10C20000C1F10501606801F09BF9002601F022FEF2
:10C2100079E704F1100001F04BF800283FF470AF0B
:10C22000064B4FF080525A6040BFBFF34F8FBFF3B1
:10C230006F8F65E701F0BAF960605DE700ED00E03F
:10C2400010B5044601F0FCFDA46B01F003FE20468E
:10C2500010BD00BF104B5A68904208D0DA68904277
:10C2600008BF012204D090F8463093B170470022F5
:10C27000002110B403EBC20443F8321090F84630AA
:10C28000616013B15DF8044B70475DF8044BFFF734
:10C2900031B9FFF72FB900BFE09C0020074B1A68A7
:10C2A0001AB19A6802B17047012210B403EBC204BC
:10C2B00043F8321060605DF8044B7047E09C00204A
:10C2C00070B505460C46164601F0BAFD95F84430A7
:10C2D000FF2B04BF002385F8443095F84530FF2B31
:10C2E00004BF002385F8453001F0B4FDAB6B2BB9DA
:10C2F0003246214605F1240000F09AFF01F0A0FD2E
:10C3000095F8454064B2002C16DD6B6AA3B105F1C7
:10C31000240605E0013CE3B25CB26BB16B6A5BB131
:10C32000304600F0C5FF0028F4D0013C01F064F86D
:10C33000E3B25CB2002BF1D1FF2385F8453001F068
:10C3400089FD01F07DFD95F8444064B2002C16DDB6
:10C350002B69A3B105F1100605E0013CE3B25CB224
:10C360006BB12B695BB1304600F0A2FF0028F4D01E
:10C37000013C01F041F8E3B25CB2002BF1D1FF23A4
:10C3800085F84430BDE8704001F064BDF8B505465D
:10C3900025301646002914BF0F460127FFF798F8ED
:10C3A000044670B1242200210BF01DFA013504F17E
:10C3B0002403C4E90257A3611EB1237F43F00103A4
:10C3C00023772046F8BD00BF2DE9F0438946017F61
:10C3D00087B01746CA07054601934CBF3E1D3E462F
:10C3E00083B9AB682C686A681C44013CA41AA34258
:10C3F00000D8E41A0397002C33D10024204607B05C
:10C40000BDE8F08304A800F0A1FF4FF0000814E09D
:10C4100001F064FA01F010F8686101F01BFD0022E0
:10C420004FF0FF311046019B01F02CF9C5F8148044
:10C4300001A904A800F0A8FF80B901F001FDAB68D4
:10C440002C686A681C44013CA41AA34298BFE41AF1
:10C45000A6424FF00000DBD801F0FCFC002CC0D05D
:10C4600003972B7FDB0735D4BC4228BF3C46AF681F
:10C4700003946E68A869BF1BA74228BF27463A46A7
:10C48000304449460BF08BF9BC423CD8AA6826449C
:10C49000964228BFB61A6E60002CAED06B68296831
:10C4A00013445B1A934228BF9B1AEA689A42A5D8A4
:10C4B00000F022FC2B693BB100231A46194628697B
:10C4C00001F054F900232B6100F0C4FC204607B0B2
:10C4D000BDE8F083A64290D86C68AE68A869361BA8
:10C4E000042E374628BF04273A46204403A90BF000
:10C4F00056F9032E0ED9AF68231DBB4228BFDB1BA4
:10C50000039C6B60B5E709EB0701E21BA8690BF020
:10C5100046F9BBE703ABD919C7F10402A8690BF0D0
:10C520003EF9E8E72DE9F04F8846017F11F0010F51
:10C5300087B0054617460CBF0026042673B98368EA
:10C5400044682A681C44A41AA34298BFE41AB4425F
:10C5500013D80024204607B0BDE8F08F994601F0BB
:10C560006FFCAB686C682A681C44A41AA34298BF8D
:10C57000E41AA64256D201F06DFC5EBB0597BC42A0
:10C5800028BF3C46002CE4D02E68AF68A969BF1BC9
:10C59000A74228BF27463A46314440460BF0FFF8F1
:10C5A000BC4253D8AB6826449E4228BFF61A2E6080
:10C5B00000F0A2FB6B693BB100231A46194668697B
:10C5C00001F0D4F800236B6100F044FC204607B072
:10C5D000BDE8F08F2B680293D5F800B0AB68A9696D
:10C5E0000391A642A3EB0B0AB14628BFA146CA4558
:10C5F00028BFCA465246594405A801930BF0CFF80C
:10C60000D145019B29D809EB0B02934298BFD21A5E
:10C61000059B2A609F4202D2029B2B6099E7A41BD4
:10C620001F46ACE7002001F059F900F005FF286132
:10C6300001F010FC00224B4610464FF0FF3101F094
:10C6400021F800232B616C68AB687AE708EB0700E0
:10C65000E21BA9690BF0A3F8A4E705AB03EB0A0002
:10C660000399A9EB0A020BF09AF8019BCBE700BFF4
:10C670002DE9F041044601F0E3FB344A344D1368E0
:10C68000013313602B68002B2FD0324EE36A3268DF
:10C690002AB33148314907680A689F4238BF0360AE
:10C6A0002F48013203EB83030A6000EB8300E2634F
:10C6B000211D03F0DDF901F0CDFB33686BB12A6871
:10C6C000E36AD26A9A4208D2264B4FF080525A60EF
:10C6D00040BFBFF34F8FBFF36F8FBDE8F0812A6873
:10C6E000D26A9A4298BF2C60D3E72C601368012B62
:10C6F00002D0E36A174ECCE71948DFF894801A4F4E
:10C70000144E03F0A5F9194803F0A2F9184803F0F4
:10C710009FF9184803F09CF9174803F099F940462F
:10C7200003F096F9384603F093F9144803F090F9B2
:10C73000134803F08DF9134803F08AF9124B134A9A
:10C74000C2F800801F60E36AA3E700BF588F002093
:10C75000E88E0020B88F00206C8F0020688F0020AA
:10C76000F48E002000ED00E0848F0020088F002070
:10C770001C8F0020308F0020448F0020A48F0020C9
:10C78000D08F0020BC8F0020F08E0020EC8E002087
:10C79000708F00202DE9F843DDE90964002C60D09A
:10C7A00016B93046BDE8F8830D4697009846022337
:10C7B0003A4684F85130814626633046A5210BF075
:10C7C00012F82A78236B84F83420043F2A781F4417
:10C7D00027F0070702B36B7884F835306B78DBB14C
:10C7E000AB7884F83630AB78B3B1EB7884F8373077
:10C7F000EB788BB12B7984F838302B7963B16B7976
:10C8000084F839306B793BB1AB7984F83A30AB7945
:10C8100013B1EB7984F83B30089D042D28BF042523
:10C820000026E5626564201D84F83B60A66403F081
:10C830001BF9C5F1050504F1180003F015F9E664CC
:10C8400042464946A561246184F8506064623846D6
:10C8500001F0BAFA20602046FFF70AFF2046BDE843
:10C86000F8832046BDE8F8832DE9F047960080461E
:10C8700030460D469946099FFEF72AFE002869D0EA
:10C8800082465420FEF724FE044600285BD0002395
:10C89000C0F830A03246504684F85130A5210AF045
:10C8A000A2FF2A78236B84F83420043E2A781E44A1
:10C8B00026F0070A02B36B7884F835306B78DBB169
:10C8C000AB7884F83630AB78B3B1EB7884F8373096
:10C8D000EB788BB12B7984F838302B7963B16B7995
:10C8E00084F839306B793BB1AB7984F83A30AB7965
:10C8F00013B1EB7984F83B30089D042D28BF042543
:10C900000026E5626564201D84F83B60A66403F0A0
:10C91000ABF8C5F1050504F1180003F0A5F8E664CD
:10C92000A561246184F8506064624A4641465046DD
:10C9300001F04AFA206007B13C602046FFF798FEFC
:10C940000120BDE8F0875046FEF7D4FD4FF0FF30E0
:10C95000BDE8F0874FF0FF30F3E700BF70B5044645
:10C960002D4D01F06DFA002C46D0261D304603F007
:10C97000A9F8A36A1BB104F1180003F0A3F8274A31
:10C9800029681368A14203F1010313602BD0244AE4
:10C9900094F851101368013B136091B1012937D00D
:10C9A000204B1A681268BAB91F4B4FF0FF321A6059
:10C9B00001F050FA1D4B1B6813B12B68A3421DD028
:10C9C00070BD206BFEF796FD2046FEF793FD154BDC
:10C9D0001A681268002AE7D01A68134BD268D26826
:10C9E00052681A60E4E73146114803F041F8114AF1
:10C9F000136801331360DBE72C68B6E70E4B4FF08A
:10CA000080525A6040BFBFF34F8FBFF36F8F70BD2E
:10CA10002046FEF76FFDC3E7E88E0020688F0020F8
:10CA2000588F0020EC8E00209C8F0020B88F0020B3
:10CA3000D08F00205C8F002000ED00E070B5044630
:10CA40004C4E01F0FDF9002C39D0251D284603F08D
:10CA500039F8A36A1BB104F1180003F033F8294632
:10CA60004548464D03F004F894F85030012B04BFBC
:10CA7000002384F8503001F0EDF92B6893B9336846
:10CA8000A34200D070BD2B68DBB93B493C4A096822
:10CA90001268914226D03B4B1B682BB33A4B0122C4
:10CAA0001A6070BD01F0CCF9384B1A68126892B95F
:10CAB000374B4FF0FF321A6001F0CCF9DFE73468F2
:10CAC000C3E7344B4FF080525A6040BFBFF34F8FE3
:10CAD000BFF36F8F70BD1A682D4BD268D268526851
:10CAE0001A60E9E7336070BD274A13603268336823
:10CAF00012681B6B9A4236D9274C2849226893004A
:10CB0000981880000858E0B9551EAB0058198000ED
:10CB1000085830BB951EAB0058198000085800BB60
:10CB2000D51EAB00581980000858D0B9151FAB00AE
:10CB3000581980000858A0B9053A93009818800049
:10CB4000085813449B00CD18083368684068686033
:10CB50000B44984204BF40686860C3683360226039
:10CB600070BD2A46EDE730683168343102F01CF9B7
:10CB7000C2E700BFE88E0020BC8F0020B88F0020E5
:10CB8000588F0020648F0020E88F0020EC8E00205A
:10CB90009C8F002000ED00E06C8F0020F48E0020C0
:10CBA00080B170B51B4D2B6883420AD0044601F05A
:10CBB00047F9194B62699A4205D0BDE8704001F00F
:10CBC00049B970BD7047A36A144A9342F5D0002B4F
:10CBD000F3D1261D304602F075FF114AE36A116851
:10CBE00010488B4288BF136003EB830300EB830084
:10CBF000314602F03DFF2B68E26ADB6A9A42DCD3E1
:10CC0000094B4FF080525A6040BFBFF34F8FBFF3C4
:10CC10006F8FD2E7E88E0020BC8F0020A48F002009
:10CC20006C8F0020F48E002000ED00E070B584B021
:10CC3000002503AA02A901A8CDE9015502F0FEF8DA
:10CC4000019C002C46D00298002843D0039E20630C
:10CC50000223B600A521324684F851300AF0C3FD04
:10CC6000236B1F4A6263201D84F83850043E84F809
:10CC70003B50E562C4E911551E4402F0F5FE04F193
:10CC8000180002F0F1FE26F007060523A3612A46EC
:10CC90001449E56430462461646284F8505001F020
:10CCA00093F820602046FFF7E3FC0F4B1C6000F078
:10CCB0009FFF012811D1402383F311880B490C4AAF
:10CCC0000C4B4FF0FF340C6010601D6001F092F8C7
:10CCD00004B070BD044B00221A6004B070BD00BFE8
:10CCE00049444C45E5CF0400988F00209C8F0020DC
:10CCF000B88F0020E48F0020024A136801331360CC
:10CD0000704700BF648F0020014B1868704700BF58
:10CD1000E48F002008B9024B18683430704700BF18
:10CD2000E88E0020024A136818441060704700BF64
:10CD3000E48F00202DE9F04F3B4B1B6883B0002BA4
:10CD400042D13A4B1F6801371F60002F4AD0384B41
:10CD500001931B68BB423BD8364EDFF8EC80DFF80E
:10CD6000ECA0DFF8EC90002525E03368DB68DC6898
:10CD7000636804F1040B9F42584651D302F0A2FEAF
:10CD8000A36A04F118000BB102F09CFEE36AD8F824
:10CD9000002003EB8300934259460AEB800088BFD2
:10CDA000C8F8003002F064FED9F80030E26ADB6AAD
:10CDB0009A4228BF012533681B68002BD5D1019A00
:10CDC0004FF0FF33136004E01B4A13680133136014
:10CDD00000251A4B1B68002B0CBF2846012003B00E
:10CDE000BDE8F08F134E164B3168164A1868306054
:10CDF000196013680133136033681B683BB90C4B2F
:10CE000001931A464FF0FF3313601346A1E73368CE
:10CE1000074ADB680192DB685B681360134698E79A
:10CE2000019A1360D5E700BF648F0020E48F0020D3
:10CE30009C8F0020EC8E0020608F0020E88F002067
:10CE4000F08E0020A08F00206C8F0020F48E002038
:10CE5000E88E00202DE9F04700F0F2FF354B1A680C
:10CE6000013A1A601C68002C57D1334B1B68002B09
:10CE700053D0DFF8E0A0314E314FDFF8DC90DFF81F
:10CE8000DC80336813B3F368DC68251D04F11800F7
:10CE900002F018FE284602F015FEE36A3A6803EB3A
:10CEA00083009342294609EB800088BF3B6002F073
:10CEB000DFFDD8F80030E26ADB6A9A424FF00103E6
:10CEC000DFD3CAF800303368002BDCD13CB11D4BF6
:10CED0001A6812683ABB1C4B4FF0FF321A601B4DA8
:10CEE0002C6844B10126FFF725FF08B1CAF800609D
:10CEF000013CF8D12C60DAF8003073B1144B4FF0DC
:10CF000080525A6040BFBFF34F8FBFF36F8F012431
:10CF100000F0A0FF2046BDE8F087002400F09AFF53
:10CF20002046BDE8F0871A68074BD268D26852687D
:10CF30001A60D4E7648F0020588F0020A48F00204F
:10CF40006C8F0020EC8E00209C8F0020608F0020D2
:10CF500000ED00E0E88F0020F48E0020E88E002035
:10CF600070B548B9184B4FF080525A6040BFBFF3BC
:10CF70004F8FBFF36F8F70BD144A15491368154E5C
:10CF8000013313600D6804463068043002F09AFDE6
:10CF9000336864195C600FD20F4B18683168043134
:10CFA00002F076FD0D4B1A68944238BF1C60FFF703
:10CFB00051FF0028D6D070BD094B18683168043184
:10CFC00002F066FDF3E700BF00ED00E0648F002093
:10CFD000E48F0020E88E0020EC8E00209C8F002043
:10CFE000F08E00202DE9F84F3C4E3D4D3D4CDFF8D2
:10CFF0000891DFF80881DFF808B14FF0805A236804
:10D00000D3B100F01DFFF368DF68381D02F05AFD50
:10D010002B68013B2B602368013B236000F01AFF63
:10D0200097F85130002B37D0012BE8D13846FEF766
:10D0300061FA2368002BE4D12B4B1B68012B06D926
:10D04000CBF804A040BFBFF34F8FBFF36F8F01F049
:10D050008DF8D9F8003033BBD8F80030DB6A002BEC
:10D06000CDD1214B1B68012BC9D8204B204A1B680E
:10D0700012689B1A012BC2D91E4A13680133136030
:10D08000D9F80030BBB1D8F80030DB6A0BB9164BC9
:10D090001B68FFF7DFFEB2E7386BFEF72BFA384666
:10D0A000FEF728FAABE7D8F80030DB6A002BA6D1F0
:10D0B0000D4B1B68A3E7D8F80030DB6A002BE8D1E2
:10D0C000094B1B68012BE4D8084B1868084B1B68F8
:10D0D000C01A0128DDD900F029FFDAE7D08F00203F
:10D0E000588F00205C8F0020F48E00209C8F002041
:10D0F000E48F0020648F00206C8F0020E88E0020D9
:10D1000000ED00E0274B1B68002B40D1264A70B58C
:10D11000264C13602268236812681B6B9A423AD926
:10D12000234D24492A689300981880000858E0B9D4
:10D13000561EB30098198000085830BB961EB300E5
:10D1400098198000085800BBD61EB30098198000BB
:10D150000858D0B9161FB300981980000858A0B914
:10D16000053A930098188000085813449B00CE1885
:10D1700008337068406870600B44984204BF406890
:10D180007060C36823602A6070BD3246EDE7064BCD
:10D1900001221A60704720682168343101F004FED2
:10D1A000BEE700BF648F0020E88F0020E88E0020DB
:10D1B0006C8F0020F48E002070B5174D2B680C4644
:10D1C00003F1180102F064FC144B1E682868043057
:10D1D00002F078FC631C17D02B68A4195C600BD29A
:10D1E0000F4B18682968043102F052FC0D4B1A6885
:10D1F000944238BF1C6070BD0B4B18682968BDE8AD
:10D200007040043102F044BC296808480431BDE88C
:10D21000704002F02DBC00BFE88E0020E48F00209B
:10D22000EC8E00209C8F0020F08E0020BC8F002010
:10D2300070B5194D2B680C46164603F1180102F023
:10D2400017FC164B5EB11B682868043002F03AFCEC
:10D25000296813480431BDE8704002F009BC1E681B
:10D260002868043002F02EFC2B68A4195C600BD2F5
:10D270000C4B18682968043102F00AFC0A4B1A6842
:10D28000944238BF1C6070BD084B18682968BDE81F
:10D290007040043102F0FCBBE88E0020E48F0020D7
:10D2A000BC8F0020EC8E00209C8F0020F08E002090
:10D2B00038B5C368DC6804F11805284602F002FCA2
:10D2C0001A4B1B682BBB251D284602F0FBFB184A96
:10D2D000E36A116817488B4288BF136003EB83032E
:10D2E000294600EB830002F0C3FB134BE26A1B6884
:10D2F000DB6A9A4282BF114B01201860104B1A68FA
:10D30000126898BF00204AB90E4B4FF0FF321A60E6
:10D3100038BD29460C4802F0ABFBE6E71A68094B1A
:10D32000D268D26852681A6038BD00BF648F00208E
:10D330006C8F0020F48E0020E88E0020E88F002003
:10D34000EC8E00209C8F0020A48F002010B5044696
:10D3500000F076FD044A054B12681B68C4E90023FF
:10D36000BDE8104000F076BDA08F0020E48F0020C3
:10D37000034A044B12681B68C0E90023704700BFD2
:10D38000A08F0020E48F0020F8B50D46044600F081
:10D3900057FD2B681649581C0A6813D0DFF854C093
:10D3A000D4E90060DCF80070BE4201D090421AD986
:10D3B000121A93420BD800232B60012500F04AFD7E
:10D3C0002846F8BD002500F045FD2846F8BDDCF8EC
:10D3D00000009B1A0A682B60C4E90002002500F0D7
:10D3E00039FD2846F8BD012500F034FD2846F8BD7A
:10D3F000E48F0020A08F0020014B01221A607047AB
:10D40000E88F0020084B186860B9084B1B6853B9B7
:10D41000074A084B10681B68013B984214BF012063
:10D420000220704700207047A48F0020E88F002062
:10D43000BC8F0020588F0020014B1868704700BF38
:10D44000E88E0020054B1B6833B1054B1B68002B91
:10D450000CBF02200020704701207047B88F0020C9
:10D46000648F002018B3F8B51C4CC36A2268D26AD6
:10D47000934214D28269002A04DB2268D26AC2F184
:10D4800005028261164D426903EB830305EB8303BA
:10D490009A420DD02368DB6AC3620120F8BD23687D
:10D4A000406CDB6A98422CBF00200120F8BD704719
:10D4B000061D0746304602F005FB2268094BD06A7C
:10D4C0001A68F862904200D9186000EB800005EB02
:10D4D0008000314602F0CCFA0120F8BDE88E002031
:10D4E000F48E00206C8F002050B138B5C16A836C77
:10D4F000426C013B9142836400D01BB1002038BDD7
:10D5000000207047051D0446284602F0DBFA0A4A4F
:10D51000636C1168E362C3F105008B42A0610748A8
:10D5200088BF136003EB830300EB8300294602F0FE
:10D530009FFA012038BD00BF6C8F0020F48E0020C0
:10D5400048B1426CC36A914238BF11468B4202D047
:10D55000826C012A00D07047826970B5114DC1629A
:10D56000002A03EB83034269A8BFC1F1050105EB63
:10D570008303A8BF81619A4200D070BD061D044696
:10D58000304602F09FFA084BE06A1A68904288BF62
:10D59000186000EB800005EB80003146BDE870406C
:10D5A00002F066BAF48E00206C8F0020044B1A68DB
:10D5B0001AB119688A6C01328A641868704700BF12
:10D5C000E88E0020F8B5284C06460D4600F038FCE1
:10D5D0002368DB6C23B92368012283F85020ADB99E
:10D5E00000F038FC00F02CFC2368DD6C1DB12368D2
:10D5F0004EB96A1EDA642368002283F8502000F0D6
:10D6000029FC2846F8BD0022DA64F4E7174B1F68AE
:10D610002068043002F056FA6B1C18D02368ED190C
:10D620005D601AD2124B18682168043102F030FA9A
:10D63000104B1A68954238BF1D600F4B4FF0805257
:10D640005A6040BFBFF34F8FBFF36F8FC8E72168A9
:10D650000A48043102F00CFAEFE7094B1868216818
:10D66000043102F015FAE8E7E88E0020E48F00208C
:10D67000EC8E00209C8F002000ED00E0BC8F00208D
:10D68000F08E00202DE9F041314C1D4680460F46BA
:10D69000164600F0D5FB236893F85030022B09D0D2
:10D6A0002268D36C23EA0803D3642368012283F839
:10D6B0005020B5B900F0CEFB00F0C2FB16B12368D4
:10D6C000DB6C3360236893F85030022B2CD000259C
:10D6D0002368002283F8502000F0BCFB2846BDE8F8
:10D6E000F0811C4BD3F800802068043002F0EAF986
:10D6F0006B1C20D0236815EB08055D6021D2164B0A
:10D7000018682168043102F0C3F9144B1A68954275
:10D7100038BF1D60124B4FF080525A6040BFBFF3BC
:10D720004F8FBFF36F8FC5E72268D36C23EA0707DB
:10D73000D7640125CCE721680A48043102F098F942
:10D74000E8E7094B18682168043102F0A1F9E1E724
:10D75000E88E0020E48F0020EC8E00209C8F0020BB
:10D7600000ED00E0BC8F0020F08E0020F8B51E46D2
:10D7700004460F46154600F063FB0EB1E36C3360C0
:10D7800094F8503002216A1EDBB284F85010032A4C
:10D7900006D8DFE802F03C0C0402022B42D0E7641A
:10D7A000012B0AD0012400F055FB2046F8BDE26CA5
:10D7B000012B02F10102E264F4D1251D284602F09A
:10D7C00081F9194AE36A116818488B4288BF1360CF
:10D7D00003EB830300EB8300294602F049F9144B65
:10D7E0001A681268BAB9134B4FF0FF321A60124B25
:10D7F000E26A1B68DB6A9A42D4D9104B4FF0805220
:10D800005A6040BFBFF34F8FBFF36F8FCAE7E26C20
:10D810001743E764C4E71A68064BD268D2685268B7
:10D820001A60E4E70024BEE76C8F0020F48E00202D
:10D83000EC8E00209C8F0020E88E002000ED00E0A0
:10D84000F8B5EFF31186402383F31188022390F893
:10D85000502080F85030C36C012A03F10103C364E7
:10D8600002D086F31188F8BD164B1B680D4604469E
:10D8700083B100F11801144802F0FAF8134BE26A80
:10D880001B68DB6A9A42ECD9BDB101232B6086F399
:10D890001188F8BD071D384602F014F90C4AE36AF6
:10D8A00011680C488B4288BF136003EB8303394631
:10D8B00000EB830002F0DCF8E0E7074B01221A607E
:10D8C000CFE700BF648F0020A48F0020E88E0020E7
:10D8D0006C8F0020F48E0020E88F002010B578B106
:10D8E000044600F0ADFA94F85030022B05BF002337
:10D8F00084F850300024012400F0ACFA204610BD1A
:10D90000014B1C68EDE700BFE88E00202DE9F04FC9
:10D91000AD4EDFF8C482AD4D89B033681C68002C71
:10D9200000F08E80DB681C68FFF7E6F9FFF7ECF982
:10D93000D8F80030984207465DD38442C8F800000A
:10D9400040F20B810022E11B2868FEF7B9FCFFF7CB
:10D9500081FA88B99E4A4FF08053536040BFBFF3AD
:10D960004F8FBFF36F8F07E0019B039920469847C5
:10D97000009B002B80F23881286800226946FEF760
:10D9800021F90028C9D0009B029C002BECDB6369C5
:10D9900013B1201D02F096F8FFF7B6F9D8F8003061
:10D9A0009842814643D3009BC8F80090092BE3D8E6
:10D9B000012202FA03F313F4047F69D113F0C70FB5
:10D9C00040F0A1809B06D7D594F82C30002BD3D102
:10D9D0002046FDF78FFDCFE7DB68DC68D3F800A0B9
:10D9E00004F10409484602F06DF8636A204698473E
:10D9F000E369012B36D033681A68002AECD17549E7
:10DA0000C8F800700A6832600B60FFF723FAB3E7CA
:10DA1000DB68DF68D3F800B007F1040A504602F073
:10DA200051F87B6A38469847FB69012B25D033684B
:10DA30001A68002AECD167490A6832600B60B2E7C5
:10DA4000FFF75AF9FFF760F9D8F80030834207462C
:10DA5000D1D8604BC8F800701B681A68B2FA82F21D
:10DA6000520970E7A36953449A45494622D263603C
:10DA70002461306802F00CF8BDE7BB695B449B454C
:10DA8000514627D27B603F61306802F001F8CEE753
:10DA9000019B246103EB09024A45A36162602CD813
:10DAA000002B3FF469AF4B4B211D186801F0F0FFCC
:10DAB000286862E72B68002B9DD00023CDE9043A4B
:10DAC0000694FFF7BFFC00231A4604A92868FDF757
:10DAD000C3FD90E72B68002BA9D00023CDE9043BC0
:10DAE0000697FFF7AFFC00231A4604A92868FDF744
:10DAF000B3FD9CE74B4500D998B13068211D01F07A
:10DB0000C7FF286839E7019BA269246199182CBFD7
:10DB10000120002049456160ECD8A9EB03039A423B
:10DB2000C1D8636A20469847E369012B7FF424AF8C
:10DB3000019BA2692868134400283FF41EAF00220D
:10DB4000CDE904230694FFF77DFC00231A4604A9BF
:10DB50002868FDF781FD28680FE7FFF77BF9336838
:10DB6000DB68D3F80C9009F1040A504601F0AAFFD3
:10DB7000D9F81C30012B04D0D9F8243048469847F6
:10DB8000FAE6D9F81830C9F81090E218BA42C9F884
:10DB9000042004D95146306801F07AFFECE73F1BBE
:10DBA000BB421BD82B68002BE6D00023CDE9043400
:10DBB000CDF81890FFF746FC00231A4604A9286800
:10DBC000FDF74AFDD8E700BFEC8F002070920020DF
:10DBD00000ED00E0F08F00201C920020034B514626
:10DBE000186801F055FFC7E7029CD0E6F08F0020CF
:10DBF000F0B5204C89B000F023F92568FDB100F0A4
:10DC000029F92068C8B1002407AA06A905A8CDE90A
:10DC1000054401F021F9DDE905300221CDE90010CC
:10DC2000079A0293144915482346FEF7B3FD144A98
:10DC30000346001B18BF0120136009B0F0BD114F4F
:10DC4000114E384601F004FF304601F001FF0F4A43
:10DC50000F4900950F4B17600E600F4A10212020CE
:10DC6000FDF756FC20600028C9D00C49FEF716FBD2
:10DC7000C5E700BF709200209CE205000DD90400AA
:10DC800074920020F491002008920020EC8F002074
:10DC9000F08F002020920020F48F002094E20500F5
:10DCA0002DE9F04F804685B030200F4616461D46C0
:10DCB000FDF70EFC0446A8B1DFF8889000F0C0F82C
:10DCC000D9F8003093B100F0C5F80E9B6362C4F838
:10DCD0000080C4E906762562201D01F0C5FE002300
:10DCE00084F82C30204605B0BDE8F08FDFF858B03E
:10DCF000DFF858A00393584601F0AAFE504601F001
:10DD0000A7FE0B4A0B49039B00932020C2F800B0EA
:10DD1000C1F800A0084B094A1021FDF7F9FBC9F82A
:10DD200000000028CFD00649FEF7B8FACBE700BFC5
:10DD3000EC8F0020F08F002020920020F48F002034
:10DD400094E2050070920020F491002008920020D7
:10DD500030B5144D2C6885B0C4B10529CDE9001249
:10DD600002900BDCFFF76EFB022812D0002328681C
:10DD70001A466946FDF770FC05B030BD1A462046CC
:10DD800000236946FDF778FE05B030BD204605B09A
:10DD900030BD2868089A00236946FDF75DFC05B090
:10DDA00030BD00BF7092002010B5044600F048F866
:10DDB0006469003418BF012400F04CF8204610BDFF
:10DDC000402383F31188FEE730B46FF002034FF075
:10DDD0008075074C40F8045C40F80C4C40F8081C77
:10DDE00040F8202C40F8243C30BC4438704700BF39
:10DDF000C1DD04000F4C08B5E02384F8223000F0A8
:10DE000077F80D4B0D4A00211960D4F8883043F49F
:10DE10007003C4F88830536843F04043536023696B
:10DE200043F01003236100F04FF9402383F311887E
:10DE3000FEE700BF00ED00E07892002030EF00E048
:10DE4000402383F31188024A13680133136070473B
:10DE500078920020034A1368013B13600BB983F3E7
:10DE6000118870477892002041DF704712DF7047B9
:10DE700070B51B4B00251D6082B01B680193019B90
:10DE8000EFF31186402383F31188164A164BD2F81C
:10DE900004451D601B680093009BFEF735FF241AA4
:10DEA00024F07F44012C0DD844B1FEF743FF054612
:10DEB00025B10E4B4FF080525A6040BF86F3118857
:10DEC00002B070BDFFF7BEFA0228EED1013CFEF7AA
:10DED00031FF013C631C45EA0005F8D1E8E700BFCB
:10DEE00040110140001001400011014000ED00E030
:10DEF0000B4B0C4930B41F200B4DC3F80805012211
:10DF00000224E020C3F804232A601A60C3F84443C3
:10DF100081F811034FF400330B6030BC704700BF31
:10DF20000010014000E100E0081001402DE9F0413F
:10DF3000804684B0EFF3108272B6584CA36883B960
:10DF4000574B58480121A160D3F88010014021604F
:10DF5000C3F88000D3F8841061604FF0FF31C3F83C
:10DF6000841002B962B6504ED6F80475FFF74AFA2B
:10DF700000283DD04D4A4E49424528BF4246BB1875
:10DF800023F07F4301200025C6F80803C6F840357A
:10DF90000D600B6801934FF480330199C6F8043388
:10DFA000BFF34F8FB8F1000F54D13F4B404D414963
:10DFB0004FF48030C3F80803002028602D680395D3
:10DFC000039D08600968029101210298C3F80413B7
:10DFD000D3F804353249DB1B23F07F45954228BF37
:10DFE00015464FF40033012DC1F8803111D827D0E8
:10DFF000A3685BB1EFF3108372B6294A2168116000
:10E00000616851600022A26003B962B604B0BDE845
:10E01000F081681EFEF786FE274BDB68DA010FD51C
:10E02000264A1368DB070BD5254B516803FB05F522
:10E03000A5F57425A5F51075AD0A01EB851555609C
:10E04000FEF778FE0028D3D01E4B4FF080525A6066
:10E0500040BFCDE7F1EE103A23F09F03E1EE103A16
:10E06000F1EE103A0E4B04A84FF480614026C3F83D
:10E070008461C3F8841100F8045DFFF7F7FE9DF892
:10E080000C1039B920BFD3F80001D3F804110143B3
:10E09000F8D08AE7FFF7E8FE87E700BFF49C00208E
:10E0A00000E100E0FC06FFBD00100140FDFFFF00A5
:10E0B0004011014000110140F0ED00E0001000E0CF
:10E0C00040420F0000ED00E00748006880F3088838
:10E0D00062B661B6BFF34F8FBFF36F8F4FF0E000B2
:10E0E00080F3118800DF00BF00600200064B196852
:10E0F0000868B0E8F04F80F30988BFF36F8F4FF0E6
:10E10000000080F311887047E88E0020EFF309804B
:10E11000BFF36F8F144B1A681EF0100F08BF20ED6D
:10E12000108A20E9F04F10604DF8043D4FF0400098
:10E1300080F31188BFF34F8FBFF36F8FFEF7E2FFBD
:10E140004FF0000080F3118808BC19680868B0E837
:10E15000F04F1EF0100F08BFB0EC108A80F3098852
:10E16000BFF36F8F704700BFE88E0020704700BF7D
:10E17000002942D0931E222B3FD8F0B50A2A8BB03B
:10E1800035D04FF0000E01AF3B4688B1B0FBF2F640
:10E1900002FB16055FFA85FC092D0CF1570498BFA8
:10E1A0000CF13004E4B2304603F8014B0028EDD105
:10E1B000302201E003F8012BBB42FBD0BEF1000F7F
:10E1C00011D10D46BB4209D9681E1A4612F8014DFD
:10E1D00000F8014FBA42F9D19B1A1D4400230846AA
:10E1E0002B700BB0F0BD2D220A704D1CEAE7002801
:10E1F000C7DA40424FF0010EC5E70020704700BF6C
:10E2000079B3931E222B2CD8F0B48AB001AF3C46D0
:10E2100070B1B0FBF2F602FB1605EBB2092D94BF0C
:10E2200030335733DBB2304604F8013B0028F0D1DD
:10E23000302301E004F8013BBC42FBD00FD94A1E59
:10E24000234613F8010D02F8010FBB42F9D1E41A7D
:10E250000C440023084623700AB0F0BC70470C46FB
:10E26000F7E70020704700BF0A490B4A0B4B9B1A87
:10E2700003DD043BC858D050FBDC094809494FF086
:10E28000AD32026004300439FBD100F09FFCD7F7B7
:10E29000DFFF000080300600006000207C6300206B
:10E2A00000F8032000080000FEE7FEE7FEE7FEE7B7
:10E2B000FEE7FEE7FEE7FEE7FEE7FEE708B5002023
:10E2C000D8F700F81648D8F787F910B3E4F706FD39
:10E2D00000F038FFFAF7ACFD124B43B1124B7BB1A3
:10E2E000E4F7FAFC00F050FDAFF30080F8E7E4F744
:10E2F000F3FC00F049FDE4F7EFFC00F045FDF6E724
:10E30000E4F7EAFC00F040FDE4F7E6FC00F03CFD39
:10E31000F6E74FF4E1310248D8F740F9D6E700BFFD
:10E3200098630020000000000000000000B583B0EA
:10E3300001F0B4F8F0F7F2F80E4B019301234FF41B
:10E3400080620D4900930D480023FEF78DFA4FF4CB
:10E35000407000F0C1FEFEF769FCBFF34F8F084923
:10E36000084BCA6802F4E0621343CB60BFF34F8FDF
:10E3700000BFFDE77C920020A4E20500BDE204009E
:10E3800000ED00E00400FA05014B1868FEF756BBEB
:10E390007C92002038B507480C461546D8F71CF982
:10E3A00000B938BD2A4621460248BDE83840D7F7B3
:10E3B000EBBF00BF98630020FDF73EB8FDF756B8ED
:10E3C000084A094908B513681844884202D8106001
:10E3D000184608BD09F048F90C2303604FF0FF33DD
:10E3E000184608BD6861002000F80320114B1A7818
:10E3F000EAB90178104810B40A464FF0804402F0A0
:10E400000102C1F34001C4F88015C4F87825026800
:10E41000D20706D4E021012280F80013C0F8802141
:10E420000260012205481A705DF8044B70470448E9
:10E43000704700BFF09C002000E100E00000AD0B41
:10E440000C00AD0B0C4B012230B4C3F88020BFF39D
:10E450004F8FBFF36F8F094C094D0A490A4A0023B9
:10E460004FF0804023604FF460742B60C0F8084385
:10E470000B60137030BC704700E100E08092002018
:10E480008492002088920020F09C00200268074BB4
:10E490004FF0804010B400214FF46074C0F808437E
:10E4A000196002B11A605DF8044B70478892002031
:10E4B0004FF080434FF46072C3F80423704700BFED
:10E4C0004FF080434FF46072C3F80823704700BFD9
:10E4D0004FF08041034B4FF460700022C1F80803F5
:10E4E0001A6070478892002010B54FF0804386B0C4
:10E4F000D3F80443620705D5D3F8082103F58473E4
:10E50000002A4ED1A30603D52A4B1A68002A3FD110
:10E51000600603D5284B1A68002A2FD1210602D5A0
:10E52000264B1A680ABBE20502D5254B1A6892B938
:10E53000A3050ED5234B1A685AB100221A601A6837
:10E54000214B0592059A1B68022006B0BDE81040D9
:10E55000184706B010BD00221A601B4A1B680493BE
:10E5600001201368049A9847E2E700201860164AD1
:10E570001B6803931368039A9847D4E700221A6034
:10E58000124A1B68029301201368029A9847C5E754
:10E59000002018600D4A1B6801931368019A984780
:10E5A000B6E700221A600A4A1B6800931368009AB3
:10E5B0009847A7E714010040180100401C010040E3
:10E5C0002001004024010040889200208492002015
:10E5D000809200202DE9F04F04799D4DE600371917
:10E5E000BF0005EB070E83B09EF81CC0BCF1000F06
:10E5F00040F0E58091F80CC00068EA51CEF8043094
:10E60000BCF1010F0B7840F2DE801F2B87BF03F0B7
:10E610001F08DFF840E298464FF0A04E012707FAA6
:10E6200008F7CEF808751F2B8BBF03F01F071F4696
:10E63000DFF820E24FF0A04E07F5E0774FF0010839
:10E640004EF827804F78FF2F00F0E9801F2F8ABFF8
:10E6500007F01F09B946DFF8FC81009798BF4FF01B
:10E66000A04809F5E07A4FF0010E0EFA09FE4FF0CE
:10E670000309C8F80CE548F82A9091F802E0BEF1C9
:10E68000FF0F00F0D580BEF11F0F91F80EA088BFDC
:10E69000DFF8C0B1CDF804E08EBF0EF01F08F046E1
:10E6A0004FF0A04B08F5E0784FEA8A0A4BF828A013
:10E6B00006EB040805EB880888F820E091F803E0F1
:10E6C00088F81FE0BEF1FF0F2AD091F80490F046C1
:10E6D000B9F1000F40F08680BEF11F0F87BF0EF02A
:10E6E0001F0B5C4FF3464FF0A0474FF0010A0AFAA8
:10E6F0000BFAC7F808A5BEF11F0F86BF0EF01F0862
:10E70000DFF850A14FF0A04A08F5E07806EB040EC0
:10E710004FF0030B05EB8E0E4AF828B08EF81E90D2
:10E7200091F80DE0C0F80835009BD1F80880C0F8DA
:10E730000C351EF1000318BF0123019FC0F81075AE
:10E74000BCF1020FC0F824857FD0BCF1030F79D053
:10E75000BCF1010F56D0C0F854358B79C0F8C035E4
:10E76000002A58D040220723C0F80423C0F80035FF
:10E770004A79000B43B25201002BD1B2C0B25BDB2D
:10E780005A09920002F1604203F16043012702F549
:10E79000614203F5614300F01F0007FA00F083F8BF
:10E7A0000013C2F880011060344405EB84052A4848
:10E7B000002201236A772B7703B0BDE8F08F27484A
:10E7C00003B0BDE8F08F1F2B87BF03F01F08DFF8F1
:10E7D00084E098464FF0A04E012707FA08F7CEF8DC
:10E7E0000C7520E7BEF11F0F87BF0EF01F0B194FEE
:10E7F000F3464FF0A0474FF0010A0AFA0BFAC7F8A8
:10E800000CA578E743F00203C0F854358B79C0F8C3
:10E81000C035002AA6D10723C0F80035C4E791F817
:10E8200002E04FF0FF37BEF1FF0F00977FF42BAFF0
:10E830004FF0FF3701973BE7094B00F00F0003440F
:10E840001976B1E743F0060385E743F0040382E756
:10E850008C920020000300500000AD0B0500AD0BB2
:10E86000FCEC00E0F0B40479294A0368E1000D19DA
:10E87000AD005659EEB11F0B7EB2002E11DB7609AA
:10E8800020360123DFF89CC007F01F0703FA07F7C3
:10E890004CF82670BFF34F8FBFF36F8F5559036845
:10E8A0003DB1081902EB80001A4DC3F80853407FB0
:10E8B00010BB081902EB800090F82000FF280BD055
:10E8C0001F288ABF00F01F004FF0A045124D00F531
:10E8D000E070022645F82060104800258342C3F806
:10E8E000005502D10E4B01201860214402EB810239
:10E8F00000231377F0BC704701205861D3F804015E
:10E900000028FBD0081902EB800000254577D0E7EE
:10E910008C920020520108000003005000F00240D9
:10E9200004F0024000E100E02DE9F04F0479644F6B
:10E930004FEAC40C0CEB04039B008646F8180E4605
:10E94000417F83B0002940F0918057F803909046B2
:10E95000B9F1000F04D012F0140F04BF0123437764
:10E960000CEB040507EB850596E80F0095F81FA052
:10E9700005F10C0BBAF1FF0F8BE80F0010D0AA7F46
:10E980005346002A76D0BAF11F0F86BF0AF01F0344
:10E990004C494FF0A041012202FA03F3C1F80835B7
:10E9A00032686AB102F06043B3F1005F08D064449A
:10E9B00007EB8407002344487B7703B0BDE8F08F62
:10E9C000B16821B101F06043B3F1005FEFD1DEF82F
:10E9D00000307568F068C3F844250022C3F8485534
:10E9E000C3F83415C3F83805C3F81821D3F8182133
:10E9F0000192019A18F0010218BF0122C3F85025B4
:10EA000018F0020218BF012218F0080FC3F84025C1
:10EA100004BF01221A61B9F1000F0BD02B4840222C
:10EA200018F0040F14BFC3F80823C3F8042303B07D
:10EA3000BDE8F08FD3F81821002AFBD0BAF1FF0F00
:10EA40002CD0644407EB8407BB7F4BB3BAF11F0F94
:10EA500084BF0AF01F0A1B4A1C4898BF4FF0A0420F
:10EA6000012303FA0AF3C2F80C35A6E7184803B0ED
:10EA7000BDE8F08FBAF11F0F4FF0010288BF0AF016
:10EA80001F0302FA03F388BF0E49326898BF4FF0A4
:10EA9000A041C1F80C35002A84D191E70B488CE7DE
:10EAA000BAF11F0F84BF0AF01F0A064A074898BF31
:10EAB0004FF0A042012303FA0AF3C2F808357CE7BD
:10EAC0008C920020000300500A00AD0B0000AD0B3B
:10EAD0000B00AD0B194BD3F8182102B97047002178
:10EAE000174AC3F81811D3F81811D37F82B0FF2B3F
:10EAF000019101990DD0917F99B11F2B86BF03F031
:10EB00001F0310484FF0A040012101FA03F3C0F8A1
:10EB10000C35002353771372D2E900310A4802B052
:10EB200018471F2B86BF03F01F0306484FF0A04075
:10EB3000012101FA03F3C0F80835EAE7003002408A
:10EB40008C92002000030050949200201B4BD3F8BD
:10EB5000182102B970470021194AC3F81811D3F8D7
:10EB6000181192F8433082B0FF2B019101990ED019
:10EB700092F84210A9B11F2B86BF03F01F03114862
:10EB80004FF0A040012101FA03F3C0F80C35002337
:10EB900082F8413082F82C30D2E909310A4802B0BB
:10EBA00018471F2B86BF03F01F0306484FF0A040F5
:10EBB000012101FA03F3C0F80835E8E700F002404C
:10EBC0008C92002000030050B8920020604B1B681C
:10EBD00030B45C1C37D05F4A082B126800F08F807D
:10EBE0005B4B5C4A1B681268082B15D0591C23D05C
:10EBF000584A1268082B12D0574AD2F8883043F48A
:10EC00007003C2F88830BFF34F8FBFF36F8F534B41
:10EC1000534A1A6030BC7047002A00F08280032AF1
:10EC2000EAD84FF08043D3F80024D20744BF6FF0F6
:10EC30000102C3F80024DFE74A4A4B4B12681B78F5
:10EC4000C2F30312D6E7484A464B12781B68082ADB
:10EC5000C3F3031301D1032B53D9424A424B126829
:10EC60001B78C2F30312082BBAD1032AB8D84FF08D
:10EC700080523E4BD2F80414C3F82015D2F8081481
:10EC8000C3F82415D2F80C14C3F82815D2F81014C0
:10EC9000C3F82C15D2F81414C3F83015D2F8181490
:10ECA000C3F83415D2F81C14C3F84015D2F8201458
:10ECB000C3F84415D2F82414C3F84815D2F8281420
:10ECC000C3F84C15D2F82C14C3F85015D2F83014F0
:10ECD000C3F85415D2F83414C3F86015D2F83814B8
:10ECE000C3F86415D2F83C14C3F86815D2F8401480
:10ECF000C3F86C15D2F84424C3F8702570E7032AD2
:10ED00000CD8134B1B684FF080420021581CC2F8EE
:10ED10000C11C2F81011C2F838159ED00D4A1268B5
:10ED2000A1E7134C1349144D25601448144AFB24E1
:10ED3000C1F8184501681268124C21F00F0102F069
:10ED40000F020A434FF400710260216050E700BFD8
:10ED5000300100103401001000ED00E06C61002073
:10ED60000090D003E80F00F0E00F00F000C000407A
:10ED70008C56004000F0004048810300E40E004043
:10ED8000580200104096024008B5D7F7A1FA054B8B
:10ED90004FF080525A6040BFBFF34F8FBFF36F8F69
:10EDA00008BD00BF00ED00E008B50C460B480C495B
:10EDB0000C4D09F071FB21460B4809F06DFB0B4827
:10EDC00009F0F2FB4FF08054D7F782FA6C6040BF35
:10EDD000BFF34F8FBFF36F8FF6E700BF14D105006D
:10EDE000C8E2050000ED00E0D0E20500DCC9050046
:10EDF00008B50D490D480E4D09F04EFBFEF71CFB02
:10EE0000FDF788FF01460B4809F046FB0A4809F068
:10EE1000CBFB4FF08054D7F75BFA6C6040BFBFF379
:10EE20004F8FBFF36F8FF6E7C8E2050014D10500DE
:10EE300000ED00E0ACE20500DCC90500044B036016
:10EE400010B46423034C0C6013605DF8044B7047EE
:10EE5000D492002028930020054B036010B44FF497
:10EE60008073044C0C6013605DF8044B704700BF66
:10EE7000B89400200C9500202DE9F0432A4DDFF8CE
:10EE8000B4802A4FDFF8B09085B04FF0FF3203A96D
:10EE90002868FCF797FE0028F7D0039C237A666861
:10EEA000052B29D8DFE803F026231F1A1403D4E921
:10EEB0000523D4E90301E4690094B047039803688B
:10EEC0001BB11846FCF7D2FA0398FCF7CFFADCE73F
:10EED000D4E90523D4E90301B047EFE7D4E90412EC
:10EEE000E068B047EAE7D4E90301B047E6E7E06845
:10EEF000B047E3E7B047E1E742224146384609F030
:10EF0000CBFA072000F014FA40B1072000F010FA05
:10EF100009F0C2FA484609F047FBCFE7072211463D
:10EF2000034809F0B9FAF5E710990020BCC90500BB
:10EF300098CA0500ECE20500DCC905002DE9F043A4
:10EF4000394B3A4C5B6885B0C3F30803019001AFBD
:10EF50002068002B52D0002339461A46FCF78CFD5E
:10EF6000012848D0DFF8DC80D8F800506D0004217B
:10EF700028460022FCF7FCFA06462D492D48002EB3
:10EF800041D009F089FADFF8C0902B48294609F0F2
:10EF900083FA2A4809F008FBD9F80000FDF74EFD76
:10EFA000FEF74EFF02E03046FCF756FB002203A9B5
:10EFB0002068FCF707FE00230546642203A9002809
:10EFC000F1D12068FDF746F92660FEF743FFD9F836
:10EFD0000000FDF7E5FDD8F80030134A20685B001B
:10EFE000C8F800305368C3F308033946B3B12B4661
:10EFF0002A46FCF741FD05B0BDE8F083394664229E
:10F00000FCF72AFBACE709F047FA0D4809F044FA8F
:10F010000A4809F0C9FA05B0BDE8F0836422FCF79C
:10F020001BFB05B0BDE8F08300ED00E01099002067
:10F0300010E3050014D105003CE30500DCC9050020
:10F0400018E305000C990020149900202DE9F843DD
:10F050009DF8205006460F4691469846CDB1A8002F
:10F060000C30FCF7E9F9044688B10023C0F804909D
:10F070000572036006B177B92DB1AA00414604F1CB
:10F080000C0008F08CFB2046FFF758FF0120BDE87C
:10F09000F8831020E5E73846FCF7CEF9814620607A
:10F0A000A0B13A46314608F07AFB002DEBD0691E3C
:10F0B000C9B208EB8101A8F1040353F8042FB2424E
:10F0C00008BFC3F800909942F7D1D6E72046FCF775
:10F0D000CDF94846DBE700BF30B540230B4D83B088
:10F0E00004460022184604212B60FCF741FA084B25
:10F0F000084918600223CDE90031A2B20023064975
:10F100000648FDF7B1FB03B030BD00BF0C990020ED
:10F11000109900201499002004E3050079EE040002
:10F12000BFF34F8F0549064BCA6802F4E0621343F0
:10F13000CB60BFF34F8F00BFFDE700BF00ED00E0E5
:10F140000400FA0510B50C4C204609F02DFA0B48C6
:10F1500009F02AFA00F028F90146094809F09CF95B
:10F1600000F062F90146074809F096F92046BDE82B
:10F17000104009F019BA00BFDCC9050068E70500B6
:10F1800080E7050094E705002DE9F04F87B0CDE951
:10F19000003000283BD09146002A38D0544B0D4611
:10F1A000064693E803006B00303304904FF01008DC
:10F1B000ADF814108DF81230002498FBF5F815E026
:10F1C00021014C48B1FBF8F109F066F931462A46B5
:10F1D00003A808F0E4FA202009F076F90134039935
:10F1E00004A809F059F94C452E4435D0B4FBF8F386
:10F1F000002208FB13430392002BE7D16CB9009B5C
:10F20000002BDDD131463C4809F046F9DEE73B48AA
:10F2100009F0CAF907B0BDE8F08F394809F03CF9A8
:10F22000A6F1110A06F1FF3B1AF8017F384608F0F3
:10F230006BFA40B1384609F047F9D345F4D10A20BA
:10F2400009F042F9DBE72E2009F03EF9D345EBD176
:10F250000A2009F039F9D2E705FB04F814F00F048D
:10F260003ED027466D00C4F11004B9464FF0000AA5
:10F27000202009F029F935B100260136202009F0B7
:10F2800023F9B542F9D10AF1010AA245F0D11C488F
:10F2900009F002F9019BA8EB07073B449B46994400
:10F2A0001BF8014B204608F02FFA68B1204609F000
:10F2B0000BF9D945F4D10A2009F006F90A2009F022
:10F2C00003F907B0BDE8F08F2E2009F0FDF8D9450D
:10F2D000E6D10A2009F0F8F80A2009F0F5F8F0E77D
:10F2E00007484FF0100909F0D7F84F46D2E700BFA2
:10F2F00060E7050050E7050058E7050044E7050012
:10F300004CE7050010B501460446064800F02CF80D
:10F3100000B110BD22460449044809F0A9F9034888
:10F3200010BD00BF6CE3050030E10500209900200E
:10F3300010B501460446064800F016F800B110BDAD
:10F3400022460449044809F093F9034810BD00BF60
:10F3500064E30500A8E7050018990020014601486C
:10F3600000F002B874E305000288D2B110B444681A
:10F370002368994211D0013A92B2234604EBC202AB
:10F3800002E01868884208D0934203F108031C4643
:10F39000F7D100205DF8044B704760685DF8044BBE
:10F3A00070471046704700BF1A4B197869BB70B59B
:10F3B0004FF4405382B01B78102B1AD943F210023D
:10F3C000142B126823D943F21401134B0C68134D0C
:10F3D0001348A3FB04139B0CA5FB046100FB134023
:10F3E00089094FF47A76A5FB005006FB114180098C
:10F3F00002E008460B460A46CDE9000109490548E6
:10F4000009F036F9034802B070BD0248704708465B
:10F410000B46F1E72899002083DE1B43D34D621091
:10F4200040420F0044F6050008B50648037833B99A
:10F430004FF0805304495A6E1B6E09F019F90148C8
:10F4400008BD00BF4899002058F6050011DF70473D
:10F4500008B50446FFF7FAFF0D4B4FF080414FF01F
:10F46000FF32C3F88020C3F88021C3F88420C3F89A
:10F470008421C1F81C45BFF34F8F0649064BCA686B
:10F4800002F4E0621343CB60BFF34F8F00BFFDE790
:10F4900000E100E000ED00E00400FA054FF08043D9
:10F4A000194AD3F80014194830B41160D3F8005445
:10F4B000D3F80024164C17492A43C3F80024D4F883
:10F4C00040250260002401224FF40030C3F81845A3
:10F4D0009A60C1F88000BFF34F8FBFF36F8F0E4C5F
:10F4E00003F588334FF0A0454FF480304FF0FF31E3
:10F4F000C3F84803C3F808035A609A60C5F80815B2
:10F50000C4F8081530BC70475C9900206099002051
:10F5100000A0004000E100E000030050014B18682B
:10F52000704700BF5C99002008B54E20FFF790FFA0
:10F53000014B1860704700BF706100200238154908
:10F54000042822D8DFE800F0090F151B0300124B36
:10F550000120022208601A6070470F4B0020012230
:10F5600008601A6070470C4B0020022208601A6085
:10F570007047094B0020032208601A607047064B51
:10F580000020042208601A607047034A00230B60C1
:10F59000136070476C99002068990020234A01236A
:10F5A0000828137035D00BD940282DD012D8102838
:10F5B0001FD0202837D11E4B0522C3F8F4257047F1
:10F5C00002282BD01AD304282CD1194B0222C3F8BD
:10F5D000F4257047802807D0B0F5807F24D1144BE4
:10F5E0000822C3F8F4257047114B0722C3F8F4250D
:10F5F00070470F4B0422C3F8F42570470C490023D1
:10F600001370C1F8F4357047094B0622C3F8F4258E
:10F610007047074B0322C3F8F4257047044AC2F829
:10F62000F435704770477047704700BF64990020F9
:10F63000007000400538232827D8DFE800F01626A0
:10F640002626261A262626261E2626262622262672
:10F65000262626262626262626262626262626264A
:10F6600026120C4B05221A6070470A4B01221A60C1
:10F670007047084B02221A607047064B03221A603B
:10F680007047044B04221A607047024B00221A6034
:10F69000704700BF70990020252819D8F0B4614B3D
:10F6A00053F82030023B82B01D2B00F2B980DFE816
:10F6B00003F011A4A6A8B7B7B7B7B7B7B7B7B7B72E
:10F6C000B7B7B7B7B7B7B7B7B7B7B7B7AAACAEB0F2
:10F6D000002070470127544B1C680023082CADF80C
:10F6E000063040F398800A2C40F397800D2CB5BF6C
:10F6F0000C250E25022303234C494D4AC1F8F03551
:10F7000001260023DFF834C14A48C1F80065C1F87A
:10F710001435C1F81035C2F81435C2F81035C2F8E6
:10F720002435C2F82035C2F83435C2F83035C2F875
:10F730004435C2F84035C2F85435C2F85035C2F8E5
:10F740006435C2F86035C2F87435C2F870353A4A8B
:10F75000DCF8003000681268DFF8E4C01B02000328
:10F7600000F4805003F4E0631204034302F4E02247
:10F770009CF80000134343EA00630DF10602C1F850
:10F7800018350846C1F81475C1F81075C1F82C2653
:10F79000C1F830660E60D0F80031002BFBD000219C
:10F7A0000123224AC0F800114360D2F80431002B33
:10F7B000FBD0002001231D49C2F804019360D1F859
:10F7C0001431002BFBD00023C1F81431BDF8062002
:10F7D000120448BFADF80630144B0022C3F80025D0
:10F7E000BDF80600AC4200B204D035BF2C1B641B30
:10F7F000E040A04002B0F0BC704702276BE703274F
:10F8000069E7042767E7052765E7062763E7072712
:10F8100061E708275FE708256EE70A2501236BE704
:10F820000020E7E768C80500706100200070004014
:10F83000107000406C990020709900206899002099
:10F8400064990020094B01210020C3F800151A46D5
:10F85000C3F81001D960D2F81031002BFBD000237F
:10F86000C2F81031C2F80035704700BF0070004088
:10F8700025281BD83C4B53F820301F2B86BF03F0A4
:10F880001F033A4A4FF0A0420E290FD8DFE801F0DB
:10F89000655F59534D474039322B241D160F080020
:10F8A00003F5E07340F2037142F82310704703F54B
:10F8B000E07340F2036142F82310704703F5E073F0
:10F8C00040F2035142F82310704703F5E07340F211
:10F8D000034142F82310704703F5E07340F203310F
:10F8E00042F82310704703F5E07340F2032142F819
:10F8F0002310704703F5E07340F2031142F8231020
:10F90000704703F5E0734FF4403142F8231070471D
:10F9100003F5E0734FF4003142F82310704703F50C
:10F92000E073134942F82310704703F5E07311495F
:10F9300042F82310704703F5E073042142F82310C6
:10F94000704703F5E0730C2142F82310704703F56C
:10F95000E073032142F82310704703F5E0730021A0
:10F9600042F82310704700BF68C80500000300502C
:10F97000040002000C000300252811D80A4B53F89C
:10F9800020301F2B88BF03F01F034FF001028CBFF4
:10F9900006484FF0A04002FA03F311B1C0F8083551
:10F9A0007047C0F80C35704768C805000003005068
:10F9B000252800D970470E4B53F820101F298ABF05
:10F9C0000C4A4FF0A04201F01F01D2F814050123A8
:10F9D0008B40034214BFD2F80415D2F810150B4225
:10F9E00002D1C2F808357047C2F80C35704700BF25
:10F9F00068C805000003005025280DD8074B53F8B0
:10FA000020201F2A86BF02F01F0205494FF0A041A7
:10FA100001239340C1F80835704700BF68C805004E
:10FA20000003005025280DD8074B53F820201F2A2B
:10FA300086BF02F01F0205494FF0A0410123934009
:10FA4000C1F80C35704700BF68C8050000030050BE
:10FA500000F108034FF0FF31002281600260436033
:10FA6000C0E90333704700BF00230361704700BF44
:10FA70004368026810B49C688C609C684B600132DB
:10FA8000616099605DF8044B08610260704700BFD7
:10FA900030B40D686B1C11D000F1080200E01A466A
:10FAA00053681C68AC42FAD904684B600134996011
:10FAB0008A6051600861046030BC70470269536815
:10FAC000F2E700BF42688168036910B49160816801
:10FAD0005C684A601A68844208BF5960013A002194
:10FAE00001611A6018685DF8044B704770B590F8B2
:10FAF000E8500DB1284670BD012380F8E830044677
:10FB000001F0D0FE064620B92046BDE8704000F066
:10FB100047B947220649074808F0BEFC324631463D
:10FB2000054808F0B9FC054808F03EFD284670BDC0
:10FB300084F90500BCC9050098CA0500DCC90500A8
:10FB400001460148FFF710BC64F6050010B5044CEF
:10FB5000204600F021F9002384F8E83010BD00BFF2
:10FB60007499002003680A689A4201D00020704707
:10FB700070B5054684B04FF453700C46FBF75CFC3F
:10FB8000064628B3174800F03DF9211D00242A68D5
:10FB90000091029401962B1D134901F01DFD0446AE
:10FBA0003046FBF763FC14B9012004B070BD32226B
:10FBB0000E490F4808F070FC2046FFF7C1FF50B116
:10FBC0002046FFF7BDFF08F067FC0A4808F0ECFC90
:10FBD000002004B070BD22462146074808F05CFCB6
:10FBE000F3E700BF74990020B50305004008060044
:10FBF000BCC90500DCC9050098CA0500F0B585B090
:10FC000006464FF453700D4617460393FBF714FC5A
:10FC1000044660B100903A46281D311D03AB01F047
:10FC200059FD05462046FBF721FC15B9039805B0A0
:10FC3000F0BD3F220C490D4808F02EFC2846FFF786
:10FC40007FFF50B12846FFF77BFF08F025FC0848EE
:10FC500008F0AAFC002005B0F0BD2A462946054858
:10FC600008F01AFCF3E700BF9C080600BCC90500B9
:10FC7000DCC9050098CA050000220260704700BF79
:10FC800010B50446084601F097FD2060003018BF0B
:10FC9000012010BD00220260704700BF10B504466D
:10FCA000084601F089FD2060003018BF012010BD1A
:10FCB00000230360704700BF10B582B002AB043070
:10FCC00043F8042D0A46042101F000FC10B9019804
:10FCD00002B010BD044638220C490D4808F0DCFB88
:10FCE0002046FFF72DFF50B12046FFF729FF08F00F
:10FCF000D3FB084808F058FC002002B010BD224693
:10FD00002146054808F0C8FBF3E700BF0C090600D0
:10FD1000BCC90500DCC9050098CA0500F0B5054658
:10FD200083B04FF463700E461746FBF785FB04461D
:10FD300008B3019055F8040B00953A46314601236B
:10FD400001F000FB05462046FBF790FB15B90120AA
:10FD500003B0F0BD46220C490C4808F09DFB284634
:10FD6000FFF7EEFE50B12846FFF7EAFE08F094FBDD
:10FD7000074808F019FC002003B0F0BD2A462946C8
:10FD8000044808F089FBF3E748090600BCC90500F0
:10FD9000DCC9050098CA0500002280F8E4207047FD
:10FDA00070B590F8E44014B10124204670BD0123E1
:10FDB00080F8E43005464FF4BF50FBF73DFB0646A4
:10FDC0000028F2D02846314600F0E0FC05463046D7
:10FDD000FBF74CFB002DE7D032220649064808F01D
:10FDE0005BFB2A462946054808F056FB044808F004
:10FDF000DBFBDAE784090600BCC9050098CA0500E8
:10FE0000DCC90500704700BFF0B5054699B01F4634
:10FE100000230E46144605A819460322D5F8D050F3
:10FE200001F062F938BB0146AD00082303AA05A81A
:10FE3000CDE9034501F098F9E8B9611905A801F089
:10FE4000B7F9C0B937B923461022314605A801F0E9
:10FE5000C7F980B905F1100302A901910094194670
:10FE6000324605A8029301F0F9F9044B002818BFA7
:10FE7000184619B0F0BD014819B0F0BD360CF000BD
:10FE80002DE9F04F864C80469E460F4694460FCC97
:10FE9000B7B00DF11C0A55460FC594E80F0004F1E8
:10FEA000100685E80F000FCE0FAD0FC596E80F00C6
:10FEB000303485E80F000FCC17AD0FC50FCC0FC540
:10FEC00094E80F00D8F8D040CDF80CE0042C85E879
:10FED0000F0001D0082C6BD1409A231DB2EB830F89
:10FEE0004FEA830B03D06F4837B0BDE8F08F07EBC4
:10FEF0000C019CFA8CF30CF118060CF109003B6024
:10FF00009BFA8BF5802326F00F06321A7D60384469
:10FF10000B72002101F09CFD409B1B09ABF1100B03
:10FF200000F0BB80042C47D0DDF80C90CDF808B071
:10FF30004B4617ADB1464FF0000823ACBB461E46FA
:10FF400024E0029FCDF814A0069701F00DF90346B6
:10FF50002946204610353BBB01F02AF984464FF074
:10FF6000100E4B465A4649462046BCF1000F1BD1A5
:10FF70000DEB0E07CDE90067CDF810E001F06EF94A
:10FF8000103688B9409BB8EB131F58D2002319468E
:10FF90000222204601F0A8F8014608F101080823D2
:10FFA00005AA20460029CCD03F4837B0BDE8F08FE5
:10FFB0003E4837B0BDE8F08FDDF80C90CDF808B0C2
:10FFC00033460FAD4E464FF0000823ACBB46994672
:10FFD00026E0029FCDF814A0069701F0C5F803466D
:10FFE000294620461035002BDED101F0E1F8844689
:10FFF0004FF0100E4B465A4649462046BCF1000FC2
:020000025000AC
:10000000D2D10DEB0E07CDE90067CDF810E001F07D
:1000100025F910360028C7D1409BB8EB131F0ED22C
:10002000002319460222204601F05EF8014608F13D
:100030000108082305AA20460029CAD0B4E7DDF844
:1000400008B0039D0023194601222046CDE9055B37
:1000500001F04AF801460028A6D1082305AA204647
:1000600001F082F800289FD105EB0B01204601F03A
:100070009FF80146002897D1409A284601F0E8FCF5
:10008000409B009540A901912A462046194601F05F
:10009000E5F800283FF428AF86E723ACD1E700BF9E
:1000A000140A0600230CF000360CF000210CF000BE
:1000B0002DE9F04F2DED028B164687B007321C4616
:1000C000D308129D0393002800F0BC800F4600293E
:1000D00000F0BF80002C54D0BDF80C1080462046A4
:1000E00000F0BCFF0228064640F2AA8003285DD13A
:1000F0002378032B40F2A480039B681C591E012324
:10010000019301F0A7FC019B0493019B76429AB2F4
:1001100006F007064FF0FF0A4AFA06FA08EE102A20
:100120005E1E4FF6FF72103B5FFA8AFA2E4402926F
:10013000059318EE101A2A464046B84700287DD18C
:1001400033780AEA03033370049B102B40D0BDF8C8
:10015000043022461946284600F0ACFE022852D050
:10016000029B013B0293E4D13E4B03990193284645
:1001700001F070FC019B184607B0BDEC028BBDE896
:10018000F08F99B22A461C46B84703460028ECD1A6
:10019000611E70076A5C42F080025CD16A540023E1
:1001A000184607B0BDEC028BBDE8F08F039B00F151
:1001B0000709A3EBD90105EBD90001F04BFC4FEA8D
:1001C000D903B9F1870F019388BF102304939CE7EB
:1001D000059B05EB030904EB030B07E0002BB6D0EE
:1001E000B84758BB33780AEA030333701023194623
:1001F0005A46484600F05EFE0346022B4A464FF040
:1002000010014046EAD1019B002BC8D0013DE918FE
:10021000012315F8012F13448D422B704FEA23233D
:10022000F7D1019B013C2344022214F8011F0A4428
:100230009C4222704FEA2222F7D1B0E7034694E7AE
:10024000094B92E7094B184607B0BDEC028BBDE89D
:10025000F08F074B8FE7764206F0070632416A546B
:1002600089E700BF010CF000320CF000250CF00013
:10027000140CF0002DE9F0438FB0884607A917460B
:10028000044601F0A5FA054600284ED1D4F8D05016
:10029000042D01D0082D4ED1D4F8C4300C2B62D8D7
:1002A000B8F1000F45D02E1D760106AA04ABCDE9AA
:1002B0000032029707A905AB00222046059600F000
:1002C000DFFD00283CD1069B0498D4F8C42023F01D
:1002D0000303083304F1840918449200494601F0ED
:1002E000B3FBD4F8C400069A04992B1D9E0002EBC0
:1002F000800200964B4620460692FFF7C1FD054658
:1003000050B9B8F1010F33D0034622464946204682
:10031000FFF77AFDB0B105462046E42101F09AFBD3
:1003200038464FF4BF5101F095FB28460FB0BDE8A9
:10033000F0836E01B9E71B4D28460FB0BDE8F0838E
:10034000194DE9E7D4F8D430012243F00103C4F891
:10035000D430C4F8CC2000234846C4F8C43040212F
:1003600001F078FBDCE7114D28460FB0BDE8F083C3
:100370003146204601F06EFB2B4622464946204678
:10038000FFF742FD0028C6D1D4F8D430084AC4F89B
:10039000CC8023F4803343F00103C4F8D430C4F894
:1003A000DC20D8E7210CF000260CF000040CF00053
:1003B000CDAB23012DE9F04F9DB0002800F03B812B
:1003C0001646002A00F03D810D4621B98B4658465D
:1003D0001DB0BDE8F08FB14F04464FF0FF313868D3
:1003E00001F058FB002840F01981AD4BD4F8DC2017
:1003F0009A4216D0DFF8B8B22946304601F02AFBFF
:10040000D4F8C430002B40F00D81386801F05CFB5B
:100410000028DCD0A34801F0EBFA58461DB0BDE837
:10042000F08FD4F8D430DA0740F10E81D4F8CC3014
:10043000113300F20F81D4F8D080B8F1040F05D049
:10044000B8F1080F02D0DFF86CB2D5E7D4F8C420B9
:100450000C2A00F2FC8004F14003029304F1840AA8
:10046000002A00F0FD809200514604F1480001F09E
:10047000EBFAD4F8C420029908F104039B0000931E
:10048000920053462046FFF7FBFC83460028B3D179
:100490000346224651462046FFF7B6FC8346002815
:1004A000AAD104EB88090122D9F80C301BBA9B1899
:1004B0001BBAC9F80C304FEA880B16D3D9F80830AC
:1004C0001BBA9B181BBAC9F808300ED3D9F80430F0
:1004D0001BBA9B181BBAC9F8043006D354F828304D
:1004E0001BBA13441BBA44F82830002309A8194644
:1004F000032200F0F9FD002840F0AF8001460823F8
:1005000007AA09A8CDE9074B00F02EFE002840F00D
:10051000A480494609A800F04BFE002840F09D80C9
:10052000614AD4F8D4301A4200F0A2802B0915F0A9
:100530000F0B049300F0998001330493CDF80CB0B5
:100540005B469D420DD0EA1A11463046059201F0F5
:1005500081FA059A3346314609A800F041FE002889
:100560007BD104F1300B10220298594601F06CFA4D
:100570005846102101F06EFA102306A90191CDF81A
:1005800000B009A85A461946069300F067FE0028F5
:1005900063D1039AA81A3044594601F055FAD4F8A9
:1005A000D430DB0509D45A460298049B314600F04A
:1005B000CBF9834600287FF41FAFD9F80C30049A9A
:1005C0001BBAD3181BBAC9F80C3017D3D9F80830A6
:1005D00001221BBA9B181BBAC9F808300ED3D9F8F0
:1005E00004301BBA9B181BBAC9F8043006D354F860
:1005F00028301BBA13441BBA44F828305146012353
:1006000022462046FFF700FC834600287FF4F4AE24
:10061000D4F8CC300133C4F8CC30F1E6234801F0F3
:10062000E7F9E2E60023C4F8C43004F18400402175
:1006300001F010FAE9E6DFF880B058461DB0BDE8D9
:10064000F08FDFF878B0C2E6DFF874B0D4E6DFF8F8
:1006500074B0D1E6DFF870B0CEE6DFF870B0CBE66C
:100660005046402101F0F6F91BE71023039368E799
:1006700004F1300318461021039301F0EBF9039BBA
:100680001022194609A800F0ABFD0028E5D1D4F8E6
:10069000D43043F48033C4F8D43047E7009D0020C1
:1006A000CDAB2301BC09060000010100A40906002E
:1006B0000E0CF000210CF000270CF000000CF000F4
:1006C000080CF000040CF000070CF000360CF000F1
:1006D00070B5002849D00D46002943D0244E044669
:1006E0004FF0FF31306801F0D5F990BB002001F0E8
:1006F00021FA50BB20462A460121FFF7BBFD0446E4
:10070000012001F017FAB8B9306801F0DDF950B9ED
:10071000012001F00FFA08B9204670BD154801F01C
:1007200067F9204670BD144801F062F9012001F01C
:1007300001FA0028F0D0F1E70E4801F059F93068CD
:1007400001F0C2F90028E3D0EDE70C4801F050F9C0
:10075000D0E70B4801F04CF9002001F0EBF900283C
:10076000C8D0F2E7074C204670BD074C204670BD4C
:10077000109D0020F4090600BC090600D4090600FB
:10078000A4090600200CF000250CF00000284CD035
:10079000F0B50D4689B0002938D00446E42101F0B7
:1007A00059F901A9204601F013F810B1204809B009
:1007B000F0BD204F4FF0FF31386801F06BF980BB7E
:1007C000002001F0B7F940BB01A92A46204600F0FD
:1007D00063FB0646012001F0ADF9D0B9386801F09D
:1007E00073F978B9002EE1D12046E42101F032F905
:1007F00029462046FFF76CFF0F4B002818BF18460C
:1008000009B0F0BD0D4801F0F3F8EBE70C4809B072
:10081000F0BD0C4801F0ECF8E0E70B4801F0E8F817
:10082000D2E70A4801F0E4F8CAE70948704700BF78
:10083000110CF000109D0020120CF000BC09060005
:10084000200CF000F4090600D4090600A4090600F3
:10085000250CF00030B4029D4DB1064D941EAC4203
:1008600002D830BCFFF724BC034830BC70470348B3
:1008700030BC7047FDFF0700310CF000300CF00079
:1008800038B504464FF4806001F040F9054D064844
:100890000649074A00232B6003600B68236013603E
:1008A00038BD00BFC8B102502CB1025004B1025093
:1008B00008B102500138072805D8DFE800F00A0E19
:1008C000041204040406094870478B698B600020F9
:1008D0007047CB688B60002070470B698B600020ED
:1008E00070474B698B600020704700BF310CF100EE
:1008F0000B6802E0082B0B6006D8426813424FEAEF
:100900004303F7D00020704700487047310CF100D6
:10091000084B094A002119601368002BFCD10748D5
:100920000749084A03604FF480604FF0FF330860C6
:10093000136070472CB1025010B90250C4B102507C
:1009400008BA025008B10250012BF8B516461CD067
:1009500010221D460C4601F05FF8E0B1AF1E314693
:1009600004EB0710102201F057F8A0B1022D0ADDA8
:100970000025204610342146102201F04DF80135A3
:1009800048B1BD42F5D10020F8BD1146102201F05A
:1009900043F80028F7D10148F8BD00BF020CF00071
:1009A000002877D0F8B50C46002971D01D46002BE1
:1009B0006ED0064622B1012200232A60C0F8D8304A
:1009C0002B68002B62D029462046FFF791FF0028B4
:1009D0005BD128682146FFF76DFF002855D1364BC3
:1009E0003649374A01271F609C460F60CCF80070DB
:1009F000A368136011688B42F8D1324F3249334AF1
:100A0000334B4FF0000CC7F800C004270F600A21D9
:100A100011606FF03A021A60079B012B4FF0805370
:100A20003AD0D3F8002C013243D0D3F8002C294B14
:100A3000A3FB02321209A368274C2849284F03FB65
:100A400002F303EB4303DB039B092360254B2C6874
:100A50000C601A60069A244C3A604FF4806222605F
:100A600001224FF0FF3441F8C44C43F80C2CD6F867
:100A7000D8302A6823F07F4343EA0263C6F8D830AF
:100A80002A6843EA0223C6F8D830F8BD1748F8BDF3
:100A90001748F8BD16487047D3F80C2C013206D021
:100AA000D3F80C2C0B4BA3FB0232FA40C3E71622FF
:100AB000C1E70622BFE700BFC4B1025040B10250F7
:100AC00030B102502CB102500CB1025038B102507A
:100AD00000B10250ABAAAAAAD8B10250CCB10250C0
:100AE000D0B10250D4B1025008BA0250310CF1001A
:100AF000350CF100F0B4C900002401F1FF3C26469A
:100B0000274606E09F4216D00126654519D82C4697
:100B10001F46630904F01F0150F823301F2923FAF0
:100B200001F304F1010518BF03F00103002CE9D122
:100B300001263546EBE701369642E6D10248F0BC85
:100B400070470020F0BC7047360CF100002861D0DF
:100B50002DE9F0414C1EB4F5047F27D233B32AB3FC
:100B6000CD00012B05F1FF3E30D000218C460F4611
:100B70000E4603F1FF384C0901F01F0550F82440E0
:100B80001F2D24FA05F418BF04F0010421B9012631
:100B9000B44631462746EEE7B34213D0A74201D10F
:100BA0000CF1010C464504D1624502D21A48BDE859
:100BB000F0813C4601318E4506F10106EAD2002063
:100BC000BDE8F08100264FF0010CF3E70026B446A3
:100BD00037463446610904F01F0350F821101F2BDB
:100BE00021FA03F118BF01F001013CB15FB98C4556
:100BF00001D0614608E00136614605E00126344631
:100C00008C460127E6E73E46B242CFD30134AC42E0
:100C1000F6D1D4E700487047370CF1002DE9F04FCA
:100C200089B01D46149BDDF84CA004460E461746BD
:100C30004BB94FF08053D3F8002C013200F0A9805B
:100C4000D3F800BC08E04FF08053D3F80C2C0132ED
:100C500000F0A280D3F80CBC7C480AF5C1622A607F
:100C6000129A00234FF0FF31136000F013FF0028A9
:100C700040F08680764A774B7749106004321960DD
:100C800013680693069BD907FAD5714A714B002168
:100C900011601B680793043213680793079BDB07F7
:100CA000FAD56C4B6D4A1B680793DDF81C901368EE
:100CB0000793079BD807FAD5644800F005FF002882
:100CC0005AD1654B994540F0B680D4F8D43013F42E
:100CD00000790ED1D90512D52B68129A1B681360C2
:100CE0003BB1D4F8D4309B055BD5484609B0BDE88C
:100CF000F08FDFF87C91484609B0BDE8F08F002FF7
:100D000000F08780564A574B1168B2681B689A42B8
:100D100045D10A2943D194F8DB3005930AF5C26A1C
:100D2000042500274FF0805804A8FFF7A9FD049878
:100D3000820602D510F01A0039D0D4F8D810059ADE
:100D40000B0A03F47F030B4323F07F43082AC4F804
:100D5000D83077D0149B4FEA420CCDE900730022C3
:100D600005AB31462046CDF814C0FFF719FE002828
:100D70005FD1013DD8D1B4E73B4800F039FEA0E790
:100D80003A48DFF8F09000F033FE484609B0BDE87D
:100D9000F08F4FF0900B5FE74FF4047B5CE7DFF8D8
:100DA000D890FFF7B5FD484609B0BDE8F08F129B1B
:100DB0005246C3F800B0594600F03CFD002838D137
:100DC000D8F8043C129A013318BFD8F8043C1168D3
:100DD00008BF51230293D8F8083C01332ED0D8F82D
:100DE000083C03934B1EB3F5047F0FD2029A029185
:100DF0005046FFF77FFE48B90299039A4FF480638B
:100E00005046FFF7A3FE00283FF46BAF129B1F6014
:100E100093E723F00F03C4F8D430149B0122CDE9EB
:100E20000093314605AB2046FFF7BAFD00283FF49A
:100E300075AF814655E7DFF83C9056E740F237330F
:100E40000393CFE7DFF834904BE700BF189D0020F5
:100E500004BF025000BF025012FA12FA08BF02503B
:100E600038B1025030B10250BC090600A409060096
:100E7000330CF000350CF000300CF100320CF100B6
:100E800030B4DDE90234049D02940024CDE903541A
:100E900030BCFFF7C3BE00BF10B586B005AB012460
:100EA000CDE901240093002204ABFFF7B7FE06B0A2
:100EB00010BD00BFF0B4441831B114F8015D4E1EEE
:100EC00015B931460029F8D1D41833B114F8015DB1
:100ED0005E1E45B93346002BF8D10D1E18BF012503
:100EE0002846F0BC70478B4222D325D84C1EA64220
:100EF00028BF2646002E23DB0136941900258219CF
:100F000004E0012D38BF012590420BD012F8016D8D
:100F100014F8017DB742F4D3F6D9002D08BF02259D
:100F20009042F3D18B4218BF00252846F0BC704791
:100F300001252846F0BC704702252846F0BC7047C2
:100F40000025EFE79942F0B50DD801EB03044FEA15
:100F5000540467D3002C7DD04FF0000C171F21469E
:100F6000051F624632E003F1804C0CF1FF3C051F87
:100F7000002600EB8C0C05EB810E34465CF8047FF8
:100F8000E64546EA0706F9D116F1FF3744F1FF3C82
:100F90006FEA0C0C99420CF0010C3ED201F1804E2C
:100FA0000EF1FF3E171F02EB8E0507EB830355F88A
:100FB000042FAB4246EA0206F9D116F1FF3644F19E
:100FC000FF32D24302F0010291B3051F002305EB6B
:100FD000810E28463C46194650F8046F54F8045FC9
:100FE000AE4218BF002103F0010318BF002388BFE1
:100FF00041F0010138BF43F001038645ECD1A9B1AE
:1010000082F00100BCF1000F00D108408CF0010417
:1010100002B91C4000EB4400F0BDC3B1171F1946D4
:101020000022D3E700263446B446B7E7002BE7D1C9
:10103000BCF1000F03D132B160461446EAE782F0FA
:1010400001000023E2E7104613461446E1E760463C
:101050001C46DEE720462346DBE700BF4218084671
:1010600030B112F8013D411E1BB908460028F8D1E5
:1010700070471A064FEAC00018D4590600F1FF3233
:1010800015D49906A0F1020211D4D906A0F10302E9
:101090000DD41907A0F1040209D45907A0F10502E3
:1010A00005D49B07A0F1060201D40738704710460B
:1010B000704700BFA1B100EB810001E001390FD002
:1010C00050F8043D002BF9D04801A0F1200202E0C5
:1010D0000138904206D0002B4FEA4303F8DA7047FC
:1010E00008467047704700BF78B3032A70B50E46B4
:1010F0001546044601D9052A1CD1012E18D8ABB9D2
:10110000022D19D0052D17D04C21204600F0A2FC4D
:10111000052D88BF4FF0FF3213D900200123C4E909
:101120000826C4E90B00C4E90D3370BD094870BD41
:10113000094870BD094870BD56B94C21204600F0E1
:1011400089FC074B53F82520E7E74FF47000704700
:10115000044870BD0E00F0000600F0000200F00030
:10116000840A06001200F000C8B110B50C4682B126
:101170008CB9082B0DD15368102B0ED1136843B1D5
:1011800001238362D2E90012103000F05DFC20469A
:1011900010BD044810BD044810BD044810BD4FF4F4
:1011A000700070470400F0000500F0000300F0003C
:1011B00070B108B5036A013B022B05D831B110228A
:1011C00000F042FC002008BD034808BD034808BDEC
:1011D0004FF47000704700BF0200F0000100F00003
:1011E00038B349B31AB338B512F00F051BD1046AEE
:1011F00024F00404032C01D003B31D4613462A46F1
:1012000001F022FE58B1A0F57100052818D8052874
:1012100016D8DFE800F005030A0303080A4838BDC2
:101220004FF4700038BD094838BD094838BD07483B
:1012300070474FF47000704706487047064838BD45
:101240004FF4750038BD00BF0200F0000A00F00046
:101250000600F0000800F0000900F000F8B5079F54
:1012600048B30E460546002A35D0994239D8002F9A
:1012700041D02B6A23F00401032906991FD00029CD
:1012800032D03968B14233D3300703D0012B1CD898
:10129000EB6A23B311463346069A284601F0E0FE76
:1012A000044660B3A0F57104052C37D8DFE804F0DC
:1012B0000310251010174FF470042046F8BDA9B193
:1012C00039680F2914D93107E4D0032BE2D1DFE7C5
:1012D000144C2046F8BD0029C9D0134CEDE7134C3F
:1012E000EBE7134C2046F8BD002ED3D0114CE4E7B9
:1012F000114C2046F8BD114CDFE7114CDDE72B6A9D
:1013000023F00403032B01D03E60D6E7069829465C
:10131000102200F099FB10233B60CEE74FF47504D8
:10132000CBE700BF0200F0000800F0000A00F00068
:101330000C00F0000900F0000D00F0001100F000BA
:101340000600F0002DE9F84F1E460A9B002B6AD0DC
:101350000D4600296FD0044600287DD0022E5ED8AD
:1013600016B10B9B002B79D0D4F8B872B7F5107F6B
:101370004CD8D4F8BC127B1C994247D895F8009001
:10138000B9F1070F53D8B9F1050F50D009F0060392
:101390000737022B4FEAD7073CD07B00013393423B
:1013A0003BD10A9807F1030B4FF45D7100F1040A79
:1013B0002BF0030800F04EFB414650463B466A1CAA
:1013C00000F002FC002838D14FEA9B0B5B465946DF
:1013D00022465046FFF7B6FD022855D119F0040FFA
:1013E0003ED10A9B214603F194004FF4377200F07E
:1013F0002BFB4946504600F06DFC0446002845D1C1
:10140000022E45D00A9A264B13601CE0254C20463C
:10141000BDE8F88F7B1C9342C3D0234CF7E7234CE5
:101420002046BDE8F88F224C2046BDE8F88F214CBD
:101430002046BDE8F88F204CE9E7204C0A984FF48D
:101440005D7100F007FB0B9B002BE0D04FF4637144
:10145000184600F0FFFADAE7194CD8E7194CD6E73E
:101460000A9B7A1C4C334146184698462A443B4610
:1014700000F0AAFB0028E0D140465B4659462246D0
:10148000FFF760FD0228ACD00C4CC0E70E4CD5E74E
:101490000B99504600F0FCFC0028B3D00446CDE781
:1014A000010000EC9508F0000F08F0001108F000B2
:1014B0000E08F0000708F0000D08F0001008F0001A
:1014C0000208F0001208F0003008F0002DE9F043A7
:1014D00083B0019300283DD01646002A67D00268E9
:1014E0001F46354B9A4204461BD18FB3052914D0B1
:1014F000072912D8D0F84C33C56C21F0020203F151
:101500000709042A03F11F034FEAD9094FEA5313CD
:1015100005F0010522D0022907D0284803B0BDE814
:10152000F083274803B0BDE8F0833A6809F1010869
:1015300042453ED3304645F0020500F8015B9B0072
:10154000221D494600F096FB48BBC7F80080E5E73E
:101550001C48E3E71C4803B0BDE8F0833A684FEA53
:10156000490808F10108424523D3042930460CBF3D
:101570000D4645F006059B0000F8015B221D49461B
:10158000019300F077FB50B909F10100019B04F1D0
:101590004C023044494600F06DFB0028D5D030465F
:1015A000396800F057FA002308483B60B6E708485E
:1015B000B4E70848B2E700BF010000EC1508F000EE
:1015C0001A08F0001708F0001408F0001B08F000DB
:1015D0001608F0001808F0002DE9F04782B0DDE9A8
:1015E0000A98002A5CD01D46002B5ED0B9F1000F8E
:1015F0005DD0B8F1000F5CD0074600285BD08A466A
:10160000002948D0144618464FF44C7100F022FAD5
:101610004FF45D71484600F01DFAD4F8BC621F36E5
:101620007609B200013E04F1D801404605EB86067A
:1016300000F00AFA002373602B1DD4F8BC2200933B
:10164000514638464346FFF705F90646C8B12846D5
:101650004FF44C7100F0FEF948464FF45D7100F014
:10166000F9F90C9B23B140F66811184600F0F2F925
:1016700040464FF4537100F0EDF9304602B0BDE83A
:10168000F087204643464A46294602F06DFE06464C
:101690000028E6D0DBE7094E304602B0BDE8F0870F
:1016A000074E304602B0BDE8F087064EE5E7064E2D
:1016B000E3E7064EE1E7064EDFE700BF9008F000E3
:1016C0000208F0000308F0000408F0000508F0002C
:1016D0009108F0002DE9F041002940D016461F4640
:1016E0000A682B4B9A420C4631D1054600283AD065
:1016F0000268013B9A422ED1002E45D0002F45D0E2
:10170000069BB3B300F194014FF4377204F150001B
:1017100000F082F90435211D68BBD4F808333A681B
:101720000733B2EBD30F4FEAD3081ED3069B2846EC
:10173000324600F0DDFB0446F8B9C7F80080069891
:101740004FF4537100F086F92046BDE8F081114C4A
:101750002046BDE8F081104C2046BDE8F0810F4CDA
:101760002046BDE8F0810E4CF2E70E4CC7F8008031
:10177000EEE70D4CECE70D4CEAE73968304600F037
:1017800069F900233B60DAE7094CE1E7094CDFE740
:10179000020000EC3408F0003208F0003308F000DA
:1017A0003108F0003808F0003708F0003A08F0007F
:1017B0003508F0003608F0000B2804D8034B53F826
:1017C000203003B118470020704700BFF80B060017
:1017D00030B5042285B00123C0F8D0200B606846E4
:1017E0000023CDE90033CDE902330C4600F04EF87A
:1017F0000546C8B9DDE90030DDE90212E360003BCF
:10180000C4E9040118BF0123A26108B143F0020337
:1018100009B143F004030AB143F00803002228464B
:101820006360A26005B030BD014800F0E1F8E1E777
:101830009C0A060030B585B004460D461048039258
:101840004FF0FF3100F026F9039A68B92046009561
:101850000123002101F0E6FF0446094800F034F9B5
:1018600038B9204605B030BD064800F0C1F8039AEB
:10187000ECE7054800F0BCF8204605B030BD00BFDD
:10188000189D0020A4090600BC09060000234FF49F
:10189000FA714FF47A72C0E900228160C360184681
:1018A000704700BF10B500F031F8A0B900F01EF984
:1018B00020B1032400F070F8204610BD00F03AF982
:1018C000034680B90D4A1268120EF02A06D005248C
:1018D00000F00EF9EEE70424204610BD0849094A3D
:1018E0000968914201D00624F2E7074A01201360FB
:1018F00000F020F904460028DED0E8E728B90250BD
:1019000024BA02500000E0200CBA025008B5184872
:1019100000F0A4F898B9174800F0A0F8B8B9164834
:1019200000F09CF8D8B9154B124A15481A6000F01F
:1019300095F8C0B9134B124A1A60002008BD12482E
:1019400000F056F80B4800F089F80028E7D00F485F
:1019500000F04EF8084800F081F80028E3D00C4869
:1019600000F046F8DFE70B4800F042F8E2E700BF7E
:10197000189D0020089D0020149D0020109D00202F
:101980000C9D0020009D0020CC0A0600E80A0600FD
:10199000040B0600240B060008B500F03BF80F48C6
:1019A00000F06AF804210D4800F054F80C4800F0EB
:1019B00063F80B48042100F04DF80A4800F05CF889
:1019C00040B9094800F058F8BDE80840064804212D
:1019D00000F040B8054800F00BF8F2E7189D002031
:1019E000089D0020149D00200C9D0020040B060083
:1019F000BFF34F8F0549064BCA6802F4E0621343F8
:101A0000CB60BFF34F8F00BFFDE700BF00ED00E0EC
:101A10000400FA05704700BFA2B1013A30B40139A1
:101A20008518421E002012F8013F11F8014F95421F
:101A300083EA040340EA0300F5D1003818BF01200F
:101A400030BC70471046704705F0A9BE05F0B2BE25
:101A500005F0C9BE0A46002105F0C5BE10B5044612
:101A600010B10020206010BD0248FFF7C1FF002028
:101A7000206010BD440B060010B5044610B10020D4
:101A8000206010BD0248FFF7B3FF0020206010BDAA
:101A9000440B060010B5044680B10123BFF35B8FF1
:101AA00054E8002F44E800310029F9D1BFF35B8FDF
:101AB000012AF3D0BFF35F8F002010BD0148FFF76C
:101AC00097FFEAE7680B060010B5044620B1BFF3A4
:101AD0005F8F0020206010BD0348FFF789FFBFF330
:101AE0005F8F0020206010BD880B0600002070472B
:101AF00000207047014B1860704700BF08BA0250C1
:101B0000014B1860704700BF04BA025010B504467C
:101B100030B1054B18680442FCD0044B1C6010BD6A
:101B20000348FFF765FFF4E700BA025008BA025015
:101B3000A80B060010B54FF0FF3104461748FFF719
:101B4000A9FFE8B9164A54B11368A3B1012B18D004
:101B5000013B1360BDE810401048FFF7B5BF1068A7
:101B600038B9104B10490124C3F800450B68002B0D
:101B7000FCD101301060BDE810400848FFF7A4BF59
:101B800010BD09490B68002BFCD106480749C0F875
:101B900000356FF07E430B601368D9E7149D002079
:101BA000609A002000A0025010B9025004BA0250FE
:101BB0003AB10A44013812F8013D00F8013F8A4267
:101BC000F9D10020704700BF002A48D02DE9F0412C
:101BD0000446002845D015465A1E053234D811F067
:101BE000030631D18B422FD8CF1C27F003028A4243
:101BF00032D8A2EB030840441A462946FFF726FFD5
:101C0000414620464FEA9708FFF724FFB8F1010F3D
:101C10001DD0FF0804EB87000438231F04EB880560
:101C200053F8042F55F8041D12BA09BA83421960FB
:101C30002A60F5D118F0010007D054F827301BBAFC
:101C400044F82730002000E00748BDE8F081236811
:101C50001BBA30462360F8E70448BDE8F081044829
:101C600070470348F1E700BF050DF000090DF000D3
:101C7000040DF00030B40AB300B3DBB113F0030578
:101C800018D18B4216D3A9B1904208D002D913447F
:101C9000984217D3904202D243189A4212D9114463
:101CA000431E11F8014D03F8014F8A42F9D128462D
:101CB00030BC7047044D284630BC7047034D284661
:101CC00030BC7047024DF6E7050DF000040DF00042
:101CD000060DF000F0B50446D0F848038DB000F1D1
:101CE0001F062023B6F5187F00937ED20F46694663
:101CF00001F0F0FB054610B128460DB0F0BD7609A5
:101D0000334604F19002012101F024FD012108462F
:101D1000052304F5127201F01DFD33462246012110
:101D2000022001F017FD334604F1D80201210420FE
:101D300001F010FD04F5907233460121052001F0F9
:101D400009FD424A13680193019BDB07FAD5404B1A
:101D500040493E4A196013680293029BD807FAD59E
:101D60003B4B3D49394A196013680393039BD907DC
:101D7000FAD5374B3949354A196013680493049BE7
:101D8000DB07FAD5324B364A1A6007F00603022BFE
:101D90002FD004F1480233460121032001F0DAFC80
:101DA0002A4A13680593059BDC07FAD5284B2D4971
:101DB000264A196013680693069BD807FAD5244B68
:101DC00029492A4A196013680793079BD907FAD54E
:101DD000274A284B126812F4805F08BF1D460098FE
:101DE00001F062FC28460DB0F0BD234D28460DB031
:101DF000F0BD01F069FE002826D01C4A1368089344
:101E0000089BDB07FAD51D4B184A196813680A931B
:101E10000A9BD807FAD51A4A1A4B11601B68099316
:101E2000099B5F40F90708D5343A13680B930B9B65
:101E3000DB07FAD5064B144A1A60314604F1480014
:101E4000032201F05BFCCAE7104DC8E7B0B00250B6
:101E500080B0025080210888804118318061088854
:101E60000051183180310C8800681051B4B0025014
:101E700088B002501008F0000F08F0000CB00250BB
:101E8000E4B00250DCB00250C03000294021F00024
:101E900070B5D0E9D2421F3484B0640900F1480320
:101EA0000D4601EB84061F3201EBC4010391009340
:101EB00000F5B4710346CDE901565209903000F0A7
:101EC000D3FE70B930462146FFF7F4F830B9214609
:101ED0002846FFF7EFF808B904B070BD024804B017
:101EE00070BD024804B070BD1008F0003008F0006A
:101EF0002DE9F043D0E9D2451F3485B0640903EBE6
:101F0000C40E1E4603EB84071F3500F148030093FF
:101F1000CDE9027E03460196904690306A0900F0B2
:101F2000A3FE054640B130464FF45371FFF792FDD2
:101F3000284605B0BDE8F08338462146FFF7BAF8D9
:101F400060B121463046FFF7B5F838B14FEA840951
:101F50004A4640463146FFF72BFEE4E7004DE2E7F4
:101F60002008F1002DE9F04F97B0DDE920744FEA29
:101F7000043E4EEA844E4EEA83149D4D44F0045CC8
:101F80009C012E680096009EF607FAD5229DDFF888
:101F90006482974EC8F800C0920142EA834242EA46
:101FA000053545F010454FEA834832680192019AA1
:101FB000D207FAD58F4ADFF838C215604EEA811E83
:101FC0004EF0104E8E01DCF800200292029AD507E6
:101FD000F9D53D0345EA8745864A854FC2F800E0BA
:101FE00044EA050949F004593A680392039AD20772
:101FF000FAD5804ADFF8F8E1C2F8009044EA033CE1
:1020000048EA0C0747F004574FEA033ADEF800208D
:102010000492049AD207F9D5764ADFF8D4E1176022
:102020004CEA814949F010498F04DEF800200592FE
:10203000059AD207F9D56F4ADFF8B4E1C2F80090EB
:1020400045F0104545F48075DEF800200692069AAA
:10205000D207F9D5DFF89CE1674ADFF89491CEF812
:10206000005042EA80124FEA801ED9F800500795CE
:10207000079DED07F9D5DFF87CB1DFF884915C4D61
:10208000CBF8002049EA00394FEA003B2A68089261
:10209000089AD207FAD5574DC5F80090239A574DA4
:1020A00045EA8249524A12680992099AD507F9D538
:1020B000504A4F4DC2F800904CF0245949F4001991
:1020C0002A680A920A9AD207FAD54A4D484AC5F8B0
:1020D00000904EEA030343F0484343F4821315682B
:1020E0000B950B9DED07FAD54EEA0B05DFF804E1E1
:1020F0003F4ACEF8003045EA080545F0045513681C
:102100000C930C9BDB07FAD53A4B394A1D604CEA1D
:10211000804040F0045013680D930D9BDD07FAD505
:10212000344BDFF8E0C0324A18604AEA0C0C1368FE
:102130000E930E9BD807FAD52E4B2D4DC3F800C039
:1021400047EA013746EA070C4CF004500A032B68B3
:102150000F930F9BDB07FAD5264B254D18604CF0EB
:10216000104C2B681093109BDB07FAD5214B204DA8
:10217000C3F800C02B681193119BDB07FAD51D4BE8
:102180001B4D1860274347F004572B681293129B8E
:10219000DB07FAD5174B16481F60239B44EA080457
:1021A00044EA033444F0104403681393139BDD079F
:1021B000FAD5104B0E481C60324342F0245242F4D0
:1021C000101203681493149BDC07FAD5094B0848D6
:1021D0001A600E4346F0484646F4A216036815936B
:1021E000159BDB07FAD5034B1E6017B0BDE8F08FD7
:1021F000B0B0025080B002500040102100410021D8
:1022000000011021400128292DE9F04F9FB0AF4F68
:102210002D9D289E2C0344EA854C4CEA831C4FEAF2
:10222000854E01944CF0104C9D013C680494049C34
:10223000E407FAD54FEA801BA54F4BEA033848EA7A
:102240008646DFF88882C7F800C046F010461F03B4
:10225000D8F800400594059CE407F9D5DFF87082B2
:10226000DFF868C24BEA00340294C8F8006044F01A
:10227000245848F40018DCF800400694069CE60751
:10228000F9D5DFF84C92914EC9F8008045EA070C69
:102290004EEA0C0E4EF0104E34680794079CE4078B
:1022A000FAD5299CDFF82892DFF82082C9F800E0EF
:1022B00047EA811646EA84468C0146F010460094AF
:1022C000D8F800400894089CE407F9D5009CDFF892
:1022D0000082DFF8F891C8F8006044EA013E4EF051
:1022E000245848F40018D9F800400994099CE607DE
:1022F000F9D52A9CDFF8D891744EC9F800804FEACE
:10230000043A4AEA844A2A9C4AEA050A4AF0104AF0
:102310004FEA844934680A940A9CE407FAD52B9C56
:1023200047EA844606430396694E684CC6F800A007
:10233000039E46F0484A4AF0C00A26680B960B9E58
:10234000F607FAD5624C614EC4F800A049EA0C0ABF
:102350004AF0104A34680C940C9CE407FAD52C9C83
:1023600047EA84460E430396594E584CC6F800A0DF
:10237000039E2E4346F0484A26680D960D9EF607AA
:10238000FAD5019C44EA8216514C46EA09094F4E9F
:10239000C4F800A049F010494FEA821A34680E943C
:1023A0000E9CE407FAD54A4C484EC4F800904AEA1D
:1023B000824A4AF0104A4AF4405A4FEA8249346845
:1023C0000F940F9CE407FAD5414E404CC6F800A08C
:1023D00026681096109EF607FAD53D4EDFF8F8A055
:1023E0003A4CC6F800A026681196119EF607FAD559
:1023F000374EDFF8E8A0354CC6F800A026681296E4
:10240000129EF607FAD5324EDFF8D4A02F4CC6F84C
:1024100000A04EF0104E4EF4402E26681396139EE8
:10242000F607FAD52A4E2B4CC6F800E044EA804E57
:102430003036800434681494149CE407FAD547EAD3
:102440008347DFF88CA0214CCAF800E04BEA07066E
:1024500046F0484646F003064FEA834A2368159340
:10246000159BDB07FAD5DFF868E0184CCEF8006062
:10247000029B43F0045646F4801623681693169B7D
:10248000DB07FAD5124CDFF844E02660DEF80030B6
:102490001793179BDC07F9D50D4CDFF830E0266069
:1024A00040F0045040F48240DEF800301893189B4E
:1024B000DB07F9D5009B054C4AEA01011943044B9F
:1024C00041F04841186041F480410BE0B0B0025047
:1024D00080B002500041009000310C90C0400C9040
:1024E000C030202923681993199BDE07FAD5194BB0
:1024F0001948196003681A931A9BDC07FAD5154B23
:102500001549C3F8008049EA02322A4342F01042DA
:102510000B681B931B9BD807FAD50E4B0E491A600C
:102520002F4347F010470B681C931C9BDA07FAD522
:10253000084B094A1F604CF0104141F430111368F8
:102540001D931D9BDB07FAD5024B19601FB0BDE838
:10255000F08F00BF80B00250B0B002502DE9F04FB4
:1025600099B0DFF870C2269C239D270347EA84496F
:1025700049F0104646F0800699464FEA844EDCF852
:1025800000300193019BDC07F9D5914B914C1E6003
:102590004FEA894949EA801949F0104646F4005645
:1025A0004FEA801A23680293029BDB07FAD5884B17
:1025B000884C1E604AEA003C4CF0245646F4001653
:1025C00023680393039BDB07FAD5814B814C1E6084
:1025D0004EF0104646F4025623680493049BDB0732
:1025E000FAD5229B7B4C4FEA834E4EEA811E784BF4
:1025F0004EF0104E1E604EF4005E8E01236805936F
:10260000059BDB07FAD5724B724CC3F800E046EA33
:10261000013949F0245B4BF4001B23680693069BA9
:10262000DB07FAD54FEA053E694B6A4CC3F800B0A8
:102630004EEA854E4EF0104E4EF0800E4FEA854821
:1026400023680793079BDD07FAD5249B604C40EA7B
:10265000834545F048455F4BC4F800E045F4035519
:102660001C680894089CE407FAD5594B594C1D6026
:1026700048F0104545F4025523680993099BDB0790
:10268000FAD5259BDFF848E1524CCEF8005041EADC
:10269000834343F0484545F4025523680A930A9B57
:1026A000DB07FAD547EA8217494B4A4C1D6047EAD7
:1026B000080848F01047950123680B930B9BDB0734
:1026C000FAD5434B434C1F6045EA824242F0104228
:1026D00042F4405223680C930C9BDD07FAD53C4B27
:1026E0003C4C1A6023680D930D9BDA07FAD5384BE2
:1026F000394C384A1C6013680E930E9BDB07FAD5E1
:10270000334B364C334A1C6013680F930F9BDF0723
:10271000FAD52F4B324C1C602E4A49F0104444F439
:10272000402413681093109BDD07FAD5284B2D4DDC
:10273000284A1C6045EA8045800413681193119B68
:10274000DC07FAD5224B284C224A1D604AEA0404D1
:1027500013681293129BDB07FAD51D4B1D4A1C60B0
:102760004CF0045444F4801413681393139BDF0754
:10277000FAD5174B174A1C6013681493149BDD0796
:10278000FAD5134B134A1C6040F0045040F48240C9
:1027900013681593159BDC07FAD50D4B0D4A18608D
:1027A0000E4346F0484646F4042613681693169BDB
:1027B000D907FAD5064B074A1E6013681793179B73
:1027C000DB07FAD5024BC3F800B019B0BDE8F08FB3
:1027D00080B00250B0B0025000310C90C0400C905C
:1027E000C030202900410090032008C82DE9F043A3
:1027F000974AABB013680993099BDF07FAD5954B4D
:102800009549934A196013680A930A9BDE07FAD523
:10281000904B92498E4A196013680B930B9BDD070E
:10282000FAD58C4B8E498A4A196013680C930C9B1D
:10283000DC07FAD5874B8B49854A196013680D93DD
:102840000D9BD807FAD5834B8749814A19601368D5
:102850000E930E9BD907FAD57E4B844A1A601B2033
:1028600000F030FD0446182000F02CFD8442784A28
:1028700009D913680F930F9E16F00106F9D0754B16
:102880007B4A1A6009E013681093109BDB07FAD5A6
:10289000704B784A1A60044600266D4A13681193FB
:1028A000119BDF07FAD56B4B7349694A19601368AE
:1028B0001293129BDD07FAD5664B704A1A601C20F2
:1028C0001D2118220B238DE80F000F230E220D214E
:1028D0000C20FFF747FB01340C200D210E220F23A3
:1028E0008DE80F0024F0010413231222112110207F
:1028F000FFF738FB0125A11E08AB07AA1B2008958E
:1029000000F02CFD022800F06A81032800F04081CD
:10291000012800F0168100274D4A13681F931F9B62
:10292000DB07FAD54B4B5649494A19601368209387
:10293000209BDD07FAD5474B5249454A1960136879
:102940002193219BD807FAD5424B4F4A1A60043C89
:1029500039D44FF0170916254FF01A081521142005
:10296000CDE900011A231622CDE90259FFF7FAFA40
:10297000142003468DE82201162201F07BFB08ABF0
:1029800007AA21461B2000F0E9FC00EB8700043079
:10299000072816D8DFE800F0A1A8A59D9995840422
:1029A00012271122102315211420CDE904270393A7
:1029B000CDE90001029517231622FFF725FC4FF001
:1029C000FF37023CCAD519201C21162215231824D2
:1029D000CDE90121CDE9030400930E2214230D213A
:1029E0000C20FFF7BBFD1A4A002F40F081801368CE
:1029F0002693269BDC07FAD5164B2449144A196006
:102A000013682793279BD807FAD51248204B2149F2
:102A1000214C0F4A0460002E14BF1E460E46136858
:102A20002893289BD907FAD50A4B094A1E601368D8
:102A30002993299BDB07FAD5064B184A1A601823FD
:102A40001D221C21012001F029FC2BB0BDE8F083E0
:102A5000B0B0025080B0025000020021008220215C
:102A6000408220218082242140066E4900966929F7
:102A7000C0066649C0066249000662410016624906
:102A800040D62129C0D32029C0142129C05521298D
:102A90004007564940075E490007524900065A4917
:102AA0000E270D220C2315211420CDE904270393B2
:102AB000CDE90001029517231622FFF7A5FB002799
:102AC0007FE718271D221C23EDE718271D221C2352
:102AD00069E7182719221C23E5E712271322102380
:102AE000E1E70E270F22DDE70E270F220C235AE71E
:102AF00013682293229BD907FAD54C4B4C494D4A77
:102B0000196013682393239BDB07FAD547484A4B88
:102B10004A494B4C474A0460002E14BF1E460E46DD
:102B200013682493249BDF07FAD5404B414A1E606B
:102B300013682593259BDD07FAD53C4B414A1A6063
:102B40007DE73C4A13681393139BD807FAD5374B9C
:102B50003D49384A196013681493149BD907FAD574
:102B6000324B3A49334A196013681593159BDB07BA
:102B7000FAD52E4B36492F4A196013681693169BC7
:102B8000DF07FAD5294B334A1A604FF0FF37C3E607
:102B9000284A13681B931B9BDF07FAD5234B2E494A
:102BA000244A196013681C931C9BDD07FAD51F4B40
:102BB0002A49204A196013681D931D9BD807FAD52E
:102BC0001A4B27491B4A196013681E931E9BD9078D
:102BD000FAD5164B234A1A604FF0FF379CE6154A88
:102BE00013681793179BDD07FAD5104B1649114A46
:102BF000196013681893189BD807FAD50B4B134923
:102C00000C4A196013681993199BD907FAD5074B19
:102C10000F49084A196013681A931A9BDB07FAD503
:102C2000024B0C4A1A60002776E600BF80B00250C3
:102C3000C0D32029B0B002504007364940073E4972
:102C40000007324900063A49000532494005364935
:102C500080053A49C0053E490005424940054649BC
:102C600080054A49C0054E492DE9F04F0D4687B011
:102C700004461146284600929846FEF71BFAD4F8FF
:102C8000BC32009904F1D80A1F3306465B0952464C
:102C90002846FEF757F9002E70D001286ED0D4E9EF
:102CA000AEB0394B584593F91A2093F91CC00092E5
:102CB0004FF0200793F91B2093F91D30059738BF7B
:102CC000584605A90192CDF808C0039300F002FC14
:102CD000074618B1384607B0BDE8F08F2B490BF115
:102CE0001F094FEA59194B46C1F800B0224601218D
:102CF00000F030FD0121084604F5DC72052300F0E8
:102D000029FD4B4604F1480201210B2000F022FD71
:102D1000D4F8BC329DF808409DF800001F3352469D
:102D20005B099DF80CA0012100F014FD42464B46C2
:102D30002046012100F00EFD109A4B46504601211D
:102D400000F008FD06F11F035B099DF804002A4608
:102D5000012100F0FFFCFFF749FD1198224649468A
:102D600000F0CCFC12985246494600F0C7FC05988A
:102D700000F09AFC384607B0BDE8F08F044F3846A3
:102D800007B0BDE8F08F00BFD80B060090B002502E
:102D90003008F10038B5224B224A0121054619605E
:102DA0001368002BFCD1204A1368002BFCD11F4A6A
:102DB0001368002BFCD11E4A1368002BFCD11D4B5D
:102DC0001C68002CFCD14FF0FF30FEF793FE2B6AFD
:102DD00023F00403032B184B18680CBF20F04000AD
:102DE00020F08000FEF78CFE144B00221A602B6A44
:102DF00023F00402032A18BF6C6A114A4FEA8303C6
:102E000018BF04F0010403F01C031C4314602B6A78
:102E1000072B02D10B4B01221A60002038BD00BFE6
:102E200000B9025070B4025020BD025020BC0250C4
:102E300038BD025038BC025004BA0250BCB4025033
:102E4000C0B402507CB40250002800F0BF80F8B536
:102E50001D46436B0E4617460446002B35D0012B0A
:102E600002D1B5F5803F33D265484FF0FF31FEF710
:102E700011FE002857D10020FEF75CFE00284ED13D
:102E8000604B01221A60236A032B28DC002B28DA0E
:102E90005D4A1368002BFCD15A4A1360236A23F061
:102EA0000403032B594B18680CBF40F0400040F05E
:102EB0008000FEF725FE0120FEF73CFE002836D1FB
:102EC0004F48FEF701FE28B9F8BDB5F5805FCBD3BA
:102ED0004F48F8BD4F48FEF78BFD0020F8BD072B8B
:102EE000D6D1636A012BD3D8636B012BD0D8A36BE7
:102EF000012BCDD82046FFF74DFF0028C8D1A36A8B
:102F0000012B6CD033F0020263D0236A5A1E062ACA
:102F10001BD8DFE802F0104B101A1A1A10003E48B6
:102F2000FEF766FDACE73D48FEF762FDA3E73C48CF
:102F3000FEF75EFDC4E73B4B22681A6062685A6088
:102F4000A2689A60E268DA60236A23F00403032B24
:102F500031D0A36B012B4CD0334A344B1760202067
:102F60001D60636B012B2CD0314A324B16601D6003
:102F7000FEF7CCFD244A1368002BFCD1236A013BE9
:102F8000062B10D8DFE803F00414040F0F0F040021
:102F9000244A294B126822601A6862605A68A2604B
:102FA00008331B68E3600123236371E7234BC3E706
:102FB000224A234BEEE7636B012B01D01020D3E7AD
:102FC0004020204A204B16601D60D1E74FF471006D
:102FD00070471E491E4A0B600123136095E71D4B85
:102FE00022691A6062695A60A2699A60E269DA60CD
:102FF0008BE7194A194B176080201D60B1E700BFAD
:10300000189D002010B8025010B9025004BA0250A6
:103010000500F100BC090600D4090600A409060059
:10302000F409060040B4025030BD025034BD0250D5
:1030300030BC025034BC025044B4025060B4025060
:1030400064B4025028BC02502CBC025038BA025062
:1030500078B4025000B4025028BD02502CBD02507A
:103060002DE9F041002800F081801D46036A072BFE
:103070000F46044616D055B9032B0FD1036B6BB91D
:10308000C0E90F55C0E9115500F13C0710252B464A
:1030900039462046BDE8F041FFF7D6BE2E46304601
:1030A000BDE8F081436B002B37D1B5F5805F39D295
:1030B00015B9236B002B35D167484FF0FF31FEF770
:1030C000E9FC002840F097800020FEF733FD00283F
:1030D00040F09980614B01221A60236A032B23DCA4
:1030E000002B23DA5E4E5F4A1368002BFCD15B494C
:1030F0005D4A0B60106840F04000FEF701FD0120C2
:10310000FEF718FD00287AD15348FEF7DDFC0028B1
:10311000C5D05648FEF76CFCC1E7012BC8D1B5F508
:10312000803FC5D3524EBAE7072BDBD1636A012B30
:1031300078D8636B012B57D8A36B012B00F28480E6
:103140002046FFF727FE06460028CCD1A36A012BB4
:103150006AD033F0020271D0236A013B062B13D8E8
:10316000DFE803F009440912121209004FF4710656
:103170003046BDE8F0813F4B22681A6062685A60B1
:10318000A2689A60E268DA603B493C4A01230B601E
:103190001560002D3BD1226B0AB9394A1360314BBF
:1031A0001E68002EFCD1236A013B062B9BD801A28E
:1031B00052F823F0D1310500F1310500D13105007D
:1031C000E7300500E7300500E7300500D1310500A4
:1031D000284A2C4B126822601A6862605A68A26002
:1031E00008331B68E3607EE7274E7CE7274BC3E785
:1031F000264A274BEEE72748FEF7FAFB64E7264806
:10320000FEF7F6FB80E72548FEF7F2FB62E7636B0B
:10321000012B1BD0224A234B176010201D60FEF7A4
:1032200075FCBCE7204E5EE7204B22691A6062699C
:103230005A60A2699A60E269DA608DE71C491D4A0A
:103240000B600123136087E71B4E4CE71B4A1C4BA6
:10325000176040201D60E2E7189D002010B8025062
:103260000100F10010B9025004BA0250BC09060076
:103270000500F10040B402507CB40250BCB40250CE
:1032800024B5025044B402500300F10060B402506F
:1032900064B40250A4090600F4090600D40906002B
:1032A00030BC025034BC02500200F10000B40250A5
:1032B00038BA025078B402500400F10028BC025021
:1032C0002CBC025030B4214A84B013680093009B98
:1032D000DC07FAD500F1A05303F52C439B001B4AF1
:1032E000186813680193019BD907FAD5184B1A681F
:1032F00012F11F0348BF02F13E035B11591E0FD4A8
:10330000124A144D144C13680393039BDB07FAD540
:103310000B182B6023680293029B2BB90139F2D260
:10332000580104B030BC704701314801A0F12001C0
:103330004FF0004202E001388142F2D013424FEADE
:103340005202F8D004B030BC704700BFB4B0025095
:10335000ACB00250E4B00250DCB0025070B41C6853
:1033600085B001F01F0644B91E2E06D01068F0404B
:1033700000F0030005B070BC70470F4D2C6801943D
:10338000019CE407FAD500F1A05404F52C44A400F4
:10339000094D20682C680394039CE407FAD5074C78
:1033A00000EB6111064821600168029102991160E9
:1033B00000211960DAE700BFB4B00250E4B0025057
:1033C000DCB00250A0F12003B3F5426F61D8F0B435
:1033D0008F2882B053D900F11F035B095B013F3393
:1033E0009B09013311B18B4255D80B46DC004FF4D9
:1033F0008051B1FBF4F1202928BF202102B11160D6
:10340000264C274D0126002226600239144603FA75
:1034100006F640F6FC778C4204F10104B6BF2A6040
:103420002F6092191E2C05F10405F4D11D4C1E4D80
:10343000226032442A6000F13F011C4A1C4DDFF833
:1034400090C0E56021F03F0110604031194F1A4EE5
:103450001A4D1B48CCF800109B011A493B603360A1
:103460002B60E3620360D3610A680192019AD2077C
:10347000FAD5154A0020136002B0F0BC704700F185
:10348000470400F16603E4064FEA5313A6D0013364
:10349000A4E70E4870470D48EEE700BF1CB8025085
:1034A00000B0025078B002507CB0025090B0025090
:1034B00020F80F0098B002509CB00250A0B002500B
:1034C000A8B00250B4B00250ACB002502221F000BB
:1034D00094B0025038B504460D4619484FF0FF31FC
:1034E000FEF7D8FA60B90020FEF724FB80B9204629
:1034F0002A460021FFF766FF0446A0B9204638BDE2
:103500001048FEF775FA0020FEF714FB0028EED0F5
:103510000D48FEF76DFA20462A460021FFF752FFBC
:1035200004460028EAD00120FEF704FB20B9044835
:10353000FEF7CAFA204638BD0448FEF759FAF6E706
:10354000089D0020A4090600D4090600F40906001D
:103550002DE9F0434E4C89B023680193019BDD07B0
:10356000FAD54C4B13449B000A181D681E2A05F11E
:103570001F0588BF1E224FEA551502FB05F288BFC2
:10358000C0F11E01B2F5806F04D94FF48061B1FB28
:10359000F5F1091A002976DD00F1A05000F52C4064
:1035A00005F1010E4FF0000C394ADFF8F4803A4C77
:1035B00087002EF00106604613680293029BDB072A
:1035C000FAD5D7F8009013680393039BDB07FAD56D
:1035D000C8F80090002355B101339D422060FBD113
:1035E000AE4204D92B4601339E422060FBD10CF140
:1035F000010C614507F10407DED1254A13680493E5
:10360000049BDC07FAD5254B214A196813680593FA
:10361000059BD807FAD5224B19607DB100231E49BE
:103620001A4601339D420A60FBD1AE4206D91A49BF
:103630002B46002201339E420A60FBD1144A1368D4
:103640000693069BD907FAD5164B114A19681368D9
:103650000793079BDB07FAD5114B196035B100239F
:103660000D491A4601339D420A60FBD1AE4207D98B
:10367000094A002301E00EF1010E76451360FAD1EC
:1036800009B0BDE8F08305F1010E2EF00106B4E7A4
:10369000B4B0025024AC0014D8B002507CB0025038
:1036A000D4B0025078B0025008B558B90F4B002280
:1036B0001A600120FEF73EFA98B90D48FEF704FAA9
:1036C00050B908BD202801464FF0070228BF20212D
:1036D0000020FFF73DFFE9E7BDE808400548FEF799
:1036E00087B90548FEF784F9E7E700BF1CB8025028
:1036F000089D0020BC090600F409060010B4124C15
:1037000085B023680193019BDB07FAD502F1A05233
:1037100002F52C4293000C4A1C6813680393039B28
:10372000DB07FAD5094B1C6051B10438084A00EB9D
:10373000810113680293029B40F8043F8842F8D14C
:1037400005B05DF8044B7047B4B00250E4B00250CD
:10375000DCB0025070B42F4D85B02C680094009CF2
:10376000E407FAD500F1A05000F52C408000294C68
:103770000568206801900198C607FAD526480126F9
:1037800005609BB1043A254E02EB830452F8040F06
:103790003060A242FAD15E1C26F00102934205D2AB
:1037A0001E4C0020013393422060FBD1194A26F0C1
:1037B000010013680293029BDC07FAD5184B0B44F7
:1037C0009B001B681F33B0EB531F4FEA53121DD2EF
:1037D00010490B680393039BDB07FAD50E4B054496
:1037E000121A1D6012D000230C481946013393426F
:1037F0000160FBD15A1C22F00101994206D9074809
:10380000002300E001328A420360FBD105B070BCA6
:10381000704700BFB4B00250D4B00250D8B00250CC
:1038200024AC0014F8B5069E002E33D001292FD801
:10383000012B31D81C4C074600251C482560046824
:10384000002CFCD11A4D2C68002CFCD1194D2C6891
:10385000002CFCD1184D2C68002CFCD1174D2C6885
:10386000002CFCD1012B19D01548164B02602020EA
:103870001E6001290BBF144B144B154A154A1760E3
:103880001E60FEF743F9144B18680028FCD1F8BD00
:103890001248F8BD1248F8BD1248F8BD1248134B43
:1038A000026080201E60E4E700B9025070B402504C
:1038B00020BD025020BC025038BD025038BC02501E
:1038C00030BD025034BD02502CBC025034BC0250FA
:1038D00028BC025030BC025010B902500200F40063
:1038E0000100F4000300F40028BD02502CBD02507A
:1038F0002DE9F043644A93B013680093009BD90705
:10390000FAD5624B6249634A196013680193019BBF
:10391000DB07FAD5604B1B68DF0400F1AF805A4A21
:1039200013680293029BDE07FAD5584B5B49594A4C
:10393000196013680393039BDD07FAD5564B1B6888
:10394000DC0400F18580534B554E4F494F4FDFF853
:103950006CC14FF00109DFF868E1524D00241A688C
:103960000492049AD007FAD530681A680692069A2B
:10397000D207FAD5CEF800002A680592059A12B946
:103980005DE052080134D007FBD514F01F0568D163
:103990001D680995099DE807FAD5434DD5F80080C3
:1039A0001D680B950B9DED07FAD5DFF814E13D4D31
:1039B000CEF800802D680A95E0070A9D05D505F030
:1039C0000704032C4AD0052C48D002F00302032A36
:1039D00005D105F00305032D08BFC9F100090A68E8
:1039E0000C920C9AD407FAD5304A3A600A680D92C4
:1039F0000D9AD007FAD52E4A3A600A680E920E9AAE
:103A0000D207FAD52B4A3A600A680F920F9AD50767
:103A1000FAD5294A3A600A681092109AD407FAD562
:103A20001B4A3A601A681192119AD007FAD51A4ABD
:103A30001268D2048FD5484613B0BDE8F0830A68F7
:103A40000792079AD207FAD5C7F800C0203486E754
:103A50004FF00109484613B0BDE8F083C9F10009F1
:103A6000B3E7DFF860E0013D4EEA053E0D680895DA
:103A7000089DED07FAD5C7F800E089E74FF0000987
:103A8000484613B0BDE8F083B0B0025080B0025099
:103A900000082A51B4B0025088B0025000182A51D0
:103AA00028B00250DCB002502CB0025000032A496A
:103AB00080022E49C0C228A1C002324980F2296189
:103AC000E4B00250800228612DE9F047894ABAB07B
:103AD00013680093009BD807FAD5874B8749884A1B
:103AE000196013680193019BD907FAD5854B1B68B0
:103AF000DB0400F19181824A13680393039BDE0784
:103B0000FAD5814B7E4A196813680593059BDD073A
:103B1000FAD57E4A7E4B11601B680493049F07F020
:103B20000303032B00F0748207F00703052B714A8F
:103B300000F0278113681993199BDC07FAD56E4BA7
:103B400074496C4A196013681A931A9BD807FAD5FE
:103B5000694B714A1A60FFF7CBFE013000F01D82FD
:103B6000644A13681B931B9BD907FAD562486B4BB9
:103B70000360013F40F071825E49DFF8D0C1604BC5
:103B8000674E624D624CB8460A681C921C9AD20776
:103B9000FAD5C0F800C008F120081A681D921D9AD5
:103BA000D707FAD537681A681F921F9AD207FAD535
:103BB0002F6022681E921E9F002FE5D017F0010390
:103BC00011D17F08FE07194603F10103F9D54948D1
:103BD00002682092209AD507FAD5524A464842EA0E
:103BE000013198440160434A13682193219BDC070B
:103BF000FAD5414B4C493F4A196013682293229BE6
:103C0000D807FAD53C4B494A3A4CDFF84491484E24
:103C1000414D1A609A4623682393239BD907FAD50E
:103C2000CAF8009023682493249BDA07FAD5CAF8CF
:103C3000006023682593259BDB07FAD5CAF800505E
:103C4000FFF756FE0130E6D12A4A13682693269BD9
:103C5000DC07FAD5284B3749264A196013682793A1
:103C6000279BD807FAD5244B3349224A1960136899
:103C70002893289BD907FAD51F4B2A491D4A19605A
:103C800013682993299BDB07FAD51B4B2B49194A4B
:103C9000196013682A932A9BDE07FAD5164B284928
:103CA000144A196013682B932B9BDD07FAD5124831
:103CB000244A104BDFF89C90DFF89CE0224EDFF89E
:103CC0009CC002601A682C922C9AD407FAD5C0F8CE
:103CD00000901A682D922D9AD107FAD50849094DFE
:103CE000C0F800E000241A682E922E9AD207FAD566
:103CF000066035E0B0B0025080B0025000081251AA
:103D0000B4B0025088B0025000B00250E4B002508B
:103D1000DCB0025080021249C0020249C0100229E0
:103D20000CB00250C0000C61C0011E41C0111E4900
:103D300080021E49C0311C98C0100E21C03010985E
:103D400040021249809184A800182651C0F00D61EC
:103D5000C0111E2140320C88406224884092248881
:103D60000A682F922F9AD207FAD52A68D20460D413
:103D700001341A683092309AD207FAD5C0F800C0E0
:103D8000B1E713680993099BDB07FAD5854B864990
:103D9000864A196013680A930A9BDF07FAD5814B9C
:103DA0008349824A196013680B930B9BDE07FAD58F
:103DB0007C4B80497D4A196013680C930C9BDD078E
:103DC000FAD5784B7C497D4A196013680D930D9B99
:103DD000DC07FAD57A4B754A1B68D80440F192800B
:103DE00013680E930E9BD907FAD56E4B75496F4A2F
:103DF000196013680F930F9BDB07FAD5694B724963
:103E00006A4A196013681093109BDF07FAD5654B57
:103E10006E4A1A60002054E0644A13680293029BC1
:103E2000DF07FAD55F4B6A4A1A6001203AB0BDE855
:103E3000F087002C3FD0A8EB0404012C33D0621E85
:103E400002F01F01002A4FF00107B8BF04F11E0263
:103E50008F4051111A683292329AD207FAD55D4AD0
:103E6000564C026022683392339AD507FAD55A4AE3
:103E7000524C156822683492349AD207FAD5574CBE
:103E8000574A2944216017601A683592359AD2073B
:103E9000FAD5544A02601A683692369AD507FAD58E
:103EA000514A02600EE71A683192319AD107FAD569
:103EB0004E4A026006E707F00303032B40F0C5807B
:103EC00001203A4A13683793379BDC07FAD5354B04
:103ED0004749364A196013683893389BD907FAD591
:103EE000304B4449354A196013683993399BDB07D5
:103EF000FAD5334B1B6813F4805F18BF01203AB02A
:103F0000BDE8F08713681193119BDE07FAD5254BA6
:103F100039492A4A196013681293129BDD07FAD5B2
:103F2000274B1B68DC04C3F30030CAD51F4B1A684B
:103F30001392139AD107FAD51A4B304A1B491A60CB
:103F40000B681493149BDA07FAD5164B1E4A1749CF
:103F50001A600B681593159BDB07FAD5114B284A9D
:103F600012491A600B681693169BDF07FAD50D4BA2
:103F7000244A0E491A600B681793179BDE07FAD57F
:103F8000084B214A09491A600B681893189BDD07F2
:103F9000FAD5044B1D4A1A603CE700203AB0BDE850
:103FA000F08700BF80B0025040120229B0B002502A
:103FB000C01124618071109800181A51B4B00250D9
:103FC00088B002508031022180211861C0601098B1
:103FD000C0000E410002224120B00250D4B0025075
:103FE000D8B0025040821C98C0900C88C0700C88D9
:103FF00080310C88004818510098185180510229CE
:1040000040121071C061249840021071C0901C8849
:10401000343A13680693069BDC07FAD5104B114916
:10402000114A196013680793079BD807FAD50C4B00
:104030000E490D4A196013680893089BD907FAD5F1
:10404000074B0B4A1A6000203BE707F00707052FD4
:104050004FF001003FF435AFE8E64FF00008ADE562
:1040600080B00250C0100221B0B0025080110C612B
:10407000C0601098F0B595B07D4C1A9E370347EAA2
:10408000864747F0045545F0800526680096009E57
:10409000F607FAD51B9C764E920142EA0434754A23
:1040A00044F01044156044F4002432680192019AEF
:1040B000D507FAD56F4A6E4E146047EA811747F06C
:1040C00010478A0134680294029CE407FAD54FEA4B
:1040D000033C4CEA834C674B654C1F604CF0045624
:1040E00046F0800623680393039BDF07FAD5614BF4
:1040F0005F4C1E6023680493049BDD07FAD55D4B7B
:104100005D4F5E4C5A4E1C6047EA81478C04336811
:104110000593059BDB07FAD5564B554E1F604CF0B7
:10412000104C4CF4807C33680693069BDD07FAD56F
:10413000504E534D4E4FC6F800C045EA80158601DB
:104140003B680793079BDB07FAD54A4F4D4BDFF8D7
:1041500020C13D6043EA003E0703DCF800300893CD
:10416000089BDD07F9D5434DDFF828C1C5F800E00D
:104170001C9B30354CEA834E2B680993099BDB0767
:10418000FAD53C4B3A4DC3F800E02B680A930A9BE2
:10419000DB07FAD5374B3C4DDFF8FCC01D60344DD2
:1041A00046EA0C0C2B680B930B9BDB07FAD5314BC3
:1041B0002F4DC3F800C03E4346F0045646F4002697
:1041C0002B680C930C9BDF07FAD52A4D2F4B2E60E2
:1041D00043EA804030352B680D930D9BDE07FAD5FE
:1041E000244B234D18602B680E930E9BDB07FAD5EA
:1041F000204B274D1E481D60144344EA013444F00F
:1042000004550E0303680F930F9BDF07FAD5194B74
:1042100017481D6044F0104403681093109BDB079F
:10422000FAD5144B12481C6003681193119BDF07E9
:10423000FAD5104B0E481D60164346F0245646F43E
:10424000101603681293129BDC07FAD5094B084835
:104250001E600A4342F0484242F4A21203681393DC
:10426000139BDB07FAD5034B1A6015B0F0BD00BFF6
:10427000B0B0025080B00250802000908020082111
:1042800000401021000110218020202980200021E1
:104290004021282900410021024010C830B42D4C93
:1042A00088B0206800900098C507FAD52A4C2B48A2
:1042B0002B4D2560303440EA834523680193019BF0
:1042C000D807FAD5900140EA8240234B214A1D606D
:1042D00040F0104444F4C04413680293029BDB078F
:1042E000FAD51D4B1B4A1C6013680393039BDD0723
:1042F000FAD58B0143EA8141174B1A4D1D60154ACF
:1043000041F0104545F4C04513680493049BDB0756
:10431000FAD5114B0F4A1D6013680593059BDD0705
:10432000FAD50D4B0B4A1C6041F0584113680693B7
:10433000069BDC07FAD5084B064A196040F0584046
:1043400013680793079BDB07FAD5034B186008B087
:1043500030BC7047B0B0025080B0025080710098FD
:10436000C0210229806118902DE9F04385B0002812
:104370004CD00E4600294ED01546002A4DD0002BB9
:104380003FD0D0F8BC22039305F14C0700F5B6737B
:104390001F3201F1040905F10408CDE901870093FA
:1043A0005209494600F592730446FEF75DFC074644
:1043B000A8B94FF43772214606F15000FDF744FBCF
:1043C000174B336021464FF4377205F19400FDF727
:1043D0003BFB144B2B60384605B0BDE8F08300244E
:1043E0004846346021462C604C22FDF731FB4046A4
:1043F00021469022FDF72CFB0B4F384605B0BDE857
:10440000F0830A4F384605B0BDE8F083084F3846C0
:1044100005B0BDE8F083074FDDE7074FDBE700BFDE
:10442000020000EC010000EC3008F0000508F0008C
:104430000208F0000308F0000408F000004870478C
:10444000280C060000487047040F0600004870471B
:10445000E011060000487047BC1406000048704791
:104460009817060000487047741A06000048704705
:10447000501D0600004870472C2006000048704779
:104480000823060000487047E425060000487047EE
:10449000C02806000B460146184603F0D7B808B5F9
:1044A000F0EEE07A2DED028BB0EEC08A38EE278A6E
:1044B000B5EE408AF1EE10FA0BD0C0EE087A80EE2D
:1044C000880A20EE000AA7EEA70A00F073FB28EE88
:1044D000008AB0EE480ABDEC028B08BD08B503F0B7
:1044E0008FF808B503F08CF82DE9F04F10EE100AA4
:1044F00085B010EE104A02F04FFBC4F30A520F468B
:1045000040F22A418A42064661D8DFF844813046AB
:10451000D8E94A23394602F097FBD8E948AB06466A
:104520000F4602460B465046594602F0D7F952460E
:104530005B4604460D4602F0CFF902460B46304674
:10454000394602F0C9F904F01F02CDE9024508EB33
:10455000C205D5E90045D8E9502306460F46CDE906
:10456000004502F071FB0022344B02F0B7F9D8E9A4
:104570004C2382468B463046394602F065FBD8E92B
:104580004E2302F0ABF93246804689463B46304620
:10459000394602F059FB02460B464046494602F0B6
:1045A00053FB029C52465B4602F098F9E303DDE9B7
:1045B00000450022A4185D4122462B4602F044FB30
:1045C00002F03AFE00EE100A05B0BDE8F08F14F5D7
:1045D000000F24D0B2F5FF6F1CD2DFED197A07EE81
:1045E000104AB4EEE77AF1EE10FA1BDCDFED157A33
:1045F000B4EEE77AF1EE10FA1AD4DFED137AB4EEE6
:10460000E77AF1EE10FA80D5002005B0BDE8F04F52
:1046100001F0B6BB07EE904A37EEA70AD4E79FED4C
:104620000B0AD1E7002005B0BDE8F04F01F0AEBBAA
:10463000002005B0BDE8F04F01F09CBB0000F03F4A
:104640001772B142B4F1CFC2CF8ECEC200000000CB
:10465000A02B060082B08DED010A019BC3F3C75267
:10466000002BA2F17F01B4BF4FF0FF3001201E29C3
:1046700012DC002918DBC3F31603162943F40003E8
:1046800017DC4FF480020A411344C1F11701CB40FB
:1046900003FB00F002B07047DDED017AFDEEE77A32
:1046A00017EE900A02B07047013118BF002002B027
:1046B0007047963A9340EBE700F0D2BAF0B52DED93
:1046C000028B8BB055EC104B00F0AEFB364BB0EECE
:1046D000408AF0EE608A93F90060731C0ED0224687
:1046E0002B462046294602F049FD074630B90022F4
:1046F00000232046294602F023FD38B9B0EE480ACF
:10470000F0EE680A0BB0BDEC028BF0BD274B0897AA
:10471000CDE90245CDE904450193B6B9244F4FF0E8
:1047200060462046294600220023CDE9066702F0B4
:10473000F3FC88B302230093684601F0EBFC98B1C8
:10474000089BB3B99DED068BD8E71A4B0022CDE943
:104750000623204629460022002302F0DDFC68B132
:1047600002239E420093E7D102F07EFF22230360E2
:10477000E6E702F079FF089B0360E3E70123022EDE
:1047800000930BD102F070FF212303600A4801F06F
:10479000C3FC8DED060BD3E701230093684601F0BF
:1047A000B9FC0028F2D1EDE774610020E82C060086
:1047B000FFFFEFC70000F0FF840B060000000000C1
:1047C0002DE9F04F2DED028BDFF824A38BB057ECD1
:1047D000106B55EC114B00F0C7FB9AF90080B0EE5E
:1047E000408AF0EE608AB8F1FF3F33D022462B4674
:1047F0002046294602F0C2FC834658BB32463B465F
:104800003046394602F0BAFC8146002866D130466F
:1048100039460022002302F07FFC20B3002200234F
:104820002046294602F078FC834600287DD09FED83
:10483000A67B0122AA4BCDF820900092CDE9026719
:10484000CDE904458DED067B0193B8F1000F5ED0F4
:104850009FED9F8BB0EE480AF0EE680A0BB0BDECFE
:10486000028BBDE8F08FB0EE480AF0EE680A01F066
:1048700049FC8046002800F082804FF000084FF08D
:10488000000951EC180B42464B4602F045FC00284B
:10489000E0D047EC106B01F035FC0028DAD045EC95
:1048A000104B01F02FFC0028D4D09AF900308C4A2C
:1048B000019204210022022BCDE90267CDE90445D3
:1048C000CDE906890091089203D0684601F022FCE8
:1048D00010BB02F0C9FE222303601DE0002200236A
:1048E0002046294602F018FC0028B3D09FED788BB3
:1048F00001227B4BCDF820B0B8F1020F0092CDE938
:104900000267CDE904458DED068B0193A2D0684680
:1049100001F000FC002878D0089B1BB102F0A4FE37
:10492000089B03609DED068B94E745EC104B01F06E
:10493000E9FB00288ED0002200232046294602F001
:10494000F5FB002886D0664A9AF90030CDF820B0F1
:104950000121CDE90267CDE90445CDE90012002B24
:1049600058D060490020022BCDE9060156D102F053
:104970007BFE21230360089B002BD3D0CEE747ECBE
:10498000106B01F0BFFB00283FF477AF45EC104BF4
:1049900001F0B8FB00283FF470AF53EC182B18EE71
:1049A000100A194602F0EAFB9AF9009000286FD12C
:1049B0000323DFF82CC108902946204600930022EB
:1049C000494BCDF804C0CDE90445CDE9026702F0BA
:1049D0003BF904460D46B9F1000F25D1DFF81491DB
:1049E0004FF060480022002330463946CDE9068961
:1049F00002F09CFB38BB684601F08CFB0028BAD162
:104A000002F032FE22230360B5E702F02DFE2123DF
:104A1000036081E79FED2C7B8DED067B684601F0FE
:104A200079FB0028A7D1A2E79FED2B7B0022002372
:104A3000304639468DED067B02F078FBB0B9B9F10E
:104A4000020FDDD0D7E745EC104B01F06DFB22469D
:104A50002B4651EC100B02F05FFBB0B9234B9AF9D7
:104A600000904FF06042CDE90623E8E745EC104B9B
:104A700001F05AFB22462B4651EC100B02F04CFB86
:104A800018B9184B0022CDE906239AF90090D6E711
:104A90000122134BCDF820800092CDE90267CDE9C9
:104AA00004450193B9F1000FB4D000220023104651
:104AB000194602F0F3F9B9F1020FCDE906013FF40E
:104AC00056AFABE7AFF3008000000000000000002D
:104AD000000000000000F03F000000000000F07F38
:104AE000F02C06000000F0FF0000E03FFFFFEFC7E2
:104AF00074610020FFFFEF472DE9F0432DED028B9D
:104B00008BB055EC104B00F08BFF274BB0EE408A7A
:104B1000F0EE608A93F90060731C12D022462B4697
:104B20002046294602F02AFB074650B94FF00008FC
:104B30004FF000092046294642464B4602F0F6FA5D
:104B400040B9B0EE480AF0EE680A0BB0BDEC028B3B
:104B5000BDE8F0830122154B08970092CDE904458A
:104B6000CDE90245019396B142464B46404649463F
:104B700002F094F9022ECDE906010AD102F074FD8B
:104B800021230360089B53B99DED068BD9E7CDE93E
:104B90000689684601F0BEFA0028F3D1EEE702F07C
:104BA00063FD089B0360EFE774610020F42C0600AE
:104BB00001F000B810B52DED028B8AB0B0EE408A3E
:104BC00001F0B6F8244B93F90040631C09D0B4EE11
:104BD000488AF1EE10FA04D6B5EEC08AF1EE10FA6A
:104BE00003D40AB0BDEC028B10BD01231B4A009315
:104BF00018EE100A00230192089301F0CDFF002265
:104C0000CDE90401CDE902010023BCB110461946EB
:104C100002F044F9022CCDE9060111D102F024FD85
:104C200021230360089B8BB9DDE9060102F004FB38
:104C300000EE100A0AB0BDEC028B10BDCDE90623D0
:104C4000684601F067FA0028ECD1E7E702F00CFDB6
:104C5000089B0360E8E700BF74610020FC2C06009D
:104C600051EC110B43422DE9F047034321F0004E74
:104C70006B4F4EEAD373BB4255EC104B1ED86342C8
:104C8000234325F0004A4AEAD373BB42A94615D80C
:104C900001F1404303F5801303433DD08E1706F026
:104CA00002065AEA040346EAD5760FD1022E52D004
:104CB000032E3CD148A1D1E9000103E022462B4656
:104CC00001F00CFE41EC100BBDE8F0875EEA00033A
:104CD00026D0BE452FD0BA4522D0AAEB0E0E4FEA01
:104CE0002E5EBEF13C0F3ADC00293CDA1EF13C0F8F
:104CF00039DA00200021012E51D0022E42D0002EA0
:104D0000E0D037A3D3E9002301F0E6FD36A3D3E9D1
:104D1000002301F0E1FDD5E7BDE8F04701F03CB824
:104D2000B9F1000F13DB32A1D1E90001CAE710EE9F
:104D3000100A2946C6E7F24535D0022E0BD0032EC5
:104D4000B8D0012E4FF0000037D00021BAE72AA1D9
:104D5000D1E90001B6E724A1D1E90001B2E724A11D
:104D6000D1E90001C7E702460B462046294602F07A
:104D700095F841EC100B01F0BBF901F00DF851EC86
:104D8000100BB8E716A3D3E9002301F0A5FD0246F6
:104D90000B4615A1D1E9000101F09EFD92E701F15A
:104DA000004319468EE7022E12D0032E0CD0012E9E
:104DB00006D013A1D1E9000184E74FF0004181E75B
:104DC00011A1D1E900017DE711A1D1E9000179E745
:104DD00011A1D1E9000175E7182D4454FB2109C048
:104DE000075C143326A6A13C182D4454FB2109402E
:104DF000182D4454FB21F93F182D4454FB21F9BFD1
:104E0000182D4454FB21E93F182D4454FB21E9BFE0
:104E1000D221337F7CD902C0D221337F7CD902409A
:104E20000000F07F000000002DE9F04355EC104B2E
:104E3000B5F5801F83B02B461FDA25F000422243D0
:104E400064D0002D6DDB29460022434B10EE100A82
:104E500001F0FAFE414A0D462B46934204466FF09C
:104E600035010FDD22462B462046294601F036FD4E
:104E700041EC100B03B0BDE8F083384A93424FF089
:104E80000001EFDC1815A0F2FF3008444FEAD0799A
:104E90004844C3F3130801F06DFEC9F57F73033373
:104EA00048EA035545EC104B06460F4601F028FB37
:104EB0003046394622A3D3E900238DED000B01F0E3
:104EC000C3FE9DED000B04460D461FA3D3E900234E
:104ED00051EC100B01F0B8FE02460B462046294665
:104EE00001F0FCFC1AA3D3E9002304460D4630462A
:104EF000394601F0A9FE02460B462046294601F03C
:104F0000EDFC41EC100B03B0BDE8F0830022002360
:104F10000020134901F0C2FF41EC100B03B0BDE8C3
:104F2000F08310EE102A2046294601F0D5FC00221D
:104F3000002301F0B3FF41EC100B9BE7AFF30080BF
:104F4000362BF111F3FE593D0EE526157BCBDB3FE9
:104F500000609F501344D33F00005043FFFFEF7F9A
:104F6000000050C3000000002DE9F04F51EC110B80
:104F700021F0004555EA000393B010D059EC108B96
:104F80006D4B29F000449C424E4610EE10AA0DDDF8
:104F900004F1404404F5801454EA0A0356D16749E9
:104FA000002041EC100B13B0BDE8F08F0F4611EE5E
:104FB00010CA48D09D42EBDC5F4B9D425FD0002E73
:104FC000CDE900015FDB4FF0000BBCF1000F0ED10B
:104FD000594B9D4243D0594B9D4200F08C80B7F114
:104FE000804F00F09E80564B9F4200F0B88349EC02
:104FF000108B01F07DF851EC100BBAF1000F06D1C7
:10500000002C5AD04D4B26F040429A4255D0F60F14
:1050100006F1FF3A5BEA0A0373D04A4B9D4240F324
:10502000998003F104739D4240F33884464B9C42BF
:1050300072DD002F72DD3EA3D3E90023104619462E
:1050400001F002FEADE7B8F1000F05D03F4813B004
:10505000BDE8F04F01F060B8A542F7DCACE704F121
:10506000404303F5801353EA0A0398D0364B9C4221
:1050700040F37F83002F51DBDDE9000191E7BCF1B4
:10508000000F9CD084E7324B9D4231DCA3F1547376
:105090009D4298DD2B15A3F2FF33142B40F3A1831F
:1050A000C3F134032CFA03F202FA03F363458AD105
:1050B00002F00102C2F1020B87E7002F05DA024677
:1050C0000B4600201D4901F0E9FE002EBFF669AF36
:1050D00004F1404404F5801454EA0B0300F03A84D0
:1050E000BBF1010F7FF45DAF01F10043194658E7B2
:1050F0004FF0020B69E7002FC0F244834046494657
:105100004FE742464B461046194601F0E5FB024682
:105110000B4601F0C3FE44E7002F8CDB002000218A
:105120003FE742464B464046494601F08DFD38E791
:105130009C7500883CE4377E0000F07F0000F03F63
:105140000000E03F0000E041FFFFEF3F840B06005E
:10515000FFFF3F43B4F5801F80F260830022D04BF5
:1051600001F072FD6FF034060C462315CD4AC4F3EE
:105170001304A3F2FF3344F07F559E1994420D9619
:1051800045F4401540F33D83C74B9C4240F30184F6
:105190009FEDAD7B8DED087B8DED107B9FEDAC7BA6
:1051A0008DED067B01360D96A5F580154FF00008B4
:1051B000DDE906232946064601F08EFBDDE90623DC
:1051C000CDE90A013046294601F088FB02460B462C
:1051D0000020B64901F062FE03460C46CDE90E34CC
:1051E00002460B46DDE90A0101F02EFD6B1043F08B
:1051F000005303F500230A462F46014603EB08053A
:105200000023CDE902120293DDE902890024CDE9F1
:1052100004122B4622464046494601F015FD02463F
:105220000B46DDE90A0101F057FBDDE90623CDE974
:105230000A012046294601F04FFB02460B46304644
:10524000394601F049FB42464B4601F0FDFC02465F
:105250000B46DDE90A0101F03FFBDDE90E2301F019
:10526000F3FCDDE90445CDE9060122462B46204644
:10527000294601F0E9FC78A3D3E9002304460D4652
:1052800001F0E2FC76A3D3E9002301F027FB2246DC
:105290002B4601F0D9FC74A3D3E9002301F01EFBD7
:1052A00022462B4601F0D0FC71A3D3E9002301F084
:1052B00015FB22462B4601F0C7FC6FA3D3E9002360
:1052C00001F00CFB22462B4601F0BEFC6CA3D3E997
:1052D000002301F003FB224606460F462B462046DC
:1052E000294601F0B1FC02460B463046394601F032
:1052F000ABFC424604460D464B46DDE9040101F095
:10530000EDFADDE9062301F09FFC22462B4601F071
:10531000E5FA424606460F464B464046494601F0EE
:1053200093FC0022624BCDE90A0101F0D7FA324624
:105330003B4601F0D3FA02980D46044622462B461E
:105340004046494601F080FC002280468946584B81
:105350002046294601F0C0FADDE90A2301F0BCFA33
:1053600002460B463046394601F0B6FADDE9042321
:1053700001F06AFC224606460F462B46DDE906018F
:1053800001F062FC02460B463046394601F0A6FAAF
:1053900006460F4602460B464046494601F09EFA35
:1053A000029839A3D3E9002304460D4601F04CFCD2
:1053B0004246CDE904014B462046294601F08CFACD
:1053C00002460B463046394601F086FA30A3D3E94F
:1053D000002301F039FC30A3D3E9002306460F4631
:1053E0002046294601F030FC02460B46304639463D
:1053F00001F074FADDE9102301F070FA06460D9809
:105400000F4601F0B7FB3246804689463B46DDE950
:10541000040101F063FADDE9082301F05FFA424676
:105420004B4601F05BFA029842464B4604460D4655
:1054300001F052FADDE9082301F04EFADDE9042318
:1054400038E000BFAFF30080000000000000000063
:10545000000000000000F03FEF4E454A287ECA3FA2
:1054600065DBC9934A86CD3F01411DA96074D13FD8
:105470004D268F515555D53FFFAB6FDBB66DDB3FEA
:10548000033333333333E33F000000E009C7EE3F1B
:10549000FD033ADC09C7EE3FF5015B14E02F3EBE89
:1054A000000040438E98030079B60B000000F03FE7
:1054B0000000084001F010FA0B460246394630461B
:1054C00001F00AFA0BF1FF3353EA0A03CDE90401B4
:1054D00000F05F819FEDD27B8DED027BDDE900ABBB
:1054E000002356465F46CDE900670093DDE900677B
:1054F000504632463B46594601F0EEF922462B46CD
:1055000001F0A2FB5246804689465B46DDE9040174
:1055100001F09AFB02460B464046494601F0DEF98F
:105520003246804689463B4620462946CDE90489D5
:1055300001F08AFB0B46024606460F4640464946A6
:1055400001F0CCF9D04B994204460D468A4640F30F
:10555000258101F13F4303F5E003034340F0FE8161
:10556000B1A3D3E90023DDE9040101F0B7F9324624
:10557000804689463B462046294601F0ADF9024661
:105580000B464046494601F0EFFD002840F0E68119
:10559000A8464FEA2853A3F2FE324FF4801313417A
:1055A0005344C3F30A52B94DA2F2FF321541C3F37B
:1055B000130423EA05010020C2F1140B44F4801403
:1055C000BAF1000F02460B4644FA0BFB304639464F
:1055D000B8BFCBF1000B01F07FF906460F4632460B
:1055E000DDE904013B4601F079F94FEA0B5A0D461B
:1055F00000248FA3D3E900232046294601F024FB91
:105600003246804689463B462046294601F064F9E9
:1056100002460B46DDE9040101F05EF986A3D3E9F9
:10562000002301F011FB86A3D3E9002306460F46B1
:105630002046294601F008FB02460B463046394613
:1056400001F04CF906460F4602460B4640464946D5
:1056500001F044F942464B4604460D4601F03CF940
:1056600002460B463046394601F036F9224680465E
:1056700089462B462046294601F0E6FA72A3D3E973
:10568000002306460F4601F0DFFA71A3D3E9002399
:1056900001F022F932463B4601F0D6FA6EA3D3E977
:1056A000002301F01BF932463B4601F0CDFA6CA312
:1056B000D3E9002301F010F932463B4601F0C4FA69
:1056C00069A3D3E9002301F009F932463B4601F012
:1056D000BBFA02460B462046294601F0FDF8064675
:1056E0000F4602460B462046294601F0ADFA00223D
:1056F000CDE900014FF080433046394601F0ECF827
:1057000002460B46DDE9000101F0C8FB42460646B1
:105710000F464B462046294601F096FA42464B4634
:1057200001F0DCF802460B463046394601F0D4F869
:1057300022462B4601F0D0F802460B460020544981
:1057400001F0CAF88A44BAF5801F02460B46C0F23F
:1057500030815146DDE9022301F076FA21E4002E82
:10576000FFF645AC49EC108B13B0BDE8F04F00F0EC
:1057700057B9002FBFF6D2ACDDE90034184604F16A
:1057800000410EE442464B460020414901F086FBB1
:1057900007E49FED377B8DED027B9FE63D4B21F0CB
:1057A0000048984540F3E8803B4B0B4403430AD143
:1057B00032463B4601F090F8DDE9042301F0CAFCD3
:1057C00000283FF4E6AEDDE902012BA3D3E9002374
:1057D00001F03AFA28A3D3E9002301F035FAFFF7E4
:1057E000E0BBBCF1000F40F0D080C3F1140345FAD8
:1057F00003F202FA03F3AB4200F0E380E346FFF763
:10580000EABB9FED1F7B8DED087B8DED107B9FED3F
:10581000047B4FF000088DED067BC9E40026A4E46C
:10582000000000000000F03FFE822B654715973C0A
:1058300000000000432EE63FEF39FAFE422EE63F1D
:10584000396CA80C615C20BED0A4BE726937663E7C
:10585000F16BD2C541BDBB3E2CDE25AF6A56113F70
:1058600093BDBE166CC1663F3E5555555555C53F57
:10587000000000000000F0BF59F3F8C21F6EA50140
:105880000000000000000000FFFF8F40FFFF0F003E
:105890000000F03FFFCB904000346F3F5C4B9C42D8
:1058A0007FF73AAC5B4B9C423FF7C3AB0022594BAE
:1058B00001F012F846A3D3E9002304460D4601F097
:1058C000C3F945A3D3E900238046894620462946EB
:1058D00001F0BAF90022CDE902014F4B20462946DA
:1058E00001F0B2F902460B463DA1D1E9000100F0FA
:1058F000F3FF22462B4601F0A7F902460B46002093
:10590000464900F0E9FF224606460F462B46204650
:10591000294601F099F902460B463046394601F016
:1059200093F931A3D3E9002301F08EF902460B4627
:10593000DDE9020100F0D0FF02460B4606460F46A5
:105940004046494600F0CAFF002004460D46424644
:105950004B46AFE502460B46FFF7D5BBDDE902013A
:1059600023A3D3E9002301F06FF921A3D3E9002396
:1059700001F06AF9FFF715BB284B98453FF709AED0
:10598000DDE900239246934632E64FF0000BFFF725
:105990002EBB9FED197B8DED087B9FED197B8DED67
:1059A000107B9FED197B4FF480288DED067BFFF770
:1059B000FFBB584643EC102B00F03EFC51EC100BA3
:1059C000C8E602F00102C2F1020BFFF704BB00BF00
:1059D000000000604715F73F44DF5DF80BAE543E12
:1059E000555555555555D53FFE822B654715F73F03
:1059F0009C7500883CE4377E0000004003B8E23F1D
:105A000006D0CF43EBFD4C3E000000000000F83F05
:105A1000FEFFEF3F0000F03F0000D03F0000E03FFE
:105A20002DE9F041624A57EC106BBA4300F09580C3
:105A3000002F3B4610EE101A344654DD3F1500F09F
:105A4000AF80C3F31303A7F2FF3743F48013E20FD1
:105A5000F90702EB43034FEA440503D5ED0F05EBCD
:105A60004303A50000267F10B44616224FF4001110
:105A70000CEB010098424FEAD5744FEA450503DC70
:105A80001B1A00EB010C0E44013A04EB43034FEAEE
:105A90005101EDD11046964620244FF0004209E016
:105AA00052D05B00013C03EBD5734FEA52024FEA40
:105AB000450536D0634502EB0E01F1DD002901EB0F
:105AC000020E0ADBE046A3EB0C03A94288BF03F1F8
:105AD000FF336D1A1044C446E3E7BEF1000FF1DB5B
:105AE0000CF10108EFE727F0004232432AD0002FE3
:105AF00049D1CA0A153B4905002AFAD012F4801090
:105B000001D050E020465200D50200F10104F9D541
:105B1000C4F1200501FA04F4E9401F1A41EA020326
:105B20008FE72B4329D144087110F30701F17F510E
:105B300001F5001148BF44F0004401EB0753224631
:105B400043EC102BBDE8F081A942AAD8002901EB53
:105B5000020EC2DB98460023BBE710EE102A3B463C
:105B600010EE100A394601F06FF832463B4600F05D
:105B7000B5FE41EC100BBDE8F081421C16BF421C83
:105B800001365408D0E710EE102A3046394600F0AE
:105B9000A3FE02460B4601F081F941EC100BD1E760
:105BA0001A463B46AAE70C4620254FF0FF30B3E7E4
:105BB0000000F07F10B582B0CDED010A019B23F00B
:105BC0000042B2F1FF4FF0EE407A18DC10EE100AFE
:105BD00020F00041B1F1FF4F11DCB3F17E5F3DD009
:105BE0009C1704F0020444EAD07471B9022C4AD024
:105BF0009FED440A032C18BFB0EE670A03E09DED49
:105C0000017A37EE270A02B010BD42B99FED3E0A75
:105C1000DFED3E7A0028B8BFB0EE670AF3E7B2F1D5
:105C2000FF4F20D0B1F1FF4F30D08A1AD2153C2A55
:105C300035DC002B36DA3C3234DA9FED350A012CA4
:105C400042D0022C37D0002CDDD0DFED327A9FED30
:105C5000327A70EE277A37EEC70AD4E702B0BDE891
:105C6000104000F073BBB1F1FF4F34D0022C0AD0CA
:105C7000032C3DD0DFED297A9FED250A012C08BFCA
:105C8000B0EE670ABFE79FED240ABCE7DFED1E7A9E
:105C90009FED1E0A0028A8BFB0EE670AB3E79FED8C
:105CA0001A0ACCE79DED010A87EE800A00F020FC7D
:105CB00000F04CFBC3E7DFED177A9FED177A70EE2B
:105CC000277A37EE670A9EE710EE103A03F1004399
:105CD00000EE103A97E7022C10D0032C0BD0DFED2A
:105CE000107A9FED100A012C08BFB0EE670A8AE710
:105CF0009FED040A87E79FED0C0A84E79FED0B0AEE
:105D000081E700BFDB0F49C0DB0FC93FDB0FC9BF15
:105D1000000000002EBDBB33DB0F494000000080B7
:105D2000DB0F49BFDB0F493FE4CB16C0E4CB164085
:105D3000B1EEC00A704700BF10B52DED028BB0EE7A
:105D4000408A044601F090FCB0EE480ABDEC028B9C
:105D5000046010BD30B1F1EE407A27EE800A2220B7
:105D6000FFF7EABFF0EE407A27EE800A2220FFF725
:105D7000E3BF00BF9FED010AFFF7ECBF000000107A
:105D80009FED010AFFF7E6BF0000201A9FED010A10
:105D9000FFF7E0BF000000702DE9F84F55EC104B05
:105DA000C94B25F000469E42AA4610DDC74B9E42D5
:105DB00000F3B58000F0B080BAF1000F40F3F98035
:105DC000A5A1D1E9000141EC100BBDE8F88FC04B53
:105DD0009E4200F3C380A3F1DE739E4240F3A9808C
:105DE0004FF0FF3B22462B462046294600F02CFF71
:105DF00002460B468046894600F026FF98A3D3E969
:105E0000002306460F4600F01FFF97A3D3E90023A7
:105E100000F064FD32463B4600F016FF94A3D3E940
:105E2000002300F05BFD32463B4600F00DFF92A3DD
:105E3000D3E9002300F052FD32463B4600F004FF58
:105E40008FA3D3E9002300F049FD32463B4600F022
:105E5000FBFE8DA3D3E9002300F040FD42464B46F4
:105E600000F0F2FE8AA3D3E900238046894630463B
:105E7000394600F0E9FE88A3D3E9002300F02CFDA9
:105E800032463B4600F0E0FE85A3D3E9002300F054
:105E900023FD32463B4600F0D7FE83A3D3E900231F
:105EA00000F01AFD32463B4600F0CEFE80A3D3E957
:105EB000002300F011FD32463B4600F0C5FE0246CD
:105EC0000B464046494600F009FD22462B4600F0AD
:105ED000BBFEBBF1FF3F02460B466ED07D4B7E4EB4
:105EE0004FEACB0B5B44D3E9002300F0F5FC2246DC
:105EF0002B4600F0F1FCB34402460B46DBE90001FF
:105F000000F0EAFCBAF1000F0FDA01F10043194684
:105F100041EC100BBDE8F88F002C3FF44DAF22464A
:105F20002B462046294600F0D9FC41EC100BBDE879
:105F3000F88F61A3D3E9002310EE100A294600F080
:105F4000CDFC0022654B01F00FF900283FF448AF6B
:105F50002046294641EC100BBDE8F88F00F0C8F848
:105F60005F4B9E4255EC104B2FDCA3F550239E4215
:105F700058DC10EE102A10EE100A2B46294600F0CD
:105F8000ADFC0022554B00F0A7FC002206460F4650
:105F90004FF080432046294600F0A0FC02460B4605
:105FA0003046394600F07AFF4FF0000B04460D46AC
:105FB00018E743A1D1E90001B7E72046294600F0E0
:105FC0008BFC41EC100BBDE8F88F464B9E421DDC6C
:105FD00010EE100A0022444B294600F07DFC0022FE
:105FE00006460F46404B2046294600F02DFE002273
:105FF0003A4B00F073FC02460B463046394600F03F
:106000004DFF4FF0020B04460D46EBE62B4610EE1B
:10601000102A0020354900F041FF4FF0030B0446E1
:106020000D46DFE610EE100A00222C4B294600F048
:1060300053FC002206460F46284B2046294600F016
:106040004DFC02460B463046394600F027FF4FF024
:10605000010B04460D46C5E6182D4454FB21F93FBB
:1060600011DA22E33AAD903FEB0D76244B7BA93F4A
:10607000513DD0A0660DB13F6E204CC5CD45B73F18
:10608000FF8300922449C23F0D5555555555D53FC4
:106090002F6C6A2C44B4A2BF9AFDDE522DDEAD3FB8
:1060A0006D9A74AFF2B0B33F711623FEC671BC3F58
:1060B000C4EB98999999C93F9C7500883CE4377E58
:1060C000182D4454FB21F9BFFFFF0F440000F07F5F
:1060D000FFFFDB3F282D0600082D06000000F03FE3
:1060E000FFFFF23FFF7F03400000F83F0000F0BFDA
:1060F00051EC100B10EE102A21F0004343EC102B52
:10610000704700BF10EE903A43F0004000F5801059
:10611000C00F7047002070479FED010B704700BF14
:10612000000000000000F87FF0B551EC100BC1F347
:106130000A55A5F2FF32132A83B00B464FEAD176F7
:1061400010EE104A2FDC002A4ADB394D154101EAD6
:106150000507074323D06D0829400C430CD04FF4AA
:106160008021132A23EA050541FA02F343EA0503D5
:106170000CBF4FF0004400242E4A02EBC606204616
:10618000D6E9004502462946204600F0A7FBCDE9A6
:10619000000122462B46DDE9000100F09DFB41ECA9
:1061A000100B03B0F0BD332A07DDB2F5806FF6D1D6
:1061B00010EE102A00F092FBF1E7A5F213454FF024
:1061C000FF32EA401042EAD052081042D4D04FF0D9
:1061D000804124EA020241FA05F542EA0504CBE7D0
:1061E00021F000420243DAD0C1F3130202435442C9
:1061F000104D1443240B05EBC6004F0C04F4002192
:10620000D0E900457F0410EE102A41EA070320463A
:10621000294600F063FBCDE900012B462246DDE96B
:10622000000100F059FB21F0004343EAC671B6E7D4
:10623000FFFF0F00482D060038B553EC102BC3F3B9
:106240000A511C46054629BB10EE101A23F00044E3
:1062500021431ED019460022394B3A4C10EE100A49
:1062600000F0F2FCA54202460B4636DB0C46C1F3B9
:106270000A513639294440F2FE70814235DC00294A
:1062800014DD24F0FF4424F4E00444EA015343EC19
:10629000102B38BD40F2FF708142EBD110EE100A96
:1062A000194600F01BFB41EC100B38BD11F1350F06
:1062B0001EDA4CF250318D4243EC112B28DD9FED5C
:1062C0001C0B00F0F7FA1AA3D3E9002351EC100BD2
:1062D00000F0BAFC41EC100B38BD17A3D3E9002342
:1062E00000F0B2FC41EC100B38BD43EC112BE6E79B
:1062F00024F0FF4424F4E004363144EA015310460C
:1063000019460022104B00F09FFC41EC100B38BDE9
:106310009FED090B00F0CEFA07A3D3E9002351EC5F
:10632000100B00F091FC41EC100B38BDAFF3008076
:106330009C7500883CE4377E59F3F8C21F6EA501B6
:1063400000005043B03CFFFF0000903C38B510EE19
:10635000105A25F00044B4F1A14FF0EE407A0BDB67
:10636000B4F1FF4F58DCDFED4F7A9FED4F0A002D5F
:10637000D8BFB0EE670A38BD4C4B9C425BDCB4F131
:10638000445F4CDB4FF0FF3367EEA76ADFED481A3E
:10639000DFED482A9FED482A9FED483ADFED483A65
:1063A0009FED484ADFED484A9FED485ADFED485AD5
:1063B0009FED480A9FED486A26EEA67A5A1CE7EE42
:1063C000212AA7EE023AE2EE873AA3EE074AE3EE6D
:1063D000874AA4EE075AE4EE875AA5EE070AA5EE0F
:1063E000876A20EE070AA6EE260A20EE270A37D093
:1063F0003A493B4A9B00194491ED007A30EE470A36
:10640000134430EE670AD3ED007A002D37EEC00A50
:10641000B1DAB1EE400A38BD30EE000A38BD9FED6A
:10642000317A30EE077AF7EE006AB4EEE67AF1EEF2
:1064300010FAA7DD38BD00F05BF82B4B9C4212DC54
:10644000A3F5D0039C4223DCF0EE007ABFEE007A85
:10645000A0EE277A002330EE270AC7EE007A93E7F2
:1064600037EEC00A38BD214B9C420BDCF7EE087AB0
:10647000B7EE007AA0EE277A022330EE670AC0EE6C
:10648000077A81E7BFEE007AC7EE007A03237BE745
:10649000F7EE007A30EE677A30EE270A0123C7EE76
:1064A000007A71E7DB0FC9BFDB0FC93FFFFFDF3E9B
:1064B000D769853C59DA4B3D21A215BD6BF16EBD04
:1064C000356B883D95879DBD6E2EBA3D388EE3BDF8
:1064D0002549123ECDCC4CBEABAAAA3E682D060083
:1064E000582D0600CAF24971FFFF973FFFFF1B407E
:1064F00010EE103A23F0004300EE103A704700BF50
:106500002DE9F04F51EC100BB1F5801F85B00B4613
:1065100080F2CE8021F00042024300F0D8800029B2
:10652000C0F2EA800022DE4B00F08EFBDD4A0B4613
:1065300093426FF0350700F3C180C3F3130505F5EF
:10654000152606F6647606F4801686F07F5282F4ED
:10655000401242EA05011C150022D34B00F0BCF9A1
:10656000AB1CA4F2FF34C3F313033C44022B04EB33
:10657000165482468B464FF0000240F3B3804FF032
:10658000804300F0ABF902460B465046594600F0F6
:1065900085FC064620460F4600F0ECFA3246CDE96F
:1065A00002013B4630463946CDE9006700F04CFB1E
:1065B00002460B468046894600F046FBA2A3D3E97B
:1065C000002306460F4600F03FFBA1A3D3E90023BA
:1065D00000F084F932463B4600F036FB9EA3D3E937
:1065E000002300F07BF932463B4600F02DFB9CA3D4
:1065F000D3E9002300F072F942464B4600F024FB39
:1066000099A3D3E90023804689463046394600F0F5
:106610001BFB97A3D3E9002300F060F932463B4609
:1066200000F012FB94A3D3E9002300F057F932469F
:106630003B4600F009FB0B4602464946404600F047
:106640004DF9A5F5C223C5F5D725A3F27A435135F7
:106650001D43002D06460F4640F38F800022934BCA
:106660005046594600F0F0FA52465B4600F0ECFA0C
:1066700002460B46804689463046394600F02EF9E0
:10668000DDE9002300F0E0FA06460F46002C40F05A
:106690008B8002460B464046494600F01DF90246F3
:1066A0000B465046594600F017F941EC100B0BE031
:1066B0007C4A93424FF000077FF73FAF02460B46FC
:1066C00000F00CF941EC100B05B0BDE8F08F002292
:1066D00000230020764900F0E1FB41EC100B05B0EF
:1066E000BDE8F08F002300F017FD80B1002C40F0D2
:1066F00084809FED630BE7E710EE102A00F0ECF8C2
:106700000022002300F0CAFB41EC100BDCE75EA383
:10671000D3E900235046594600F096FA02460B464C
:106720000020624900F0D8F8524606460F465B4604
:106730005046594600F088FA02460B463046394624
:1067400000F082FA06460F462CB3204600F012FAFB
:106750004FA3D3E900238046894600F075FA4EA383
:10676000D3E9002304460D464046494600F06CFA42
:1067700002460B46304639462EE002460B4650464E
:10678000594600F0A9F8DDE9002300F05DFA06465D
:106790000F46002C4DD132463B465046594600F03C
:1067A0009BF841EC100B8FE739A3D3E90023DDE917
:1067B000020100F049FA38A3D3E9002304460D464C
:1067C000DDE9020100F040FA32463B4600F086F86F
:1067D00002460B464046494600F07EF852465B466C
:1067E00000F07AF802460B462046294600F074F87D
:1067F00041EC100B05B0BDE8F08F204600F0BAF96F
:1068000023A3D3E9002306460F4600F01DFA22A376
:10681000D3E9002304460D463046394600F014FA09
:1068200002460B462046294600F058F841EC100B72
:106830004AE7DDE9028916A3D3E900234046494629
:106840008BE700BFAFF3008044523EDF12F1C23F3E
:10685000DE03CB966446C73F599322942449D23F26
:10686000935555555555E53F9FC678D0099AC33F76
:10687000AF788E1DC571CC3F04FA97999999D93F8D
:106880000000000000000000555555555555D53FF6
:106890000000E0FE422EE63F763C7935EF39EA3DD6
:1068A00000005043FFFFEF7F0000F03F0000E03F9B
:1068B000000050C353EC102B11EE900A23F000415E
:1068C00000F0004041EA000343EC102B704700BF8A
:1068D00081F0004102E000BF83F0004330B54FEA91
:1068E00041044FEA430594EA050F08BF90EA020FFE
:1068F0001FBF54EA000C55EA020C7FEA645C7FEA91
:10690000655C00F0E2804FEA5454D4EB5555B8BFB3
:106910006D420CDD2C4480EA020281EA030382EA24
:10692000000083EA010180EA020281EA0303362DB6
:1069300088BF30BD11F0004F4FEA01314FF4801C89
:106940004CEA113102D0404261EB410113F0004F9B
:106950004FEA03334CEA133302D0524263EB430352
:1069600094EA050F00F0A780A4F10104D5F1200EF0
:106970000DDB02FA0EFC22FA05F2801841F100014B
:1069800003FA0EF2801843FA05F359410EE0A5F11F
:1069900020050EF1200E012A03FA0EFC28BF4CF050
:1069A000020C43FA05F3C01851EBE37101F0004506
:1069B00007D54FF0000EDCF1000C7EEB00006EEB13
:1069C0000101B1F5801F1BD3B1F5001F0CD349089D
:1069D0005FEA30004FEA3C0C04F101044FEA4452F4
:1069E00012F5800F80F09A80BCF1004F08BF5FEA7B
:1069F000500C50F1000041EB045141EA050130BD5B
:106A00005FEA4C0C404141EB010111F4801FA4F1FD
:106A10000104E9D191F0000F04BF01460020B1FA52
:106A200081F308BF2033A3F10B03B3F120020CDA8A
:106A30000C3208DD02F1140CC2F10C0201FA0CF068
:106A400021FA02F10CE002F11402D8BFC2F1200CCD
:106A500001FA02F120FA0CFCDCBF41EA0C01904083
:106A6000E41AA2BF01EB0451294330BD6FEA0404CC
:106A70001F3C1CDA0C340EDC04F11404C4F12002B7
:106A800020FA04F001FA02F340EA030021FA04F3C9
:106A900045EA030130BDC4F10C04C4F1200220FA20
:106AA00002F001FA04F340EA0300294630BD21FA5E
:106AB00004F0294630BD94F0000F83F4801306BF24
:106AC00081F480110134013D4EE77FEA645C18BF18
:106AD0007FEA655C29D094EA050F08BF90EA020FAF
:106AE00005D054EA000C04BF1946104630BD91EAA7
:106AF000030F1EBF0021002030BD5FEA545C05D1AA
:106B00004000494128BF41F0004130BD14F58004E8
:106B10003CBF01F5801130BD01F0004545F0FE415C
:106B200041F470014FF0000030BD7FEA645C1ABF91
:106B3000194610467FEA655C1CBF0B46024650EAC8
:106B4000013406BF52EA033591EA030F41F40021F4
:106B500030BD00BF90F0000F04BF0021704730B57A
:106B60004FF4806404F132044FF000054FF000014F
:106B700050E700BF90F0000F04BF0021704730B510
:106B80004FF4806404F1320410F0004548BF4042E5
:106B90004FF000013EE700BF42004FEAE2014FEA3A
:106BA00031014FEA02701FBF12F07F4393F07F4F15
:106BB00081F06051704732F07F4208BF704793F018
:106BC0007F4F04BF41F40021704730B54FF460742B
:106BD00001F0004521F000411CE700BF50EA01022E
:106BE00008BF704730B54FF000050AE050EA0102D7
:106BF00008BF704730B511F0004502D5404261EB47
:106C000041014FF4806404F132045FEA915C3FF487
:106C1000D8AE4FF003025FEADC0C18BF03325FEA24
:106C2000DC0C18BF033202EBDC02C2F1200300FAD5
:106C300003FC20FA02F001FA03FE40EA0E0021FAFA
:106C400002F11444BDE600BF70B54FF0FF0C4CF4E8
:106C5000E06C1CEA11541DBF1CEA135594EA0C0F9A
:106C600095EA0C0F00F0DEF82C4481EA030621EAD5
:106C70004C5123EA4C5350EA013518BF52EA033510
:106C800041F4801143F4801338D0A0FB02CE4FF0C2
:106C90000005E1FB02E506F00042E0FB03E54FF0F2
:106CA0000006E1FB03569CF0000F18BF4EF0010EEA
:106CB000A4F1FF04B6F5007F64F5407404D25FEAE6
:106CC0004E0E6D4146EB060642EAC62141EA555199
:106CD0004FEAC52040EA5E504FEACE2EB4F1FD0CDB
:106CE00088BFBCF5E06F1ED8BEF1004F08BF5FEA59
:106CF000500E50F1000041EB045170BD06F000460B
:106D000046EA010140EA020081EA0301B4EB5C04B7
:106D1000C2BFD4EB0C0541EA045170BD41F48011AF
:106D20004FF0000E013C00F3AB8014F1360FDEBFD4
:106D3000002001F0004170BDC4F10004203C35DAB0
:106D40000C341BDC04F11404C4F1200500FA05F333
:106D500020FA04F001FA05F240EA020001F00042D4
:106D600021F0004110EBD37021FA04F642EB06014A
:106D70005EEA430E08BF20EAD37070BDC4F10C0474
:106D8000C4F1200500FA04F320FA05F001FA04F238
:106D900040EA020001F0004110EBD37041F1000124
:106DA0005EEA430E08BF20EAD37070BDC4F120052F
:106DB00000FA05F24EEA020E20FA04F301FA05F297
:106DC00043EA020321FA04F001F0004121FA04F23F
:106DD00020EA020000EBD3705EEA430E08BF20EA0F
:106DE000D37070BD94F0000F0FD101F00046400049
:106DF00041EB010111F4801F08BF013CF7D041EACB
:106E0000060195F0000F18BF704703F000465200CE
:106E100043EB030313F4801F08BF013DF7D043EA9F
:106E20000603704794EA0C0F0CEA135518BF95EA55
:106E30000C0F0CD050EA410618BF52EA4306D1D1DC
:106E400081EA030101F000414FF0000070BD50EAFB
:106E5000410606BF1046194652EA430619D094EA85
:106E60000C0F02D150EA013613D195EA0C0F05D16F
:106E700052EA03361CBF104619460AD181EA0301C3
:106E800001F0004141F0FE4141F470014FF000007B
:106E900070BD41F0FE4141F4780170BD70B54FF016
:106EA000FF0C4CF4E06C1CEA11541DBF1CEA135596
:106EB00094EA0C0F95EA0C0F00F0A7F8A4EB050478
:106EC00081EA030E52EA03354FEA013100F088806F
:106ED0004FEA03334FF0805545EA131343EA126338
:106EE0004FEA022245EA111545EA10654FEA0026ED
:106EF0000EF000419D4208BF964244F1FD0404F5A6
:106F0000407402D25B084FEA3202B61A65EB030501
:106F10005B084FEA32024FF480104FF4002CB6EBBE
:106F2000020E75EB030E22BFB61A754640EA0C003E
:106F30005B084FEA3202B6EB020E75EB030E22BF7E
:106F4000B61A754640EA5C005B084FEA3202B6EBBF
:106F5000020E75EB030E22BFB61A754640EA9C007E
:106F60005B084FEA3202B6EB020E75EB030E22BF4E
:106F7000B61A754640EADC0055EA060E18D04FEA0C
:106F8000051545EA16754FEA06164FEAC30343EAAC
:106F900052734FEAC2025FEA1C1CC0D111F4801F79
:106FA0000BD141EA00014FF000004FF0004CB6E772
:106FB00011F4801F04BF01430020B4F1FD0C88BF11
:106FC000BCF5E06F3FF6AFAEB5EB030C04BFB6EB1C
:106FD000020C5FEA500C50F1000041EB045170BD0F
:106FE0000EF0004E4EEA113114EB5C04C2BFD4EB3C
:106FF0000C0541EA045170BD41F480114FF0000EC0
:10700000013C90E645EA060E8DE60CEA135594EA3B
:107010000C0F08BF95EA0C0F3FF43BAF94EA0C0F3E
:107020000AD150EA01347FF434AF95EA0C0F7FF4B3
:1070300025AF104619462CE795EA0C0F06D152EA07
:1070400003353FF4FDAE1046194622E750EA4106EB
:1070500018BF52EA43067FF4C5AE50EA41047FF4FC
:107060000DAF52EA43057FF4EBAE12E74FF0FF3C61
:1070700006E000BF4FF0010C02E000BF4FF0010C32
:107080004DF804CD4FEA410C7FEA6C5C4FEA430CAB
:1070900018BF7FEA6C5C1BD001B050EA410C0CBFFA
:1070A00052EA430C91EA030F02BF90EA020F00205C
:1070B000704710F1000F91EA030F58BF994208BFC3
:1070C00090422CBFD8176FEAE37040F00100704780
:1070D0004FEA410C7FEA6C5C02D150EA013C07D1D7
:1070E0004FEA430C7FEA6C5CD6D152EA033CD3D022
:1070F0005DF8040B704700BF8446104662468C461C
:107100001946634600E000BF01B5FFF7B7FF00284E
:1071100048BF10F1000F01BD4DF808EDFFF7F4FF77
:107120000CBF012000205DF808FB00BF4DF808ED02
:10713000FFF7EAFF34BF012000205DF808FB00BF25
:107140004DF808EDFFF7E0FF94BF012000205DF847
:1071500008FB00BF4DF808EDFFF7CEFF94BF0120FC
:1071600000205DF808FB00BF4DF808EDFFF7C4FFF5
:1071700034BF012000205DF808FB00BF4FEA410C3E
:107180007FEA6C5C02D150EA013C0AD14FEA430C21
:107190007FEA6C5C02D152EA033C02D14FF000005E
:1071A00070474FF0010070474FEA410212F500129C
:1071B00015D211D56FF47873B3EB625212D94FEA3E
:1071C000C12343F0004343EA505311F0004F23FA28
:1071D00002F018BF404270474FF00000704750EA7D
:1071E000013005D111F0004008BF6FF0004070473A
:1071F0004FF00000704700BF4A0011D212F5001294
:1072000011D20DD56FF47873B3EB62520ED44FEAFE
:10721000C12343F0004343EA505323FA02F070477E
:107220004FF00000704750EA013002D14FF0FF30BC
:1072300070474FF0000070474FEA4102B2F1E0435F
:1072400024BFB3F5001CDCF1FE5C0DD901F0004C4D
:107250004FEAC0024CEA5070B2F1004F40EB83009D
:1072600008BF20F00100704711F0804F21D113F1C9
:107270003872BCBF01F00040704741F480114FEA02
:107280005252C2F11802C2F1200C10FA0CF320FA8B
:1072900002F018BF40F001004FEAC1234FEAD323A8
:1072A00003FA0CFC40EA0C0023FA02F34FEA430312
:1072B000CCE77FEA625307D150EA01331EBF4FF09B
:1072C000FE4040F44000704701F0004040F0FE40B6
:1072D00040F40000704700BF53B94AB9002908BF05
:1072E00000281CBF4FF0FF314FF0FF3000F086B98F
:1072F000ADF1080C6DE904CE00F01AF8DDF804E0F9
:10730000DDE9022304B07047430803F05533C01A87
:10731000830803F0333300F03330184400EB1010CF
:1073200000F00F3000EB002000EB0040000E704733
:107330002DE9F047089E04468846002B4BD18A422F
:10734000154667D9B2FA82F24AB1C2F1200701FAB2
:1073500002F320FA07F7954047EA030894404FEA02
:10736000154E230CB8FBFEF71FFA85FC0EFB1788A1
:1073700043EA084307FB0CF1994209D9EB1807F1DE
:10738000FF3080F01B81994240F21881023F2B446C
:107390005B1AA4B2B3FBFEF00EFB103344EA0344C5
:1073A00000FB0CFCA44509D92C1900F1FF3380F037
:1073B0000781A44540F2048102382C4440EA07408A
:1073C000A4EB0C0400271EB1D4400023C6E90043FF
:1073D0003946BDE8F0878B4209D9002E00F0EB80DA
:1073E0000027C6E9000138463946BDE8F087B3FA00
:1073F00083F7002F47D18B4202D3824200F2FA80FA
:10740000841A61EB030301209846002EE0D0C6E900
:107410000048DDE702B9FFDEB2FA82F2002A40F04E
:107420008F80491B4FEA154E1FFA85F80127B1FBE3
:10743000FEFC230C0EFB1C1143EA014308FB0CF17C
:10744000994207D9EB180CF1FF3002D2994200F2B1
:10745000CD808446591AA3B2B1FBFEF00EFB101486
:1074600043EA044408FB00F8A04507D92C1900F1B1
:10747000FF3302D2A04500F2B6801846A4EB080400
:1074800040EA0C409FE7C7F1200CBB4022FA0CFEFB
:107490004EEA030E01FA07F420FA0CF521FA0CF378
:1074A0004FEA1E482543B3FBF8F92C0C08FB1933AF
:1074B0001FFA8EFA44EA034309FB0AF49C4202FADB
:1074C00007F200FA07F10BD91EEB030309F1FF30B5
:1074D00080F087809C4240F28480A9F102097344C5
:1074E0001B1BADB2B3FBF8F008FB103345EA0344B5
:1074F00000FB0AFAA24508D91EEB040400F1FF3391
:107500006BD2A24569D90238744440EA0940A0FB15
:107510000289A4EB0A044C45C2464B4654D351D0D1
:10752000002E69D0B1EB0A0564EB030404FA0CFCED
:10753000FD40FC404CEA0505C6E90054002747E73A
:10754000C2F1200320FA03F7954001FA02F021FA74
:1075500003F34FEA154E3843010CB3FBFEF71FFA55
:1075600085F80EFB173341EA034107FB08F38B4212
:1075700004FA02F407D9691807F1FF3C2FD28B42B5
:107580002DD9023F2944CB1A81B2B3FBFEF00EFB8A
:10759000103341EA034100FB08F38B4207D9691815
:1075A00000F1FF3C17D28B4215D902382944C91A81
:1075B00040EA07473BE73746304609E70746E7E634
:1075C0001846FBE64145ABD2B8EB020A69EB0E0266
:1075D00001381346A4E76046E9E7184695E7674691
:1075E000D1E781467CE702382C4447E7ACF1020C36
:1075F0002B442FE7384608E73746E9E6704700BFD7
:1076000008B5062001F018F8012003F067F8000023
:107610001FB51C46094B1B680546D86852B1084B7C
:107620000091CDE9013207492B46224600F036F899
:10763000FFF7E6FF044B1A46F2E700BF786100202F
:10764000782D0600852D0600B32D060010B5054CDB
:1076500013462CB10A4601460220AFF3008010BD4C
:107660002046FCE700000000014B1868704700BF8F
:107670007861002008B5074B044613B10021AFF331
:107680000080054B1868836A03B19847204603F0D1
:1076900025F800BF00000000B42D06000EB403B5AD
:1076A000014603AB054853F8042B0068019300F032
:1076B00083F902B05DF804EB03B0704778610020F5
:1076C00070B50D4E0D4CA41BA4100025A54209D188
:1076D0000B4E0C4C03F004F8A41BA4100025A5428B
:1076E00005D170BD56F8253098470135EEE756F8BC
:1076F000253098470135F2E74863002048630020B1
:10770000486300207863002010B5044600F008F8B4
:107710002044407800F0970010BDD0F8EC0070478E
:10772000044B054A1B681B6A002B08BF1346D3F89D
:10773000EC00704778610020DC610020024B0146BC
:10774000186800F0B5B800BF78610020024B014610
:10775000186800F05FB800BF7861002082B001B9FE
:1077600001A942B14BB113780B601278101C18BFFD
:10777000012002B070471046FBE76FF00100F8E708
:1077800030B50024A24201D1002007E0035D01349E
:107790000D1915F8015CAB42F4D0581B30BD10B583
:1077A000431E0A44914200D110BD11F8014B03F869
:1077B000014FF7E7884210B501EB020307D8421EDC
:1077C00099420AD011F8014B02F8014FF8E78342C1
:1077D000F5D98118D21AD34200D110BD13F8014D4A
:1077E00001F8014DF7E702440346934200D1704788
:1077F00003F8011BF9E738B502FB01F4214600F05C
:1078000057F8054618B122460021FFF7ECFF28463D
:1078100038BD000038B50546002945D051F8043C74
:107820000C1F002BB8BFE41802F0E2F91F4A1368DE
:10783000104633B9636014602846BDE8384002F052
:10784000D8B9A3420CD921686218934204BF1A68C0
:107850005B68636004BF521822600460ECE7134663
:107860005A680AB1A242FAD919685818A0420BD135
:1078700020680144581882421960DDD110685268AE
:107880005A6001441960D7E702D90C232B60D3E773
:10789000206821188A4204BF11685268626004BFE0
:1078A000091821605C60C7E738BD00BF649A0020FA
:1078B00070B5CD1C25F0030508350C2D38BF0C25FF
:1078C000002D064601DBA94203D90C2333600020BA
:1078D00070BD02F08DF9214A1468214691B9204CFF
:1078E00023681BB9304600F06FFE20602946304601
:1078F00000F06AFE431C24D10C233360304602F0B2
:1079000078F9E4E70B685B1B18D40B2B0FD90B60DD
:10791000CD50CC18304602F06CF904F10B00231D59
:1079200020F00700C31AD3D05A42E250D0E78C426D
:107930004B6816BF636013600C46EBE70C46496862
:10794000CCE7C41C24F00304A04205D0211A304621
:1079500000F03AFE0130CFD02560DBE7649A0020CA
:10796000689A00209368013B002B10B4936008DAFA
:107970009469A34201DB0A2903D15DF8044B00F0AE
:10798000E5BF1368581C1060197008465DF8044B79
:107990007047F8B506460F461446D518AC4201D1DB
:1079A000002007E03A4614F8011B3046FFF7DAFFE3
:1079B000431CF3D1F8BD00002DE9F04F9DB00C46FB
:1079C00017460393064618B183690BB901F0C0FF4F
:1079D0007B4B9C4257D17468A38918075DD52369F6
:1079E000002B5AD00023099320238DF8293030230F
:1079F0008DF82A304FF0010BB846454615F8013B8B
:107A00000BB1252B54D1B8EB070A0BD053463A469D
:107A100021463046FFF7BDFF013000F0C280099BD0
:107A20005344099398F80030002B00F0BA800023EB
:107A30004FF0FF32CDE90523049307938DF85330BF
:107A40001A93A846052218F8011B5E4802F080F838
:107A5000049B78BBD90644BF20228DF853201A0717
:107A600044BF2B228DF853202A782A2A2AD0079A3D
:107A7000A84600200A25414611F8013B303B092B5E
:107A800069D960B324E0504B9C4201D1B468A3E7AC
:107A90004E4B9C4208BFF4689EE72146304600F0FA
:107AA000B5FF00289ED04FF0FF301DB0BDE8F08F2D
:107AB000A846A2E7434A801A0BFA00F01843049044
:107AC0004546BEE7039A111D12680391002A01DBA7
:107AD000079204E0524243F002030792049398F89D
:107AE00000302E2B0ED198F801302A2B38D1039B71
:107AF0001A1D1B680392002BB8BF4FF0FF3308F12B
:107B000002080593324D98F800100322284602F02F
:107B10001FF840B14023401B03FA00F0049B0343CD
:107B200008F10108049398F800102A488DF82810ED
:107B3000062208F1010702F00BF8002837D0264B87
:107B40001BBB039B073323F0070308330393099BF5
:107B50004B44099350E705FB0232012088468AE72F
:107B6000002308F10108059319460A25404610F83C
:107B7000012B303A092A03D9002BC3D00591C1E764
:107B800005FB012101238046F0E703AB0093224669
:107B9000124B04A9304600F0B7F8B0F1FF3F814620
:107BA000D5D1A3895B063FF57EAF09987DE703AB8E
:107BB00000932246094B04A9304600F05BFBECE73A
:107BC000382F0600C22D0600582F0600182F060079
:107BD000C82D0600CC2D0600097D0500937905000F
:107BE0002DE9FF4755EC104B0D9FDDF830A0002D1F
:107BF0000E4691461946B8BF22462B4627F020076D
:107C0000BBBF05F100431D4600232D23B8BF14461A
:107C1000462F0B7004D0452F00D10136022100E021
:107C2000032103AB019302AB00933246534645EC6C
:107C3000104B00F0E5FF472F804602D119F0010FED
:107C400026D0462F08EB060911D198F80030302BCA
:107C50000AD10022002320462946FFF75DFA18B911
:107C6000C6F10106CAF80060DAF800309944002233
:107C7000002320462946FFF74FFA38B93022039BEC
:107C80004B4505D2591C03911A70F8E7CDF80C90BA
:107C9000039B0E9AA3EB08034046136004B0BDE8B3
:107CA000F087F7B500290446BABF49422D232B239C
:107CB000092904F8022B437020DD0DF107031F464C
:107CC0000A2691FBF6F506FB15113031092D03F854
:107CD000011C03F1FF32294609DC3031023B02F876
:107CE000011CBB42224604D3101A03B0F0BD134658
:107CF000E7E713F8012B04F8012BF2E730231944CE
:107D00008370021DC170EFE72DE9F04F8DB00C4676
:107D1000DDF8588016461F46054601F0A3FE0368AD
:107D20000493184600F004FD00230A93D8F80030AD
:107D30000590073323F0070303F1080294F818A015
:107D4000D4F800B0C8F80020D3E90023C4E9122316
:107D5000D4E9128929F000430793CDF818804FF039
:107D6000FF32A74BDDE90601FFF708FA70BB4FF0C1
:107D7000FF32A34BDDE90601FFF7E2F930BB002239
:107D8000002340464946FFF7D1F910B12D2384F86E
:107D900043309C4A9C4BBAF1470F8CBF90469846A3
:107DA00003232BF00402236122604FF000090097A7
:107DB00033460BAA2146284600F0E6F9013040F090
:107DC0008D804FF0FF300DB0BDE8F08F42464B463E
:107DD00040464946FFF7D2F910B18C4A8C4BDAE79E
:107DE00061684B1C4BF480620AA83ED10623636095
:107DF0000023CDE9020309AB009349EC108B0DF190
:107E000023032260CDF804A061682846FFF7E8FE4E
:107E10000AF0DF03472B804609D1099BD81C02DBFF
:107E20006268934247DDAAF1020A5FFA8AFABAF160
:107E3000650F099924D80139524604F1500009917F
:107E4000FFF72FFF0A9A1318012A8146236102DCEB
:107E50002268D10701D5013323619DF82330002B1F
:107E6000A5D02D2384F84330A1E7BAF1670F00F0C5
:107E70007781BAF1470FBBD10029B9D10123B6E709
:107E8000BAF1660F19D1002963680CDD216113B9BD
:107E90002268D20702D501330B442361099BA365F5
:107EA0004FF00009D9E713B92268D00701D5023392
:107EB000F3E70123F1E74FF0670ADDE90932934266
:107EC00005DB22682361D107E8D50133E5E7002B04
:107ED000D4BFC3F1020301231344DEE723685A052C
:107EE00007D42369424631462846B84701302BD192
:107EF00067E7BAF1650F40F2DC8000220023D4E985
:107F00001201FFF709F9002833D00123414A314615
:107F10002846B84701303FF454AFDDE909239A42BF
:107F200002DB2368D8070FD5DDE904233146284654
:107F3000B84701303FF445AF4FF0000804F11A098B
:107F40000A9B013B434509DC23689B0700F1038141
:107F5000E0680B9B9842B8BF184634E701234A46B5
:107F600031462846B84701303FF42BAF08F10108ED
:107F7000E6E7099B002B2BDC0123264A31462846E5
:107F8000B84701303FF41DAF099B23B90A9B13B9D1
:107F90002368D907D8D5DDE9042331462846B847F8
:107FA00001303FF40EAF4FF0000904F11A0A099BAB
:107FB0005B424B4501DC0A9B94E701235246314664
:107FC0002846B84701303FF4FCAE09F10109EEE75D
:107FD0000A9AA36D9A42A8BF1A46002A914607DD65
:107FE0001346314642462846B84701303FF4E9AED1
:107FF00004F11A034FF0000B29EAE979069315E022
:10800000FFFFEF7FD72D0600D32D0600DF2D0600E2
:10801000DB2D0600E32D06000123069A3146284693
:10802000B84701303FF4CDAE0BF1010BD4F858A0A6
:10803000AAEB09035B45EFDCDDE909239A42D04452
:1080400015DB2368DA0712D40A9B0999A3EB0A020D
:10805000A3EB010A9245A8BF9246BAF1000F0EDCCD
:108060004FF000082AEAEA7A04F11A0919E0DDE97A
:10807000042331462846B8470130E5D1A1E65346EE
:10808000424631462846B8470130E9D199E60123F6
:108090004A4631462846B84701303FF492AE08F1CF
:1080A0000108DDE909239B1AA3EB0A034345EEDC33
:1080B0004AE70A9A012A01DCDB073AD50123424646
:1080C00031462846B84701303FF47BAEDDE9042352
:1080D00031462846B847013008F101083FF471AE37
:1080E0000A9B002203F1FF3AD4E912010023FFF7B3
:1080F00013F8C8B95346424631462846B8470130BE
:108100000ED15EE60123524631462846B84701307B
:108110003FF457AE08F101080A9B013B4345F1DCEF
:108120004B4604F15002DEE64FF0000804F11A0A53
:10813000F2E70123DFE701234A4631462846B847E4
:1081400001303FF43EAE08F10108E3680B9A9B1A38
:108150004345F0DCFCE64FF0000804F11909F4E7B0
:1081600000293FF48BAE0023CDE9020309AB009355
:1081700049EC108B2260CDF804A00DF123032846B2
:10818000FFF72EFD804648E62DE9F04791461F4651
:108190008A680B69DDF820809342B8BF1346C9F89E
:1081A000003091F8432006460C4612B10133C9F85D
:1081B00000302368990642BFD9F800300233C9F86D
:1081C0000030256815F0060507D104F1190AE368A7
:1081D000D9F800209B1AAB4228DC94F8433022687F
:1081E000003318BF012392062DD404F1430239460F
:1081F0003046C047013020D02368E568D9F8002018
:1082000003F00603042B08BFAD1AA36822690CBF54
:1082100025EAE57500259342C4BF9B1AED184FF07F
:1082200000091A344D451AD1002008E001235246B6
:1082300039463046C047013003D14FF0FF30BDE82A
:10824000F0870135C3E7E1185A1C302081F843005C
:10825000224494F8451082F843100233C5E7012305
:10826000224639463046C0470130E6D009F10109BF
:10827000D8E700002DE9F04301F1430C0C46097EDC
:1082800085B06E291746064698460C9A00F0B380D2
:1082900022D8632936D00AD8002900F0B98058299D
:1082A00000F0838004F1420584F8421032E0642932
:1082B00001D06929F6D120681368050603F104018D
:1082C0002AD51B681160002B03DA2D225B4284F84B
:1082D00043206F480A2239E0732900F09D8008D8B6
:1082E0006F2920D07029DDD1236843F0200323605B
:1082F00003E0752917D07829D4D1782384F8453044
:10830000644855E01368191D1B68116004F14205AB
:1083100084F8423001238CE01B68116010F0400F9C
:1083200018BF1BB2CFE713682568181D1060280618
:1083300001D51B6802E06806FBD51B8854486F29ED
:1083400014BF0A220822002184F843106568A56042
:10835000002DC0F29580216821F004012160002BDE
:108360003DD1002D40F08E806546082A0BD1236850
:10837000DB0708D5236962689A42DEBF302305F81F
:10838000013C05F1FF35ACEB05032361CDF800801E
:108390003B4603AA21463046FFF7F6FE01304DD199
:1083A0004FF0FF3005B0BDE8F083394884F8451040
:1083B000136821681D1D1B6815600A060BD5CA07C6
:1083C00044BF41F0200121601BB9226822F0200245
:1083D00022601022B7E74D0648BF9BB2EFE7654623
:1083E000B3FBF2F102FB1133C35C05F8013D0B4610
:1083F0000029F5D1B9E7136825686169181D106077
:1084000028061B6801D5196002E06A06FBD51980B1
:10841000002323616546B9E71368191D11601D68C3
:1084200062680021284601F093FB08B1401B6060A0
:1084300063682361002384F84330A7E723692A4651
:1084400039463046C0470130AAD023689B0713D471
:10845000E068039B9842B8BF1846A3E701234A4649
:1084600039463046C04701309AD00135E368039A57
:108470009B1AAB42F2DCEBE7002504F11909F5E7A2
:10848000002BACD1037884F8423004F142056CE74C
:10849000E52D0600F62D06000FB40A4B13B51C6837
:1084A00024B1A36913B9204601F052FA05AB049A2E
:1084B000A16801932046FFF77FFA02B0BDE81040A3
:1084C00004B070477861002038B5084B1C68054639
:1084D00024B1A36913B9204601F03AFAA2682946EB
:1084E0002046BDE8384001F0D7BF00BF78610020CA
:1084F00070B50E46054618B183690BB901F028FA2C
:10850000AB69AC6813B9284601F022FA234B9C42B0
:1085100017D16C68A3891B071DD52369DBB1013E08
:10852000A36816F8011F013BA360E9B9002B2EDAFE
:1085300022460A21284600F009FA013011D00A200B
:1085400011E0174B9C4201D1AC68E3E7154B9C420C
:1085500008BFEC68DEE72146284600F057FA0028FD
:10856000DDD04FF0FF3070BD002B04DAA2699A42D3
:1085700006DC0A2904D023685A1C22601970CFE750
:108580002246284600F0E2F90130C9D1E9E7236824
:108590000A205A1C22601870E5E700BF382F060039
:1085A000582F0600182F0600024B01461868FFF7E7
:1085B0009FBF00BF78610020024B0A460146186841
:1085C00001F0F4BD7861002038B5064C0023054663
:1085D00008462360F5F7F4FE431C02D1236803B17B
:1085E0002B6038BD1C9D00201F2938B504460D4660
:1085F00004D9162303604FF0FF3038BD426C12B12E
:1086000052F821304BB9204600F030F82A46014696
:108610002046BDE8384000F017B8012B0AD0591C9D
:1086200003D1162303600120E7E7002442F8254028
:10863000284698470020E0E7024B01461868FFF7FC
:10864000D3BF00BF7861002038B5074C0023054632
:1086500008461146236002F029F8431C02D1236822
:1086600003B12B6038BD00BF1C9D002002F00EB886
:108670000EB400B59CB01DAB029006906FF00041A7
:10868000094807910491094953F8042B05910068A2
:10869000019302A901F00AFE029B00221A701CB08D
:1086A0005DF804EB03B07047786100200802FFFF1B
:1086B00010B503461A785C1C3AB9013B11F8012B3E
:1086C00003F8012F002AF9D110BD2346F2E7C9B201
:1086D000034610F8012B1AB18A42F9D118467047A7
:1086E000002918BF0023F9E710F8012B11F8013B0E
:1086F000012A28BF9A42F7D0D01A7047034611F8D2
:10870000012B03F8012B002AF9D1704770B50346FD
:108710001A4612F8015B4DB14C1E01E0AE4205D085
:1087200014F8016F002EF9D11346F1E7181A70BD45
:10873000034613F8012B002AFBD1181A01387047A1
:1087400070B50139044602B970BD234611F8015FC6
:1087500003F8015B561E2DB91444A342F4D003F86C
:10876000015BFAE71C463246EDE738B503460D4695
:1087700069B9BDE83840FFF7AABF431C0446294643
:108780001846FFF7A4FF0028F7D1204638BD002483
:10879000F5E770B503461A4612F8015B3DB14C1E71
:1087A00001E0AE4205D014F8016F002EF9D1181A7D
:1087B00070BD1346EFE72DE9F047804689469246A3
:1087C0001E460F463D46089815F8014BFEF7A5FFDB
:1087D0002044437813F0080330D12D2C30D17C781D
:1087E000BD1C0121002E5CD0102E09D1302C07D1E8
:1087F0002B7803F0DF03582B4ED16C78102602350E
:108800004FF0FF320023B2FBF6F206FB02FC6FEAE8
:108810000C0C1846A4F13007092F17D83C46A64285
:1088200023DD002B1EDB82421CD301D1A44519DBC2
:1088300000FB0640012315F8014BEBE72F46C1E78B
:108840002B2C04BFBD1C7C781946CBE7A4F1410753
:10885000192F01D8373CE2E7A4F16107192F04D89A
:10886000573CDCE74FF0FF33E5E7002B09DA222322
:10887000C8F800304FF0FF30BAF1000F07D1BDE863
:10888000F08701B14042BAF1000FF8D00BB105F109
:10889000FF39CAF80090F2E73024002EB0D1082644
:1088A000AEE7302CA4D00A26AAE70000084B37B563
:1088B0001C68084D236A002B08BF2B460093134603
:1088C0000A4601462046FFF776FF03B030BD00BFE1
:1088D00078610020DC61002030B5141E05469BB095
:1088E000184605DA8B232B604FF0FF301BB030BDEC
:1088F0004FF40273ADF80C3014BF04F1FF3323467C
:10890000029305934FF6FF7300910491ADF80E307A
:1089100002461E9B6946284601F0C8FC431CBCBFAA
:108920008B232B60002CE1D0009B00221A70DDE726
:1089300007B5009313460A46014603480068FFF74F
:10894000CBFF03B05DF804FB78610020F8B50E465C
:108950001446054618B183690BB900F0F9FF214BA5
:108960009C422AD16C68A369A360A3891A072ED5FB
:10897000236963B323692068C01A6369F6B283422E
:10898000374604DC2146284600F078FF28BBA36860
:10899000013BA36023685A1C22601E70636901308A
:1089A000834204D0A389DB0719D50A2E17D12146AB
:1089B000284600F063FF90B10FE00B4B9C4201D1C1
:1089C000AC68D0E7094B9C4208BFEC68CBE7214676
:1089D000284600F01BF80028CCD04FF0FF3738466F
:1089E000F8BD00BF382F0600582F0600182F0600CC
:1089F00049B1FF2A85BF8A2303600A704FF0FF3018
:108A000098BF01207047084670470000324B70B590
:108A10001D6806460C4625B1AB6913B9284600F01F
:108A200097FF2E4B9C420FD16C68B4F90C309AB270
:108A300015072CD4D00611D40922326043F040032C
:108A4000A3814FF0FF303EE0254B9C4201D1AC6842
:108A5000EBE7244B9C4208BFEC68E6E7510712D5D0
:108A6000616B41B104F14403994202D03046FEF7F4
:108A7000D1FE00236363A38923F02403A381002391
:108A8000636023692360A38943F00803A3812369FA
:108A90004BB9A38903F42073B3F5007F03D02146BB
:108AA000304601F011F8A28912F001030CD0002326
:108AB000A36063695B42A361236953B9B4F90C30C5
:108AC00013F08000BAD170BD920758BF6369A360EC
:108AD000F2E70020F7E700BF78610020382F06009A
:108AE000582F0600182F06002DE9F74F03690C696F
:108AF000A3428046C0F28280013C01F114074FEA94
:108B0000840C00F1140657F8245056F8240006EBA4
:108B10000C03013507EB0C090193B0FBF5F595B398
:108B20004FF0000A3846B646D34650F8042B93B2AD
:108B300005FB03A34FEA134A9BB2ABEB0303120CF2
:108B4000DEF800B005FB02A213FA8BF34FEA124ADB
:108B50001FFA82FBDEF80020CBEB124202EB23422D
:108B60009BB243EA024381454FEA224B4EF8043B55
:108B7000DBD256F80C3033B9019B043B9E421A46B7
:108B800030D3C8F81040404601F04AFA002825DBEF
:108B9000013530464FF0000C57F8042BD0F800E0B8
:108BA00093B2ACEB0303120C13FA8EF3C2EB1E422A
:108BB00002EB23429BB243EA0243B9454FEA224CFF
:108BC00040F8043BE8D256F8242006EB84032AB987
:108BD000043B9E421A460BD3C8F81040284603B007
:108BE000BDE8F08F1268043B002ACAD1013CC5E7FA
:108BF0001268043B002AEFD1013CEAE70020EEE7CF
:108C00002DE9F04F57EC106B97B0456A069104467A
:108C10000B921293DDF88080CDE900673DB91020FA
:108C2000F2F70AFC6062C0E901550560C560636A3D
:108C3000196851B15A684A60012393408B602046FD
:108C400001F00CF8636A00221A603B1EBBBF23F0E0
:108C50000043019300230122ACBFC8F80030C8F8DC
:108C60000020AF4BDDF8048033EA080314D1129AD8
:108C700042F20F731360009B23B9C8F3130000285E
:108C800000F04285219BDFF8ACB2002B00F0448558
:108C90000BF1030300F03EBDDDE900670022002375
:108CA00030463946FEF738FA814668B1129A0123F8
:108CB0001360219B002B00F024859A4B219A03F12D
:108CC000FF3B136000F028BD14AA15A947EC106BF8
:108CD000204601F01CFAC8F30A550490002D7CD000
:108CE000C7F3130343F07F5BB2464BF4401BA5F27E
:108CF000FF35CDF84C9000228B4B50465946FDF77E
:108D0000EBFD81A3D3E90023FDF79EFF80A3D3E908
:108D10000023FDF7E3FD064628460F46FDF72AFF30
:108D20007DA3D3E90023FDF78FFF02460B463046B3
:108D30003946FDF7D3FD06460F46FEF735FA002209
:108D40008246002330463946FEF7F0F948B15046D6
:108D5000FDF710FF32463B46FEF7DEF908B90AF18F
:108D6000FF3ABAF1160F59D8704901EBCA01DDE993
:108D70000023D1E90001FEF7F7F9002850D00AF1ED
:108D8000FF3A00230F93149B5D1BB5F1010849BF07
:108D9000C5F10103002305934FF0000858BF059368
:108DA000BAF1000F3EDB0023D044CDF838A0079382
:108DB000069B092B00F29080052BC4BF043B069351
:108DC000069BA3F10203CCBF00250125032B00F273
:108DD0008F80DFE803F07D7F3171DDE914531D449E
:108DE00005F23240202813DDC0F14000009B08FA54
:108DF00000F805F2124023FA00F048EA0000FDF7FF
:108E0000A9FE01238246A1F1F87B013D139372E78D
:108E1000009BC0F1200003FA00F0F0E70123B1E766
:108E20000F90B0E7059BA3EB0A030593CAF100037B
:108E3000079300230E93BBE701230A930B9B002BA0
:108E400059DD02939946666A00227260042202F19B
:108E500014009842716853D9204600F0CBFE636A33
:108E60003060B9F10E0FD3F800B000F2E680002DAB
:108E700000F0E3809DED007BBAF1000F8DED107BDB
:108E800074DD2A4A0AF00F0302EBC30393ED007B63
:108E90004FEA2A16F0068DED087B65D5244BDDE9F7
:108EA0001001D3E90823FDF7F9FFCDE9000106F031
:108EB0000F0603251E4F4CE001230A930B9B5344DE
:108EC00003F1010902934B46012BB8BF0123BAE716
:108ED0000023B2E70023F0E70125002306930A955B
:108EE0004FF0FF3302939946002212230B92AAE718
:108EF00001230A93F4E70123029399461A46F5E702
:108F0000013171605200A2E761436F63A787D23FCE
:108F1000B3C8608B288AC63FFB799F501344D33F68
:108F20000000F07FE42D06000000F83FA02F0600AF
:108F3000782F0600112F0600F10708D5DDE908019A
:108F4000D7E90023FDF780FECDE908010135761051
:108F50000837002EF0D1DDE90823DDE90001FDF737
:108F60009DFFCDE900011AE00225A3E700F0A080F3
:108F7000CAF100069F4BA04F06F00F0203EBC2039D
:108F8000D3E90023DDE91001FDF75EFECDE9000124
:108F9000361100230225002E7FD1002BE1D10F9B3B
:108FA000002B00F08780DDE900670022934B3046FC
:108FB0003946FEF7BBF800287CD0B9F1000F79D014
:108FC000029B002B35DD0AF1FF330893394600225E
:108FD0008B4B3046FDF738FECDE90001029F01358D
:108FE0002846FDF7C7FDDDE90023FDF72DFE002231
:108FF000844BFDF773FC0546A1F15076002F5DD13F
:109000000022814BDDE90001FDF766FC2A4633466C
:10901000CDE90001FEF7A8F8002840F088822A4632
:1090200006F10043DDE90001FEF780F8002840F07A
:109030007C82DDE91023CDE90023159B002BC0F2D3
:109040005081BAF10E0F00F34C816A4B03EBCA0357
:1090500093ED007B0B9B002B8DED027B80F2D88083
:10906000B9F1000F00F3D48040F05E820022664B1D
:1090700051EC170BFDF7E8FDDDE90023FEF76AF878
:109080004F464E46002840F0348231230BF1010553
:109090008BF800300AF1010A2FE2F20705D5D7E973
:1090A0000023FDF7D1FD013501237610083772E763
:1090B000022574E7CDF820A04F4691E74D4B03EB16
:1090C000C70353E902010A9B002B47D002460B4617
:1090D00000204E49FDF7E2FE2A463346FDF7FCFB31
:1090E000CDE90C015D46DDE90001FEF75DF80646BD
:1090F000FDF740FD02460B46DDE90001FDF7ECFB04
:10910000303605F8016BDDE90C23CDE90001FEF7EF
:109110000DF8002863D1DDE9002300203749FDF771
:10912000DBFBDDE90C23FEF701F8002840F0B780F7
:10913000A5EB0B039F427FF77CAF0022304BDDE9AC
:109140000C01FDF781FD0022CDE90C012C4BDDE97E
:109150000001FDF779FDCDE90001C4E72A46334659
:10916000FDF772FDCDE90C010BEB07055E46DDE96D
:109170000001FEF719F80746FDF7FCFC3037024600
:109180000B46DDE90001FDF7A7FB06F8017BAE42C7
:10919000CDE900014FF0000226D11C4BDDE90C01A6
:1091A000FDF79CFB02460B46DDE90001FDF7DCFF05
:1091B000002874D1DDE90C2300201449FDF78CFB55
:1091C00002460B46DDE90001FDF7B0FF00283FF441
:1091D00030AF15F8013C302B05F1FF3202D0DDF83D
:1091E00020A04AE01546F4E7054BFDF72DFDCDE93B
:1091F0000001BCE7A02F0600782F06000000F03F1A
:109200000000244000001C40000014400000E03F2B
:10921000DDE900675D46DDE9022330463946FDF7AA
:109220003DFEFDF7C1FF8046FDF7A4FCDDE902230A
:10923000FDF70AFD02460B463046394608F1300676
:10924000FDF74AFB05F8016BA5EB0B06B14502469D
:109250000B4639D1FDF742FBDDE9022306460F46F6
:10926000FDF782FFC8B9DDE9022330463946FDF734
:1092700053FF10B118F0010F0FD10499204600F0F0
:10928000EDFC0023129A2B700AF101031360219B5D
:10929000002B00F041821D603EE2CDF820A015F8C1
:1092A000012C392A05F1FF3308D19B450AD1089BCF
:1092B0000133089330238BF800305B461A78013273
:1092C0001A708CE71D46EAE700229B4BFDF7BCFCB9
:1092D0000022002306460F46FDF71EFF00289AD005
:1092E000CBE70A9A002A00F08B80069A012A6EDCEE
:1092F000139A002A67D003F23343079F059D059A0E
:1093000001211A4420460592984400F047FD064684
:10931000002D0CDDB8F1000F09DD4545059A2B46FF
:10932000A8BF4346D21A0592ED1AA8EB0308079B83
:10933000EBB10A9B002B67D08FB131463A462046ED
:1093400000F0CCFD049A01460646204600F02FFDB1
:1093500004990890204600F081FC089B0493079B29
:10936000DA1B04D00499204600F0B8FD04900121D6
:10937000204600F013FD0E9B0746002B00F0D08125
:109380001A460146204600F0A9FD069B012B074620
:1093900040DC009B002B39D1019BC3F31303002B4E
:1093A00036D1019B23F000431B0D1B052BB1059B00
:1093B0000133059308F10108012307930E9B002B4D
:1093C0002AD1012030E0149BC3F1360395E7079BB7
:1093D00009F1FF37BB42BFBF079B0797FA1A0E9BE5
:1093E000BBBF9B180E93DF1B0027B9F1000FB5BF61
:1093F000059B059DA3EB09054B46B8BF00237EE7FF
:10940000079F059D0A9E83E7079AABE70023D4E7F1
:10941000009BD2E7002307933B6907EB830318699E
:1094200000F06EFCC0F12000404410F01F0047D057
:10943000C0F12003042B3BDD059BC0F11C0003445D
:10944000059305448044059B002B05DD1A460499CD
:10945000204600F091FD0490B8F1000F05DD39467B
:109460004246204600F088FD07460F9B53B339461D
:10947000049800F0D5FD002824DA00230A2204997C
:10948000204600F002FC0A9B04900AF1FF3A002BF0
:1094900000F04D81002331460A22204600F0F5FB02
:1094A000029B002B06464FDC069B022B4CDD11E095
:1094B000C9D0059A1C331A4405921D449844C2E74A
:1094C0000346F6E7B9F1000F38DC069B022B35DDC9
:1094D000CDF80890029B63B939460522204600F07A
:1094E000D4FB01460746049800F09AFD00283FF798
:1094F000CCAD0B9B5D466FEA030A4FF0000939467D
:10950000204600F0ABFB002E3FF4B7AEB9F1000FE0
:1095100005D0B14503D04946204600F09FFB3146B7
:10952000204600F09BFBA8E600273E46E1E7DDF879
:1095300020A03E46A9E500BF000024400A9BCDF8CC
:109540000890002B00F0FA80002D05DD31462A46F8
:10955000204600F011FD0646079B002B4CD0716899
:10956000204600F047FB326902320546920006F1C0
:109570000C010C30FEF713F901222946204600F0B9
:10958000FBFC009BCDF814B003F00103B146079338
:10959000064639460498FFF7A7FA4946054600F102
:1095A0003008049800F03CFD3246009039462046D1
:1095B00000F050FDC368024603BB014608900498C2
:1095C00000F02EFD089A034611462046089300F04D
:1095D00045FB089BA3B9069A92B9079A82B9B8F1DC
:1095E000390F29D0009B002B01DD05F13108059BC7
:1095F0005D1C83F8008082E73046C2E70123E3E781
:10960000009A002A04DB25D1069A1ABB079A0ABBE6
:10961000002BECDD01220499204600F0ADFC394618
:10962000049000F0FDFC002803DCE0D118F0010FED
:10963000DDD0B8F1390FD8D1059B059A5D1C3923CF
:10964000137015F8013C392B05F1FF324FD001336F
:10965000137054E7059A002B02F1010506DDB8F1FD
:10966000390FE9D008F10108059BC2E7029A05F815
:10967000018CA5EB0B03934221D000230A2204990D
:10968000204600F002FBB14504904FF000034FF07C
:109690000A024946204605D100F0F7FA81460646FF
:1096A000059576E700F0F1FA3146814600230A225B
:1096B000204600F0EAFA0646F2E74FF000090122E0
:1096C0000499204600F058FC3946049000F0A8FCAC
:1096D0000028B6DC02D118F0010FB2D115F8013C18
:1096E000302B05F1FF327FF40AAF1546F6E79345BC
:1096F00005D131230AF1010A8BF80030FFE6154647
:109700009FE7DFF864B007E0219BDFF860B01BB192
:109710000BF10803219A1360584617B0BDE8F08F8B
:10972000069B012B7FF735AE0E9B079349E6029B04
:10973000002B03DC069B022B3FF7CCAE5D4639467F
:109740000498FFF7D1F900F1300805F8018B029A6F
:10975000A5EB0B039A42B0DD00230A2204992046B0
:1097600000F093FA0490EAE7E32D0600082F0600C4
:109770008A892DE9F041054610070C4658D44B68FC
:10978000002B05DC0B6C002B02DC0020BDE8F08117
:10979000E66A002EF9D0002312F480522F68216A65
:1097A0002B6032D0606DA3895A0705D56368C01A53
:1097B000636B0BB1236CC01A00230246E66A216A70
:1097C0002846B047431CA38906D129681D2948D8DB
:1097D000294ACA40D60744D500226260D9042269CA
:1097E000226004D5421C01D12B6803B96065616B0E
:1097F0002F600029C9D004F14403994202D02846C1
:10980000FEF708F800206063C0E701232846B04750
:10981000411CC8D12B68002BC5D01D2B01D0162BA5
:1098200001D12F60B1E7A38943F04003A381ADE7E5
:109830000F69002FA9D093070E6808BF4B690F600E
:1098400018BF0023A6EB07088B60B8F1000F9CDD62
:1098500043463A46216AA66A2846B047002806DCF5
:10986000A38943F04003A3814FF0FF308EE7074404
:10987000A8EB0008E9E700BF0100402038B50B69FC
:1098800005460C46DBB118B183690BB900F060F8EE
:109890000C4B9C4209D16C68B4F90C307BB1214669
:1098A0002846BDE83840FFF763BF074B9C4201D113
:1098B000AC68F1E7054B9C4208BFEC68ECE7002080
:1098C00038BD00BF382F0600582F0600182F06009D
:1098D000002310B50446C0E90033836081814366EC
:1098E000C281C0E904338361194608225C30FDF768
:1098F0007AFF054B6362054BA362054BE362054BA0
:109900002462236310BD00BF05A5050027A505003F
:109910005FA5050083A50500014900F085B800BFDB
:109920007D98050070B54A1E682555430E4605F121
:109930007401FDF7BDFF044640B10021C0E90016E7
:109940000C30A06005F16802FDF74DFF204670BDA8
:10995000836910B5044633BBC0E912330365124B6B
:10996000124A1B688262984204BF0123836100F09F
:109970001FF86060204600F01BF8A060204600F051
:1099800017F80022E06004216068FFF7A1FF0122C0
:109990000921A068FFF79CFF02221221E068FFF76F
:1099A00097FF0123A36110BDB42D0600199905008E
:1099B000F8B51B4B1E68B369074613B93046FFF76D
:1099C000C7FF4836D6E90134013B03D5336833B1CC
:1099D0003668F7E7B4F90C506DB16834F4E7042148
:1099E0003846FFF79FFF30600028F1D10C233B6021
:1099F00004462046F8BD0B4B6566C4E90055A560DA
:109A0000C4E90335C4E905550822294604F15C0080
:109A1000FDF7E9FEC4E90D55C4E91255E9E700BFB9
:109A2000B42D06000100FFFF2DE9F843804689466A
:109A300000F14804002614B93046BDE8F883D4E9A3
:109A40000175013F01D52468F5E7AB89012B07D9E2
:109A5000B5F90E30013303D029464046C8470643C6
:109A60006835EEE7044B1B68186A044B002808BFF2
:109A70001846F030704700BF78610020DC6100209C
:109A800070B50E46B1F90E10002996B014461D4669
:109A900007DA00232B60B3891A0610D44FF48063D1
:109AA0000EE06A4600F094FD0028F2DB019A02F411
:109AB0007042A2F500535A425A412A60EEE7402311
:109AC0000020236016B070BD8B8973B59D070646D4
:109AD0000C4607D504F1470323602361012363612A
:109AE00002B070BD01AB6A46FFF7CAFF0099054698
:109AF0003046FDF7DDFE48B9B4F90C309A05EFD4D5
:109B000023F0030343F00203A381E3E70D4BB362A9
:109B1000A389206043F08003A381009B6361019BC4
:109B200020615BB1B4F90E10304600F063FD28B13E
:109B3000A38923F0030343F00103A381A3891D43F9
:109B4000A581CDE719990500000000000000000084
:109B500001F0FF01102A2BDB10F0070F08D010F8DE
:109B6000013B013A8B422DD010F0070F42B3F6D1E2
:109B7000F0B441EA012141EA014122F007047FF0FB
:109B800000070023F0E80256083C85EA010586EA52
:109B9000010685FA47F5A3FA87F586FA47F6A5FA8E
:109BA00087F68EB9EED1F0BC01F0FF0102F007029A
:109BB00032B110F8013B013A83EA010313B1F8D145
:109BC0000020704701387047002D06BF3546033826
:109BD000073815F0010F07D1013015F4807F02BF5F
:109BE000013015F4C03F0130F0BC0138704700BFB0
:109BF0007047704770B5456A04460E463DB910205F
:109C0000F1F71AFC6062C0E901550560C560656A3C
:109C1000EB6883B1636ADB6853F82600B8B90121A9
:109C200001FA06F56A1D92002046FDF7E4FD60B1D9
:109C3000C0E901650EE0212204212046FDF7DBFD8D
:109C4000636AE860DB68002BE4D1002070BD026825
:109C500043F826200023C0E90333F7E770B5446AD0
:109C600006460D463CB91020F1F7E6FB7062C0E9EC
:109C700001440460C4603DB1736A6A68DB6853F8EC
:109C80002210296043F8225070BD2DE9F0410D6982
:109C90001F4606460C4601F1140C0023DCF80000B8
:109CA00081B202FB01710F0C000C02FB007089B243
:109CB000013301EB00419D424FEA10474CF8041B71
:109CC000ECDCD7B1A368AB4212DC616830460131ED
:109CD000FFF790FF2269023204F10C0180469200E6
:109CE0000C30FDF75CFD21463046FFF7B7FF4446D8
:109CF00004EB850301355F6125612046BDE8F081F5
:109D0000020C12040346B2B90304102013F07F4F73
:109D100004BF1B02083013F0704F04BF1B01043056
:109D200013F0404F04BF9B000230002B06DB5B00AA
:109D300003D5013070470020E8E720207047036812
:109D400013F0070201460BD0DA0723D4980749BF66
:109D50005B089B0801200B605CBF0B600220704712
:109D600098B2A8B91B0C102013F0FF0F04BF1B0AF8
:109D700008301A0704BF1B0904309A0704BF9B0868
:109D80000230DA0702D45B0806D001300B6070475E
:109D90001046E9E7002070472020704710B50C46B8
:109DA0000121FFF727FF01224461026110BD2DE967
:109DB000F74F14460A6923699A42B8BF0B46884692
:109DC000BCBFA0461C46D8F81070D4F81090D8F844
:109DD0000830D8F8041007EB0906B342B8BF0131C8
:109DE000FFF708FF00F1140505EB860E2B46002255
:109DF000734516D304F1140208F1140102EB890330
:109E000001EB87070093009B019293420CD8002E30
:109E100003DD5EF8043D002B5DD0066103B0BDE8B4
:109E2000F08F43F8042BE3E7B2F800B0BBF1000F6A
:109E300023D08946AC464FF0000859F8044BDCF8B3
:109E400000A0A3B21FFA8AFA0BFB03A34FEA144A3D
:109E5000DCF8004043444FEA14480BFB0A8404EB4F
:109E60001344E2469BB243EA04434F454FEA144889
:109E70004AF8043B2BD8CCF80480019BB3F802A02D
:109E80000432BAF1000F20D02B688946A8464FF063
:109E9000000BB9F800C0B8F802400AFB0C445C445F
:109EA000C4469BB243EA04434CF8043B59F8043BD4
:109EB000B8F804B01B0C0AFB03B303EB14434F4583
:109EC0004FEA134B05D8C8F8043004359BE7D44655
:109ED000B3E7E046DDE7013E99E700002DE9F843EE
:109EE000154612F0030206460F4607D0013A214CF0
:109EF000002354F82220FFF7C8FE0746AD1035D0E6
:109F0000746A3CB91020F1F797FA7062C0E9014415
:109F10000460C460D6F82480D8F808404CB940F2F8
:109F200071213046FFF73AFF0023C8F808000446C5
:109F300003604FF00008EB070AD539462246304649
:109F4000FFF735FF394681463046FFF787FE4F461B
:109F50006D100BD0206838B9224621463046FFF7F5
:109F600026FF2060C0F800800446E4E73846BDE8DC
:109F7000F88300BF683006002DE9F0470C464FEA31
:109F8000621A236949680AEB0309A3680746164663
:109F900009F10105AB4232DB3846FFF72BFE002307
:109FA000804600F114011A4653452BDB20692AEA4A
:109FB000EA7A04F1140316F01F0201EB8A0103EBA5
:109FC000800C25D0C2F1200E00201E688A469640E3
:109FD00030434AF8040B53F8040B9C4520FA0EF06A
:109FE00014D8486008B109F10205013D3846C8F8A7
:109FF00010502146FFF732FE4046BDE8F0870131A0
:10A000005B00C7E741F823200133CDE75146DCE789
:10A01000043953F8042B41F8042F9C45F9D8E4E7A0
:10A0200003690A699B1A30B50CD1920014301431BF
:10A030008418114454F8045D51F8042D954203D05E
:10A0400005D30123184630BDA042F3D3FAE74FF001
:10A05000FF33F7E72DE9F0470D460746114628463E
:10A060001446FFF7DDFF061E08D131463846FFF7DC
:10A07000C1FD0123C0E90436BDE8F087A4BF234633
:10A080002C4638466168A6BF1D4600260126FFF70C
:10A09000B1FD2B69C660266905F1140904F11402AB
:10A0A00002EB860709EB830800F114054FF0000E60
:10A0B00052F804AB59F8044B1EFA8AF1A3B2C91A3C
:10A0C000230CC3EB1A4303EB214389B24FEA234E1F
:10A0D000C84541EA0343944645F8043BE8D8BC45EB
:10A0E00004D355F8043D83B10661C5E75CF8041B51
:10A0F0001EFA81F31A1402EB11429BB243EA0243A7
:10A100004FEA224E45F8043BE9E7013EE9E72DE935
:10A11000F7430E46012159EC108B1546FFF76AFDF7
:10A12000C9F30A540746C9F3130334BB0193B8F1CA
:10A13000000327D002A840F8083DFFF700FE009971
:10A14000F0B1019AC0F1200302FA03F30B43C240BD
:10A150007B610192019BBB61002B14BF0221012195
:10A160003961C4B1A4F2334404443460C0F1350011
:10A170002860384603B0BDE8F08343F48013D5E788
:10A180007961E7E701A8FFF7DAFD019B7B61012117
:10A1900039612030E5E707EB8103A0F232403060FF
:10A1A0001869FFF7ADFDC0EB4110E1E7F8B50746D0
:10A1B00014460E4621B91146BDE8F840FDF778BBBC
:10A1C00022B9FDF727FB25462846F8BD00F034FAF2
:10A1D000A0420FD221463846FDF76AFB054600280B
:10A1E000F2D031462246FDF7DAFA31463846FDF71D
:10A1F00011FBE9E73546E7E72DE9F0478E689E4217
:10A2000082460C469046994637D88A8912F4906F58
:10A2100031D0256809696F1A6569022305EB450588
:10A2200095FBF3F509F101033B449D4238BF1D4600
:10A23000530530D52946FDF73BFB064650B90C23A4
:10A24000CAF80030A38943F04003A3814FF0FF30E8
:10A25000BDE8F0873A462169FDF7A1FAA38923F406
:10A26000906343F08003A381266165613E44ED1B4A
:10A270002660A5604E464E4500D94E4632464146C0
:10A280002068FDF797FAA3689B1BA36023681E4410
:10A2900026600020DCE72A46FFF788FF06460028F4
:10A2A000E2D121695046FDF7B5FAC8E72DE9F04F34
:10A2B0009DB0804603938B891D060C4616460FD52C
:10A2C0000B696BB94021FDF7F3FA2060206128B9D2
:10A2D0000C23C8F800304FF0FF30C7E04023636123
:10A2E0000023099320238DF8293030238DF82A305C
:10A2F0004FF0010B37463D4615F8013B0BB1252BBE
:10A300003ED1B7EB060A0BD05346324621464046B3
:10A31000FFF772FF013000F0A480099B53440993BA
:10A320003B78002B00F09D8000234FF0FF32CDE9F9
:10A330000523049307938DF853301A932F46052273
:10A3400017F8011B4F48FFF703FC049BD0B9D9064F
:10A3500044BF20228DF853201A0744BF2B228DF8CA
:10A3600053202A782A2A15D0079A2F4600200A253A
:10A37000394611F8013B303B092B4DD9B8B10FE0FC
:10A380002F46B8E73F4A801A0BFA00F018430490B2
:10A390003D46D3E7039A111D12680391002A01DBA1
:10A3A000079204E0524243F00203079204933B7881
:10A3B0002E2B0CD17B782A2B33D1039B1A1D1B68C3
:10A3C0000392002BB8BF4FF0FF33023705932E4D99
:10A3D000397803222846FFF7BBFB38B14023401BE6
:10A3E00003FA00F0049B03430137049339782748AC
:10A3F0008DF8281006227E1CFFF7AAFB002838D013
:10A40000234B13BB039B073323F00703083303934A
:10A41000099B4B4409936DE705FB023201200F466F
:10A42000A6E700230137059319460A25384610F898
:10A43000012B303A092A03D9002BC8D00591C6E771
:10A4400005FB012101230746F0E703AB00932246F9
:10A45000104B04A94046FDF757FCB0F1FF3F814681
:10A46000D6D1A3895B063FF536AF09981DB0BDE88C
:10A47000F08F03AB00932246064B04A94046FDF73C
:10A48000F9FEEAE7C22D0600C82D0600CC2D060015
:10A49000097D0500F9A1050070B50D461446064674
:10A4A00018B183690BB9FFF753FA134B9C4212D1D1
:10A4B0007468A368013B002BA36016DAA26993427B
:10A4C00002DBEBB20A2B10D1224629463046BDE80A
:10A4D0007040FEF73BBA094B9C4201D1B468E8E7F3
:10A4E000074B9C4208BFF468E3E723685A1C2260CC
:10A4F0001D70E8B270BD00BF382F0600582F06004F
:10A50000182F060010B50C46B1F90E1000F09CF89B
:10A510000028ABBF636DA3891B1823F48053ACBF25
:10A520006365A38110BD2DE9F0411F468B89DB05D2
:10A5300005460C46164605D502230022B1F90E1039
:10A5400000F068F8A389B4F90E1023F48053A381B6
:10A5500032463B462846BDE8F04100F017B810B53A
:10A560000C46B1F90E1000F055F8431CA38915BF35
:10A57000606523F4805343F48053A38118BFA38103
:10A5800010BDB1F90E1000F013B8000038B5074C3B
:10A59000054608461146002222601A46F3F7FAFEE5
:10A5A000431C02D1236803B12B6038BD1C9D0020E1
:10A5B00038B5064C002305460846236000F056F8DF
:10A5C000431C02D1236803B12B6038BD1C9D0020C1
:10A5D00038B5074C0023054608461146236000F0B5
:10A5E0004DF8431C02D1236803B12B6038BD00BF76
:10A5F0001C9D002038B5064C002305460846236004
:10A6000000F04CF8431C02D1236803B12B6038BD25
:10A610001C9D002038B5074C05460846114600220F
:10A6200022601A4600F04AF8431C02D1236803B1A5
:10A630002B6038BD1C9D002051F8043C181F002BD6
:10A64000BCBF0B58C018704738B5074C05460846C4
:10A650001146002222601A4600F038F8431C02D14D
:10A66000236803B12B6038BD1C9D0020024B58228B
:10A670001A604FF0FF3070471C9D0020024B58229B
:10A680001A604FF0FF3070471C9D0020024B58228B
:10A690001A604FF0FF3070471C9D0020024B58227B
:10A6A0001A600020704700BF1C9D0020024B5822FA
:10A6B0001A604FF0FF3070471C9D0020024B58225B
:10A6C0001A604FF0FF3070471C9D0020024B58224B
:10A6D0001A604FF0FF3070471C9D0020FEE700BF5E
:10A6E000F8B500BFF8BC08BC9E467047F8B500BF7F
:10A6F000F8BC08BC9E46704754696E795553422099
:10A7000053657269616C00000000000000000000E9
:10A71000316502008963020079630200F162020080
:10A720003D630200116302006D630200D163020009
:10A73000F0FFFFFF00000000296502001201000287
:10A74000000000409A23298000010102030100005B
:10A7500009020900000100A032000000303132334C
:10A7600034353637383941424344454641646166A1
:10A770007275697400000000466561746865722036
:10A780006E524635323834302045787072657373B6
:10A79000000000004D6173732053746F7261676530
:10A7A00000000000312E300075736264000000006C
:10A7B000050F3900021810050038B60834A909A0A1
:10A7C000478BFDA0768815B665000101011C1005B8
:10A7D00000DF60DDD88945C74C9CD2659D9E648AA8
:10A7E0009F00000306B20002000103005D6F02003B
:10A7F000CD6F0200F96F0200ED700200B17102002E
:10A8000000000000997B0200A97B0200B97B0200D6
:10A810004D7C02008D7D02000000000039730200B3
:10A820004973020059730200497402007D760200E8
:10A8300000000000C58A0200E98A02000D8B0200B8
:10A84000358C0200A9930200000000001577020079
:10A850007177020099770200B1780200B5780200A2
:10A8600000000000ED8402004985020069850200B5
:10A87000956C020035860200000000005F7573626F
:10A88000645F71646566000042617474657279206A
:10A8900073616D706C65206F7574206F66207261D6
:10A8A0006E67652C2069676E6F72696E673A20006B
:10A8B000205600005B5741524E494E475D20000034
:10A8C000416C6C20626174746572792073616D7083
:10A8D0006C65732077657265206F7574206F6620D4
:10A8E00072616E67653B2072657475726E696E6722
:10A8F000203056004261747465727920766F6C74F2
:10A900006167652072617720726561642C205662F0
:10A91000617474203D200000496E697469616C693E
:10A920007A696E672062617474657279206D6F6EEA
:10A9300069746F72696E672E2E2E00004261747406
:10A94000657279207461736B2073746F7020746901
:10A950006D6564206F7574005B4552524F525D20E7
:10A960000000000042617474657279207461736B39
:10A9700020646964206E6F742073746F7020636C40
:10A9800065616E6C790000004661696C65642074D5
:10A990006F207374617274206261747465727920BF
:10A9A0007461736B000000004261747465727920F9
:10A9B0004D6F6E69746F7200446973636F6E6E657C
:10A9C000637465642C20726561736F6E203D200096
:10A9D000496E697469616C697A696E672073746124
:10A9E0006E6461726420424C4520736572766963BF
:10A9F00065732E2E2E000000496E697469616C69C2
:10AA00007A696E6720426C7565746F6F74682E2E5C
:10AA10002E0000004164766572746973696E672068
:10AA200061733A200000000032204D627073000014
:10AA300031204D6270730000556E6B6E6F776E0043
:10AA4000436F646564000000436F6E6E65637465F8
:10AA50006420746F2000000020204D54553A2000DF
:10AA6000206279746573000020205048593A200014
:10AA700020204D61782052582F5458204F63746520
:10AA800074733A20000000002020436F6E6E20494E
:10AA90006E74657276616C3A20000000206D730060
:10AAA0002020536C617665204C6174656E63793A41
:10AAB0002000000020205375706572766973696FFD
:10AAC0006E2054696D656F75743A2000312E312EF9
:10AAD0003320444542554700AA93BCEA5F782315CA
:10AAE000DEEF121223150000554353442042696FD4
:10AAF00045452047726F75700000000042696F6322
:10AB00006F696E2076312E312E33000064657669D0
:10AB10006365206E616D65005570646174696E6770
:10AB200020646576696365206E616D65203D200057
:10AB3000526563656976656420454368656D2043A9
:10AB40006F6E74726F6C20436F6D6D616E64000088
:10AB5000454368656D20636F6E74726F6C00000012
:10AB6000454368656D20706172616D6574657273CF
:10AB70000000000064656275672041464520706FE3
:10AB800077657220636F6D6D616E640049676E6FEB
:10AB900072696E672064656275672041464520636F
:10ABA0006F6D6D616E64207768696C6520612074DB
:10ABB0006563686E697175652069732072756E6E64
:10ABC000696E67004465627567204146452062757D
:10ABD000726E206C6F616420656E61626C656400EA
:10ABE000446562756720414645206275726E206C2F
:10ABF0006F61642064697361626C656400000000C9
:10AC000049676E6F72696E6720696E76616C696400
:10AC1000207061796C6F6164206C656E6774682068
:10AC2000666F7220000000006465627567206261D3
:10AC3000747465727920636F6D6D616E64000000DD
:10AC4000556E6B6E6F776E2064656275672062610A
:10AC5000747465727920636F6D6D616E643A200063
:10AC6000446562756720414645206275726E206CAE
:10AC70006F61642064697361626C6564206F6E202B
:10AC8000646973636F6E6E6563740000496E697406
:10AC900069616C697A696E6720637573746F6D2082
:10ACA000424C452073657276696365732E2E2E00C3
:10ACB000AA93BCEA5F782315DEEF12122415000078
:10ACC000AA93BCEA5F782315DEEF12122515000067
:10ACD000AA93BCEA5F782315DEEF12122815000054
:10ACE000AA93BCEA5F782315DEEF12122915000043
:10ACF000AA93BCEA5F782315DEEF12122615000036
:10AD0000AA93BCEA5F782315DEEF12122A15000021
:10AD1000AA93BCEA5F782315DEEF12122715000014
:10AD2000424C4520545820627566666572206675EF
:10AD30006C6C2C2064726F707065642000000000E1
:10AD40004661696C656420746F2063726561746527
:10AD500020424C452054582073747265616D206206
:10AD60007566666572000000424C4520545800002C
:10AD70004661696C656420746F207374617274201D
:10AD8000424C45205458207461736B004E6F7469B7
:10AD900066792072657472792074696D6564206FBC
:10ADA00075742E004E6F74696679206661696C65F2
:10ADB00064202D207265747279696E672E2E2E00C4
:10ADC00044726F7070656420000000002062797426
:10ADD0006573206166746572206E6F746966792090
:10ADE00074696D656F75740053656E7420000000A2
:10ADF000160000002C00000059000000B200000006
:10AE00000B01000015020000800200009B02000000
:10AE100020030000790300002B040000350500002A
:10AE20000000000005000000040000000200000017
:10AE30000000000001000000160000002C000000CF
:10AE400059000000B20000000B01000015020000D4
:10AE5000800200009B020000200300007903000034
:10AE60002B0400003505000008090000C90200009D
:10AE7000080C00006C200000F02100001000000011
:10AE800010040000C9020000280A000009000000A8
:10AE90008C23000004010000040A0000594800004F
:10AEA000040A00007BF20000000A00000980000094
:10AEB000F02200000000000030220000AFA587DE75
:10AEC000502200003F100000B02200003C20000093
:10AED00030220000A0A587DE00010203060304055E
:10AEE0000607070709090A00C8000000E803000078
:10AEF0008813000010270000204E0000409C000036
:10AF00008038010000710200000000000000000015
:10AF10006E000000E8030000D0070000B80B00003E
:10AF2000A00F000070170000401F00001027000055
:10AF3000E02E0000803E0000204E0000C05D0000BA
:10AF400030750000007D0000409C000080BB0000C8
:10AF500000FA0000084C010000770100A086010003
:10AF6000C0D4010000F4010000710200A0FD020045
:10AF700000E8030000D007000000803F0000C03F51
:10AF800000000040000080400000104153657474D0
:10AF9000696E67206368616E6E656C20746F3A201D
:10AFA000000000000003020100000000000000009B
:10AFB0000338FDD87047000042696F636F696E20E7
:10AFC00076312E312E332044454255470000000093
:10AFD00056657273696F6E20696E666F3A00000085
:10AFE000446F6E6520696E697469616C697A696E17
:10AFF000672E2E2E204F666620746F20736C656559
:10B00000702100004C45442068656172746265617E
:10B0100074207461736B2073746F702074696D6534
:10B0200064206F75740000004C45442068656172AF
:10B030007462656174207461736B20646964206E4E
:10B040006F742073746F7020636C65616E6C79002F
:10B050004661696C656420746F207374617274203A
:10B060004C45442068656172746265617420746146
:10B07000736B00004C4544204865617274626561E1
:10B0800074000000496E697469616C697A696E6761
:10B090002070696E732E2E2E0000000044617461D2
:10B0A000204D6F76657200004661696C656420749E
:10B0B0006F2073746172742064617461206D6F76A7
:10B0C0006572207461736B00636C65616E7570539B
:10B0D000656E736F7228293A206661696C65642019
:10B0E000746F2073746F7020616374697665207368
:10B0F000656E736F7220636C65616E6C7900000021
:10B1000049676E6F72696E6720696E76616C6964FB
:10B11000207061796C6F616420666F72200000009E
:10B1200073656E736F7220636F6E74726F6C000064
:10B13000556E6B6E6F776E20636F6E74726F6C20DE
:10B14000636F6D6D616E643A2000000073656E730D
:10B150006F7220706172616D6574657273000000BA
:10B160004372656174696E672073656E736F7220D8
:10B170006F6620747970653A20000000556E6B6E22
:10B180006F776E206F7220756E737570706F72744A
:10B1900065642073656E736F723A20005175657532
:10B1A0006564200020627974657320666F72205494
:10B1B000582E2E2E00000000496E697469616C697A
:10B1C0007A696E672073656E736F7220696E74653D
:10B1D00072666163652E2E2E0000000000000000E4
:10B1E000000000000000000000000000B9B30400EF
:10B1F000B9B30400B9B30400B9B30400B9B304008F
:10B20000B9B30400B9B304002020202049203D2018
:10B21000252E35662075410A0000000055706461D6
:10B2200074696E6720434120706172616D65746559
:10B2300072732E2E2E0000004341000020657870AE
:10B2400065637465642000000900000053616D703F
:10B250006C696E6720496E74657276616C205B73F1
:10B260005D3A200050726F63657373696E672049A1
:10B270006E74657276616C205B735D3A200000002D
:10B280004D61782043757272656E74205B6D415D0F
:10B290003A20000050756C736520506F74656E74B1
:10B2A00069616C205B6D565D3A2000004368616EF9
:10B2B0006E656C3A20000000766563746F723A3AEE
:10B2C0005F4D5F64656661756C745F617070656E1B
:10B2D0006400000043412073746F707065642073D4
:10B2E00075636365737366756C6C792E000000007E
:10B2F0004341207374617274206661696C656420D7
:10B30000647572696E672041443539343020696E46
:10B31000697469616C697A6174696F6E2E000000EE
:10B320004341207374617274206661696C656420A6
:10B33000647572696E672073657475704D656173AD
:10B340007572656D656E742E204144353934304513
:10B3500072723D00434120737461727420666169AA
:10B360006C65642077616B696E67204144353934C0
:10B37000302E00004341207374617274206661694D
:10B380006C656420636F6E6669677572696E6720AD
:10B3900077616B6575702074696D65723A20000085
:10B3A00043412073746172746564207375636365CF
:10B3B000737366756C6C792E00000000766563749B
:10B3C0006F723A3A5F4D5F72616E67655F696E7367
:10B3D00065727400434120706172616D65746572BD
:10B3E0007320636F6E7461696E206E6F6E2D666977
:10B3F0006E6974652076616C7565732E00000000BF
:10B4000043412073616D706C696E67496E7465723B
:10B4100076616C206D757374206265203E20302E3D
:10B420000000000043412070726F63657373696EA2
:10B4300067496E74657276616C206D7573742062F5
:10B4400065203E20302E000050726F636573736973
:10B450006E6720696E74657276616C206E656564D6
:10B460007320746F206265206D6F7265207468614F
:10B470006E2073616D706C696E6720696E746572A1
:10B4800076616C2E000000004341206368616E6E9F
:10B49000656C206D75737420626520696E20726121
:10B4A0006E6765205B302C20335D2E0050756C7309
:10B4B0006520706F74656E7469616C206973206FAC
:10B4C0007574206F662072616E676520666F7220EA
:10B4D00063757272656E7420567A65726F2E20568F
:10B4E000616C69642072616E6765205B000000001A
:10B4F0002C2000005D206D562E00000073616D70E1
:10B500006C696E6720696E74657276616C20697310
:10B5100020746F6F2073686F727420666F7220776B
:10B52000616B6575702074696D657220636F6E66FE
:10B53000696775726174696F6E0000000000000039
:10B54000000000004D3A03007D3A03006D3F030008
:10B55000A93E0300D5410300953903001D380300BF
:10B56000F5370300B53A03005570646174696E677E
:10B5700020435620706172616D65746572732E2E62
:10B580002E000000435600005374617274696E67A8
:10B5900020506F74656E7469616C205B6D565D3A06
:10B5A000200000005665727465783120506F746514
:10B5B0006E7469616C205B6D565D3A20000000007E
:10B5C0005665727465783220506F74656E74696167
:10B5D0006C205B6D565D3A2000000000537465706E
:10B5E00020506F74656E7469616C205B6D565D3AB6
:10B5F0002000000050756C736520576964746820E2
:10B600005B6D735D3A200000435620737461727461
:10B61000206661696C656420647572696E6720419B
:10B62000443539343020696E697469616C697A61B6
:10B6300074696F6E2E00000043562073746172743B
:10B64000206661696C656420647572696E67207339
:10B65000657475704D6561737572656D656E742E78
:10B66000204144353934304572723D0043562073D1
:10B6700074617274206661696C65642077616B69BE
:10B680006E67204144353934302E00004356207314
:10B6900074617274206661696C65642062656361BF
:10B6A0007573652072616D702073746174652069B3
:10B6B000732053746F702E0043562073746172743C
:10B6C000206661696C656420636F6E666967757278
:10B6D000696E672077616B6575702074696D65723E
:10B6E0003A200000435620706172616D6574657286
:10B6F0007320636F6E7461696E206E6F6E2D666964
:10B700006E6974652076616C7565732E00000000AB
:10B7100043562070726F63657373696E67496E7408
:10B72000657276616C206D757374206265203E20B1
:10B73000302E000043562070756C73655769647431
:10B7400068206D757374206265203E20302E0000E5
:10B750004356204573746570206D7573742062655F
:10B76000206E6F6E2D7A65726F2E00004356206337
:10B7700068616E6E656C206D7573742062652069FA
:10B780006E2072616E6765205B302C20335D2E0069
:10B79000435620766F6C7461676520706172616DCD
:10B7A000657465727320617265206F7574206F66B1
:10B7B0002072616E676520666F72206375727265B4
:10B7C0006E7420567A65726F2E2056616C69642003
:10B7D00072616E6765205B0043562077616B65750B
:10B7E000702074696D65722076616C756573206177
:10B7F000726520696E76616C69642E00000000003D
:10B8000000000000F94B0300294C0300CD53030056
:10B81000414A0300FD550300614C0300814A0300C7
:10B82000194A0300BD4E03005570646174696E6768
:10B830002044505620706172616D65746572732E7C
:10B840002E2E00004450560053746F7020506F74B9
:10B85000656E7469616C205B6D565D3A2000000076
:10B8600050756C736520506572696F64205B6D73F1
:10B870005D3A2000445056207374617274206661F2
:10B88000696C656420647572696E6720414435395E
:10B89000343020696E697469616C697A6174696FAA
:10B8A0006E2E0000445056207374617274206661DD
:10B8B000696C656420647572696E67207365747560
:10B8C000704D6561737572656D656E742E204144AF
:10B8D000353934304572723D000000004450562026
:10B8E0007374617274206661696C65642077616B42
:10B8F000696E67204144353934302E00445056205B
:10B900007374617274206661696C656420636F6E24
:10B910006669677572696E672077616B65757020FF
:10B9200074696D65723A20004450562070617261EE
:10B930006D657465727320636F6E7461696E206EDD
:10B940006F6E2D66696E6974652076616C756573BE
:10B950002E0000004450562070726F636573736947
:10B960006E67496E74657276616C206D75737420B4
:10B970006265203E20302E004450562070756C7356
:10B98000655769647468206D757374206265203E24
:10B9900020302E004450562070756C7365506572CF
:10B9A000696F64206D757374206265203E20302EAF
:10B9B000000000004450562070756C73655065722D
:10B9C000696F64206D757374206265203E3D207040
:10B9D000756C736557696474682E00004450562076
:10B9E0004573746570206D757374206265206E6F89
:10B9F0006E2D7A65726F2E00445056206368616E1A
:10BA00006E656C206D75737420626520696E20729E
:10BA1000616E6765205B302C20335D2E00000000D6
:10BA200044505620766F6C74616765207061726156
:10BA30006D657465727320617265206F7574206F17
:10BA4000662072616E676520666F72206375727220
:10BA5000656E7420567A65726F2E2056616C69642B
:10BA60002072616E6765205B000000004450562024
:10BA700077616B6575702074696D65722076616C95
:10BA80007565732061726520696E76616C69642EDC
:10BA9000000000000000000000000000B16703008B
:10BAA000E1670300E16F0300F5650300FD7103002A
:10BAB0001968030039660300CD6503006D6A030051
:10BAC000467265713A20252E3266205B487A5D2CDD
:10BAD000204D61673A20252E3566205B4F686D5DED
:10BAE0002C2050686173653A20252E3566205B64F2
:10BAF00065675D0A00000000456E61626C65640068
:10BB000044697361626C656400000000547275657D
:10BB10000000000046616C736500000055706461B0
:10BB200074696E6720494D5020706172616D657453
:10BB30006572732E2E2E000045616320506F746570
:10BB40006E7469616C205B6D565D3A2000000000E8
:10BB50004672657175656E6379205B487A5D3A203F
:10BB600000000000342D77697265204D65617375A2
:10BB700072656D656E743A200000000041432D63CC
:10BB80006F75706C6564204D6561737572656D6568
:10BB90006E743A2000000000494D500020454E448C
:10BBA00053455120696E74657272757074207265A8
:10BBB0006365697665643B2073746F7070696E6746
:10BBC00020746563686E697175652E00494D50205B
:10BBD0007374617274206661696C65642064757247
:10BBE000696E672041443539343020696E69746963
:10BBF000616C697A6174696F6E2E0000494D502046
:10BC00007374617274206661696C65642064757216
:10BC1000696E672073657475704D656173757265C3
:10BC20006D656E742E204144353934304572723D55
:10BC300000000000494D50207374617274206661E9
:10BC4000696C65642077616B696E672041443539A2
:10BC500034302E00494D5020737461727420666137
:10BC6000696C656420636F6E6669677572696E677B
:10BC70002077616B6575702074696D65723A20007C
:10BC8000494D5020706172616D65746572732063F7
:10BC90006F6E7461696E206E6F6E2D66696E697469
:10BCA000652076616C7565732E000000494D50204B
:10BCB00073616D706C696E67496E74657276616CE4
:10BCC000206D757374206265203E20302E000000C8
:10BCD000494D502070726F63657373696E67496E6A
:10BCE00074657276616C206D757374206265203E98
:10BCF00020302E00494D50206672657175656E6367
:10BD000079206D757374206265203E20302E00000E
:10BD1000494D5020456163206D7573742062652024
:10BD20003E20302E00000000494D5020342D776910
:10BD3000726520666C6167206D7573742062652082
:10BD400030206F7220312E00494D502041432D6329
:10BD50006F75706C656420666C6167206D757374B7
:10BD60002062652030206F7220312E00494D502016
:10BD700073616D706C696E6720696E74657276614F
:10BD80006C20746F6F2073686F727420666F7220FE
:10BD900077616B6575702074696D65722E000000A7
:10BDA0000000000000000000F18403002185030072
:10BDB000D18B030021830300398E030049890300DE
:10BDC00061830300F982030059850300467265719F
:10BDD0003A2000002C20525449413A204D61673AE4
:10BDE00020000000204F686D2C2050686173653A78
:10BDF000200000005570646174696E6720496F6EA1
:10BE0000746F70686F726573697320706172616DB1
:10BE100065746572732E2E2E00000000696F6E74BB
:10BE20006F70686F72657369730000005374696D99
:10BE3000756C6174696F6E2043757272656E7420E3
:10BE40005B75415D3A20000053616665747920544A
:10BE500068726573686F6C64205B75415D3A2000A1
:10BE6000496F6E746F70686F726573697320737455
:10BE7000617274206661696C656420647572696EB4
:10BE8000672041443539343020696E697469616CCA
:10BE9000697A6174696F6E2E00000000496F6E74DC
:10BEA0006F70686F72657369732073746172742048
:10BEB0006661696C656420647572696E67204441CF
:10BEC0004320636F6E66696775726174696F6E2E69
:10BED000204144353934304572723D00496F6E74EB
:10BEE0006F70686F726573697320706172616D65E0
:10BEF0007465727320636F6E7461696E206E6F6E0D
:10BF00002D66696E6974652076616C7565732E00A7
:10BF1000496F6E746F70686F7265736973207361B7
:10BF20006D706C696E67496E74657276616C206DB8
:10BF3000757374206265203E20302E00496F6E7448
:10BF40006F70686F7265736973206D617843757285
:10BF500072656E74206D757374206265203E2030AA
:10BF60002E000000496F6E746F70686F72657369A0
:10BF700073207374696D43757272656E74206D758C
:10BF80007374206265203E3D20302E00496F6E7430
:10BF90006F70686F7265736973207374696D437530
:10BFA0007272656E74206D757374206265203C3DFD
:10BFB000206D617843757272656E742E000000000A
:10BFC0000000000000000000A59B0300A99B0300E7
:10BFD000F59C0300B59B0300F59D03008D9B0300BA
:10BFE000959B0300A19B0300919B03007374696DF3
:10BFF000756C6174696F6E5461736B2072656365F3
:10C0000069766564206E756C6C70747220706172F4
:10C01000616D657465727321000000004D65617388
:10C02000757265642063757272656E74202875413F
:10C03000293A200043757272656E742074687265C7
:10C0400073686F6C6420657863656564656421203E
:10C050005368757474696E6720646F776E20696FBA
:10C060006E746F70686F72657369730A0000000008
:10C070005374696D756C6174696F6E206D6F6E6954
:10C08000746F72207461736B2073746F70207469A5
:10C090006D6564206F7574005374696D756C61749F
:10C0A000696F6E2043757272656E74204D6F6E6994
:10C0B000746F72004661696C656420746F207374DC
:10C0C000617274207374696D756C6174696F6E2030
:10C0D0006D6F6E69746F72207461736B0000000085
:10C0E000566F6C74616765203D20252E35662028CB
:10C0F0006D56290A000000005570646174696E670E
:10C10000204F435020706172616D65746572732EAB
:10C110002E2E00004F4350004F4350207374617225
:10C1200074206661696C656420647572696E67204D
:10C1300041443539343020696E697469616C697ABB
:10C140006174696F6E2E00004F43502073746172EA
:10C1500074206661696C656420647572696E67201D
:10C1600073657475704D6561737572656D656E7418
:10C170002E204144353934304572723D00000000B4
:10C180004F4350207374617274206661696C6564FA
:10C190002077616B696E67204144353934302E0059
:10C1A0004F4350207374617274206661696C6564DA
:10C1B00020636F6E6669677572696E672077616B61
:10C1C0006575702074696D65723A20004F43502088
:10C1D000706172616D657465727320636F6E7461F6
:10C1E000696E206E6F6E2D66696E6974652076616A
:10C1F0006C7565732E0000004F43502073616D70A5
:10C200006C696E67496E74657276616C206D7573CA
:10C2100074206265203E20302E0000004F435020E5
:10C2200070726F63657373696E67496E7465727659
:10C23000616C206D757374206265203E20302E0085
:10C24000496E76616C6964204F4350206368616E6B
:10C250006E656C2E000000004F43502073616D70BE
:10C260006C696E6720696E74657276616C20746F9C
:10C270006F2073686F727420666F722077616B65D0
:10C2800075702074696D65722E000000000000005A
:10C29000000000009DA50300CDA5030061AE0300D2
:10C2A000E5A3030081AB0300EDA8030025A4030070
:10C2B000BDA3030005A603005570646174696E6731
:10C2C0002053575620706172616D65746572732ECC
:10C2D0002E2E00005357560050756C736520416D2B
:10C2E000706C6974756465205B6D565D3A20000062
:10C2F000535756207374617274206661696C65646B
:10C3000020647572696E6720414435393430206984
:10C310006E697469616C697A6174696F6E2E000070
:10C32000535756207374617274206661696C65643A
:10C3300020647572696E672073657475704D6561F0
:10C34000737572656D656E742E20414435393430D5
:10C350004572723D0000000053575620737461729D
:10C3600074206661696C65642077616B696E672013
:10C370004144353934302E0053575620737461725E
:10C3800074206661696C656420636F6E66696775A9
:10C3900072696E672077616B6575702074696D6571
:10C3A000723A200053575620706172616D65746552
:10C3B000727320636F6E7461696E206E6F6E2D668E
:10C3C000696E6974652076616C7565732E00000076
:10C3D0005357562070726F63657373696E67496E49
:10C3E00074657276616C206D757374206265203E91
:10C3F00020302E005357562070756C73655065724F
:10C40000696F64206D757374206265203E20302E44
:10C4100000000000535756204573746570206D75F9
:10C420007374206265206E6F6E2D7A65726F2E00B8
:10C43000535756206368616E6E656C206D7573741A
:10C4400020626520696E2072616E6765205B302C0A
:10C4500020335D2E0000000053575620766F6C7419
:10C4600061676520706172616D65746572732061CA
:10C470007265206F7574206F662072616E6765202B
:10C48000666F722063757272656E7420567A65727B
:10C490006F2E2056616C69642072616E6765205B47
:10C4A000000000005357562077616B65757020744B
:10C4B000696D65722076616C7565732061726520A7
:10C4C000696E76616C69642E000000000000000057
:10C4D0000000000039B7030069B70300F5BE030090
:10C4E0007DB5030011C10300A1B70300C1B503006E
:10C4F00055B50300F5B903005570646174696E6742
:10C500002054454D5020706172616D657465727381
:10C510002E2E2E0054454D500000000054454D5025
:10C52000207374617274206661696C65642064753F
:10C5300072696E672041443539343020696E697400
:10C5400069616C697A6174696F6E2E0054454D5053
:10C55000207374617274206661696C65642064750F
:10C5600072696E672073657475704D65617375725D
:10C57000656D656E742E20414435393430457272D4
:10C580003D00000054454D50207374617274206664
:10C5900061696C65642077616B696E672041443521
:10C5A0003934302E0000000054454D502073746122
:10C5B0007274206661696C656420636F6E6669677A
:10C5C0007572696E672077616B6575702074696D2F
:10C5D00065723A200000000054454D502070617291
:10C5E000616D657465727320636F6E7461696E202E
:10C5F0006E6F6E2D66696E6974652076616C756507
:10C60000732E000054454D502073616D706C696E3F
:10C6100067496E74657276616C206D757374206203
:10C6200065203E20302E000054454D502070726F22
:10C6300063657373696E67496E74657276616C20A9
:10C640006D757374206265203E20302E000000005E
:10C65000496E76616C69642054454D502063686171
:10C660006E6E656C2E00000054454D502073616D58
:10C67000706C696E6720696E74657276616C207487
:10C680006F6F2073686F727420666F722077616BB2
:10C690006575702074696D65722E000000000000E1
:10C6A0000000000039D3030069D30300F1DB03006D
:10C6B00081D1030011D903007DD60300C1D103004D
:10C6C00059D10300A1D303002F6465766963656EB9
:10C6D000616D652E7478740042696F636F696E00D6
:10C6E00057726974696E67206E6577206465766934
:10C6F0006365206E616D653A2000000055706461CD
:10C7000074656420646576696365206E616D653A61
:10C710002000000052657374617274696E67207442
:10C720006F206170706C79206368616E6765732E2D
:10C730002E2E00004661696C656420746F2077724C
:10C74000697465206E616D65202D2066696C6520B9
:10C750006F70656E206572726F720000496E697449
:10C7600069616C697A696E672066696C6573797353
:10C7700074656D2E2E2E00005265736574207265EF
:10C7800061736F6E2873293A0000000020204E6FFD
:10C790006E652028726573657420726561736F6EB3
:10C7A0002072656769737465722077617320636CAA
:10C7B0006561726564290A002020526573657420E2
:10C7C00070696E0A0000000020205761746368647D
:10C7D0006F672072657365740A0000002020536F34
:10C7E000667420726573657420284E5649435F5302
:10C7F000797374656D5265736574290A00000000D1
:10C800002020435055206C6F636B75700A00000048
:10C81000202057616B652066726F6D2053797374A9
:10C82000656D204F46460A0020204C50434F4D5026
:10C830002077616B652D75700A000000202044652B
:10C8400062756720696E74657266616365207761E1
:10C850006B652D75700A000020204E4643207761DD
:10C860006B652D75700A00001900000018000000AB
:10C870000A0000002F0000002A000000280000002D
:10C880000700000022000000100000001A00000055
:10C890001B00000006000000080000002900000046
:10C8A00004000000050000001E0000001C00000045
:10C8B00002000000030000001D0000001F00000037
:10C8C0000C0000000B0000000F0000000D00000035
:10C8D0000E00000013000000140000001100000012
:10C8E00016000000170000001500000009000000FD
:10C8F0002B0000002C0000002D0000002E00000086
:10C900004C46535F4552525F4F4B00004C46535FBD
:10C910004552525F494F00004C46535F4552525FAB
:10C92000434F5252555054004C46535F4552525F4C
:10C930004E4F454E540000004C46535F4552525FE7
:10C9400045584953540000004C46535F4552525FCE
:10C950004E4F5444495200004C46535F4552525F7B
:10C9600049534449520000004C46535F4552525FC0
:10C970004E4F54454D505459000000004C46535FF3
:10C980004552525F42414446000000004C46535F0E
:10C990004552525F494E56414C0000004C46535F91
:10C9A0004552525F4E4F5350430000004C46535F78
:10C9B0004552525F4E4F4D454D00000025733A20C1
:10C9C00025643A20766572696679206661696C65CE
:10C9D000642C206572726F72203D20000D000000F3
:10C9E000000000000000000015E7030019E7030045
:10C9F000626F6F6C2041646166727569745F4C6927
:10CA000074746C6546533A3A626567696E286C6661
:10CA1000735F636F6E6669672A290000626F6F6CCF
:10CA20002041646166727569745F4C6974746C65E9
:10CA300046533A3A6D6B64697228636F6E73742063
:10CA4000636861722A290000626F6F6C2041646123
:10CA500066727569745F4C6974746C6546533A3AD2
:10CA6000666F726D6174282900000000626F6F6C40
:10CA70002041646166727569745F4C6974746C6599
:10CA800046533A3A72656D6F766528636F6E7374BC
:10CA900020636861722A29003078256C5820282587
:10CAA0006C6429002F00000000000000000000005E
:10CAB00045F10300C5EF0300F969020075F00300BA
:10CAC000E9F0030005F00300B9F00300626F6F6C3A
:10CAD0002041646166727569745F4C6974746C6539
:10CAE00046535F4E616D6573706163653A3A46699E
:10CAF0006C653A3A5F6F70656E5F66696C65286356
:10CB00006F6E737420636861722A2C2075696E746D
:10CB1000385F7429000000004164616672756974B1
:10CB20005F4C6974746C6546535F4E616D657370DC
:10CB30006163653A3A46696C652041646166727565
:10CB400069745F4C6974746C6546535F4E616D65C2
:10CB500073706163653A3A46696C653A3A6F70651D
:10CB60006E4E65787446696C652875696E74385FB9
:10CB700074290000626F6F6C204164616672756990
:10CB8000745F4C6974746C6546535F4E616D657378
:10CB9000706163653A3A46696C653A3A5F6F7065F1
:10CBA0006E28636F6E737420636861722A2C20751F
:10CBB000696E74385F742900626F6F6C2041646124
:10CBC00066727569745F4C6974746C6546535F4E28
:10CBD000616D6573706163653A3A46696C653A3AAE
:10CBE0005F6F70656E5F64697228636F6E73742027
:10CBF000636861722A2900006C66735F6361636811
:10CC0000655F7265616400006C66735F6361636891
:10CC1000655F70726F6700006C66735F63747A5F44
:10CC200066696E64000000006C66735F63747A5F0F
:10CC3000657874656E6400006C66735F66696C6528
:10CC40005F73796E630000006C66735F72656D6F71
:10CC5000766500006C66735F696E697400000000A1
:10CC60007063616368652D3E626C6F636B203D3D50
:10CC7000203078666666666666666600626C6F631C
:10CC80006B203C206C66732D3E6366672D3E626CA4
:10CC90006F636B5F636F756E74000000433A5C55A1
:10CCA000736572735C6468616C6C5C2E706C61742B
:10CCB000666F726D696F5C7061636B616765735CF1
:10CCC0006672616D65776F726B2D61726475696EE6
:10CCD0006F61646166727569746E726635325C6C20
:10CCE00069627261726965735C41646166727569DB
:10CCF000745F4C6974746C6546535C7372635C6CEE
:10CD00006974746C6566735C6C66732E63000000F6
:10CD100068656164203E3D203220262620686561DA
:10CD200064203C3D206C66732D3E6366672D3E6239
:10CD30006C6F636B5F636F756E7400006C6673205D
:10CD400064656275673A25643A20466F756E6420A3
:10CD50006F727068616E20256C7520256C750A00F5
:10CD60006C66732064656275673A25643A20466F85
:10CD7000756E64206D6F766520256C7520256C7549
:10CD80000A0000006C66732064656275673A25646A
:10CD90003A20466F756E64207061727469616C2010
:10CDA0006D6F766520256C7520256C750A00000076
:10CDB0006C66732064656275673A25643A20466F35
:10CDC000756E6420646573796E6320256C7520250B
:10CDD0006C750A006C6673207761726E3A25643A4E
:10CDE000205375706572626C6F636B20256C7520C3
:10CDF000686173206265636F6D6520756E77726917
:10CE00007461626C650A00006C667320646562750B
:10CE1000673A25643A2052656C6F636174696E6786
:10CE200020256C7520256C7520746F20256C75206D
:10CE3000256C750A000000006C66732064656275DD
:10CE4000673A25643A2052656C6F636174696E6756
:10CE500020726F6F7420256C7520256C750A000098
:10CE60006C6673206572726F723A25643A20436F64
:10CE70007272757074656420646972207061697281
:10CE800020617420256C7520256C750A0000000057
:10CE90006C66732064656275673A25643A20426166
:10CEA0006420626C6F636B20617420256C750A00CE
:10CEB0006C6673207761726E3A25643A204E6F205B
:10CEC0006D6F7265206672656520737061636520A1
:10CED000256C750A00000000656E7472792E642E50
:10CEE00074797065203D3D204C46535F5459504540
:10CEF0005F524547000000006E626C6F636B203E1E
:10CF00003D2032202626206E626C6F636B203C3DF4
:10CF1000206C66732D3E6366672D3E626C6F636B9B
:10CF20005F636F756E7400006C66732D3E63666799
:10CF30002D3E6C6F6F6B6168656164202520333214
:10CF4000203D3D20300000006C66732D3E63666717
:10CF50002D3E6C6F6F6B6168656164203E20300010
:10CF60006C66732D3E6366672D3E70726F675F73EC
:10CF7000697A652025206C66732D3E6366672D3EB9
:10CF8000726561645F73697A65203D3D2030000001
:10CF90006C66732D3E6366672D3E626C6F636B5FDC
:10CFA00073697A652025206C66732D3E6366672D54
:10CFB0003E70726F675F73697A65203D3D20300077
:10CFC000342A6C66735F6E707732283078666666D6
:10CFD0006666666666202F20286C66732D3E636643
:10CFE000672D3E626C6F636B5F73697A652D322AC1
:10CFF000342929203C3D206C66732D3E6366672DE5
:10D000003E626C6F636B5F73697A65006C66732058
:10D010006572726F723A25643A20496E76616C6966
:10D0200064207375706572626C6F636B206174202D
:10D0300025642025640A00006C6974746C6566734D
:10D04000000000006C6673206572726F723A25648E
:10D050003A20496E76616C69642076657273696FF7
:10D060006E2025642E25640A00000000726573009E
:10D07000000000006410B71DC8206E3BAC30D926FC
:10D080009041DC76F4516B6B5861B24D3C710550A8
:10D090002083B8ED44930FF0E8A3D6D68CB361CBD0
:10D0A000B0C2649BD4D2D38678E20AA01CF2BDBD84
:10D0B0000000000000000000B54A0400C94A040056
:10D0C00066616C5F657261736500000066616C5F2C
:10D0D00070726F6772616D00626F6F6C20424C45B9
:10D0E0004164766572746973696E673A3A5F737406
:10D0F0006172742875696E7431365F742C2075699D
:10D100006E7431365F742900110000004741545499
:10D11000530000005B252D36735D2000617474722E
:10D1200027732076616C75652C2075756964203DC8
:10D13000203078253034582C206C656E203D202519
:10D140006400000061747472277320636363642059
:10D150003D2030782530345800000000434852000C
:10D160004E6F746966792025642062797465730056
:10D170000000000000000000355404004D5404007D
:10D1800009570400695404007669727475616C2053
:10D190006572725F7420424C4543686172616374CA
:10D1A000657269737469633A3A626567696E2829C2
:10D1B0000000000075696E7431365F7420424C4582
:10D1C00043686172616374657269737469633A3A42
:10D1D000777269746528636F6E737420766F696403
:10D1E0002A2C2075696E7431365F742900000000A6
:10D1F000626F6F6C20424C45436861726163746575
:10D200007269737469633A3A6E6F746966792875E6
:10D21000696E7431365F742C20636F6E7374207680
:10D220006F69642A2C2075696E7431365F74290029
:10D2300075696E7431365F7420424C454368617283
:10D24000616374657269737469633A3A67657443BC
:10D250006363642875696E7431365F742900000059
:10D26000D8ECF0F4F8FC00020304050607080000FF
:10D2700074D5050030AA050028AA050040AA0500BB
:10D2800047415000436F6E6E20496E74657276613F
:10D290006C3D20252E3266206D732C204C61746508
:10D2A0006E6379203D2025642C205375706572765D
:10D2B00069736F722054696D656F7574203D202508
:10D2C00064206D7300000000415454204D545520DB
:10D2D0006973206368616E67656420746F202564DC
:10D2E0000000000044617461204C656E6774682022
:10D2F00052657175657374206973202874782C20C9
:10D30000727829206F6374657473203D202825642A
:10D310002C202564292C202874782C207278292030
:10D3200074696D65203D202825642C202564292002
:10D330007573000044617461204C656E67746820E9
:10D340006973202874782C20727829206F637465A3
:10D350007473203D202825642C202564292C202846
:10D3600074782C207278292074696D65203D2028FE
:10D3700025642C202564292075730000504859200D
:10D3800072657175657374207478203D203078253E
:10D390003032582C207278203D2030782530325899
:10D3A000000000004661696C6564204843492073B1
:10D3B0007461747573203D20307825303258000038
:10D3C000504859206163746976652074783A202545
:10D3D000732C2072783A202573000000436F6E662C
:10D3E00069726D2072656365697665642068616E37
:10D3F000646C65203D2030782530345800000000F2
:10D4000054696D656F757420536F75726365203D47
:10D41000202564000000000000000000D561040029
:10D42000F9610400626F6F6C20424C45436F6E6E71
:10D43000656374696F6E3A3A72657175657374509D
:10D4400048592875696E74385F742900766F69646D
:10D4500020424C45436F6E6E656374696F6E3A3A55
:10D460005F6576656E7448616E646C657228626C87
:10D47000655F6576745F742A29000000626F6F6CC7
:10D4800020424C45436F6E6E656374696F6E3A3A25
:10D49000726571756573744D747545786368616EF6
:10D4A00067652875696E7431365F74290000000065
:10D4B000626F6F6C20424C45436F6E6E656374699A
:10D4C0006F6E3A3A72657175657374446174614C3C
:10D4D000656E67746855706461746528636F6E73F8
:10D4E0007420626C655F6761705F646174615F6C1A
:10D4F000656E6774685F706172616D735F742A2C0A
:10D5000020626C655F6761705F646174615F6C6508
:10D510006E6774685F6C696D69746174696F6E5F62
:10D52000742A2900626F6F6C20424C45436F6E6E07
:10D53000656374696F6E3A3A7265717565737443A9
:10D540006F6E6E656374696F6E506172616D657444
:10D5500065722875696E7431365F742C2075696E3A
:10D560007431365F742C2075696E7431365F74299E
:10D57000000000004175746F0000000075696E7452
:10D5800031365F7420424C45476174743A3A726593
:10D590006164436861724279557569642875696E82
:10D5A0007431365F742C20424C45557569642C20CB
:10D5B000766F69642A2C2075696E7431365F742C1D
:10D5C0002075696E7431365F742C2075696E743104
:10D5D000365F742900000000100018000000C80029
:10D5E000436F6E6E20496E74657276616C730000D5
:10D5F000252D3136733A20006D696E203D20252E91
:10D600003266206D732C20006D6178203D20252E20
:10D610003266206D73000000436F6E6E2054696D9A
:10D62000656F757400000000626F6F6C20424C459E
:10D630005065726970683A3A626567696E282900B8
:10D6400050414952000000005065657220506172DF
:10D65000616D733A20626F6E64203D2025642C203A
:10D660006D69746D203D2025642C206C65736320EA
:10D670003D2025642C20696F5F63617073203D201D
:10D6800025640000506173736B6579203D20252E61
:10D6900036732C206D6174636820726571756573D3
:10D6A00074203D2025640000506173736B65792000
:10D6B0007265717565737465640000004175746806
:10D6C00020537461747573203D20307825303258B2
:10D6D0002C20426F6E646564203D2025642C204C14
:10D6E000455343203D2025642C204F7572204B6408
:10D6F000697374203D203078253032582C205065D5
:10D700006572204B64697374203D20307825303277
:10D7100058200000416464726573733A20494420C4
:10D720003D2025642C2054797065203D20307825DB
:10D730003032582C20253032583A253032583A258C
:10D740003032583A253032583A253032583A25305E
:10D75000325800005365637572697479204D6F64A7
:10D7600065203D2025642C204C6576656C203D208D
:10D7700025640000766F696420424C4553656375EB
:10D78000726974793A3A5F6576656E7448616E6461
:10D790006C657228626C655F6576745F742A290017
:10D7A000626F6F6C20424C45536563757269747982
:10D7B0003A3A5F656E63727970742875696E743178
:10D7C000365F742C20636F6E737420626F6E645FBB
:10D7D0006B6579735F742A29000000000000000067
:10D7E00000000000017A0400017A0400057A0400B8
:10D7F0007669727475616C206572725F7420424C38
:10D8000045536572766963653A3A626567696E2861
:10D81000290000000000000000000000C17A0400A0
:10D82000C57A0400626F6F6C20424C45557569647F
:10D830003A3A626567696E282900000084DC0500B9
:10D840008CDC050094DC0500A8DC0500001002005B
:10D8500011000000D8ECF0F4F8FC00020304050607
:10D8600007080000424C45002573203A20436F6EA4
:10D870006E2048616E646C65203D202564000000C8
:10D880004D4143203D20253032583A253032583A18
:10D89000253032583A253032583A253032583A2518
:10D8A0003032582C2054797065203D2025642C207E
:10D8B0005265736F6C766564203D2025640000001E
:10D8C000436F6E6E20496E74657276616C203D20E8
:10D8D000252E3266206D732C204C6174656E637941
:10D8E000203D2025642C2053757065727669736F16
:10D8F000722054696D656F7574203D202564206D1C
:10D9000073000000436F6E6E656374696F6E20690B
:10D910007320616C726561647920696E207573652E
:10D92000642C20736F6D657468696E672077726F01
:10D930006E67202121000000446973636F6E6E657D
:10D94000637420526561736F6E3A20257300000086
:10D950005344206576656E74206572726F7220255F
:10D9600073000000534F43004E52465F4556545FCC
:10D97000464C4153485F4F5045524154494F4E5FCA
:10D98000257300006964203D20256C640D0A0000A9
:10D990007063203D20307800696E666F203D203036
:10D9A0007800000053442045727200006173736573
:10D9B0007274206174202573203A202564000000D1
:10D9C000253030580D0A000043464700536F6674F7
:10D9D00044657669636527732052414D20726571F5
:10D9E00075697265733A2030782530386C580000BC
:10D9F000536F667444657669636520636F6E66690C
:10DA0000672072657175697265206D6F726520534C
:10DA100052414D207468616E2070726F7669646542
:10DA200064206279206C696E6B65722E0A41707099
:10DA30002052616D205374617274206D757374206F
:10DA40006265206174206C656173742030782530C4
:10DA5000386C58202870726F76696465642030785D
:10DA60002530386C58290A506C65617365207570D3
:10DA700064617465206C696E6B65722066696C65A3
:10DA8000206F722072652D636F6E66696720536F19
:10DA90006674446576696365000000002D2D2D2DA8
:10DAA0002D2D2D2D2D20536F667444657669636589
:10DAB00020436F6E666967202D2D2D2D2D2D2D2D68
:10DAC0002D0000004D617820555549443132380011
:10DAD00041545452205461626C652053697A650048
:10DAE00053657276696365204368616E676564009B
:10DAF0005065726970686572616C20436F6E6E6507
:10DB000063742053657474696E67000020202D20B3
:10DB1000000000004D6178204D5455004576656E3B
:10DB200074204C656E6774680000000048564E20F3
:10DB300051756575652053697A6500005772436DAC
:10DB4000642051756575652053697A650000000091
:10DB500043656E7472616C20436F6E6E65637420F2
:10DB600053657474696E67000A2D2D2D2D2D2D2D92
:10DB70002D2D20424C452053657474696E677320C7
:10DB80002D2D2D2D2D2D2D2D2D0000004E616D657F
:10DB9000000000004D617820436F6E6E656374690C
:10DBA0006F6E73005065726970686572616C203DBC
:10DBB0002025642C2000000043656E7472616C2087
:10DBC0003D20256420000000416464726573730089
:10DBD0002028257329000000545820506F77657263
:10DBE0000000000025642064426D000050657269E9
:10DBF00070686572616C205061697265642044656B
:10DC0000766963657300000043656E7472616C2011
:10DC100050616972656420446576696365730000CC
:10DC2000626F6F6C204164616672756974426C75D5
:10DC30006566727569743A3A626567696E287569D6
:10DC40006E74385F742C2075696E74385F742900A7
:10DC500075696E74385F74204164616672756974A9
:10DC6000426C756566727569743A3A6765744E619F
:10DC70006D6528636861722A2C2075696E7431366F
:10DC80005F7429005075626C69630000537461749D
:10DC90006963000050726976617465205265736F24
:10DCA0006C7661626C650000507269766174652003
:10DCB0004E6F6E205265736F6C7661626C6500000A
:10DCC0000000000000000000017A0400017A040056
:10DCD000C18E04007669727475616C206572725F22
:10DCE0007420424C454261733A3A626567696E2816
:10DCF0002900000023D1BCEA5F782315DEEF121261
:10DD00003015000023D1BCEA5F782315DEEF121234
:10DD10003215000023D1BCEA5F782315DEEF121222
:10DD20003115000023D1BCEA5F782315DEEF121213
:10DD3000341500000000000000000000017A04001B
:10DD4000017A040075910400766F696420626C6545
:10DD50006466755F636F6E74726F6C5F77725F611C
:10DD60007574686F72697A655F63622875696E742D
:10DD700031365F742C20424C454368617261637494
:10DD8000657269737469632A2C20626C655F6761D0
:10DD90007474735F6576745F77726974655F742AF3
:10DDA000290000007669727475616C206572725F7B
:10DDB0007420424C454466753A3A626567696E283C
:10DDC00029000000312E362E3100000041646166CA
:10DDD0007275697420496E64757374726965730035
:10DDE0000000000000000000017A0400017A040035
:10DDF0006D9304007669727475616C206572725F50
:10DE00007420424C454469733A3A626567696E28EA
:10DE1000290000004C6F6164656420434343442043
:10DE200066726F6D2066696C652025732028206FEF
:10DE30006666736574203D20256C642C206C656ECD
:10DE4000203D20256420627974657320290000003C
:10DE5000434343442073657474696E67206E6F7426
:10DE600020666F756E6400004C6F61646564206BA2
:10DE70006579732066726F6D2066696C6520257305
:10DE8000000000004C6F61646564206B657973204D
:10DE900066726F6D2066696C652025732F2573008F
:10DEA00020202573203A2025732028256C752062B8
:10DEB00079746573290A00002F616461667275695F
:10DEC000742F626F6E645F707270682F25303258E5
:10DED00025303258253032582530325825303258C6
:10DEE00025303258000000002F6164616672756948
:10DEF000742F626F6E645F636E74722F25303258B8
:10DF00002530325825303258253032582530325895
:10DF10002530325800000000424F4E4400000000FF
:10DF200052656D6F766564206B6579732066726FDC
:10DF30006D2066696C652025730000002F616461A7
:10DF400066727569742F626F6E645F7072706800BC
:10DF50002F61646166727569742F626F6E645F63AE
:10DF60006E74720043434344206D6174636865734B
:10DF70002066696C6520257320636F6E74656E740E
:10DF8000732C206E6F206E65656420746F2077722D
:10DF9000697465005361766564204343434420748B
:10DFA0006F2066696C652025732028206F66667374
:10DFB0006574203D20256C642C206C656E203D200E
:10DFC0002564206279746573202900002530325859
:10DFD0003A253032583A253032583A253032583ABC
:10DFE000253032583A2530325800000053617665AA
:10DFF00064206B65797320666F722022257322205E
:10E00000746F2066696C65202573202820256C6458
:10E01000206279746573202900000000766F6964BE
:10E0200020626F6E645F736176655F636363645FD4
:10E030006466722875696E74385F742C2075696E19
:10E040007431365F742C20636F6E737420626C655C
:10E050005F6761705F616464725F742A2900000009
:10E06000436F6E6E20506172616D205570646174F3
:10E070006520526571756573743A20286D696E2C40
:10E08000206D61782C206C6174656E63792C20732F
:10E09000757029203D2028252E32662C2020252E23
:10E0A00032662C2025642C202564290044495343E2
:10E0B00000000000466F756E6420434343443A20DD
:10E0C00068616E646C65203D20256400766F69642C
:10E0D00020424C45436C69656E74436861726163AC
:10E0E00074657269737469633A3A5F6576656E74D4
:10E0F00048616E646C657228626C655F6576745FFA
:10E10000742A29005B5356435D2053657276696318
:10E110006520436F756E743A202564005B53564347
:10E120005D204761747420537461747573203D20C1
:10E1300030782530345800005B4348525D204368F6
:10E1400061726163746572697374696320436F758A
:10E150006E743A20256400005B4348525D2043689A
:10E1600061726163746572697374696320232564E5
:10E170003A20307825303458000000005B43485284
:10E180005D204761747420537461747573203D2061
:10E1900030782530345800005B444553435D2044BB
:10E1A000657363726970746F7220436F756E743A31
:10E1B000202564005B444553435D2047617474200F
:10E1C000537461747573203D2030782530345800C5
:10E1D0005B5356435D2048616E646C6520737461C7
:10E1E0007274203D202564005B5356435D207469A2
:10E1F0006D656F7574206F72206572726F72202565
:10E20000756400005B5356435D20466F756E642055
:10E210003078253034582C2048616E646C6520734A
:10E2200074617274203D2025642C20656E64203D4D
:10E230002025640A2D2D2D2D2D2D2D2D2D2D2D2D0F
:10E240002D2D2D2D2D000000626F6F6C20424C454E
:10E250005363616E6E65723A3A73746172742875B5
:10E26000696E7431365F742900000000626F6F6C54
:10E2700020424C455363616E6E65723A3A72657323
:10E28000756D652829000000252525642E25646606
:10E2900000000000546D725100000000546D7220A7
:10E2A000537663006C6F6F70000000005461736BF5
:10E2B0002025733A206661696C656420746F204D77
:10E2C000616C6C6F6300000052544F5300000000FB
:10E2D0005461736B2025733A20737461636B204F14
:10E2E000766572666C6F772021212100616461661A
:10E2F000727569745F63616C6C6261636B5F74619A
:10E30000736B000043616C6C6261636B0000000022
:10E310004D454D4F5259000041646143616C6C6240
:10E3200061636B2072756E206F7574206F6620714B
:10E330007565756520737061636573004164614341
:10E34000616C6C6261636B20696E63726561736599
:10E3500020717565756520646570746820746F2020
:10E36000256C64002F0000007CE305002E000000F7
:10E37000F4E405001C00000064E605000100000054
:10E3800038EB05000200000058EB05000300000018
:10E390007CEB05000400000090EB05000500000088
:10E3A000A4EB050006000000B8EB05000700000024
:10E3B000D0EB050008000000E8EB050009000000B4
:10E3C00000EC05000A0000001CEC05000B0000003A
:10E3D00034EC05000C0000004CEC05000D000000C2
:10E3E00060EC05000E00000074EC05000F0000005A
:10E3F00084EC05001000000098EC050011000000FE
:10E40000B0EC050012000000C0EC05001300000095
:10E41000D8EC050000100000ECEC05000110000035
:10E4200010ED05000210000040ED05000020000086
:10E4300060ED05000120000084ED050002200000D1
:10E44000B0ED050003200000E4ED0500042000000D
:10E450000CEE05000520000030EE0500062000004F
:10E460005CEE05000720000088EE05000820000093
:10E47000B0EE050009200000D4EE050001300000D8
:10E48000F4EE0500023000000CEF05000330000040
:10E490002CEF0500043000004CEF050005300000B3
:10E4A0006CEF05000630000084EF0500003200002C
:10E4B000A8EF050001320000CCEF05000232000099
:10E4C000F8EF05000332000018F0050004320000E8
:10E4D00038F005000532000060F005000033000050
:10E4E0008CF0050000340000B0F00500013400009D
:10E4F000D4F0050001000000F8F005000200000063
:10E5000014F105001000000030F1050011000000BA
:10E5100048F105001200000064F10500130000003E
:10E5200084F1050014000000A4F1050015000000AE
:10E53000C4F1050016000000E0F10500170000001E
:10E54000F8F105001800000018F20500190000009D
:10E5500038F205001A00000050F205001B00000010
:10E560006CF205001C00000080F205001D00000098
:10E570009CF205001E000000B4F205001F00000020
:10E58000CCF2050020000000F4F20500210000009C
:10E5900010F305002200000030F305002300000006
:10E5A00048F305002400000070F30500250000007A
:10E5B00090F3050026000000B8F3050030000000CD
:10E5C000D8F3050031000000FCF305003200000024
:10E5D00018F405003300000034F405003400000096
:10E5E00050F405003500000074F40500360000000A
:10E5F0009CF4050037000000B4F40500380000006A
:10E60000D8F4050039000000F0F405003A000000DD
:10E6100004F505003B00000024F505003C00000067
:10E620003CF505005000000060F5050051000000B9
:10E6300074F505005200000098F505005300000035
:10E64000B8F5050054000000CCF5050055000000A9
:10E65000E8F50500560000000CF605005700000024
:10E6600024F6050000000000B0E7050001000000EE
:10E67000C4E7050002000000E8E70500050000000F
:10E6800014E80500060000002CE805000700000063
:10E690004CE805000800000068E805000C000000D8
:10E6A0007CE80500120000009CE805001300000053
:10E6B000C8E8050014000000ECE8050015000000A3
:10E6C00018E905001600000040E905001A000000E6
:10E6D00064E905001E00000080E905001F0000003D
:10E6E000A4E9050022000000C4E9050023000000A1
:10E6F000E8E905002400000014EA050028000000F5
:10E7000034EA05002900000044EA05002A00000060
:10E7100068EA05003000000088EA05003A000000C1
:10E72000ACEA05003B000000BCEA05003C0000002C
:10E73000D8EA05003D000000F4EA05003E000000B4
:10E7400018EB05004E554C4C00000000207C2000CA
:10E750002530336C583A20002530386C583A000088
:10E760002530306C58000000425350204C696272D2
:10E77000617279203A20312E362E310D00000000D2
:10E78000426F6F746C6F6164657220203A2025734C
:10E790000D0A000053657269616C204E6F202020C5
:10E7A0003A2025730D0A000030782530346C58006B
:10E7B0005354415455535F434F44455F535543436E
:10E7C000455353005354415455535F434F44455FA1
:10E7D000554E4B4E4F574E5F42544C455F434F4D45
:10E7E0004D414E44200000005354415455535F4363
:10E7F0004F44455F554E4B4E4F574E5F434F4E4E25
:10E80000454354494F4E5F4944454E544946494556
:10E810005200000041555448454E54494341544923
:10E820004F4E5F4641494C55524520005354415488
:10E8300055535F434F44455F50494E5F4F525F4BC6
:10E8400045595F4D495353494E4720004D454D4F63
:10E8500052595F43415041434954595F45584345DC
:10E860004544454420000000434F4E4E4543544923
:10E870004F4E5F54494D454F555420005354415419
:10E8800055535F434F44455F434F4D4D414E445FA9
:10E89000444953414C4C4F57454420005354415434
:10E8A00055535F434F44455F494E56414C49445F81
:10E8B00042544C455F434F4D4D414E445F50415291
:10E8C000414D45544552530052454D4F54455F55B7
:10E8D0005345525F5445524D494E415445445F4360
:10E8E0004F4E4E454354494F4E00000052454D4F48
:10E8F00054455F4445565F5445524D494E41544935
:10E900004F4E5F4455455F544F5F4C4F575F5245E4
:10E91000534F55524345530052454D4F54455F4464
:10E9200045565F5445524D494E4154494F4E5F4400
:10E9300055455F544F5F504F5745525F4F46460015
:10E940004C4F43414C5F484F53545F5445524D49DF
:10E950004E415445445F434F4E4E454354494F4EFC
:10E9600020000000554E535550504F525445445FBF
:10E9700052454D4F54455F46454154555245000060
:10E980005354415455535F434F44455F494E56419C
:10E990004C49445F4C4D505F504152414D455445A8
:10E9A000525320005354415455535F434F44455FE5
:10E9B000554E5350454349464945445F4552524F91
:10E9C000520000005354415455535F434F44455F38
:10E9D0004C4D505F524553504F4E53455F54494D37
:10E9E000454F5554200000005354415455535F4344
:10E9F0004F44455F4C4D505F4552524F525F545209
:10EA0000414E53414354494F4E5F434F4C4C495341
:10EA1000494F4E005354415455535F434F44455F53
:10EA20004C4D505F5044555F4E4F545F414C4C4FDE
:10EA300057454400494E5354414E545F504153533F
:10EA40004544200050414952494E475F5749544878
:10EA50005F554E49545F4B45595F554E5355505085
:10EA60004F52544544000000444946464552454EE5
:10EA7000545F5452414E53414354494F4E5F434FAC
:10EA80004C4C4953494F4E00504152414D4554451D
:10EA9000525F4F55545F4F465F4D414E4441544F76
:10EAA00052595F52414E474520000000434F4E549B
:10EAB000524F4C4C45525F4255535900434F4E4EB6
:10EAC0005F494E54455256414C5F554E4143434574
:10EAD000505441424C45200044495245435445441A
:10EAE0005F414456455254495345525F54494D4540
:10EAF0004F555400434F4E4E5F5445524D494E4181
:10EB00005445445F4455455F544F5F4D49435F460C
:10EB100041494C5552452000434F4E4E5F464149B6
:10EB20004C45445F544F5F42455F45535441424C0E
:10EB300049534845440000004E52465F4552524FEB
:10EB4000525F5356435F48414E444C45525F4D49D6
:10EB50005353494E470000004E52465F4552524FB4
:10EB6000525F534F46544445564943455F4E4F54B8
:10EB70005F454E41424C4544000000004E52465F06
:10EB80004552524F525F494E5445524E414C00003F
:10EB90004E52465F4552524F525F4E4F5F4D454D6C
:10EBA000000000004E52465F4552524F525F4E4F9A
:10EBB000545F464F554E44004E52465F4552524FA9
:10EBC000525F4E4F545F535550504F52544544007E
:10EBD0004E52465F4552524F525F494E56414C4944
:10EBE000445F504152414D004E52465F4552524F94
:10EBF000525F494E56414C49445F5354415445007D
:10EC00004E52465F4552524F525F494E56414C4913
:10EC1000445F4C454E475448000000004E52465F4A
:10EC20004552524F525F494E56414C49445F464C03
:10EC3000414753004E52465F4552524F525F494E34
:10EC400056414C49445F4441544100004E52465F96
:10EC50004552524F525F444154415F53495A450017
:10EC60004E52465F4552524F525F54494D454F55A3
:10EC7000540000004E52465F4552524F525F4E556F
:10EC80004C4C00004E52465F4552524F525F464F29
:10EC90005242494444454E004E52465F4552524FFF
:10ECA000525F494E56414C49445F41444452000032
:10ECB0004E52465F4552524F525F425553590000E3
:10ECC0004E52465F4552524F525F434F4E4E5F4346
:10ECD0004F554E54000000004E52465F4552524F71
:10ECE000525F5245534F5552434553004E52465F73
:10ECF0004552524F525F53444D5F4C46434C4B5F1D
:10ED0000534F555243455F554E4B4E4F574E0000A3
:10ED10004E52465F4552524F525F53444D5F494EEB
:10ED2000434F52524543545F494E544552525550F9
:10ED3000545F434F4E46494755524154494F4E0048
:10ED40004E52465F4552524F525F53444D5F494EBB
:10ED5000434F52524543545F434C454E523000009E
:10ED60004E52465F4552524F525F534F435F4D558F
:10ED70005445585F414C52454144595F54414B45BD
:10ED80004E0000004E52465F4552524F525F534F65
:10ED9000435F4E5649435F494E5445525255505475
:10EDA0005F4E4F545F415641494C41424C45000033
:10EDB0004E52465F4552524F525F534F435F4E563D
:10EDC00049435F494E544552525550545F50524941
:10EDD0004F524954595F4E4F545F414C4C4F574529
:10EDE000440000004E52465F4552524F525F534F0F
:10EDF000435F4E5649435F53484F554C445F4E4F17
:10EE0000545F52455455524E000000004E52465F2A
:10EE10004552524F525F534F435F504F5745525FD9
:10EE20004D4F44455F554E4B4E4F574E000000002E
:10EE30004E52465F4552524F525F534F435F504FC1
:10EE40005745525F504F465F5448524553484F4CC8
:10EE5000445F554E4B4E4F574E0000004E52465F9A
:10EE60004552524F525F534F435F504F5745525F89
:10EE70004F46465F53484F554C445F4E4F545F5288
:10EE8000455455524E0000004E52465F4552524F77
:10EE9000525F534F435F52414E445F4E4F545F4564
:10EEA0004E4F5547485F56414C55455300000000B2
:10EEB0004E52465F4552524F525F534F435F505040
:10EEC000495F494E56414C49445F4348414E4E4587
:10EED0004C0000004E52465F4552524F525F534F16
:10EEE000435F5050495F494E56414C49445F475239
:10EEF0004F555000424C455F4552524F525F4E4F66
:10EF0000545F454E41424C4544000000424C455F31
:10EF10004552524F525F494E56414C49445F434F10
:10EF20004E4E5F48414E444C45000000424C455F08
:10EF30004552524F525F494E56414C49445F4154ED
:10EF400054525F48414E444C45000000424C455FDE
:10EF50004552524F525F494E56414C49445F4144DD
:10EF6000565F48414E444C4500000000424C455F0E
:10EF70004552524F525F494E56414C49445F524FA1
:10EF80004C450000424C455F4552524F525F424C47
:10EF90004F434B45445F42595F4F544845525F4C85
:10EFA000494E4B5300000000424C455F4552524FC2
:10EFB000525F4741505F555549445F4C4953545F38
:10EFC0004D49534D4154434800000000424C455FB9
:10EFD0004552524F525F4741505F444953434F5649
:10EFE000455241424C455F574954485F5748495440
:10EFF000454C495354000000424C455F4552524F26
:10F00000525F4741505F494E56414C49445F424C24
:10F01000455F414444520000424C455F4552524FC7
:10F02000525F4741505F57484954454C4953545FDC
:10F03000494E5F5553450000424C455F4552524F83
:10F04000525F4741505F4445564943455F494445F7
:10F050004E5449544945535F494E5F55534500004E
:10F06000424C455F4552524F525F4741505F4445C5
:10F07000564943455F4944454E5449544945535FB9
:10F080004455504C4943415445000000424C455FB3
:10F090004552524F525F47415454435F50524F4381
:10F0A0005F4E4F545F5045524D4954544544000003
:10F0B000424C455F4552524F525F47415454535F53
:10F0C000494E56414C49445F415454525F54595043
:10F0D00045000000424C455F4552524F525F474148
:10F0E0005454535F5359535F415454525F4D4953E5
:10F0F00053494E4700000000424C455F4556545F5F
:10F10000555345525F4D454D5F52455155455354FA
:10F1100000000000424C455F4556545F5553455230
:10F120005F4D454D5F52454C454153450000000041
:10F13000424C455F4741505F4556545F434F4E4EEA
:10F140004543544544000000424C455F4741505FF1
:10F150004556545F444953434F4E4E4543544544EE
:10F1600000000000424C455F4741505F4556545FE8
:10F17000434F4E4E5F504152414D5F5550444154B4
:10F1800045000000424C455F4741505F4556545F83
:10F190005345435F504152414D535F524551554590
:10F1A00053540000424C455F4741505F4556545F01
:10F1B0005345435F494E464F5F5245515545535461
:10F1C00000000000424C455F4741505F4556545F88
:10F1D000504153534B45595F444953504C4159009A
:10F1E000424C455F4741505F4556545F4B45595F20
:10F1F0005052455353454400424C455F4741505F90
:10F200004556545F415554485F4B45595F524551EF
:10F210005545535400000000424C455F4741505F44
:10F220004556545F4C4553435F44484B45595F52E4
:10F230004551554553540000424C455F4741505F8E
:10F240004556545F415554485F53544154555300FB
:10F25000424C455F4741505F4556545F434F4E4EC9
:10F260005F5345435F55504441544500424C455F10
:10F270004741505F4556545F54494D454F555400E2
:10F28000424C455F4741505F4556545F5253534986
:10F290005F4348414E47454400000000424C455FF3
:10F2A0004741505F4556545F4144565F5245504F69
:10F2B00052540000424C455F4741505F4556545FF1
:10F2C0005345435F5245515545535400424C455FA9
:10F2D0004741505F4556545F434F4E4E5F50415239
:10F2E000414D5F5550444154455F5245515545533A
:10F2F00054000000424C455F4741505F4556545F03
:10F300005343414E5F5245515F5245504F52540056
:10F31000424C455F4741505F4556545F5048595FE6
:10F320005550444154455F52455155455354000092
:10F33000424C455F4741505F4556545F5048595FC6
:10F340005550444154450000424C455F4741505F91
:10F350004556545F444154415F4C454E4754485FC5
:10F360005550444154455F52455155455354000052
:10F37000424C455F4741505F4556545F44415441BC
:10F380005F4C454E4754485F55504441544500003A
:10F39000424C455F4741505F4556545F514F535F64
:10F3A0004348414E4E454C5F5355525645595F5266
:10F3B00045504F5254000000424C455F4741505F5A
:10F3C0004556545F4144565F5345545F5445524D32
:10F3D000494E415445440000424C455F4741545416
:10F3E000435F4556545F5052494D5F535256435FF9
:10F3F000444953435F52535000000000424C455F64
:10F4000047415454435F4556545F52454C5F44490D
:10F4100053435F5253500000424C455F47415454A0
:10F42000435F4556545F434841525F444953435FED
:10F4300052535000424C455F47415454435F455638
:10F44000545F444553435F444953435F5253500014
:10F45000424C455F47415454435F4556545F4154C5
:10F4600054525F494E464F5F444953435F52535095
:10F4700000000000424C455F47415454435F4556ED
:10F48000545F434841525F56414C5F42595F555566
:10F4900049445F524541445F52535000424C455FDE
:10F4A00047415454435F4556545F524541445F526F
:10F4B00053500000424C455F47415454435F45560A
:10F4C000545F434841525F56414C535F524541445B
:10F4D0005F52535000000000424C455F4741545476
:10F4E000435F4556545F57524954455F525350004D
:10F4F000424C455F47415454435F4556545F48561C
:10F5000058000000424C455F47415454435F455604
:10F51000545F45584348414E47455F4D54555F52EF
:10F5200053500000424C455F47415454435F455699
:10F53000545F54494D454F5554000000424C455FBF
:10F5400047415454435F4556545F57524954455FB1
:10F55000434D445F54585F434F4D504C4554450014
:10F56000424C455F47415454535F4556545F575290
:10F5700049544500424C455F47415454535F4556FA
:10F58000545F52575F415554484F52495A455F5254
:10F590004551554553540000424C455F4741545432
:10F5A000535F4556545F5359535F415454525F4D16
:10F5B000495353494E470000424C455F474154541C
:10F5C000535F4556545F485643000000424C455F28
:10F5D00047415454535F4556545F53435F434F4E26
:10F5E0004649524D00000000424C455F474154548B
:10F5F000535F4556545F45584348414E47455F4D1C
:10F6000054555F524551554553540000424C455F97
:10F6100047415454535F4556545F54494D454F55E7
:10F6200054000000424C455F47415454535F4556D7
:10F63000545F48564E5F54585F434F4D504C4554AD
:10F640004500000073256C7520256C752E256C75A2
:10F650002E256C75000000002530386C5825303898
:10F660006C580000630000006CF605000108F00013
:10F67000A8F905000208F000C0F905000308F00031
:10F68000D4F905000408F000FCF905000508F000B5
:10F6900024FA05000608F00048FA05000708F00003
:10F6A00060FA05000808F0008CFA05000908F0006F
:10F6B000B0FA05000A08F000D8FA05000B08F000BF
:10F6C00004FB05000C08F0002CFB05000D08F00001
:10F6D00054FB05000E08F0007CFB05000F08F0004D
:10F6E000A8FB05001008F000D0FB05001108F00091
:10F6F000F8FB05001208F0001CFC05001408F000DF
:10F7000044FC05001508F00074FC05001608F00024
:10F71000A4FC05001708F000D8FC05001808F0004C
:10F7200008FD05001908F00034FD05001A08F00076
:10F730005CFD05001B08F0008CFD0500C008F00012
:10F74000B8FD0500C108F000E8FD0500C208F000A2
:10F750001CFE0500C308F0004CFE0500C408F000C4
:10F760007CFE0500C508F000A8FE05002008F0009A
:10F77000D4FE05002108F000F8FE05002208F00084
:10F7800018FF05002308F0003CFF05002408F000E6
:10F7900060FF05002508F00084FF05002608F00042
:10F7A000ACFF05003008F000D0FF05003108F00084
:10F7B000E4FF05003208F000100006003308F000F6
:10F7C000380006003408F000600006003508F0003C
:10F7D000880006003608F000B80006003708F00080
:10F7E000DC0006003808F000100106003908F000BF
:10F7F000400106003A08F000600106005008F000E1
:10F80000940106005108F000B40106005208F0000F
:10F81000D80106005308F000000206005408F0006A
:10F82000200206005508F000480206005708F000C4
:10F83000700206005808F000980206006008F00008
:10F84000C00206006108F000E80206006208F0004D
:10F85000140306006308F0003C0306006408F0008F
:10F86000680306006508F000900306006608F000D3
:10F87000B40306006708F000D80306007008F00023
:10F88000EC0306007108F0000C0406007208F0009A
:10F89000340406007308F000600406007608F000E7
:10F8A000840406007708F000AC0406008008F0002D
:10F8B000D00406008108F000FC0406008208F00075
:10F8C000280506008308F000540506008408F000AF
:10F8D00080050600D308F000A4050600E008F0004B
:10F8E000CC0506009008F000E40506009108F00041
:10F8F000000606009208F0001C0606009308F000BF
:10F90000340606009408F000500606009508F00042
:10F910006C060600E008F00090060600E108F00022
:10F92000AC060600E208F000C8060600E308F00096
:10F93000E4060600E408F00000070600E508F00011
:10F9400020070600E608F00040070600E708F00080
:10F950005C070600E808F0007C070600E908F000F4
:10F960009C070600EA08F000BC070600EB08F00060
:10F97000E0070600EC08F00000080600ED08F000C3
:10F980001C080600626F6F6C2041646166727569C5
:10F99000745F6E524643727970746F3A3A6265676B
:10F9A000696E2829000000004543504B495F494CCF
:10F9B0004C4547414C5F444F4D41494E5F494400DF
:10F9C0004543504B495F444F4D41494E5F5054525F
:10F9D000000000004543504B495F47454E5F4B4593
:10F9E000595F494E56414C49445F50524956415423
:10F9F000455F4B45595F5054520000004543504B02
:10FA0000495F47454E5F4B45595F494E56414C490A
:10FA1000445F5055424C49435F4B45595F505452E7
:10FA2000000000004543504B495F47454E5F4B4542
:10FA3000595F494E56414C49445F54454D505F44CF
:10FA40004154415F505452004543504B495F524E20
:10FA5000445F434F4E544558545F50545200000089
:10FA60004543504B495F4255494C445F4B45595FB4
:10FA7000494E56414C49445F434F4D5052455353B4
:10FA8000494F4E5F4D4F4445000000004543504BE9
:10FA9000495F4255494C445F4B45595F494C4C4581
:10FAA00047414C5F444F4D41494E5F49440000007F
:10FAB0004543504B495F4255494C445F4B45595F64
:10FAC000494E56414C49445F505249565F4B455947
:10FAD0005F494E5F505452004543504B495F425579
:10FAE000494C445F4B45595F494E56414C49445F30
:10FAF000555345525F505249565F4B45595F5054DC
:10FB0000520000004543504B495F4255494C445F09
:10FB10004B45595F494E56414C49445F50524956F6
:10FB20005F4B45595F53495A450000004543504BD0
:10FB3000495F4255494C445F4B45595F494E5641D8
:10FB40004C49445F505249565F4B45595F444154BC
:10FB5000410000004543504B495F4255494C445FCA
:10FB60004B45595F494E56414C49445F5055424CB4
:10FB70005F4B45595F494E5F505452004543504BCF
:10FB8000495F4255494C445F4B45595F494E564188
:10FB90004C49445F555345525F5055424C5F4B456D
:10FBA000595F5054520000004543504B495F425545
:10FBB000494C445F4B45595F494E56414C49445F5F
:10FBC0005055424C5F4B45595F53495A4500000020
:10FBD0004543504B495F4255494C445F4B45595F43
:10FBE000494E56414C49445F5055424C5F4B455934
:10FBF0005F444154410000004543504B495F42552A
:10FC0000494C445F4B45595F494E56414C49445F0E
:10FC1000434845434B5F4D4F444500004543504BDF
:10FC2000495F4255494C445F4B45595F494E5641E7
:10FC30004C49445F54454D505F425546465F5054D1
:10FC4000520000004543504B495F4558504F5254B5
:10FC50005F5055424C5F4B45595F494E56414C49A8
:10FC6000445F555345525F5055424C5F4B45595F79
:10FC7000505452004543504B495F4558504F5254E1
:10FC80005F5055424C5F4B45595F494C4C4547418D
:10FC90004C5F434F4D5052455353494F4E5F4D4F6C
:10FCA000444500004543504B495F4558504F52541E
:10FCB0005F5055424C5F4B45595F494E56414C4948
:10FCC000445F45585445524E5F5055424C5F4B453A
:10FCD000595F5054520000004543504B495F45580E
:10FCE000504F52545F5055424C5F4B45595F494EFF
:10FCF00056414C49445F5055424C5F4B45595F5308
:10FD0000495A455F505452004543504B495F45584E
:10FD1000504F52545F5055424C5F4B45595F494ECE
:10FD200056414C49445F5055424C5F4B45595F53D7
:10FD3000495A45004543504B495F4558504F52542E
:10FD40005F5055424C5F4B45595F494C4C454741CC
:10FD50004C5F444F4D41494E5F4944004543504B31
:10FD6000495F4558504F52545F5055424C5F4B4588
:10FD7000595F494C4C4547414C5F56414C494441C1
:10FD800054494F4E5F544147000000004543504BDB
:10FD9000495F4558504F52545F5055424C5F4B4558
:10FDA000595F494E56414C49445F5055424C5F4B58
:10FDB00045595F44415441004543504B495F4558C4
:10FDC000504F52545F505249565F4B45595F494E10
:10FDD00056414C49445F555345525F505249565F16
:10FDE0004B45595F505452004543504B495F45586D
:10FDF000504F52545F505249565F4B45595F494EE0
:10FE000056414C49445F45585445524E5F50524903
:10FE1000565F4B45595F5054520000004543504BCC
:10FE2000495F4558504F52545F505249565F4B45B9
:10FE3000595F494C4C4547414C5F56414C49444100
:10FE400054494F4E5F544147000000004543504B1A
:10FE5000495F4558504F52545F505249565F4B4589
:10FE6000595F494E56414C49445F505249565F4B89
:10FE700045595F53495A455F505452004543504BD2
:10FE8000495F4558504F52545F505249565F4B4559
:10FE9000595F494E56414C49445F505249565F4B59
:10FEA00045595F53495A45004543504B495F4558B2
:10FEB000504F52545F505249565F4B45595F494E1F
:10FEC00056414C49445F505249565F4B45595F4437
:10FED000415441004543504B495F4255494C445FB2
:10FEE000444F4D41494E5F49445F49535F4E4F5423
:10FEF0005F56414C494400004543504B495F4255D1
:10FF0000494C445F444F4D41494E5F444F4D414938
:10FF10004E5F5054520000004543504B495F4255DC
:10FF2000494C445F444F4D41494E5F45435F50410A
:10FF300052414D4554525F50545200004543504B7E
:10FF4000495F4255494C445F444F4D41494E5F45DE
:10FF5000435F504152414D4554525F53495A450009
:10FF60004543504B495F4255494C445F444F4D41D6
:10FF7000494E5F434F464143544F525F50415241B7
:10FF80004D5300004543504B495F4255494C445F37
:10FF9000444F4D41494E5F53454355524954595F73
:10FFA000535452454E475448000000004543504BBF
:10FFB000495F4255494C445F5343415F5245534961
:10FFC00053545F494C4C4547414C5F4D4F444500AD
:10FFD0004543504B495F504B495F494E5445524E43
:10FFE000414C0000454344485F535644505F4448E9
:10FFF0005F494E56414C49445F504152544E455220
:0200000260009C
:100000005F5055424C5F4B45595F505452000000C1
:10001000454344485F535644505F44485F50415203
:10002000544E45525F5055424C5F4B45595F5641C7
:100030004C49445F54414700454344485F5356444C
:10004000505F44485F494E56414C49445F555345C3
:10005000525F505249565F4B45595F505452000011
:10006000454344485F535644505F44485F555345A9
:10007000525F505249565F4B45595F56414C494477
:100080005F54414700000000454344485F535644D5
:10009000505F44485F494E56414C49445F53484184
:1000A0005245445F5345435245545F56414C554574
:1000B0005F50545200000000454344485F5356448B
:1000C000505F44485F494E56414C49445F54454D4A
:1000D000505F444154415F505452000045434448EE
:1000E0005F535644505F44485F494E56414C494423
:1000F0005F5348415245445F5345435245545F5610
:10010000414C55455F53495A455F505452000000D9
:10011000454344485F535644505F44485F494E56F8
:10012000414C49445F5348415245445F5345435213
:1001300045545F56414C55455F53495A45000000B0
:10014000454344485F535644505F44485F494C4CD4
:100150004547414C5F444F4D41494E5F4944000083
:10016000454344485F535644505F44485F4E4F54A4
:100170005F434F4E43454E545F5055424C5F414E96
:10018000445F505249565F444F4D41494E5F494488
:100190000000000045434453415F5349474E5F49C7
:1001A0004E56414C49445F444F4D41494E5F49448E
:1001B0000000000045434453415F5349474E5F49A7
:1001C0004E56414C49445F555345525F434F4E5440
:1001D0004558545F5054520045434453415F53497E
:1001E000474E5F494E56414C49445F555345525F17
:1001F000505249565F4B45595F5054520000000021
:1002000045434453415F5349474E5F494C4C454732
:10021000414C5F484153485F4F505F4D4F4445004C
:1002200045434453415F5349474E5F494E56414C05
:1002300049445F4D4553534147455F444154415FF5
:10024000494E5F505452000045434453415F534967
:10025000474E5F494E56414C49445F4D45535341CB
:1002600047455F444154415F494E5F53495A4500F9
:1002700045434453415F5349474E5F555345525F91
:10028000434F4E544558545F56414C49444154499C
:100290004F4E5F544147000045434453415F53492B
:1002A000474E5F555345525F505249565F4B455933
:1002B0005F56414C49444154494F4E5F54414700B9
:1002C00045434453415F5349474E5F494E56414C65
:1002D00049445F5349474E41545552455F4F555429
:1002E0005F5054520000000045434453415F53495E
:1002F000474E5F494E56414C49445F5349474E4132
:10030000545552455F4F55545F53495A455F5054B9
:100310005200000045434453415F5349474E5F49F3
:100320004E56414C49445F5349474E4154555245FE
:100330005F4F55545F53495A4500000045434453AD
:10034000415F5349474E5F494E56414C49445F49CE
:10035000535F455048454D45525F4B45595F494EA7
:100360005445524E414C000045434453415F53496C
:10037000474E5F494E56414C49445F455048454DB4
:100380004552414C5F4B45595F50545200000000AC
:1003900045434453415F5349474E5F494E56414C94
:1003A00049445F524E445F434F4E544558545F504A
:1003B0005452000045434453415F5349474E5F49FF
:1003C0004E56414C49445F524E445F46554E43544D
:1003D000494F4E5F5054520045434453415F534987
:1003E000474E5F5349474E494E47000045434453EB
:1003F000415F5645524946595F494E56414C494422
:100400005F444F4D41494E5F4944000045434453CA
:10041000415F5645524946595F494E56414C494401
:100420005F555345525F434F4E544558545F5054A7
:100430005200000045434453415F564552494659D6
:100440005F494E56414C49445F5349474E45525FC0
:100450005055424C5F4B45595F50545200000000CC
:1004600045434453415F5645524946595F494C4CB8
:100470004547414C5F484153485F4F505F4D4F44A3
:100480004500000045434453415F56455249465993
:100490005F494E56414C49445F5349474E4154557C
:1004A00052455F494E5F505452000000454344534B
:1004B000415F5645524946595F494E56414C494461
:1004C0005F5349474E41545552455F53495A450081
:1004D00045434453415F5645524946595F494E563C
:1004E000414C49445F4D4553534147455F44415456
:1004F000415F494E5F505452000000004543445351
:10050000415F5645524946595F494E56414C494410
:100510005F4D4553534147455F444154415F494E08
:100520005F53495A4500000045434453415F5645D7
:10053000524946595F555345525F434F4E544558B3
:10054000545F56414C49444154494F4E5F544147D2
:100550000000000045434453415F56455249465907
:100560005F5349474E45525F5055424C5F4B45598A
:100570005F56414C49444154494F4E5F54414700F6
:1005800045434453415F5645524946595F494E439E
:100590004F4E53495354454E545F56455249465960
:1005A000000000004543435F494C4C4547414C5FC8
:1005B000504152414D535F4143434F5244494E478E
:1005C0005F544F5F50524956000000004543435F5F
:1005D000494C4C4547414C5F484153485F4D4F445F
:1005E000450000004543504B495F494E56414C4938
:1005F000445F524E445F46554E435F505452000094
:100600004543504B495F494E56414C49445F524E19
:10061000445F4354585F5054520000004543504BD0
:10062000495F494E56414C49445F444F4D41494E04
:100630005F4944004543504B495F494E56414C4940
:10064000445F505249565F4B45595F544147000043
:100650004543504B495F494E56414C49445F5055C4
:10066000424C5F4B45595F54414700004543504B56
:10067000495F494E56414C49445F444154415F49AA
:100680004E5F5041535345445F53545255435400B9
:1006900045434945535F494E56414C49445F505587
:1006A000424C5F4B45595F50545200004543494509
:1006B000535F494E56414C49445F5055424C5F4B45
:1006C00045595F544147000045434945535F494EF2
:1006D00056414C49445F505249565F4B45595F5013
:1006E0005452000045434945535F494E56414C49D9
:1006F000445F505249565F4B45595F544147000093
:1007000045434945535F494E56414C49445F505219
:1007100049565F4B45595F56414C55450000000016
:1007200045434945535F494E56414C49445F4B440C
:10073000465F44455249565F4D4F44450000000016
:1007400045434945535F494E56414C49445F4B44EC
:10075000465F484153485F4D4F4445004543494536
:10076000535F494E56414C49445F534543524554AB
:100770005F4B45595F5054520000000045434945C6
:10078000535F494E56414C49445F5345435245548B
:100790005F4B45595F53495A450000004543494561
:1007A000535F494E56414C49445F43495048455276
:1007B0005F444154415F5054520000004543494555
:1007C000535F494E56414C49445F43495048455256
:1007D0005F444154415F53495A455F5054520000B1
:1007E00045434945535F494E56414C49445F43494F
:1007F000504845525F444154415F53495A450000B7
:1008000045434945535F494E56414C49445F544521
:100810004D505F444154415F505452004543494557
:10082000535F494E56414C49445F455048454D5FE2
:100830004B45595F504149525F50545200000000EF
:1008400073746174696320626F6F6C206E524643EB
:10085000727970746F5F4543433A3A67656E4B65D2
:100860007950616972286E524643727970746F5F75
:100870004543435F507269766174654B6579262CF8
:10088000206E524643727970746F5F4543435F50E8
:1008900075626C69634B6579262900007374617415
:1008A00069632075696E7433325F74206E524643FB
:1008B000727970746F5F4543433A3A535644505FC0
:1008C0004448286E524643727970746F5F454343C3
:1008D0005F507269766174654B6579262C206E5283
:1008E0004643727970746F5F4543435F5075626C25
:1008F00069634B6579262C2075696E74385F742A9C
:100900002C2075696E7433325F74290075696E74BA
:1009100033325F74206E524643727970746F5F4554
:1009200043435F5075626C69634B65793A3A746F03
:100930005261772875696E74385F742A2C20756946
:100940006E7433325F742900626F6F6C206E524692
:1009500043727970746F5F4543435F5075626C6991
:10096000634B65793A3A66726F6D526177287569A3
:100970006E74385F742A2C2075696E7433325F741C
:1009800029000000626F6F6C206E524643727970CE
:10099000746F5F52616E646F6D3A3A626567696E3B
:1009A000282900004661696C20746F2061637175AD
:1009B000697265206D757465780A00004661696C1E
:1009C00020746F2072656C65617365206D75746548
:1009D000780A00004661696C20746F20696E63724A
:1009E0006561736520504D20636F756E7465720A82
:1009F000000000004661696C20746F2064656372BA
:100A00006561736520504D20636F756E7465720A61
:100A100000000000000102030405060708090A0B94
:100A20000C0D0E0F101112131415161718191A1B8E
:100A30001C1D1E1FC6A13B37878F5B826F4F8162D3
:100A4000A1C8D8799503E3A2245A2BE43C9874ED0D
:100A5000FE1BED9EF29000B62A499FD0A9F39A6A38
:100A6000DD2E77809DBA41A777F3B46A37B7AAAE77
:100A700049D6DF8D2F7A3C600708D124ACD3C5DE80
:100A80003B658447000000000100000003000000F7
:100A900002000000FFFFFFFF070000004661696CD5
:100AA00020746F206765742054524E47206368613C
:100AB000726163746572697A6174696F6E207061C6
:100AC00072616D6574657273200A00004661696C1D
:100AD00020746F206372656174652053594D206DD9
:100AE000757465780A0000004661696C20746F2097
:100AF000637265617465204153594D206D7574654D
:100B0000780A00004661696C656420746F20637226
:100B10006561746520506F776572206D75746578B6
:100B20000A0000004661696C20746F206372656181
:100B300074652047656E566563206D757465780A27
:100B40000000000043616E277420696E697469615A
:100B50006C697A65206D757465782C2077617320D7
:100B60004E554C4C0D0A000043616E2774206C6F8B
:100B7000636B206D757465782C20776173204E55FA
:100B80004C4C0D0A0000000043616E277420756E06
:100B90006C6F636B206D757465782C2077617320A2
:100BA0004E554C4C0D0A0000536153695F48616C0F
:100BB00057616974496E74657272757074206361EF
:100BC0006E74207761697420666F72206E6F74682E
:100BD000696E670A000000000001020304050607B1
:100BE00008090A0B0C0D0E0F10111213141516170D
:100BF00018191A1B1C1D1E1F3D4405004544050005
:100C00004D440500554405005D440500654405005C
:100C10006D440500754405007D44050085440500CC
:100C20008D4405000000000073ACFFFFFEFFFFFFD6
:100C3000FFFFFFFFFFFFFFFFFFFFFFFF00000000C0
:100C400000000000000000000000000000000000A4
:100C50000000000000000000000000000000000094
:100C60000000000000000000000000000000000084
:100C70000000000000000000000000000000000074
:100C80000000000000000000000000000000000064
:100C90000000000000000000000000000000000054
:100CA0000000000000000000000000000000000044
:100CB000000000000000000007000000000000002D
:100CC0000000000000000000000000000000000024
:100CD0000000000000000000000000000000000014
:100CE0000000000000000000000000000000000004
:100CF00000000000000000000000000000000000F4
:100D0000B3B616CA9AABDF16FAB8010000000000AD
:100D100000000000010000000000000000000000D2
:100D200000000000000000000000000000000000C3
:100D300000000000000000000000000000000000B3
:100D4000000000000000000000000000BB7E4DDD40
:100D5000F5F43630769E01A492A17AE32C384C3B10
:100D60000000000000000000000000000000000083
:100D70000000000000000000000000000000000073
:100D80000000000000000000000000000000000063
:100D900000000000EE4F3CF0C33317538682C26B55
:100DA000EDDC8F3135F98C9300000000000000006D
:100DB0000000000000000000000000000000000033
:100DC0000000000000000000000000000000000023
:100DD0000000000000000000000000000100000012
:100DE0000000000000000000800000000000000083
:100DF00000000000FFFFFFFFFFFFFFFFFF000000FC
:100E000000000000000000000000000000000000E2
:100E100000000000000000000000000000000000D2
:100E200000000000000000000000000000000000C2
:100E300000000000000000000000000000000000B2
:100E400000000000000000000000000000000000A2
:100E50000000000000000000000000000000000092
:100E60000000000000000000000000000000000082
:100E70000000000000000000000000000000000072
:100E80000000000000000000000000000000000062
:100E90000000000000000000000000000000000052
:100EA0000000000000000000000000000000000042
:100EB0000000000000000000000000000000000032
:100EC0000000000000000000000000000000000022
:100ED0000000000000000000000000000000000012
:100EE000A0000000A10000000500000000000000BC
:100EF000534543475F5052494D455F3136304B3182
:100F000000000000FFFFFF7FFFFFFFFFFFFFFFFF6D
:100F1000FFFFFFFFFFFFFFFF0000000000000000D9
:100F200000000000000000000000000000000000C1
:100F300000000000000000000000000000000000B1
:100F4000000000000000000000000000FCFFFF7F28
:100F5000FFFFFFFFFFFFFFFFFFFFFFFFFFFFFFFFA1
:100F60000000000000000000000000000000000081
:100F70000000000000000000000000000000000071
:100F80000000000000000000000000000000000061
:100F90000000000045FA65C5ADD4D4819FF8AC656A
:100FA0008B7ABD54FCBE971C0000000000000000BE
:100FB0000000000000000000000000000000000031
:100FC0000000000000000000000000000000000021
:100FD000000000000000000000000000572275CA59
:100FE000D3AE27F9C8F401000000000000000000A3
:100FF00001000000000000000000000000000000F0
:1010000000000000000000000000000000000000E0
:1010100000000000000000000000000000000000D0
:10102000000000000000000082FCCB13B98BC368F5
:10103000896964462873F58E68B5964A00000000F9
:1010400000000000000000000000000000000000A0
:101050000000000000000000000000000000000090
:101060000000000000000000000000000000000080
:1010700032FBC57A3751230412C9DC597D9468319B
:101080005528A6230000000000000000000000001A
:101090000000000000000000000000000000000050
:1010A0000000000000000000000000000000000040
:1010B000000000000000000001000000000000002F
:1010C00000000000800000000000000000000000A0
:1010D000FFFFFFFFFFFFFFFFFF0000000000000019
:1010E0000000000000000000000000000000000000
:1010F00000000000000000000000000000000000F0
:1011000000000000000000000000000000000000DF
:1011100000000000000000000000000000000000CF
:1011200000000000000000000000000000000000BF
:1011300000000000000000000000000000000000AF
:10114000000000000000000000000000000000009F
:10115000000000000000000000000000000000008F
:10116000000000000000000000000000000000007F
:10117000000000000000000000000000000000006F
:10118000000000000000000000000000000000005F
:10119000000000000000000000000000000000004F
:1011A000000000000000000000000000000000003F
:1011B000000000000000000000000000A00000008F
:1011C000A100000005000000010000005345434756
:1011D0005F5052494D455F313630523100000000BA
:1011E00073ACFFFFFEFFFFFFFFFFFFFFFFFFFFFFEF
:1011F000FFFFFFFF000000000000000000000000F3
:1012000000000000000000000000000000000000DE
:1012100000000000000000000000000000000000CE
:10122000000000000000000070ACFFFFFEFFFFFFA9
:10123000FFFFFFFFFFFFFFFFFFFFFFFF00000000BA
:10124000000000000000000000000000000000009E
:10125000000000000000000000000000000000008E
:10126000000000000000000000000000000000007E
:10127000BA8803F55A4D6604492757AB8BEB59FBE7
:10128000D334E1B4000000000000000000000000C2
:10129000000000000000000000000000000000004E
:1012A000000000000000000000000000000000003E
:1012B00000000000000000006BA1A1F318A886E761
:1012C0001E350000000000000000000001000000CA
:1012D000000000000000000000000000000000000E
:1012E00000000000000000000000000000000000FE
:1012F00000000000000000000000000000000000EE
:10130000000000006DCE44319D19F7301BF14F1FD6
:101310007E113A2934B0DC520000000000000000C9
:1013200000000000000000000000000000000000BD
:1013300000000000000000000000000000000000AD
:101340000000000000000000000000002E3FD4A7B5
:10135000FE2C98F90DFA71E096F231E3F2FEAFFE41
:10136000000000000000000000000000000000007D
:10137000000000000000000000000000000000006D
:10138000000000000000000000000000000000005D
:10139000000000000100000000000000000000004C
:1013A000800000000000000000000000FFFFFFFFC1
:1013B000FFFFFFFFFF000000000000000000000032
:1013C000000000000000000000000000000000001D
:1013D000000000000000000000000000000000000D
:1013E00000000000000000000000000000000000FD
:1013F00000000000000000000000000000000000ED
:1014000000000000000000000000000000000000DC
:1014100000000000000000000000000000000000CC
:1014200000000000000000000000000000000000BC
:1014300000000000000000000000000000000000AC
:10144000000000000000000000000000000000009C
:10145000000000000000000000000000000000008C
:10146000000000000000000000000000000000007C
:10147000000000000000000000000000000000006C
:10148000000000000000000000000000000000005C
:101490000000000000000000A0000000A10000000B
:1014A0000500000002000000534543475F505249C9
:1014B0004D455F31363052320000000037EEFFFFFD
:1014C000FEFFFFFFFFFFFFFFFFFFFFFFFFFFFFFF2D
:1014D000FFFFFFFF00000000000000000000000010
:1014E00000000000000000000000000000000000FC
:1014F00000000000000000000000000000000000EC
:1015000000000000000000000000000000000000DB
:1015100000000000000000000000000000000000CB
:1015200000000000000000000000000000000000BB
:1015300000000000000000000000000000000000AB
:101540000000000000000000000000000300000098
:10155000000000000000000000000000000000008B
:10156000000000000000000000000000000000007B
:10157000000000000000000000000000000000006B
:10158000000000000000000000000000000000005B
:10159000000000008DFDDE746A46690F17FCF2261C
:1015A000FEFFFFFFFFFFFFFFFFFFFFFF0000000048
:1015B000000000000000000000000000000000002B
:1015C000000000000000000000000000000000001B
:1015D000000000000000000000000000000000000B
:1015E0007D6CE0EAB1D1A51D34F4B780027DB02650
:1015F000AEE957C00EF14FDB000000000000000014
:1016000000000000000000000000000000000000DA
:1016100000000000000000000000000000000000CA
:1016200000000000000000009D2F5ED988AA8240C3
:101630003486BE15D0634184A728569C6D2F2F9BFE
:10164000000000000000000000000000000000009A
:10165000000000000000000000000000000000008A
:10166000000000000000000000000000000000007A
:1016700001000000000000000000000080000000E9
:10168000000000000000000000000000000000005A
:1016900080000000000000000000000000000000CA
:1016A000000000000000000000000000000000003A
:1016B000000000000000000000000000000000002A
:1016C000000000000000000000000000000000001A
:1016D000000000000000000000000000000000000A
:1016E00000000000000000000000000000000000FA
:1016F00000000000000000000000000000000000EA
:1017000000000000000000000000000000000000D9
:1017100000000000000000000000000000000000C9
:1017200000000000000000000000000000000000B9
:1017300000000000000000000000000000000000A9
:101740000000000000000000000000000000000099
:101750000000000000000000000000000000000089
:101760000000000000000000000000000000000079
:1017700000000000C0000000C000000005000000E4
:1017800003000000534543475F5052494D455F31C8
:1017900039324B3100000000FFFFFFFFFFFFFFFF6A
:1017A000FEFFFFFFFFFFFFFFFFFFFFFFFFFFFFFF4A
:1017B0000000000000000000000000000000000029
:1017C0000000000000000000000000000000000019
:1017D0000000000000000000000000000000000009
:1017E000FCFFFFFFFFFFFFFFFEFFFFFFFFFFFFFF0D
:1017F000FFFFFFFFFFFFFFFF0000000000000000F1
:1018000000000000000000000000000000000000D8
:1018100000000000000000000000000000000000C8
:101820000000000000000000B1B946C1ECDEB8FEC7
:1018300049302472ABE9A70FE7809CE519052164C4
:101840000000000000000000000000000000000098
:101850000000000000000000000000000000000088
:101860000000000000000000000000000000000078
:101870003128D2B4B1C96B1436F8DE99FFFFFFFFEF
:10188000FFFFFFFFFFFFFFFF000000000000000060
:101890000000000000000000000000000000000048
:1018A0000000000000000000000000000000000038
:1018B0000000000000000000000000001210FF8285
:1018C000FD0AFFF40088A143EB20BF7CF69030B006
:1018D0000EA88D18000000000000000000000000AD
:1018E00000000000000000000000000000000000F8
:1018F00000000000000000000000000000000000E8
:10190000000000001148791EA177F973D5CD246B32
:10191000ED11106378DAC8FF952B1907000000005D
:1019200000000000000000000000000000000000B7
:1019300000000000000000000000000000000000A7
:101940000000000000000000000000000100000096
:101950000000000000000000800000000000000007
:1019600000000000000000000000000080000000F7
:101970000000000000000000000000000000000067
:101980000000000000000000000000000000000057
:101990000000000000000000000000000000000047
:1019A0000000000000000000000000000000000037
:1019B0000000000000000000000000000000000027
:1019C0000000000000000000000000000000000017
:1019D0000000000000000000000000000000000007
:1019E00000000000000000000000000000000000F7
:1019F00000000000000000000000000000000000E7
:101A000000000000000000000000000000000000D6
:101A100000000000000000000000000000000000C6
:101A200000000000000000000000000000000000B6
:101A300000000000000000000000000000000000A6
:101A40000000000000000000000000000000000096
:101A5000C0000000C00000000500000004000000FD
:101A6000534543475F5052494D455F3139325231FA
:101A7000000000006DE5FFFFFEFFFFFFFFFFFFFF1F
:101A8000FFFFFFFFFFFFFFFFFFFFFFFFFFFFFFFF66
:101A90000000000000000000000000000000000046
:101AA0000000000000000000000000000000000036
:101AB0000000000000000000000000000000000026
:101AC0000000000000000000000000000000000016
:101AD0000000000000000000000000000000000006
:101AE00000000000000000000000000000000000F6
:101AF00000000000000000000000000000000000E6
:101B000000000000050000000000000000000000D0
:101B100000000000000000000000000000000000C5
:101B200000000000000000000000000000000000B5
:101B300000000000000000000000000000000000A5
:101B4000000000000000000000000000F7B19F76D8
:101B500071A9F0CA8461ECD2E8DC01000000000049
:101B60000000000000000000010000000000000074
:101B70000000000000000000000000000000000065
:101B80000000000000000000000000000000000055
:101B900000000000000000005CA4B7B60E657E0FD8
:101BA000A97570E4E967A469A128FC30DF99F04DBC
:101BB000335B45A1000000000000000000000000B1
:101BC0000000000000000000000000000000000015
:101BD0000000000000000000000000000000000005
:101BE000A5616D55DB4BCAE259BDB0C0F719E3F7EB
:101BF000D6FBCA824234BA7FED9F087E0000000007
:101C000000000000000000000000000000000000D4
:101C100000000000000000000000000000000000C4
:101C200000000000000000000100000000000000B3
:101C30000000000080000000000000000000000024
:101C4000FFFFFFFFFFFFFFFFFF000000000000009D
:101C50000000000000000000000000000000000084
:101C60000000000000000000000000000000000074
:101C70000000000000000000000000000000000064
:101C80000000000000000000000000000000000054
:101C90000000000000000000000000000000000044
:101CA0000000000000000000000000000000000034
:101CB0000000000000000000000000000000000024
:101CC0000000000000000000000000000000000014
:101CD0000000000000000000000000000000000004
:101CE00000000000000000000000000000000000F4
:101CF00000000000000000000000000000000000E4
:101D000000000000000000000000000000000000D3
:101D100000000000000000000000000000000000C3
:101D2000000000000000000000000000E0000000D3
:101D3000E100000005000000050000005345434796
:101D40005F5052494D455F3232344B310000000044
:101D5000010000000000000000000000FFFFFFFF86
:101D6000FFFFFFFFFFFFFFFFFFFFFFFF000000007F
:101D70000000000000000000000000000000000063
:101D80000000000000000000000000000000000053
:101D90000000000000000000FEFFFFFFFFFFFFFF4C
:101DA000FFFFFFFFFEFFFFFFFFFFFFFFFFFFFFFF44
:101DB000FFFFFFFF00000000000000000000000027
:101DC0000000000000000000000000000000000013
:101DD0000000000000000000000000000000000003
:101DE000B4FF552343390B27BAD8BFD7B7B04450F7
:101DF000563241F5ABB3040C850A05B4000000006F
:101E000000000000000000000000000000000000D2
:101E100000000000000000000000000000000000C2
:101E200000000000000000003D2A5C5C4529DD1335
:101E30003EF0B8E0A216FFFFFFFFFFFFFFFFFFFF2E
:101E4000FFFFFFFF00000000000000000000000096
:101E50000000000000000000000000000000000082
:101E60000000000000000000000000000000000072
:101E700000000000211D5C11D68032342211C256B0
:101E8000D3C1034AB99013327FBFB46BBD0C0EB7F8
:101E90000000000000000000000000000000000042
:101EA0000000000000000000000000000000000032
:101EB000000000000000000000000000347E0085EB
:101EC0009981D5446447075AA07543CDE6DF224C7B
:101ED000FB23F7B5886337BD000000000000000059
:101EE00000000000000000000000000000000000F2
:101EF00000000000000000000000000000000000E2
:101F000000000000010000000000000000000000D0
:101F10008000000000000000000000000000000041
:101F20000000000080000000000000000000000031
:101F300000000000000000000000000000000000A1
:101F40000000000000000000000000000000000091
:101F50000000000000000000000000000000000081
:101F60000000000000000000000000000000000071
:101F70000000000000000000000000000000000061
:101F80000000000000000000000000000000000051
:101F90000000000000000000000000000000000041
:101FA0000000000000000000000000000000000031
:101FB0000000000000000000000000000000000021
:101FC0000000000000000000000000000000000011
:101FD0000000000000000000000000000000000001
:101FE00000000000000000000000000000000000F1
:101FF00000000000000000000000000000000000E1
:102000000000000000000000E0000000E000000010
:102010000500000006000000534543475F50524949
:102020004D455F3232345231000000002FFCFFFF7B
:10203000FEFFFFFFFFFFFFFFFFFFFFFFFFFFFFFFB1
:10204000FFFFFFFFFFFFFFFFFFFFFFFF000000009C
:102050000000000000000000000000000000000080
:102060000000000000000000000000000000000070
:102070000000000000000000000000000000000060
:102080000000000000000000000000000000000050
:102090000000000000000000000000000000000040
:1020A0000000000000000000000000000000000030
:1020B0000000000000000000000000000700000019
:1020C0000000000000000000000000000000000010
:1020D0000000000000000000000000000000000000
:1020E00000000000000000000000000000000000F0
:1020F00000000000000000000000000000000000E0
:1021000000000000414136D08C5ED2BF3BA048AFFA
:10211000E6DCAEBAFEFFFFFFFFFFFFFFFFFFFFFFA2
:10212000FFFFFFFF000000000000000000000000B3
:10213000000000000000000000000000000000009F
:10214000000000000000000000000000000000008F
:102150009817F8165B81F259D928CE2DDBFC9B022B
:10216000070B87CE9562A055ACBBDCF97E66BE79C5
:10217000000000000000000000000000000000005F
:10218000000000000000000000000000000000004F
:102190000000000000000000B8D410FB8FD0479C66
:1021A000195485A648B417FDA808110EFCFBA45DC0
:1021B00065C4A32677DA3A4800000000000000005A
:1021C000000000000000000000000000000000000F
:1021D00000000000000000000000000000000000FF
:1021E000010000000000000000000000800000006E
:1021F00000000000000000000000000000000000DF
:10220000800000000000000000000000000000004E
:1022100000000000000000000000000000000000BE
:1022200000000000000000000000000000000000AE
:10223000000000000000000000000000000000009E
:10224000000000000000000000000000000000008E
:10225000000000000000000000000000000000007E
:10226000000000000000000000000000000000006E
:10227000000000000000000000000000000000005E
:10228000000000000000000000000000000000004E
:10229000000000000000000000000000000000003E
:1022A000000000000000000000000000000000002E
:1022B000000000000000000000000000000000001E
:1022C000000000000000000000000000000000000E
:1022D00000000000000000000000000000000000FE
:1022E00000000000000100000001000005000000E7
:1022F00007000000534543475F5052494D455F3248
:1023000035364B3100000000FFFFFFFFFFFFFFFFEE
:10231000FFFFFFFF000000000000000000000000C1
:1023200001000000FFFFFFFF0000000000000000B0
:10233000000000000000000000000000000000009D
:10234000000000000000000000000000000000008D
:10235000FCFFFFFFFFFFFFFFFFFFFFFF000000008C
:10236000000000000000000001000000FFFFFFFF70
:10237000000000000000000000000000000000005D
:10238000000000000000000000000000000000004D
:1023900000000000000000004B60D2273E3CCE3B16
:1023A000F6B053CCB0061D65BC86987655BDEBB330
:1023B000E7933AAAD835C65A000000000000000092
:1023C000000000000000000000000000000000000D
:1023D00000000000000000000000000000000000FD
:1023E000512563FCC2CAB9F3849E17A7ADFAE6BCB7
:1023F000FFFFFFFFFFFFFFFF00000000FFFFFFFFE9
:1024000000000000000000000000000000000000CC
:1024100000000000000000000000000000000000BC
:1024200000000000000000000000000096C298D8E4
:102430004539A1F4A033EB2D817D0377F240A463ED
:10244000E5E6BCF847422CE1F2D1176B0000000032
:10245000000000000000000000000000000000007C
:10246000000000000000000000000000000000006C
:1024700000000000F551BF376840B6CBCE5E316B2F
:102480005733CE2B169E0F7C4AEBE78E9B7F1AFEAE
:10249000E242E34F000000000000000000000000E6
:1024A000000000000000000000000000000000002C
:1024B000000000000000000000000000010000001B
:1024C000FFFFFFFF7F000000800000000000000011
:1024D00000000000FFFFFFFF7F0000008000000001
:1024E00000000000000000000000000000000000EC
:1024F00000000000000000000000000000000000DC
:1025000000000000000000000000000000000000CB
:1025100000000000000000000000000000000000BB
:1025200000000000000000000000000000000000AB
:10253000000000000000000000000000000000009B
:10254000000000000000000000000000000000008B
:10255000000000000000000000000000000000007B
:10256000000000000000000000000000000000006B
:10257000000000000000000000000000000000005B
:10258000000000000000000000000000000000004B
:10259000000000000000000000000000000000003B
:1025A000000000000000000000000000000000002B
:1025B000000000000000000000000000000000001B
:1025C00000010000000100000500000008000000FC
:1025D000534543475F5052494D455F32353652317E
:1025E00000000000FFFFFFFF0000000000000000EF
:1025F000FFFFFFFFFEFFFFFFFFFFFFFFFFFFFFFFEC
:10260000FFFFFFFFFFFFFFFFFFFFFFFFFFFFFFFFDA
:10261000FFFFFFFF000000000000000000000000BE
:10262000000000000000000000000000FCFFFFFFB1
:102630000000000000000000FFFFFFFFFEFFFFFFA3
:10264000FFFFFFFFFFFFFFFFFFFFFFFFFFFFFFFF9A
:10265000FFFFFFFFFFFFFFFFFFFFFFFF0000000086
:10266000000000000000000000000000000000006A
:1026700000000000EF2AECD3EDC8852A9DD12E8AF8
:102680008D3956C65A8713508F081403124181FEA4
:102690006E9C1D18192DF8E36B058E98E4E73EE259
:1026A000A72F31B300000000000000000000000070
:1026B0000000000000000000000000007329C5CCED
:1026C0006A19ECEC7AA7B048B20D1A58DF2D37F42E
:1026D000814D63C7FFFFFFFFFFFFFFFFFFFFFFFF0E
:1026E000FFFFFFFFFFFFFFFFFFFFFFFF00000000F6
:1026F00000000000000000000000000000000000DA
:102700000000000000000000B70A7672385E543AFC
:102710006C2955BF5DF20255382A5482E041F759C1
:10272000989BA78B623B1D6E74AD20F31EC7B18EC4
:1027300037058BBE22CA87AA0000000000000000F7
:102740000000000000000000000000000000000089
:102750005F0EEA907C1D437A9D817E1DCEB1600A9A
:10276000C0B8F0B51331DAE97C149A28BD1DF4F82D
:1027700029DC9292BF989E5D6F2C26964ADE173612
:102780000000000000000000000000000000000049
:102790000000000000000000010000000000000038
:1027A00000000000800000000000000000000000A9
:1027B0000000000000000000800000000000000099
:1027C0000000000000000000000000000000000009
:1027D00000000000000000000000000000000000F9
:1027E00000000000000000000000000000000000E9
:1027F00000000000000000000000000000000000D9
:1028000000000000000000000000000000000000C8
:1028100000000000000000000000000000000000B8
:1028200000000000000000000000000000000000A8
:102830000000000000000000000000000000000098
:102840000000000000000000000000000000000088
:102850000000000000000000000000000000000078
:102860000000000000000000000000000000000068
:102870000000000000000000000000000000000058
:102880000000000000000000000000000000000048
:1028900000000000000000000000000080010000B7
:1028A0008001000005000000090000005345434777
:1028B0005F5052494D455F333834523100000000BB
:1028C000FFFFFFFFFFFFFFFFFFFFFFFFFFFFFFFF18
:1028D000FFFFFFFFFFFFFFFFFFFFFFFFFFFFFFFF08
:1028E000FFFFFFFFFFFFFFFFFFFFFFFFFFFFFFFFF8
:1028F000FFFFFFFFFFFFFFFFFFFFFFFFFFFFFFFFE8
:10290000FF01000000000000FCFFFFFFFFFFFFFFD2
:10291000FFFFFFFFFFFFFFFFFFFFFFFFFFFFFFFFC7
:10292000FFFFFFFFFFFFFFFFFFFFFFFFFFFFFFFFB7
:10293000FFFFFFFFFFFFFFFFFFFFFFFFFFFFFFFFA7
:10294000FFFFFFFFFFFFFFFFFF010000000000008F
:10295000003F506BD41F45EFF1342C3D88DF7335B9
:1029600007BFB13BBDC052167B937EEC513919565F
:10297000E109F18E9189B4B8F315B3995B72DAA2CB
:10298000EE4085B6A0219A921F9A1C8E61B93E95A1
:102990005100000000000000096438911EB76FBBB1
:1029A000AE479C89B8C9B53BD0A509F74801CC7F93
:1029B0006B962FBF83878651FAFFFFFFFFFFFFFF54
:1029C000FFFFFFFFFFFFFFFFFFFFFFFFFFFFFFFF17
:1029D000FFFFFFFFFFFFFFFFFF01000000000000FF
:1029E0000000000066BDE5C2317E7EF99B426A852B
:1029F000C1B34833DEA8FFA227C11DFE2859E7EF67
:102A0000775E4BA1BA3D4D6B60AF28F821B53F050D
:102A10003981649C42B4952366CB3E9ECDE9040483
:102A2000B7068E85C6000000000000005066D19FEA
:102A30007694BE8840C272A286703C356107AD3F75
:102A400001B950C54026F45E9972EE972C663E2778
:102A500017BDAF1768449B574944F598D91B7D2C87
:102A6000B45F8A5C04C03B9A786A29391801000077
:102A70000000000001000000000000000000000055
:102A800080000000000000000000000000000000C6
:102A900000000000800000000000000000000000B6
:102AA0000000000000000000000000000000000026
:102AB0000000000000000000000000000000000016
:102AC0000000000000000000000000000000000006
:102AD00000000000000000000000000000000000F6
:102AE00000000000000000000000000000000000E6
:102AF00000000000000000000000000000000000D6
:102B000000000000000000000000000000000000C5
:102B100000000000000000000000000000000000B5
:102B200000000000000000000000000000000000A5
:102B30000000000000000000000000000000000095
:102B40000000000000000000000000000000000085
:102B50000000000000000000000000000000000075
:102B60000000000000000000000000000000000065
:102B7000000000000000000009020000090200003F
:102B8000050000000A000000534543475F505249CA
:102B90004D455F3532315231000000000000000029
:102BA000000000000000F03F748515D3B0D9EF3F5E
:102BB0000F89F96C58B5EF3F515B12D00193EF3F8D
:102BC0007B517D3CB872EF3FAAB968318754EF3F23
:102BD0003862756E7A38EF3FE1DE1FF59D1EEF3FDC
:102BE00015B7310AFE06EF3FCBA93A37A7F1EE3F02
:102BF0002234124CA6DEEE3F2D89616008CEEE3FF6
:102C0000272A36D5DABFEE3F824F9D562BB4EE3FD2
:102C1000295448DD07ABEE3F85553AB07EA4EE3F20
:102C2000CD3B7F669EA0EE3F745FECE8759FEE3F64
:102C30008701EB7314A1EE3F13CE4C9989A5EE3FAB
:102C4000DBA02A42E5ACEE3FE5C5CDB037B7EE3F9D
:102C500090F0A38291C4EE3F5D253EB203D5EE3FD6
:102C6000ADD35A999FE8EE3F475EFBF276FFEE3F09
:102C70009C5285DD9B19EF3F6990EFDC2037EF3FD9
:102C800087A4FBDC1858EF3F5F9B7B33977CEF3FBB
:102C9000DA90A4A2AFA4EF3F40456E5B76D0EF3F41
:102CA000000000000000E8429423914BF86AAC3F1A
:102CB000F3C4FA50CEBFCE3FD6520CFF422EE63FB1
:102CC0000000000000003843FE822B654715474096
:102CD0009423914BF86ABC3EF3C4FA50CEBF2E3F0A
:102CE000D6520CFF422E963F6C6F673130000000C9
:102CF000706F7700737172740000000073717274EA
:102D000066000000000000004FBB610567ACDD3FBE
:102D1000182D4454FB21E93F9BF681D20B73EF3F02
:102D2000182D4454FB21F93FE2652F227F2B7A3C7A
:102D3000075C143326A6813CBDCBF07A8807703C33
:102D4000075C143326A6913C0000000000003043CD
:102D500000000000000030C33863ED3EDA0F493F49
:102D60005E987B3FDA0FC93F6937AC316821223367
:102D7000B40F14336821A2332C2066756E63746916
:102D80006F6E3A2000617373657274696F6E2022F2
:102D9000257322206661696C65643A2066696C65FA
:102DA00020222573222C206C696E652025642573F2
:102DB00025730A007C6100204300504F534958009E
:102DC0002E00232D302B2000686C4C006566674573
:102DD000464700494E4600696E66004E414E006E01
:102DE000616E003000303132333435363738394196
:102DF0004243444546003031323334353637383972
:102E0000616263646566000020202020202020206D
:102E1000202828282828202020202020202020208A
:102E200020202020202020208810101010101010AA
:102E300010101010101010100404040404040404F2
:102E40000404101010101010104141414141410183
:102E50000101010101010101010101010101010162
:102E60000101011010101010104242424242420271
:102E70000202020202020202020202020202020232
:102E800002020210101010200000000000000000DC
:102E90000000000000000000000000000000000032
:102EA0000000000000000000000000000000000022
:102EB0000000000000000000000000000000000012
:102EC0000000000000000000000000000000000002
:102ED00000000000000000000000000000000000F2
:102EE00000000000000000000000000000000000E2
:102EF00000000000000000000000000000000000D2
:102F00000000000000000000496E66696E69747977
:102F1000004E614E000000000000000000000000B4
:102F200000000000000000000000000000000000A1
:102F30000000000000000000000000000000000091
:102F40000000000000000000000000000000000081
:102F50000000000000000000000000000000000071
:102F60000000000000000000000000000000000061
:102F700000000000000000000080E03779C34143FA
:102F8000176E05B5B5B89346F5F93FE9034F384DCF
:102F9000321D30F94877825A3CBF737FDD4F15757B
:102FA000000000000000F03F00000000000024408E
:102FB00000000000000059400000000000408F4069
:102FC000000000000088C34000000000006AF840D4
:102FD0000000000080842E4100000000D0126341F8
:102FE0000000000084D797410000000065CDCD416E
:102FF000000000205FA00242000000E8764837424F
:10300000000000A2941A6D42000040E59C30A242EC
:103010000000901EC4BCD64200003426F56B0C4361
:103020000080E03779C3414300A0D8855734764308
:1030300000C84E676DC1AB43003D9160E458E14369
:10304000408CB5781DAF154450EFE2D6E41A4B44DE
:1030500092D54D06CFF08044F64AE1C7022DB54423
:10306000B49DD9794378EA440500000019000000B6
:083070007D00000000000000DB
:08307800D831FC7F01000000CB
:10308000000000000A00000000000306B200080073
:1030900001000000A800080002000000A0001400C9
:1030A000030057494E555342000000000000000045
:1030B00000008400040007002A0044006500760038
:1030C00069006300650049006E00740065007200CD
:1030D0006600610063006500470055004900440038
:1030E0007300000050007B003900370035004600B7
:1030F00034003400440039002D003000440030001A
:1031000038002D0034003300460044002D00380004
:103110004200330045002D003100320037004300EB
:103120004100380041004600460046003900440096
:103130007D0000000000000010000C00C86F00209F
:103140007CA8050000000000000000000000000056
:10315000000000000000000000000000000000006F
:10316000000000000000000000000000000000005F
:10317000000000000000000000000000000000004F
:10318000000000000000000000000000000000003F
:1031900000000000FF00140000000000394B040094
:1031A0001D4B0400F14A0400E54A040080000000C1
:1031B0008000000080000000E000000080000000AF
:1031C00000000000000000000000000000000000FF
:1031D000ED4B0400914C0400E14B0400D14B040082
:1031E000FFFFFFFF04770020209D00200090D00308
:1031F0000A000000010000007C61002000000000C7
:10320000382F0600582F0600182F06000000000077
:1032100000000000000000000000000000000000AE
:10322000000000000000000000000000000000009E
:10323000000000000000000000000000000000008E
:10324000000000000000000000000000000000007E
:10325000000000000000000000000000430000002B
:10326000000000000000000000000000000000005E
:10327000000000000000000000000000430000000B
:10328000000000000000000000000000000000003E
:1032900000000000000000000000000043000000EB
:1032A000000000000000000000000000000000001E
:1032B00000000000000000000000000043000000CB
:1032C00000000000000000000000000000000000FE
:1032D00000000000000000000000000043000000AB
:1032E00000000000000000000000000000000000DE
:1032F000000000000000000000000000430000008B
:1033000000000000000000000000000000000000BD
:10331000000000000000000000000000430000006A
:10332000000000000000000000000000000000009D
:10333000000000000000000000000000F18905000E
:103340005D77050000000000072E0600C02D060076
:10335000B32D0600B32D0600B32D0600B32D0600D5
:10336000B32D0600B32D0600B32D0600B32D0600C5
:10337000B32D0600FFFFFFFFFFFFFFFFFFFFFFFF73
:10338000FFFF0000010041534349490000000000D5
:10339000000000000000000000000000000000002D
:1033A00000000000000041534349490000000000B4
:1033B000000000000000000000000000000000000D
:1033C00000000000000000000162020035620200FF
:1033D0002566020019C6020015CE02005D29030011
:1033E000F532030095E20300E1E60300914B04008F
:0C33F000558E04004DFB04001162020029
:040000034000E2696E
:00000001FF
